ISO-10303-21;
HEADER;
FILE_DESCRIPTION(('Open CASCADE Model'),'2;1');
FILE_NAME('Open CASCADE Shape Model','2026-09-10T13:54:55',('Author'),(
    'Open CASCADE'),'Open CASCADE STEP processor 7.9','Open CASCADE 7.9'
  ,'Unknown');
FILE_SCHEMA(('AUTOMOTIVE_DESIGN { 1 0 10303 214 1 1 1 1 }'));
ENDSEC;
DATA;
#1 = APPLICATION_PROTOCOL_DEFINITION('international standard',
  'automotive_design',2000,#2);
#2 = APPLICATION_CONTEXT(
  'core data for automotive mechanical design processes');
#3 = SHAPE_DEFINITION_REPRESENTATION(#4,#10);
#4 = PRODUCT_DEFINITION_SHAPE('','',#5);
#5 = PRODUCT_DEFINITION('design','',#6,#9);
#6 = PRODUCT_DEFINITION_FORMATION('','',#7);
#7 = PRODUCT('Open CASCADE STEP translator 7.9 4',
  'Open CASCADE STEP translator 7.9 4','',(#8));
#8 = PRODUCT_CONTEXT('',#2,'mechanical');
#9 = PRODUCT_DEFINITION_CONTEXT('part definition',#2,'design');
#10 = ADVANCED_BREP_SHAPE_REPRESENTATION('',(#11,#15),#6680);
#11 = AXIS2_PLACEMENT_3D('',#12,#13,#14);
#12 = CARTESIAN_POINT('',(0.,0.,0.));
#13 = DIRECTION('',(0.,0.,1.));
#14 = DIRECTION('',(1.,0.,-0.));
#15 = MANIFOLD_SOLID_BREP('',#16);
#16 = CLOSED_SHELL('',(#17,#105,#523,#682,#850,#922,#969,#1041,#1088,
    #1598,#1645,#2061,#2108,#2203,#2250,#2325,#2474,#2588,#2615,#2642,
    #2667,#2695,#2722,#2749,#2756,#2781,#2913,#3091,#3212,#3237,#3335,
    #3453,#3480,#3505,#3626,#3737,#3810,#3885,#3912,#3962,#4414,#4826,
    #4853,#5025,#5153,#5281,#5453,#5524,#5595,#5622,#5698,#5747,#5796,
    #5823,#5951,#6079,#6106,#6113,#6140,#6211,#6244,#6251,#6278,#6305,
    #6332,#6359,#6386,#6393,#6420,#6493,#6524,#6531,#6558,#6585,#6612,
    #6639,#6666,#6673));
#17 = ADVANCED_FACE('',(#18),#32,.T.);
#18 = FACE_BOUND('',#19,.F.);
#19 = EDGE_LOOP('',(#20,#50,#77,#78));
#20 = ORIENTED_EDGE('',*,*,#21,.T.);
#21 = EDGE_CURVE('',#22,#24,#26,.T.);
#22 = VERTEX_POINT('',#23);
#23 = CARTESIAN_POINT('',(163.,78.,12.));
#24 = VERTEX_POINT('',#25);
#25 = CARTESIAN_POINT('',(163.,78.,17.));
#26 = SEAM_CURVE('',#27,(#31,#43),.PCURVE_S1.);
#27 = LINE('',#28,#29);
#28 = CARTESIAN_POINT('',(163.,78.,12.));
#29 = VECTOR('',#30,1.);
#30 = DIRECTION('',(0.,0.,1.));
#31 = PCURVE('',#32,#37);
#32 = CYLINDRICAL_SURFACE('',#33,18.);
#33 = AXIS2_PLACEMENT_3D('',#34,#35,#36);
#34 = CARTESIAN_POINT('',(145.,78.,12.));
#35 = DIRECTION('',(-0.,-0.,-1.));
#36 = DIRECTION('',(1.,0.,0.));
#37 = DEFINITIONAL_REPRESENTATION('',(#38),#42);
#38 = LINE('',#39,#40);
#39 = CARTESIAN_POINT('',(-0.,0.));
#40 = VECTOR('',#41,1.);
#41 = DIRECTION('',(-0.,-1.));
#42 = ( GEOMETRIC_REPRESENTATION_CONTEXT(2) 
PARAMETRIC_REPRESENTATION_CONTEXT() REPRESENTATION_CONTEXT('2D SPACE',''
  ) );
#43 = PCURVE('',#32,#44);
#44 = DEFINITIONAL_REPRESENTATION('',(#45),#49);
#45 = LINE('',#46,#47);
#46 = CARTESIAN_POINT('',(-6.28318530718,0.));
#47 = VECTOR('',#48,1.);
#48 = DIRECTION('',(-0.,-1.));
#49 = ( GEOMETRIC_REPRESENTATION_CONTEXT(2) 
PARAMETRIC_REPRESENTATION_CONTEXT() REPRESENTATION_CONTEXT('2D SPACE',''
  ) );
#50 = ORIENTED_EDGE('',*,*,#51,.T.);
#51 = EDGE_CURVE('',#24,#24,#52,.T.);
#52 = SURFACE_CURVE('',#53,(#58,#65),.PCURVE_S1.);
#53 = CIRCLE('',#54,18.);
#54 = AXIS2_PLACEMENT_3D('',#55,#56,#57);
#55 = CARTESIAN_POINT('',(145.,78.,17.));
#56 = DIRECTION('',(0.,0.,1.));
#57 = DIRECTION('',(1.,0.,0.));
#58 = PCURVE('',#32,#59);
#59 = DEFINITIONAL_REPRESENTATION('',(#60),#64);
#60 = LINE('',#61,#62);
#61 = CARTESIAN_POINT('',(-0.,-5.));
#62 = VECTOR('',#63,1.);
#63 = DIRECTION('',(-1.,0.));
#64 = ( GEOMETRIC_REPRESENTATION_CONTEXT(2) 
PARAMETRIC_REPRESENTATION_CONTEXT() REPRESENTATION_CONTEXT('2D SPACE',''
  ) );
#65 = PCURVE('',#66,#71);
#66 = PLANE('',#67);
#67 = AXIS2_PLACEMENT_3D('',#68,#69,#70);
#68 = CARTESIAN_POINT('',(145.,78.,17.));
#69 = DIRECTION('',(0.,0.,1.));
#70 = DIRECTION('',(1.,0.,-0.));
#71 = DEFINITIONAL_REPRESENTATION('',(#72),#76);
#72 = CIRCLE('',#73,18.);
#73 = AXIS2_PLACEMENT_2D('',#74,#75);
#74 = CARTESIAN_POINT('',(0.,0.));
#75 = DIRECTION('',(1.,0.));
#76 = ( GEOMETRIC_REPRESENTATION_CONTEXT(2) 
PARAMETRIC_REPRESENTATION_CONTEXT() REPRESENTATION_CONTEXT('2D SPACE',''
  ) );
#77 = ORIENTED_EDGE('',*,*,#21,.F.);
#78 = ORIENTED_EDGE('',*,*,#79,.F.);
#79 = EDGE_CURVE('',#22,#22,#80,.T.);
#80 = SURFACE_CURVE('',#81,(#86,#93),.PCURVE_S1.);
#81 = CIRCLE('',#82,18.);
#82 = AXIS2_PLACEMENT_3D('',#83,#84,#85);
#83 = CARTESIAN_POINT('',(145.,78.,12.));
#84 = DIRECTION('',(0.,0.,1.));
#85 = DIRECTION('',(1.,0.,0.));
#86 = PCURVE('',#32,#87);
#87 = DEFINITIONAL_REPRESENTATION('',(#88),#92);
#88 = LINE('',#89,#90);
#89 = CARTESIAN_POINT('',(-0.,0.));
#90 = VECTOR('',#91,1.);
#91 = DIRECTION('',(-1.,0.));
#92 = ( GEOMETRIC_REPRESENTATION_CONTEXT(2) 
PARAMETRIC_REPRESENTATION_CONTEXT() REPRESENTATION_CONTEXT('2D SPACE',''
  ) );
#93 = PCURVE('',#94,#99);
#94 = PLANE('',#95);
#95 = AXIS2_PLACEMENT_3D('',#96,#97,#98);
#96 = CARTESIAN_POINT('',(145.,78.,12.));
#97 = DIRECTION('',(0.,0.,1.));
#98 = DIRECTION('',(1.,0.,-0.));
#99 = DEFINITIONAL_REPRESENTATION('',(#100),#104);
#100 = CIRCLE('',#101,18.);
#101 = AXIS2_PLACEMENT_2D('',#102,#103);
#102 = CARTESIAN_POINT('',(0.,0.));
#103 = DIRECTION('',(1.,0.));
#104 = ( GEOMETRIC_REPRESENTATION_CONTEXT(2) 
PARAMETRIC_REPRESENTATION_CONTEXT() REPRESENTATION_CONTEXT('2D SPACE',''
  ) );
#105 = ADVANCED_FACE('',(#106,#109),#94,.F.);
#106 = FACE_BOUND('',#107,.F.);
#107 = EDGE_LOOP('',(#108));
#108 = ORIENTED_EDGE('',*,*,#79,.T.);
#109 = FACE_BOUND('',#110,.F.);
#110 = EDGE_LOOP('',(#111,#141,#174,#202,#235,#263,#291,#319,#347,#375,
    #408,#436,#464,#497));
#111 = ORIENTED_EDGE('',*,*,#112,.F.);
#112 = EDGE_CURVE('',#113,#115,#117,.T.);
#113 = VERTEX_POINT('',#114);
#114 = CARTESIAN_POINT('',(138.37477270848,69.,12.));
#115 = VERTEX_POINT('',#116);
#116 = CARTESIAN_POINT('',(151.62522729151,69.,12.));
#117 = SURFACE_CURVE('',#118,(#122,#129),.PCURVE_S1.);
#118 = LINE('',#119,#120);
#119 = CARTESIAN_POINT('',(136.,69.,12.));
#120 = VECTOR('',#121,1.);
#121 = DIRECTION('',(1.,0.,0.));
#122 = PCURVE('',#94,#123);
#123 = DEFINITIONAL_REPRESENTATION('',(#124),#128);
#124 = LINE('',#125,#126);
#125 = CARTESIAN_POINT('',(-9.,-9.));
#126 = VECTOR('',#127,1.);
#127 = DIRECTION('',(1.,0.));
#128 = ( GEOMETRIC_REPRESENTATION_CONTEXT(2) 
PARAMETRIC_REPRESENTATION_CONTEXT() REPRESENTATION_CONTEXT('2D SPACE',''
  ) );
#129 = PCURVE('',#130,#135);
#130 = PLANE('',#131);
#131 = AXIS2_PLACEMENT_3D('',#132,#133,#134);
#132 = CARTESIAN_POINT('',(136.,69.,-18.));
#133 = DIRECTION('',(0.,1.,0.));
#134 = DIRECTION('',(0.,0.,1.));
#135 = DEFINITIONAL_REPRESENTATION('',(#136),#140);
#136 = LINE('',#137,#138);
#137 = CARTESIAN_POINT('',(30.,0.));
#138 = VECTOR('',#139,1.);
#139 = DIRECTION('',(0.,1.));
#140 = ( GEOMETRIC_REPRESENTATION_CONTEXT(2) 
PARAMETRIC_REPRESENTATION_CONTEXT() REPRESENTATION_CONTEXT('2D SPACE',''
  ) );
#141 = ORIENTED_EDGE('',*,*,#142,.T.);
#142 = EDGE_CURVE('',#113,#143,#145,.T.);
#143 = VERTEX_POINT('',#144);
#144 = CARTESIAN_POINT('',(136.,71.374772708487,12.));
#145 = SURFACE_CURVE('',#146,(#151,#162),.PCURVE_S1.);
#146 = CIRCLE('',#147,1.7);
#147 = AXIS2_PLACEMENT_3D('',#148,#149,#150);
#148 = CARTESIAN_POINT('',(137.,70.,12.));
#149 = DIRECTION('',(0.,0.,-1.));
#150 = DIRECTION('',(1.,0.,0.));
#151 = PCURVE('',#94,#152);
#152 = DEFINITIONAL_REPRESENTATION('',(#153),#161);
#153 = ( BOUNDED_CURVE() B_SPLINE_CURVE(2,(#154,#155,#156,#157,#158,#159
,#160),.UNSPECIFIED.,.T.,.F.) B_SPLINE_CURVE_WITH_KNOTS((1,2,2,2,2,1),(
    -2.094395102393,0.,2.094395102393,4.188790204786,6.28318530718,
8.377580409573),.UNSPECIFIED.) CURVE() GEOMETRIC_REPRESENTATION_ITEM() 
RATIONAL_B_SPLINE_CURVE((1.,0.5,1.,0.5,1.,0.5,1.)) REPRESENTATION_ITEM(
  '') );
#154 = CARTESIAN_POINT('',(-6.3,-8.));
#155 = CARTESIAN_POINT('',(-6.3,-10.94448637286));
#156 = CARTESIAN_POINT('',(-8.85,-9.472243186434));
#157 = CARTESIAN_POINT('',(-11.4,-8.));
#158 = CARTESIAN_POINT('',(-8.85,-6.527756813566));
#159 = CARTESIAN_POINT('',(-6.3,-5.055513627133));
#160 = CARTESIAN_POINT('',(-6.3,-8.));
#161 = ( GEOMETRIC_REPRESENTATION_CONTEXT(2) 
PARAMETRIC_REPRESENTATION_CONTEXT() REPRESENTATION_CONTEXT('2D SPACE',''
  ) );
#162 = PCURVE('',#163,#168);
#163 = CYLINDRICAL_SURFACE('',#164,1.7);
#164 = AXIS2_PLACEMENT_3D('',#165,#166,#167);
#165 = CARTESIAN_POINT('',(137.,70.,-18.));
#166 = DIRECTION('',(-0.,-0.,-1.));
#167 = DIRECTION('',(1.,0.,0.));
#168 = DEFINITIONAL_REPRESENTATION('',(#169),#173);
#169 = LINE('',#170,#171);
#170 = CARTESIAN_POINT('',(-6.28318530718,-30.));
#171 = VECTOR('',#172,1.);
#172 = DIRECTION('',(1.,-0.));
#173 = ( GEOMETRIC_REPRESENTATION_CONTEXT(2) 
PARAMETRIC_REPRESENTATION_CONTEXT() REPRESENTATION_CONTEXT('2D SPACE',''
  ) );
#174 = ORIENTED_EDGE('',*,*,#175,.T.);
#175 = EDGE_CURVE('',#143,#176,#178,.T.);
#176 = VERTEX_POINT('',#177);
#177 = CARTESIAN_POINT('',(136.,84.625227291513,12.));
#178 = SURFACE_CURVE('',#179,(#183,#190),.PCURVE_S1.);
#179 = LINE('',#180,#181);
#180 = CARTESIAN_POINT('',(136.,69.,12.));
#181 = VECTOR('',#182,1.);
#182 = DIRECTION('',(0.,1.,0.));
#183 = PCURVE('',#94,#184);
#184 = DEFINITIONAL_REPRESENTATION('',(#185),#189);
#185 = LINE('',#186,#187);
#186 = CARTESIAN_POINT('',(-9.,-9.));
#187 = VECTOR('',#188,1.);
#188 = DIRECTION('',(0.,1.));
#189 = ( GEOMETRIC_REPRESENTATION_CONTEXT(2) 
PARAMETRIC_REPRESENTATION_CONTEXT() REPRESENTATION_CONTEXT('2D SPACE',''
  ) );
#190 = PCURVE('',#191,#196);
#191 = PLANE('',#192);
#192 = AXIS2_PLACEMENT_3D('',#193,#194,#195);
#193 = CARTESIAN_POINT('',(136.,69.,-18.));
#194 = DIRECTION('',(1.,0.,0.));
#195 = DIRECTION('',(0.,0.,1.));
#196 = DEFINITIONAL_REPRESENTATION('',(#197),#201);
#197 = LINE('',#198,#199);
#198 = CARTESIAN_POINT('',(30.,0.));
#199 = VECTOR('',#200,1.);
#200 = DIRECTION('',(0.,-1.));
#201 = ( GEOMETRIC_REPRESENTATION_CONTEXT(2) 
PARAMETRIC_REPRESENTATION_CONTEXT() REPRESENTATION_CONTEXT('2D SPACE',''
  ) );
#202 = ORIENTED_EDGE('',*,*,#203,.T.);
#203 = EDGE_CURVE('',#176,#204,#206,.T.);
#204 = VERTEX_POINT('',#205);
#205 = CARTESIAN_POINT('',(138.37477270848,87.,12.));
#206 = SURFACE_CURVE('',#207,(#212,#223),.PCURVE_S1.);
#207 = CIRCLE('',#208,1.7);
#208 = AXIS2_PLACEMENT_3D('',#209,#210,#211);
#209 = CARTESIAN_POINT('',(137.,86.,12.));
#210 = DIRECTION('',(0.,0.,-1.));
#211 = DIRECTION('',(1.,0.,0.));
#212 = PCURVE('',#94,#213);
#213 = DEFINITIONAL_REPRESENTATION('',(#214),#222);
#214 = ( BOUNDED_CURVE() B_SPLINE_CURVE(2,(#215,#216,#217,#218,#219,#220
,#221),.UNSPECIFIED.,.T.,.F.) B_SPLINE_CURVE_WITH_KNOTS((1,2,2,2,2,1),(
    -2.094395102393,0.,2.094395102393,4.188790204786,6.28318530718,
8.377580409573),.UNSPECIFIED.) CURVE() GEOMETRIC_REPRESENTATION_ITEM() 
RATIONAL_B_SPLINE_CURVE((1.,0.5,1.,0.5,1.,0.5,1.)) REPRESENTATION_ITEM(
  '') );
#215 = CARTESIAN_POINT('',(-6.3,8.));
#216 = CARTESIAN_POINT('',(-6.3,5.055513627133));
#217 = CARTESIAN_POINT('',(-8.85,6.527756813566));
#218 = CARTESIAN_POINT('',(-11.4,8.));
#219 = CARTESIAN_POINT('',(-8.85,9.472243186434));
#220 = CARTESIAN_POINT('',(-6.3,10.944486372867));
#221 = CARTESIAN_POINT('',(-6.3,8.));
#222 = ( GEOMETRIC_REPRESENTATION_CONTEXT(2) 
PARAMETRIC_REPRESENTATION_CONTEXT() REPRESENTATION_CONTEXT('2D SPACE',''
  ) );
#223 = PCURVE('',#224,#229);
#224 = CYLINDRICAL_SURFACE('',#225,1.7);
#225 = AXIS2_PLACEMENT_3D('',#226,#227,#228);
#226 = CARTESIAN_POINT('',(137.,86.,-18.));
#227 = DIRECTION('',(-0.,-0.,-1.));
#228 = DIRECTION('',(1.,0.,0.));
#229 = DEFINITIONAL_REPRESENTATION('',(#230),#234);
#230 = LINE('',#231,#232);
#231 = CARTESIAN_POINT('',(-6.28318530718,-30.));
#232 = VECTOR('',#233,1.);
#233 = DIRECTION('',(1.,-0.));
#234 = ( GEOMETRIC_REPRESENTATION_CONTEXT(2) 
PARAMETRIC_REPRESENTATION_CONTEXT() REPRESENTATION_CONTEXT('2D SPACE',''
  ) );
#235 = ORIENTED_EDGE('',*,*,#236,.T.);
#236 = EDGE_CURVE('',#204,#237,#239,.T.);
#237 = VERTEX_POINT('',#238);
#238 = CARTESIAN_POINT('',(141.,87.,12.));
#239 = SURFACE_CURVE('',#240,(#244,#251),.PCURVE_S1.);
#240 = LINE('',#241,#242);
#241 = CARTESIAN_POINT('',(136.,87.,12.));
#242 = VECTOR('',#243,1.);
#243 = DIRECTION('',(1.,0.,0.));
#244 = PCURVE('',#94,#245);
#245 = DEFINITIONAL_REPRESENTATION('',(#246),#250);
#246 = LINE('',#247,#248);
#247 = CARTESIAN_POINT('',(-9.,9.));
#248 = VECTOR('',#249,1.);
#249 = DIRECTION('',(1.,0.));
#250 = ( GEOMETRIC_REPRESENTATION_CONTEXT(2) 
PARAMETRIC_REPRESENTATION_CONTEXT() REPRESENTATION_CONTEXT('2D SPACE',''
  ) );
#251 = PCURVE('',#252,#257);
#252 = PLANE('',#253);
#253 = AXIS2_PLACEMENT_3D('',#254,#255,#256);
#254 = CARTESIAN_POINT('',(136.,87.,-18.));
#255 = DIRECTION('',(0.,1.,0.));
#256 = DIRECTION('',(0.,0.,1.));
#257 = DEFINITIONAL_REPRESENTATION('',(#258),#262);
#258 = LINE('',#259,#260);
#259 = CARTESIAN_POINT('',(30.,0.));
#260 = VECTOR('',#261,1.);
#261 = DIRECTION('',(0.,1.));
#262 = ( GEOMETRIC_REPRESENTATION_CONTEXT(2) 
PARAMETRIC_REPRESENTATION_CONTEXT() REPRESENTATION_CONTEXT('2D SPACE',''
  ) );
#263 = ORIENTED_EDGE('',*,*,#264,.T.);
#264 = EDGE_CURVE('',#237,#265,#267,.T.);
#265 = VERTEX_POINT('',#266);
#266 = CARTESIAN_POINT('',(141.,89.,12.));
#267 = SURFACE_CURVE('',#268,(#272,#279),.PCURVE_S1.);
#268 = LINE('',#269,#270);
#269 = CARTESIAN_POINT('',(141.,70.,12.));
#270 = VECTOR('',#271,1.);
#271 = DIRECTION('',(0.,1.,0.));
#272 = PCURVE('',#94,#273);
#273 = DEFINITIONAL_REPRESENTATION('',(#274),#278);
#274 = LINE('',#275,#276);
#275 = CARTESIAN_POINT('',(-4.,-8.));
#276 = VECTOR('',#277,1.);
#277 = DIRECTION('',(0.,1.));
#278 = ( GEOMETRIC_REPRESENTATION_CONTEXT(2) 
PARAMETRIC_REPRESENTATION_CONTEXT() REPRESENTATION_CONTEXT('2D SPACE',''
  ) );
#279 = PCURVE('',#280,#285);
#280 = PLANE('',#281);
#281 = AXIS2_PLACEMENT_3D('',#282,#283,#284);
#282 = CARTESIAN_POINT('',(141.,58.563854719247,-74.55285237335));
#283 = DIRECTION('',(-1.,-0.,-0.));
#284 = DIRECTION('',(0.,0.,-1.));
#285 = DEFINITIONAL_REPRESENTATION('',(#286),#290);
#286 = LINE('',#287,#288);
#287 = CARTESIAN_POINT('',(-86.55285237335,-11.43614528075));
#288 = VECTOR('',#289,1.);
#289 = DIRECTION('',(0.,-1.));
#290 = ( GEOMETRIC_REPRESENTATION_CONTEXT(2) 
PARAMETRIC_REPRESENTATION_CONTEXT() REPRESENTATION_CONTEXT('2D SPACE',''
  ) );
#291 = ORIENTED_EDGE('',*,*,#292,.T.);
#292 = EDGE_CURVE('',#265,#293,#295,.T.);
#293 = VERTEX_POINT('',#294);
#294 = CARTESIAN_POINT('',(146.,89.,12.));
#295 = SURFACE_CURVE('',#296,(#300,#307),.PCURVE_S1.);
#296 = LINE('',#297,#298);
#297 = CARTESIAN_POINT('',(141.,89.,12.));
#298 = VECTOR('',#299,1.);
#299 = DIRECTION('',(1.,0.,0.));
#300 = PCURVE('',#94,#301);
#301 = DEFINITIONAL_REPRESENTATION('',(#302),#306);
#302 = LINE('',#303,#304);
#303 = CARTESIAN_POINT('',(-4.,11.));
#304 = VECTOR('',#305,1.);
#305 = DIRECTION('',(1.,0.));
#306 = ( GEOMETRIC_REPRESENTATION_CONTEXT(2) 
PARAMETRIC_REPRESENTATION_CONTEXT() REPRESENTATION_CONTEXT('2D SPACE',''
  ) );
#307 = PCURVE('',#308,#313);
#308 = PLANE('',#309);
#309 = AXIS2_PLACEMENT_3D('',#310,#311,#312);
#310 = CARTESIAN_POINT('',(141.,89.,12.));
#311 = DIRECTION('',(-0.,1.,0.));
#312 = DIRECTION('',(0.,0.,-1.));
#313 = DEFINITIONAL_REPRESENTATION('',(#314),#318);
#314 = LINE('',#315,#316);
#315 = CARTESIAN_POINT('',(0.,0.));
#316 = VECTOR('',#317,1.);
#317 = DIRECTION('',(0.,-1.));
#318 = ( GEOMETRIC_REPRESENTATION_CONTEXT(2) 
PARAMETRIC_REPRESENTATION_CONTEXT() REPRESENTATION_CONTEXT('2D SPACE',''
  ) );
#319 = ORIENTED_EDGE('',*,*,#320,.F.);
#320 = EDGE_CURVE('',#321,#293,#323,.T.);
#321 = VERTEX_POINT('',#322);
#322 = CARTESIAN_POINT('',(146.,87.,12.));
#323 = SURFACE_CURVE('',#324,(#328,#335),.PCURVE_S1.);
#324 = LINE('',#325,#326);
#325 = CARTESIAN_POINT('',(146.,70.,12.));
#326 = VECTOR('',#327,1.);
#327 = DIRECTION('',(0.,1.,0.));
#328 = PCURVE('',#94,#329);
#329 = DEFINITIONAL_REPRESENTATION('',(#330),#334);
#330 = LINE('',#331,#332);
#331 = CARTESIAN_POINT('',(1.,-8.));
#332 = VECTOR('',#333,1.);
#333 = DIRECTION('',(0.,1.));
#334 = ( GEOMETRIC_REPRESENTATION_CONTEXT(2) 
PARAMETRIC_REPRESENTATION_CONTEXT() REPRESENTATION_CONTEXT('2D SPACE',''
  ) );
#335 = PCURVE('',#336,#341);
#336 = PLANE('',#337);
#337 = AXIS2_PLACEMENT_3D('',#338,#339,#340);
#338 = CARTESIAN_POINT('',(146.,58.563854719247,-74.55285237335));
#339 = DIRECTION('',(-1.,-0.,-0.));
#340 = DIRECTION('',(0.,0.,-1.));
#341 = DEFINITIONAL_REPRESENTATION('',(#342),#346);
#342 = LINE('',#343,#344);
#343 = CARTESIAN_POINT('',(-86.55285237335,-11.43614528075));
#344 = VECTOR('',#345,1.);
#345 = DIRECTION('',(0.,-1.));
#346 = ( GEOMETRIC_REPRESENTATION_CONTEXT(2) 
PARAMETRIC_REPRESENTATION_CONTEXT() REPRESENTATION_CONTEXT('2D SPACE',''
  ) );
#347 = ORIENTED_EDGE('',*,*,#348,.T.);
#348 = EDGE_CURVE('',#321,#349,#351,.T.);
#349 = VERTEX_POINT('',#350);
#350 = CARTESIAN_POINT('',(151.62522729151,87.,12.));
#351 = SURFACE_CURVE('',#352,(#356,#363),.PCURVE_S1.);
#352 = LINE('',#353,#354);
#353 = CARTESIAN_POINT('',(136.,87.,12.));
#354 = VECTOR('',#355,1.);
#355 = DIRECTION('',(1.,0.,0.));
#356 = PCURVE('',#94,#357);
#357 = DEFINITIONAL_REPRESENTATION('',(#358),#362);
#358 = LINE('',#359,#360);
#359 = CARTESIAN_POINT('',(-9.,9.));
#360 = VECTOR('',#361,1.);
#361 = DIRECTION('',(1.,0.));
#362 = ( GEOMETRIC_REPRESENTATION_CONTEXT(2) 
PARAMETRIC_REPRESENTATION_CONTEXT() REPRESENTATION_CONTEXT('2D SPACE',''
  ) );
#363 = PCURVE('',#364,#369);
#364 = PLANE('',#365);
#365 = AXIS2_PLACEMENT_3D('',#366,#367,#368);
#366 = CARTESIAN_POINT('',(136.,87.,-18.));
#367 = DIRECTION('',(0.,1.,0.));
#368 = DIRECTION('',(0.,0.,1.));
#369 = DEFINITIONAL_REPRESENTATION('',(#370),#374);
#370 = LINE('',#371,#372);
#371 = CARTESIAN_POINT('',(30.,0.));
#372 = VECTOR('',#373,1.);
#373 = DIRECTION('',(0.,1.));
#374 = ( GEOMETRIC_REPRESENTATION_CONTEXT(2) 
PARAMETRIC_REPRESENTATION_CONTEXT() REPRESENTATION_CONTEXT('2D SPACE',''
  ) );
#375 = ORIENTED_EDGE('',*,*,#376,.T.);
#376 = EDGE_CURVE('',#349,#377,#379,.T.);
#377 = VERTEX_POINT('',#378);
#378 = CARTESIAN_POINT('',(154.7,86.,12.));
#379 = SURFACE_CURVE('',#380,(#385,#396),.PCURVE_S1.);
#380 = CIRCLE('',#381,1.7);
#381 = AXIS2_PLACEMENT_3D('',#382,#383,#384);
#382 = CARTESIAN_POINT('',(153.,86.,12.));
#383 = DIRECTION('',(0.,0.,-1.));
#384 = DIRECTION('',(1.,0.,0.));
#385 = PCURVE('',#94,#386);
#386 = DEFINITIONAL_REPRESENTATION('',(#387),#395);
#387 = ( BOUNDED_CURVE() B_SPLINE_CURVE(2,(#388,#389,#390,#391,#392,#393
,#394),.UNSPECIFIED.,.T.,.F.) B_SPLINE_CURVE_WITH_KNOTS((1,2,2,2,2,1),(
    -2.094395102393,0.,2.094395102393,4.188790204786,6.28318530718,
8.377580409573),.UNSPECIFIED.) CURVE() GEOMETRIC_REPRESENTATION_ITEM() 
RATIONAL_B_SPLINE_CURVE((1.,0.5,1.,0.5,1.,0.5,1.)) REPRESENTATION_ITEM(
  '') );
#388 = CARTESIAN_POINT('',(9.7,8.));
#389 = CARTESIAN_POINT('',(9.7,5.055513627133));
#390 = CARTESIAN_POINT('',(7.15,6.527756813566));
#391 = CARTESIAN_POINT('',(4.6,8.));
#392 = CARTESIAN_POINT('',(7.15,9.472243186434));
#393 = CARTESIAN_POINT('',(9.7,10.944486372867));
#394 = CARTESIAN_POINT('',(9.7,8.));
#395 = ( GEOMETRIC_REPRESENTATION_CONTEXT(2) 
PARAMETRIC_REPRESENTATION_CONTEXT() REPRESENTATION_CONTEXT('2D SPACE',''
  ) );
#396 = PCURVE('',#397,#402);
#397 = CYLINDRICAL_SURFACE('',#398,1.7);
#398 = AXIS2_PLACEMENT_3D('',#399,#400,#401);
#399 = CARTESIAN_POINT('',(153.,86.,-18.));
#400 = DIRECTION('',(-0.,-0.,-1.));
#401 = DIRECTION('',(1.,0.,0.));
#402 = DEFINITIONAL_REPRESENTATION('',(#403),#407);
#403 = LINE('',#404,#405);
#404 = CARTESIAN_POINT('',(-6.28318530718,-30.));
#405 = VECTOR('',#406,1.);
#406 = DIRECTION('',(1.,-0.));
#407 = ( GEOMETRIC_REPRESENTATION_CONTEXT(2) 
PARAMETRIC_REPRESENTATION_CONTEXT() REPRESENTATION_CONTEXT('2D SPACE',''
  ) );
#408 = ORIENTED_EDGE('',*,*,#409,.T.);
#409 = EDGE_CURVE('',#377,#410,#412,.T.);
#410 = VERTEX_POINT('',#411);
#411 = CARTESIAN_POINT('',(154.,84.625227291513,12.));
#412 = SURFACE_CURVE('',#413,(#418,#429),.PCURVE_S1.);
#413 = CIRCLE('',#414,1.7);
#414 = AXIS2_PLACEMENT_3D('',#415,#416,#417);
#415 = CARTESIAN_POINT('',(153.,86.,12.));
#416 = DIRECTION('',(0.,0.,-1.));
#417 = DIRECTION('',(1.,0.,0.));
#418 = PCURVE('',#94,#419);
#419 = DEFINITIONAL_REPRESENTATION('',(#420),#428);
#420 = ( BOUNDED_CURVE() B_SPLINE_CURVE(2,(#421,#422,#423,#424,#425,#426
,#427),.UNSPECIFIED.,.T.,.F.) B_SPLINE_CURVE_WITH_KNOTS((1,2,2,2,2,1),(
    -2.094395102393,0.,2.094395102393,4.188790204786,6.28318530718,
8.377580409573),.UNSPECIFIED.) CURVE() GEOMETRIC_REPRESENTATION_ITEM() 
RATIONAL_B_SPLINE_CURVE((1.,0.5,1.,0.5,1.,0.5,1.)) REPRESENTATION_ITEM(
  '') );
#421 = CARTESIAN_POINT('',(9.7,8.));
#422 = CARTESIAN_POINT('',(9.7,5.055513627133));
#423 = CARTESIAN_POINT('',(7.15,6.527756813566));
#424 = CARTESIAN_POINT('',(4.6,8.));
#425 = CARTESIAN_POINT('',(7.15,9.472243186434));
#426 = CARTESIAN_POINT('',(9.7,10.944486372867));
#427 = CARTESIAN_POINT('',(9.7,8.));
#428 = ( GEOMETRIC_REPRESENTATION_CONTEXT(2) 
PARAMETRIC_REPRESENTATION_CONTEXT() REPRESENTATION_CONTEXT('2D SPACE',''
  ) );
#429 = PCURVE('',#397,#430);
#430 = DEFINITIONAL_REPRESENTATION('',(#431),#435);
#431 = LINE('',#432,#433);
#432 = CARTESIAN_POINT('',(-6.28318530718,-30.));
#433 = VECTOR('',#434,1.);
#434 = DIRECTION('',(1.,-0.));
#435 = ( GEOMETRIC_REPRESENTATION_CONTEXT(2) 
PARAMETRIC_REPRESENTATION_CONTEXT() REPRESENTATION_CONTEXT('2D SPACE',''
  ) );
#436 = ORIENTED_EDGE('',*,*,#437,.F.);
#437 = EDGE_CURVE('',#438,#410,#440,.T.);
#438 = VERTEX_POINT('',#439);
#439 = CARTESIAN_POINT('',(154.,71.374772708487,12.));
#440 = SURFACE_CURVE('',#441,(#445,#452),.PCURVE_S1.);
#441 = LINE('',#442,#443);
#442 = CARTESIAN_POINT('',(154.,69.,12.));
#443 = VECTOR('',#444,1.);
#444 = DIRECTION('',(0.,1.,0.));
#445 = PCURVE('',#94,#446);
#446 = DEFINITIONAL_REPRESENTATION('',(#447),#451);
#447 = LINE('',#448,#449);
#448 = CARTESIAN_POINT('',(9.,-9.));
#449 = VECTOR('',#450,1.);
#450 = DIRECTION('',(0.,1.));
#451 = ( GEOMETRIC_REPRESENTATION_CONTEXT(2) 
PARAMETRIC_REPRESENTATION_CONTEXT() REPRESENTATION_CONTEXT('2D SPACE',''
  ) );
#452 = PCURVE('',#453,#458);
#453 = PLANE('',#454);
#454 = AXIS2_PLACEMENT_3D('',#455,#456,#457);
#455 = CARTESIAN_POINT('',(154.,69.,-18.));
#456 = DIRECTION('',(1.,0.,0.));
#457 = DIRECTION('',(0.,0.,1.));
#458 = DEFINITIONAL_REPRESENTATION('',(#459),#463);
#459 = LINE('',#460,#461);
#460 = CARTESIAN_POINT('',(30.,0.));
#461 = VECTOR('',#462,1.);
#462 = DIRECTION('',(0.,-1.));
#463 = ( GEOMETRIC_REPRESENTATION_CONTEXT(2) 
PARAMETRIC_REPRESENTATION_CONTEXT() REPRESENTATION_CONTEXT('2D SPACE',''
  ) );
#464 = ORIENTED_EDGE('',*,*,#465,.T.);
#465 = EDGE_CURVE('',#438,#466,#468,.T.);
#466 = VERTEX_POINT('',#467);
#467 = CARTESIAN_POINT('',(154.7,70.,12.));
#468 = SURFACE_CURVE('',#469,(#474,#485),.PCURVE_S1.);
#469 = CIRCLE('',#470,1.7);
#470 = AXIS2_PLACEMENT_3D('',#471,#472,#473);
#471 = CARTESIAN_POINT('',(153.,70.,12.));
#472 = DIRECTION('',(0.,0.,-1.));
#473 = DIRECTION('',(1.,0.,0.));
#474 = PCURVE('',#94,#475);
#475 = DEFINITIONAL_REPRESENTATION('',(#476),#484);
#476 = ( BOUNDED_CURVE() B_SPLINE_CURVE(2,(#477,#478,#479,#480,#481,#482
,#483),.UNSPECIFIED.,.T.,.F.) B_SPLINE_CURVE_WITH_KNOTS((1,2,2,2,2,1),(
    -2.094395102393,0.,2.094395102393,4.188790204786,6.28318530718,
8.377580409573),.UNSPECIFIED.) CURVE() GEOMETRIC_REPRESENTATION_ITEM() 
RATIONAL_B_SPLINE_CURVE((1.,0.5,1.,0.5,1.,0.5,1.)) REPRESENTATION_ITEM(
  '') );
#477 = CARTESIAN_POINT('',(9.7,-8.));
#478 = CARTESIAN_POINT('',(9.7,-10.94448637286));
#479 = CARTESIAN_POINT('',(7.15,-9.472243186434));
#480 = CARTESIAN_POINT('',(4.6,-8.));
#481 = CARTESIAN_POINT('',(7.15,-6.527756813566));
#482 = CARTESIAN_POINT('',(9.7,-5.055513627133));
#483 = CARTESIAN_POINT('',(9.7,-8.));
#484 = ( GEOMETRIC_REPRESENTATION_CONTEXT(2) 
PARAMETRIC_REPRESENTATION_CONTEXT() REPRESENTATION_CONTEXT('2D SPACE',''
  ) );
#485 = PCURVE('',#486,#491);
#486 = CYLINDRICAL_SURFACE('',#487,1.7);
#487 = AXIS2_PLACEMENT_3D('',#488,#489,#490);
#488 = CARTESIAN_POINT('',(153.,70.,-18.));
#489 = DIRECTION('',(-0.,-0.,-1.));
#490 = DIRECTION('',(1.,0.,0.));
#491 = DEFINITIONAL_REPRESENTATION('',(#492),#496);
#492 = LINE('',#493,#494);
#493 = CARTESIAN_POINT('',(-6.28318530718,-30.));
#494 = VECTOR('',#495,1.);
#495 = DIRECTION('',(1.,-0.));
#496 = ( GEOMETRIC_REPRESENTATION_CONTEXT(2) 
PARAMETRIC_REPRESENTATION_CONTEXT() REPRESENTATION_CONTEXT('2D SPACE',''
  ) );
#497 = ORIENTED_EDGE('',*,*,#498,.T.);
#498 = EDGE_CURVE('',#466,#115,#499,.T.);
#499 = SURFACE_CURVE('',#500,(#505,#516),.PCURVE_S1.);
#500 = CIRCLE('',#501,1.7);
#501 = AXIS2_PLACEMENT_3D('',#502,#503,#504);
#502 = CARTESIAN_POINT('',(153.,70.,12.));
#503 = DIRECTION('',(0.,0.,-1.));
#504 = DIRECTION('',(1.,0.,0.));
#505 = PCURVE('',#94,#506);
#506 = DEFINITIONAL_REPRESENTATION('',(#507),#515);
#507 = ( BOUNDED_CURVE() B_SPLINE_CURVE(2,(#508,#509,#510,#511,#512,#513
,#514),.UNSPECIFIED.,.T.,.F.) B_SPLINE_CURVE_WITH_KNOTS((1,2,2,2,2,1),(
    -2.094395102393,0.,2.094395102393,4.188790204786,6.28318530718,
8.377580409573),.UNSPECIFIED.) CURVE() GEOMETRIC_REPRESENTATION_ITEM() 
RATIONAL_B_SPLINE_CURVE((1.,0.5,1.,0.5,1.,0.5,1.)) REPRESENTATION_ITEM(
  '') );
#508 = CARTESIAN_POINT('',(9.7,-8.));
#509 = CARTESIAN_POINT('',(9.7,-10.94448637286));
#510 = CARTESIAN_POINT('',(7.15,-9.472243186434));
#511 = CARTESIAN_POINT('',(4.6,-8.));
#512 = CARTESIAN_POINT('',(7.15,-6.527756813566));
#513 = CARTESIAN_POINT('',(9.7,-5.055513627133));
#514 = CARTESIAN_POINT('',(9.7,-8.));
#515 = ( GEOMETRIC_REPRESENTATION_CONTEXT(2) 
PARAMETRIC_REPRESENTATION_CONTEXT() REPRESENTATION_CONTEXT('2D SPACE',''
  ) );
#516 = PCURVE('',#486,#517);
#517 = DEFINITIONAL_REPRESENTATION('',(#518),#522);
#518 = LINE('',#519,#520);
#519 = CARTESIAN_POINT('',(-6.28318530718,-30.));
#520 = VECTOR('',#521,1.);
#521 = DIRECTION('',(1.,-0.));
#522 = ( GEOMETRIC_REPRESENTATION_CONTEXT(2) 
PARAMETRIC_REPRESENTATION_CONTEXT() REPRESENTATION_CONTEXT('2D SPACE',''
  ) );
#523 = ADVANCED_FACE('',(#524,#527,#557,#587,#617,#652),#66,.T.);
#524 = FACE_BOUND('',#525,.T.);
#525 = EDGE_LOOP('',(#526));
#526 = ORIENTED_EDGE('',*,*,#51,.T.);
#527 = FACE_BOUND('',#528,.T.);
#528 = EDGE_LOOP('',(#529));
#529 = ORIENTED_EDGE('',*,*,#530,.T.);
#530 = EDGE_CURVE('',#531,#531,#533,.T.);
#531 = VERTEX_POINT('',#532);
#532 = CARTESIAN_POINT('',(138.7,70.,17.));
#533 = SURFACE_CURVE('',#534,(#539,#550),.PCURVE_S1.);
#534 = CIRCLE('',#535,1.7);
#535 = AXIS2_PLACEMENT_3D('',#536,#537,#538);
#536 = CARTESIAN_POINT('',(137.,70.,17.));
#537 = DIRECTION('',(0.,0.,-1.));
#538 = DIRECTION('',(1.,0.,0.));
#539 = PCURVE('',#66,#540);
#540 = DEFINITIONAL_REPRESENTATION('',(#541),#549);
#541 = ( BOUNDED_CURVE() B_SPLINE_CURVE(2,(#542,#543,#544,#545,#546,#547
,#548),.UNSPECIFIED.,.T.,.F.) B_SPLINE_CURVE_WITH_KNOTS((1,2,2,2,2,1),(
    -2.094395102393,0.,2.094395102393,4.188790204786,6.28318530718,
8.377580409573),.UNSPECIFIED.) CURVE() GEOMETRIC_REPRESENTATION_ITEM() 
RATIONAL_B_SPLINE_CURVE((1.,0.5,1.,0.5,1.,0.5,1.)) REPRESENTATION_ITEM(
  '') );
#542 = CARTESIAN_POINT('',(-6.3,-8.));
#543 = CARTESIAN_POINT('',(-6.3,-10.94448637286));
#544 = CARTESIAN_POINT('',(-8.85,-9.472243186434));
#545 = CARTESIAN_POINT('',(-11.4,-8.));
#546 = CARTESIAN_POINT('',(-8.85,-6.527756813566));
#547 = CARTESIAN_POINT('',(-6.3,-5.055513627133));
#548 = CARTESIAN_POINT('',(-6.3,-8.));
#549 = ( GEOMETRIC_REPRESENTATION_CONTEXT(2) 
PARAMETRIC_REPRESENTATION_CONTEXT() REPRESENTATION_CONTEXT('2D SPACE',''
  ) );
#550 = PCURVE('',#163,#551);
#551 = DEFINITIONAL_REPRESENTATION('',(#552),#556);
#552 = LINE('',#553,#554);
#553 = CARTESIAN_POINT('',(-6.28318530718,-35.));
#554 = VECTOR('',#555,1.);
#555 = DIRECTION('',(1.,-0.));
#556 = ( GEOMETRIC_REPRESENTATION_CONTEXT(2) 
PARAMETRIC_REPRESENTATION_CONTEXT() REPRESENTATION_CONTEXT('2D SPACE',''
  ) );
#557 = FACE_BOUND('',#558,.T.);
#558 = EDGE_LOOP('',(#559));
#559 = ORIENTED_EDGE('',*,*,#560,.T.);
#560 = EDGE_CURVE('',#561,#561,#563,.T.);
#561 = VERTEX_POINT('',#562);
#562 = CARTESIAN_POINT('',(154.7,70.,17.));
#563 = SURFACE_CURVE('',#564,(#569,#580),.PCURVE_S1.);
#564 = CIRCLE('',#565,1.7);
#565 = AXIS2_PLACEMENT_3D('',#566,#567,#568);
#566 = CARTESIAN_POINT('',(153.,70.,17.));
#567 = DIRECTION('',(0.,0.,-1.));
#568 = DIRECTION('',(1.,0.,0.));
#569 = PCURVE('',#66,#570);
#570 = DEFINITIONAL_REPRESENTATION('',(#571),#579);
#571 = ( BOUNDED_CURVE() B_SPLINE_CURVE(2,(#572,#573,#574,#575,#576,#577
,#578),.UNSPECIFIED.,.T.,.F.) B_SPLINE_CURVE_WITH_KNOTS((1,2,2,2,2,1),(
    -2.094395102393,0.,2.094395102393,4.188790204786,6.28318530718,
8.377580409573),.UNSPECIFIED.) CURVE() GEOMETRIC_REPRESENTATION_ITEM() 
RATIONAL_B_SPLINE_CURVE((1.,0.5,1.,0.5,1.,0.5,1.)) REPRESENTATION_ITEM(
  '') );
#572 = CARTESIAN_POINT('',(9.7,-8.));
#573 = CARTESIAN_POINT('',(9.7,-10.94448637286));
#574 = CARTESIAN_POINT('',(7.15,-9.472243186434));
#575 = CARTESIAN_POINT('',(4.6,-8.));
#576 = CARTESIAN_POINT('',(7.15,-6.527756813566));
#577 = CARTESIAN_POINT('',(9.7,-5.055513627133));
#578 = CARTESIAN_POINT('',(9.7,-8.));
#579 = ( GEOMETRIC_REPRESENTATION_CONTEXT(2) 
PARAMETRIC_REPRESENTATION_CONTEXT() REPRESENTATION_CONTEXT('2D SPACE',''
  ) );
#580 = PCURVE('',#486,#581);
#581 = DEFINITIONAL_REPRESENTATION('',(#582),#586);
#582 = LINE('',#583,#584);
#583 = CARTESIAN_POINT('',(-6.28318530718,-35.));
#584 = VECTOR('',#585,1.);
#585 = DIRECTION('',(1.,-0.));
#586 = ( GEOMETRIC_REPRESENTATION_CONTEXT(2) 
PARAMETRIC_REPRESENTATION_CONTEXT() REPRESENTATION_CONTEXT('2D SPACE',''
  ) );
#587 = FACE_BOUND('',#588,.T.);
#588 = EDGE_LOOP('',(#589));
#589 = ORIENTED_EDGE('',*,*,#590,.T.);
#590 = EDGE_CURVE('',#591,#591,#593,.T.);
#591 = VERTEX_POINT('',#592);
#592 = CARTESIAN_POINT('',(138.7,86.,17.));
#593 = SURFACE_CURVE('',#594,(#599,#610),.PCURVE_S1.);
#594 = CIRCLE('',#595,1.7);
#595 = AXIS2_PLACEMENT_3D('',#596,#597,#598);
#596 = CARTESIAN_POINT('',(137.,86.,17.));
#597 = DIRECTION('',(0.,0.,-1.));
#598 = DIRECTION('',(1.,0.,0.));
#599 = PCURVE('',#66,#600);
#600 = DEFINITIONAL_REPRESENTATION('',(#601),#609);
#601 = ( BOUNDED_CURVE() B_SPLINE_CURVE(2,(#602,#603,#604,#605,#606,#607
,#608),.UNSPECIFIED.,.T.,.F.) B_SPLINE_CURVE_WITH_KNOTS((1,2,2,2,2,1),(
    -2.094395102393,0.,2.094395102393,4.188790204786,6.28318530718,
8.377580409573),.UNSPECIFIED.) CURVE() GEOMETRIC_REPRESENTATION_ITEM() 
RATIONAL_B_SPLINE_CURVE((1.,0.5,1.,0.5,1.,0.5,1.)) REPRESENTATION_ITEM(
  '') );
#602 = CARTESIAN_POINT('',(-6.3,8.));
#603 = CARTESIAN_POINT('',(-6.3,5.055513627133));
#604 = CARTESIAN_POINT('',(-8.85,6.527756813566));
#605 = CARTESIAN_POINT('',(-11.4,8.));
#606 = CARTESIAN_POINT('',(-8.85,9.472243186434));
#607 = CARTESIAN_POINT('',(-6.3,10.944486372867));
#608 = CARTESIAN_POINT('',(-6.3,8.));
#609 = ( GEOMETRIC_REPRESENTATION_CONTEXT(2) 
PARAMETRIC_REPRESENTATION_CONTEXT() REPRESENTATION_CONTEXT('2D SPACE',''
  ) );
#610 = PCURVE('',#224,#611);
#611 = DEFINITIONAL_REPRESENTATION('',(#612),#616);
#612 = LINE('',#613,#614);
#613 = CARTESIAN_POINT('',(-6.28318530718,-35.));
#614 = VECTOR('',#615,1.);
#615 = DIRECTION('',(1.,-0.));
#616 = ( GEOMETRIC_REPRESENTATION_CONTEXT(2) 
PARAMETRIC_REPRESENTATION_CONTEXT() REPRESENTATION_CONTEXT('2D SPACE',''
  ) );
#617 = FACE_BOUND('',#618,.T.);
#618 = EDGE_LOOP('',(#619));
#619 = ORIENTED_EDGE('',*,*,#620,.T.);
#620 = EDGE_CURVE('',#621,#621,#623,.T.);
#621 = VERTEX_POINT('',#622);
#622 = CARTESIAN_POINT('',(149.5,78.,17.));
#623 = SURFACE_CURVE('',#624,(#629,#640),.PCURVE_S1.);
#624 = CIRCLE('',#625,4.5);
#625 = AXIS2_PLACEMENT_3D('',#626,#627,#628);
#626 = CARTESIAN_POINT('',(145.,78.,17.));
#627 = DIRECTION('',(0.,0.,-1.));
#628 = DIRECTION('',(1.,0.,0.));
#629 = PCURVE('',#66,#630);
#630 = DEFINITIONAL_REPRESENTATION('',(#631),#639);
#631 = ( BOUNDED_CURVE() B_SPLINE_CURVE(2,(#632,#633,#634,#635,#636,#637
,#638),.UNSPECIFIED.,.T.,.F.) B_SPLINE_CURVE_WITH_KNOTS((1,2,2,2,2,1),(
    -2.094395102393,0.,2.094395102393,4.188790204786,6.28318530718,
8.377580409573),.UNSPECIFIED.) CURVE() GEOMETRIC_REPRESENTATION_ITEM() 
RATIONAL_B_SPLINE_CURVE((1.,0.5,1.,0.5,1.,0.5,1.)) REPRESENTATION_ITEM(
  '') );
#632 = CARTESIAN_POINT('',(4.5,0.));
#633 = CARTESIAN_POINT('',(4.5,-7.79422863406));
#634 = CARTESIAN_POINT('',(-2.25,-3.89711431703));
#635 = CARTESIAN_POINT('',(-9.,-1.102182119233E-15));
#636 = CARTESIAN_POINT('',(-2.25,3.89711431703));
#637 = CARTESIAN_POINT('',(4.5,7.79422863406));
#638 = CARTESIAN_POINT('',(4.5,0.));
#639 = ( GEOMETRIC_REPRESENTATION_CONTEXT(2) 
PARAMETRIC_REPRESENTATION_CONTEXT() REPRESENTATION_CONTEXT('2D SPACE',''
  ) );
#640 = PCURVE('',#641,#646);
#641 = CYLINDRICAL_SURFACE('',#642,4.5);
#642 = AXIS2_PLACEMENT_3D('',#643,#644,#645);
#643 = CARTESIAN_POINT('',(145.,78.,-18.));
#644 = DIRECTION('',(-0.,-0.,-1.));
#645 = DIRECTION('',(1.,0.,0.));
#646 = DEFINITIONAL_REPRESENTATION('',(#647),#651);
#647 = LINE('',#648,#649);
#648 = CARTESIAN_POINT('',(-6.28318530718,-35.));
#649 = VECTOR('',#650,1.);
#650 = DIRECTION('',(1.,-0.));
#651 = ( GEOMETRIC_REPRESENTATION_CONTEXT(2) 
PARAMETRIC_REPRESENTATION_CONTEXT() REPRESENTATION_CONTEXT('2D SPACE',''
  ) );
#652 = FACE_BOUND('',#653,.T.);
#653 = EDGE_LOOP('',(#654));
#654 = ORIENTED_EDGE('',*,*,#655,.T.);
#655 = EDGE_CURVE('',#656,#656,#658,.T.);
#656 = VERTEX_POINT('',#657);
#657 = CARTESIAN_POINT('',(154.7,86.,17.));
#658 = SURFACE_CURVE('',#659,(#664,#675),.PCURVE_S1.);
#659 = CIRCLE('',#660,1.7);
#660 = AXIS2_PLACEMENT_3D('',#661,#662,#663);
#661 = CARTESIAN_POINT('',(153.,86.,17.));
#662 = DIRECTION('',(0.,0.,-1.));
#663 = DIRECTION('',(1.,0.,0.));
#664 = PCURVE('',#66,#665);
#665 = DEFINITIONAL_REPRESENTATION('',(#666),#674);
#666 = ( BOUNDED_CURVE() B_SPLINE_CURVE(2,(#667,#668,#669,#670,#671,#672
,#673),.UNSPECIFIED.,.T.,.F.) B_SPLINE_CURVE_WITH_KNOTS((1,2,2,2,2,1),(
    -2.094395102393,0.,2.094395102393,4.188790204786,6.28318530718,
8.377580409573),.UNSPECIFIED.) CURVE() GEOMETRIC_REPRESENTATION_ITEM() 
RATIONAL_B_SPLINE_CURVE((1.,0.5,1.,0.5,1.,0.5,1.)) REPRESENTATION_ITEM(
  '') );
#667 = CARTESIAN_POINT('',(9.7,8.));
#668 = CARTESIAN_POINT('',(9.7,5.055513627133));
#669 = CARTESIAN_POINT('',(7.15,6.527756813566));
#670 = CARTESIAN_POINT('',(4.6,8.));
#671 = CARTESIAN_POINT('',(7.15,9.472243186434));
#672 = CARTESIAN_POINT('',(9.7,10.944486372867));
#673 = CARTESIAN_POINT('',(9.7,8.));
#674 = ( GEOMETRIC_REPRESENTATION_CONTEXT(2) 
PARAMETRIC_REPRESENTATION_CONTEXT() REPRESENTATION_CONTEXT('2D SPACE',''
  ) );
#675 = PCURVE('',#397,#676);
#676 = DEFINITIONAL_REPRESENTATION('',(#677),#681);
#677 = LINE('',#678,#679);
#678 = CARTESIAN_POINT('',(-6.28318530718,-35.));
#679 = VECTOR('',#680,1.);
#680 = DIRECTION('',(1.,-0.));
#681 = ( GEOMETRIC_REPRESENTATION_CONTEXT(2) 
PARAMETRIC_REPRESENTATION_CONTEXT() REPRESENTATION_CONTEXT('2D SPACE',''
  ) );
#682 = ADVANCED_FACE('',(#683,#754),#130,.F.);
#683 = FACE_BOUND('',#684,.F.);
#684 = EDGE_LOOP('',(#685,#715,#734,#735));
#685 = ORIENTED_EDGE('',*,*,#686,.F.);
#686 = EDGE_CURVE('',#687,#689,#691,.T.);
#687 = VERTEX_POINT('',#688);
#688 = CARTESIAN_POINT('',(138.37477270848,69.,-18.));
#689 = VERTEX_POINT('',#690);
#690 = CARTESIAN_POINT('',(151.62522729151,69.,-18.));
#691 = SURFACE_CURVE('',#692,(#696,#703),.PCURVE_S1.);
#692 = LINE('',#693,#694);
#693 = CARTESIAN_POINT('',(136.,69.,-18.));
#694 = VECTOR('',#695,1.);
#695 = DIRECTION('',(1.,0.,0.));
#696 = PCURVE('',#130,#697);
#697 = DEFINITIONAL_REPRESENTATION('',(#698),#702);
#698 = LINE('',#699,#700);
#699 = CARTESIAN_POINT('',(0.,0.));
#700 = VECTOR('',#701,1.);
#701 = DIRECTION('',(0.,1.));
#702 = ( GEOMETRIC_REPRESENTATION_CONTEXT(2) 
PARAMETRIC_REPRESENTATION_CONTEXT() REPRESENTATION_CONTEXT('2D SPACE',''
  ) );
#703 = PCURVE('',#704,#709);
#704 = PLANE('',#705);
#705 = AXIS2_PLACEMENT_3D('',#706,#707,#708);
#706 = CARTESIAN_POINT('',(136.,69.,-18.));
#707 = DIRECTION('',(0.,0.,1.));
#708 = DIRECTION('',(1.,0.,0.));
#709 = DEFINITIONAL_REPRESENTATION('',(#710),#714);
#710 = LINE('',#711,#712);
#711 = CARTESIAN_POINT('',(0.,0.));
#712 = VECTOR('',#713,1.);
#713 = DIRECTION('',(1.,0.));
#714 = ( GEOMETRIC_REPRESENTATION_CONTEXT(2) 
PARAMETRIC_REPRESENTATION_CONTEXT() REPRESENTATION_CONTEXT('2D SPACE',''
  ) );
#715 = ORIENTED_EDGE('',*,*,#716,.F.);
#716 = EDGE_CURVE('',#113,#687,#717,.T.);
#717 = SURFACE_CURVE('',#718,(#722,#728),.PCURVE_S1.);
#718 = LINE('',#719,#720);
#719 = CARTESIAN_POINT('',(138.37477270848,69.,-18.));
#720 = VECTOR('',#721,1.);
#721 = DIRECTION('',(-0.,-0.,-1.));
#722 = PCURVE('',#130,#723);
#723 = DEFINITIONAL_REPRESENTATION('',(#724),#727);
#724 = B_SPLINE_CURVE_WITH_KNOTS('',1,(#725,#726),.UNSPECIFIED.,.F.,.F.,
  (2,2),(-33.,5.999999999062E-07),.PIECEWISE_BEZIER_KNOTS.);
#725 = CARTESIAN_POINT('',(33.,2.374772708487));
#726 = CARTESIAN_POINT('',(-5.999999999062E-07,2.374772708487));
#727 = ( GEOMETRIC_REPRESENTATION_CONTEXT(2) 
PARAMETRIC_REPRESENTATION_CONTEXT() REPRESENTATION_CONTEXT('2D SPACE',''
  ) );
#728 = PCURVE('',#163,#729);
#729 = DEFINITIONAL_REPRESENTATION('',(#730),#733);
#730 = B_SPLINE_CURVE_WITH_KNOTS('',1,(#731,#732),.UNSPECIFIED.,.F.,.F.,
  (2,2),(-33.,5.999999999062E-07),.PIECEWISE_BEZIER_KNOTS.);
#731 = CARTESIAN_POINT('',(-5.654310381685,-33.));
#732 = CARTESIAN_POINT('',(-5.654310381685,5.999999999062E-07));
#733 = ( GEOMETRIC_REPRESENTATION_CONTEXT(2) 
PARAMETRIC_REPRESENTATION_CONTEXT() REPRESENTATION_CONTEXT('2D SPACE',''
  ) );
#734 = ORIENTED_EDGE('',*,*,#112,.T.);
#735 = ORIENTED_EDGE('',*,*,#736,.T.);
#736 = EDGE_CURVE('',#115,#689,#737,.T.);
#737 = SURFACE_CURVE('',#738,(#742,#748),.PCURVE_S1.);
#738 = LINE('',#739,#740);
#739 = CARTESIAN_POINT('',(151.62522729151,69.,-18.));
#740 = VECTOR('',#741,1.);
#741 = DIRECTION('',(-0.,-0.,-1.));
#742 = PCURVE('',#130,#743);
#743 = DEFINITIONAL_REPRESENTATION('',(#744),#747);
#744 = B_SPLINE_CURVE_WITH_KNOTS('',1,(#745,#746),.UNSPECIFIED.,.F.,.F.,
  (2,2),(-33.,5.999999999062E-07),.PIECEWISE_BEZIER_KNOTS.);
#745 = CARTESIAN_POINT('',(33.,15.625227291513));
#746 = CARTESIAN_POINT('',(-5.999999999062E-07,15.625227291513));
#747 = ( GEOMETRIC_REPRESENTATION_CONTEXT(2) 
PARAMETRIC_REPRESENTATION_CONTEXT() REPRESENTATION_CONTEXT('2D SPACE',''
  ) );
#748 = PCURVE('',#486,#749);
#749 = DEFINITIONAL_REPRESENTATION('',(#750),#753);
#750 = B_SPLINE_CURVE_WITH_KNOTS('',1,(#751,#752),.UNSPECIFIED.,.F.,.F.,
  (2,2),(-33.,5.999999999062E-07),.PIECEWISE_BEZIER_KNOTS.);
#751 = CARTESIAN_POINT('',(-3.770467579085,-33.));
#752 = CARTESIAN_POINT('',(-3.770467579085,5.999999999062E-07));
#753 = ( GEOMETRIC_REPRESENTATION_CONTEXT(2) 
PARAMETRIC_REPRESENTATION_CONTEXT() REPRESENTATION_CONTEXT('2D SPACE',''
  ) );
#754 = FACE_BOUND('',#755,.F.);
#755 = EDGE_LOOP('',(#756,#779,#805,#826));
#756 = ORIENTED_EDGE('',*,*,#757,.F.);
#757 = EDGE_CURVE('',#758,#760,#762,.T.);
#758 = VERTEX_POINT('',#759);
#759 = CARTESIAN_POINT('',(146.,69.,11.196721311475));
#760 = VERTEX_POINT('',#761);
#761 = CARTESIAN_POINT('',(146.,69.,-4.526315789474));
#762 = SURFACE_CURVE('',#763,(#767,#773),.PCURVE_S1.);
#763 = LINE('',#764,#765);
#764 = CARTESIAN_POINT('',(146.,69.,-46.27642618667));
#765 = VECTOR('',#766,1.);
#766 = DIRECTION('',(0.,0.,-1.));
#767 = PCURVE('',#130,#768);
#768 = DEFINITIONAL_REPRESENTATION('',(#769),#772);
#769 = B_SPLINE_CURVE_WITH_KNOTS('',1,(#770,#771),.UNSPECIFIED.,.F.,.F.,
  (2,2),(-58.27642618667,-28.27642618667),.PIECEWISE_BEZIER_KNOTS.);
#770 = CARTESIAN_POINT('',(30.,10.));
#771 = CARTESIAN_POINT('',(0.,10.));
#772 = ( GEOMETRIC_REPRESENTATION_CONTEXT(2) 
PARAMETRIC_REPRESENTATION_CONTEXT() REPRESENTATION_CONTEXT('2D SPACE',''
  ) );
#773 = PCURVE('',#336,#774);
#774 = DEFINITIONAL_REPRESENTATION('',(#775),#778);
#775 = B_SPLINE_CURVE_WITH_KNOTS('',1,(#776,#777),.UNSPECIFIED.,.F.,.F.,
  (2,2),(-58.27642618667,-28.27642618667),.PIECEWISE_BEZIER_KNOTS.);
#776 = CARTESIAN_POINT('',(-86.55285237335,-10.43614528075));
#777 = CARTESIAN_POINT('',(-56.55285237335,-10.43614528075));
#778 = ( GEOMETRIC_REPRESENTATION_CONTEXT(2) 
PARAMETRIC_REPRESENTATION_CONTEXT() REPRESENTATION_CONTEXT('2D SPACE',''
  ) );
#779 = ORIENTED_EDGE('',*,*,#780,.T.);
#780 = EDGE_CURVE('',#758,#781,#783,.T.);
#781 = VERTEX_POINT('',#782);
#782 = CARTESIAN_POINT('',(141.,69.,11.196721311475));
#783 = SURFACE_CURVE('',#784,(#788,#794),.PCURVE_S1.);
#784 = LINE('',#785,#786);
#785 = CARTESIAN_POINT('',(138.5,69.,11.196721311475));
#786 = VECTOR('',#787,1.);
#787 = DIRECTION('',(-1.,0.,0.));
#788 = PCURVE('',#130,#789);
#789 = DEFINITIONAL_REPRESENTATION('',(#790),#793);
#790 = B_SPLINE_CURVE_WITH_KNOTS('',1,(#791,#792),.UNSPECIFIED.,.F.,.F.,
  (2,2),(-7.5,-2.5),.PIECEWISE_BEZIER_KNOTS.);
#791 = CARTESIAN_POINT('',(29.196721311475,10.));
#792 = CARTESIAN_POINT('',(29.196721311475,5.));
#793 = ( GEOMETRIC_REPRESENTATION_CONTEXT(2) 
PARAMETRIC_REPRESENTATION_CONTEXT() REPRESENTATION_CONTEXT('2D SPACE',''
  ) );
#794 = PCURVE('',#795,#800);
#795 = PLANE('',#796);
#796 = AXIS2_PLACEMENT_3D('',#797,#798,#799);
#797 = CARTESIAN_POINT('',(141.,9.,-37.));
#798 = DIRECTION('',(0.,-0.626252420424,0.77962036012));
#799 = DIRECTION('',(0.,0.77962036012,0.626252420424));
#800 = DEFINITIONAL_REPRESENTATION('',(#801),#804);
#801 = B_SPLINE_CURVE_WITH_KNOTS('',1,(#802,#803),.UNSPECIFIED.,.F.,.F.,
  (2,2),(-7.5,-2.5),.PIECEWISE_BEZIER_KNOTS.);
#802 = CARTESIAN_POINT('',(76.960534984991,-5.));
#803 = CARTESIAN_POINT('',(76.960534984991,0.));
#804 = ( GEOMETRIC_REPRESENTATION_CONTEXT(2) 
PARAMETRIC_REPRESENTATION_CONTEXT() REPRESENTATION_CONTEXT('2D SPACE',''
  ) );
#805 = ORIENTED_EDGE('',*,*,#806,.T.);
#806 = EDGE_CURVE('',#781,#807,#809,.T.);
#807 = VERTEX_POINT('',#808);
#808 = CARTESIAN_POINT('',(141.,69.,-4.526315789474));
#809 = SURFACE_CURVE('',#810,(#814,#820),.PCURVE_S1.);
#810 = LINE('',#811,#812);
#811 = CARTESIAN_POINT('',(141.,69.,-46.27642618667));
#812 = VECTOR('',#813,1.);
#813 = DIRECTION('',(0.,0.,-1.));
#814 = PCURVE('',#130,#815);
#815 = DEFINITIONAL_REPRESENTATION('',(#816),#819);
#816 = B_SPLINE_CURVE_WITH_KNOTS('',1,(#817,#818),.UNSPECIFIED.,.F.,.F.,
  (2,2),(-58.27642618667,-28.27642618667),.PIECEWISE_BEZIER_KNOTS.);
#817 = CARTESIAN_POINT('',(30.,5.));
#818 = CARTESIAN_POINT('',(0.,5.));
#819 = ( GEOMETRIC_REPRESENTATION_CONTEXT(2) 
PARAMETRIC_REPRESENTATION_CONTEXT() REPRESENTATION_CONTEXT('2D SPACE',''
  ) );
#820 = PCURVE('',#280,#821);
#821 = DEFINITIONAL_REPRESENTATION('',(#822),#825);
#822 = B_SPLINE_CURVE_WITH_KNOTS('',1,(#823,#824),.UNSPECIFIED.,.F.,.F.,
  (2,2),(-58.27642618667,-28.27642618667),.PIECEWISE_BEZIER_KNOTS.);
#823 = CARTESIAN_POINT('',(-86.55285237335,-10.43614528075));
#824 = CARTESIAN_POINT('',(-56.55285237335,-10.43614528075));
#825 = ( GEOMETRIC_REPRESENTATION_CONTEXT(2) 
PARAMETRIC_REPRESENTATION_CONTEXT() REPRESENTATION_CONTEXT('2D SPACE',''
  ) );
#826 = ORIENTED_EDGE('',*,*,#827,.F.);
#827 = EDGE_CURVE('',#760,#807,#828,.T.);
#828 = SURFACE_CURVE('',#829,(#833,#839),.PCURVE_S1.);
#829 = LINE('',#830,#831);
#830 = CARTESIAN_POINT('',(137.5,69.,-4.526315789474));
#831 = VECTOR('',#832,1.);
#832 = DIRECTION('',(-1.,0.,0.));
#833 = PCURVE('',#130,#834);
#834 = DEFINITIONAL_REPRESENTATION('',(#835),#838);
#835 = B_SPLINE_CURVE_WITH_KNOTS('',1,(#836,#837),.UNSPECIFIED.,.F.,.F.,
  (2,2),(-8.5,-3.5),.PIECEWISE_BEZIER_KNOTS.);
#836 = CARTESIAN_POINT('',(13.473684210526,10.));
#837 = CARTESIAN_POINT('',(13.473684210526,5.));
#838 = ( GEOMETRIC_REPRESENTATION_CONTEXT(2) 
PARAMETRIC_REPRESENTATION_CONTEXT() REPRESENTATION_CONTEXT('2D SPACE',''
  ) );
#839 = PCURVE('',#840,#845);
#840 = PLANE('',#841);
#841 = AXIS2_PLACEMENT_3D('',#842,#843,#844);
#842 = CARTESIAN_POINT('',(139.,18.,-43.));
#843 = DIRECTION('',(0.,-0.602238533698,0.798316195833));
#844 = DIRECTION('',(0.,0.798316195833,0.602238533698));
#845 = DEFINITIONAL_REPRESENTATION('',(#846),#849);
#846 = B_SPLINE_CURVE_WITH_KNOTS('',1,(#847,#848),.UNSPECIFIED.,.F.,.F.,
  (2,2),(-8.5,-3.5),.PIECEWISE_BEZIER_KNOTS.);
#847 = CARTESIAN_POINT('',(63.884461152391,-7.));
#848 = CARTESIAN_POINT('',(63.884461152391,-2.));
#849 = ( GEOMETRIC_REPRESENTATION_CONTEXT(2) 
PARAMETRIC_REPRESENTATION_CONTEXT() REPRESENTATION_CONTEXT('2D SPACE',''
  ) );
#850 = ADVANCED_FACE('',(#851),#486,.F.);
#851 = FACE_BOUND('',#852,.T.);
#852 = EDGE_LOOP('',(#853,#854,#875,#876,#877,#878,#879,#903));
#853 = ORIENTED_EDGE('',*,*,#465,.T.);
#854 = ORIENTED_EDGE('',*,*,#855,.T.);
#855 = EDGE_CURVE('',#466,#561,#856,.T.);
#856 = SEAM_CURVE('',#857,(#861,#868),.PCURVE_S1.);
#857 = LINE('',#858,#859);
#858 = CARTESIAN_POINT('',(154.7,70.,-18.));
#859 = VECTOR('',#860,1.);
#860 = DIRECTION('',(0.,0.,1.));
#861 = PCURVE('',#486,#862);
#862 = DEFINITIONAL_REPRESENTATION('',(#863),#867);
#863 = LINE('',#864,#865);
#864 = CARTESIAN_POINT('',(-6.28318530718,0.));
#865 = VECTOR('',#866,1.);
#866 = DIRECTION('',(-0.,-1.));
#867 = ( GEOMETRIC_REPRESENTATION_CONTEXT(2) 
PARAMETRIC_REPRESENTATION_CONTEXT() REPRESENTATION_CONTEXT('2D SPACE',''
  ) );
#868 = PCURVE('',#486,#869);
#869 = DEFINITIONAL_REPRESENTATION('',(#870),#874);
#870 = LINE('',#871,#872);
#871 = CARTESIAN_POINT('',(-0.,0.));
#872 = VECTOR('',#873,1.);
#873 = DIRECTION('',(-0.,-1.));
#874 = ( GEOMETRIC_REPRESENTATION_CONTEXT(2) 
PARAMETRIC_REPRESENTATION_CONTEXT() REPRESENTATION_CONTEXT('2D SPACE',''
  ) );
#875 = ORIENTED_EDGE('',*,*,#560,.F.);
#876 = ORIENTED_EDGE('',*,*,#855,.F.);
#877 = ORIENTED_EDGE('',*,*,#498,.T.);
#878 = ORIENTED_EDGE('',*,*,#736,.T.);
#879 = ORIENTED_EDGE('',*,*,#880,.F.);
#880 = EDGE_CURVE('',#881,#689,#883,.T.);
#881 = VERTEX_POINT('',#882);
#882 = CARTESIAN_POINT('',(154.,71.374772708487,-18.));
#883 = SURFACE_CURVE('',#884,(#889,#896),.PCURVE_S1.);
#884 = CIRCLE('',#885,1.7);
#885 = AXIS2_PLACEMENT_3D('',#886,#887,#888);
#886 = CARTESIAN_POINT('',(153.,70.,-18.));
#887 = DIRECTION('',(0.,0.,1.));
#888 = DIRECTION('',(1.,0.,0.));
#889 = PCURVE('',#486,#890);
#890 = DEFINITIONAL_REPRESENTATION('',(#891),#895);
#891 = LINE('',#892,#893);
#892 = CARTESIAN_POINT('',(-0.,0.));
#893 = VECTOR('',#894,1.);
#894 = DIRECTION('',(-1.,0.));
#895 = ( GEOMETRIC_REPRESENTATION_CONTEXT(2) 
PARAMETRIC_REPRESENTATION_CONTEXT() REPRESENTATION_CONTEXT('2D SPACE',''
  ) );
#896 = PCURVE('',#704,#897);
#897 = DEFINITIONAL_REPRESENTATION('',(#898),#902);
#898 = CIRCLE('',#899,1.7);
#899 = AXIS2_PLACEMENT_2D('',#900,#901);
#900 = CARTESIAN_POINT('',(17.,1.));
#901 = DIRECTION('',(1.,0.));
#902 = ( GEOMETRIC_REPRESENTATION_CONTEXT(2) 
PARAMETRIC_REPRESENTATION_CONTEXT() REPRESENTATION_CONTEXT('2D SPACE',''
  ) );
#903 = ORIENTED_EDGE('',*,*,#904,.F.);
#904 = EDGE_CURVE('',#438,#881,#905,.T.);
#905 = SURFACE_CURVE('',#906,(#910,#916),.PCURVE_S1.);
#906 = LINE('',#907,#908);
#907 = CARTESIAN_POINT('',(154.,71.374772708487,-18.));
#908 = VECTOR('',#909,1.);
#909 = DIRECTION('',(-0.,-0.,-1.));
#910 = PCURVE('',#486,#911);
#911 = DEFINITIONAL_REPRESENTATION('',(#912),#915);
#912 = B_SPLINE_CURVE_WITH_KNOTS('',1,(#913,#914),.UNSPECIFIED.,.F.,.F.,
  (2,2),(-33.,5.999999999062E-07),.PIECEWISE_BEZIER_KNOTS.);
#913 = CARTESIAN_POINT('',(-0.9419214013,-33.));
#914 = CARTESIAN_POINT('',(-0.9419214013,5.999999999062E-07));
#915 = ( GEOMETRIC_REPRESENTATION_CONTEXT(2) 
PARAMETRIC_REPRESENTATION_CONTEXT() REPRESENTATION_CONTEXT('2D SPACE',''
  ) );
#916 = PCURVE('',#453,#917);
#917 = DEFINITIONAL_REPRESENTATION('',(#918),#921);
#918 = B_SPLINE_CURVE_WITH_KNOTS('',1,(#919,#920),.UNSPECIFIED.,.F.,.F.,
  (2,2),(-33.,5.999999999062E-07),.PIECEWISE_BEZIER_KNOTS.);
#919 = CARTESIAN_POINT('',(33.,-2.374772708487));
#920 = CARTESIAN_POINT('',(-5.999999999062E-07,-2.374772708487));
#921 = ( GEOMETRIC_REPRESENTATION_CONTEXT(2) 
PARAMETRIC_REPRESENTATION_CONTEXT() REPRESENTATION_CONTEXT('2D SPACE',''
  ) );
#922 = ADVANCED_FACE('',(#923),#453,.T.);
#923 = FACE_BOUND('',#924,.T.);
#924 = EDGE_LOOP('',(#925,#926,#927,#950));
#925 = ORIENTED_EDGE('',*,*,#437,.F.);
#926 = ORIENTED_EDGE('',*,*,#904,.T.);
#927 = ORIENTED_EDGE('',*,*,#928,.T.);
#928 = EDGE_CURVE('',#881,#929,#931,.T.);
#929 = VERTEX_POINT('',#930);
#930 = CARTESIAN_POINT('',(154.,84.625227291513,-18.));
#931 = SURFACE_CURVE('',#932,(#936,#943),.PCURVE_S1.);
#932 = LINE('',#933,#934);
#933 = CARTESIAN_POINT('',(154.,69.,-18.));
#934 = VECTOR('',#935,1.);
#935 = DIRECTION('',(0.,1.,0.));
#936 = PCURVE('',#453,#937);
#937 = DEFINITIONAL_REPRESENTATION('',(#938),#942);
#938 = LINE('',#939,#940);
#939 = CARTESIAN_POINT('',(0.,0.));
#940 = VECTOR('',#941,1.);
#941 = DIRECTION('',(0.,-1.));
#942 = ( GEOMETRIC_REPRESENTATION_CONTEXT(2) 
PARAMETRIC_REPRESENTATION_CONTEXT() REPRESENTATION_CONTEXT('2D SPACE',''
  ) );
#943 = PCURVE('',#704,#944);
#944 = DEFINITIONAL_REPRESENTATION('',(#945),#949);
#945 = LINE('',#946,#947);
#946 = CARTESIAN_POINT('',(18.,0.));
#947 = VECTOR('',#948,1.);
#948 = DIRECTION('',(0.,1.));
#949 = ( GEOMETRIC_REPRESENTATION_CONTEXT(2) 
PARAMETRIC_REPRESENTATION_CONTEXT() REPRESENTATION_CONTEXT('2D SPACE',''
  ) );
#950 = ORIENTED_EDGE('',*,*,#951,.F.);
#951 = EDGE_CURVE('',#410,#929,#952,.T.);
#952 = SURFACE_CURVE('',#953,(#957,#963),.PCURVE_S1.);
#953 = LINE('',#954,#955);
#954 = CARTESIAN_POINT('',(154.,84.625227291513,-18.));
#955 = VECTOR('',#956,1.);
#956 = DIRECTION('',(-0.,-0.,-1.));
#957 = PCURVE('',#453,#958);
#958 = DEFINITIONAL_REPRESENTATION('',(#959),#962);
#959 = B_SPLINE_CURVE_WITH_KNOTS('',1,(#960,#961),.UNSPECIFIED.,.F.,.F.,
  (2,2),(-33.,5.999999999062E-07),.PIECEWISE_BEZIER_KNOTS.);
#960 = CARTESIAN_POINT('',(33.,-15.62522729151));
#961 = CARTESIAN_POINT('',(-5.999999999062E-07,-15.62522729151));
#962 = ( GEOMETRIC_REPRESENTATION_CONTEXT(2) 
PARAMETRIC_REPRESENTATION_CONTEXT() REPRESENTATION_CONTEXT('2D SPACE',''
  ) );
#963 = PCURVE('',#397,#964);
#964 = DEFINITIONAL_REPRESENTATION('',(#965),#968);
#965 = B_SPLINE_CURVE_WITH_KNOTS('',1,(#966,#967),.UNSPECIFIED.,.F.,.F.,
  (2,2),(-33.,5.999999999062E-07),.PIECEWISE_BEZIER_KNOTS.);
#966 = CARTESIAN_POINT('',(-5.34126390588,-33.));
#967 = CARTESIAN_POINT('',(-5.34126390588,5.999999999062E-07));
#968 = ( GEOMETRIC_REPRESENTATION_CONTEXT(2) 
PARAMETRIC_REPRESENTATION_CONTEXT() REPRESENTATION_CONTEXT('2D SPACE',''
  ) );
#969 = ADVANCED_FACE('',(#970),#397,.F.);
#970 = FACE_BOUND('',#971,.T.);
#971 = EDGE_LOOP('',(#972,#973,#994,#995,#996,#997,#998,#1022));
#972 = ORIENTED_EDGE('',*,*,#376,.T.);
#973 = ORIENTED_EDGE('',*,*,#974,.T.);
#974 = EDGE_CURVE('',#377,#656,#975,.T.);
#975 = SEAM_CURVE('',#976,(#980,#987),.PCURVE_S1.);
#976 = LINE('',#977,#978);
#977 = CARTESIAN_POINT('',(154.7,86.,-18.));
#978 = VECTOR('',#979,1.);
#979 = DIRECTION('',(0.,0.,1.));
#980 = PCURVE('',#397,#981);
#981 = DEFINITIONAL_REPRESENTATION('',(#982),#986);
#982 = LINE('',#983,#984);
#983 = CARTESIAN_POINT('',(-6.28318530718,0.));
#984 = VECTOR('',#985,1.);
#985 = DIRECTION('',(-0.,-1.));
#986 = ( GEOMETRIC_REPRESENTATION_CONTEXT(2) 
PARAMETRIC_REPRESENTATION_CONTEXT() REPRESENTATION_CONTEXT('2D SPACE',''
  ) );
#987 = PCURVE('',#397,#988);
#988 = DEFINITIONAL_REPRESENTATION('',(#989),#993);
#989 = LINE('',#990,#991);
#990 = CARTESIAN_POINT('',(-0.,0.));
#991 = VECTOR('',#992,1.);
#992 = DIRECTION('',(-0.,-1.));
#993 = ( GEOMETRIC_REPRESENTATION_CONTEXT(2) 
PARAMETRIC_REPRESENTATION_CONTEXT() REPRESENTATION_CONTEXT('2D SPACE',''
  ) );
#994 = ORIENTED_EDGE('',*,*,#655,.F.);
#995 = ORIENTED_EDGE('',*,*,#974,.F.);
#996 = ORIENTED_EDGE('',*,*,#409,.T.);
#997 = ORIENTED_EDGE('',*,*,#951,.T.);
#998 = ORIENTED_EDGE('',*,*,#999,.F.);
#999 = EDGE_CURVE('',#1000,#929,#1002,.T.);
#1000 = VERTEX_POINT('',#1001);
#1001 = CARTESIAN_POINT('',(151.62522729151,87.,-18.));
#1002 = SURFACE_CURVE('',#1003,(#1008,#1015),.PCURVE_S1.);
#1003 = CIRCLE('',#1004,1.7);
#1004 = AXIS2_PLACEMENT_3D('',#1005,#1006,#1007);
#1005 = CARTESIAN_POINT('',(153.,86.,-18.));
#1006 = DIRECTION('',(0.,0.,1.));
#1007 = DIRECTION('',(1.,0.,0.));
#1008 = PCURVE('',#397,#1009);
#1009 = DEFINITIONAL_REPRESENTATION('',(#1010),#1014);
#1010 = LINE('',#1011,#1012);
#1011 = CARTESIAN_POINT('',(-0.,0.));
#1012 = VECTOR('',#1013,1.);
#1013 = DIRECTION('',(-1.,0.));
#1014 = ( GEOMETRIC_REPRESENTATION_CONTEXT(2) 
PARAMETRIC_REPRESENTATION_CONTEXT() REPRESENTATION_CONTEXT('2D SPACE',''
  ) );
#1015 = PCURVE('',#704,#1016);
#1016 = DEFINITIONAL_REPRESENTATION('',(#1017),#1021);
#1017 = CIRCLE('',#1018,1.7);
#1018 = AXIS2_PLACEMENT_2D('',#1019,#1020);
#1019 = CARTESIAN_POINT('',(17.,17.));
#1020 = DIRECTION('',(1.,0.));
#1021 = ( GEOMETRIC_REPRESENTATION_CONTEXT(2) 
PARAMETRIC_REPRESENTATION_CONTEXT() REPRESENTATION_CONTEXT('2D SPACE',''
  ) );
#1022 = ORIENTED_EDGE('',*,*,#1023,.F.);
#1023 = EDGE_CURVE('',#349,#1000,#1024,.T.);
#1024 = SURFACE_CURVE('',#1025,(#1029,#1035),.PCURVE_S1.);
#1025 = LINE('',#1026,#1027);
#1026 = CARTESIAN_POINT('',(151.62522729151,87.,-18.));
#1027 = VECTOR('',#1028,1.);
#1028 = DIRECTION('',(-0.,-0.,-1.));
#1029 = PCURVE('',#397,#1030);
#1030 = DEFINITIONAL_REPRESENTATION('',(#1031),#1034);
#1031 = B_SPLINE_CURVE_WITH_KNOTS('',1,(#1032,#1033),.UNSPECIFIED.,.F.,
  .F.,(2,2),(-33.,5.999999999062E-07),.PIECEWISE_BEZIER_KNOTS.);
#1032 = CARTESIAN_POINT('',(-2.512717728095,-33.));
#1033 = CARTESIAN_POINT('',(-2.512717728095,5.999999999062E-07));
#1034 = ( GEOMETRIC_REPRESENTATION_CONTEXT(2) 
PARAMETRIC_REPRESENTATION_CONTEXT() REPRESENTATION_CONTEXT('2D SPACE',''
  ) );
#1035 = PCURVE('',#364,#1036);
#1036 = DEFINITIONAL_REPRESENTATION('',(#1037),#1040);
#1037 = B_SPLINE_CURVE_WITH_KNOTS('',1,(#1038,#1039),.UNSPECIFIED.,.F.,
  .F.,(2,2),(-33.,5.999999999062E-07),.PIECEWISE_BEZIER_KNOTS.);
#1038 = CARTESIAN_POINT('',(33.,15.625227291513));
#1039 = CARTESIAN_POINT('',(-5.999999999062E-07,15.625227291513));
#1040 = ( GEOMETRIC_REPRESENTATION_CONTEXT(2) 
PARAMETRIC_REPRESENTATION_CONTEXT() REPRESENTATION_CONTEXT('2D SPACE',''
  ) );
#1041 = ADVANCED_FACE('',(#1042),#364,.T.);
#1042 = FACE_BOUND('',#1043,.T.);
#1043 = EDGE_LOOP('',(#1044,#1067,#1086,#1087));
#1044 = ORIENTED_EDGE('',*,*,#1045,.F.);
#1045 = EDGE_CURVE('',#1046,#1000,#1048,.T.);
#1046 = VERTEX_POINT('',#1047);
#1047 = CARTESIAN_POINT('',(146.,87.,-18.));
#1048 = SURFACE_CURVE('',#1049,(#1053,#1060),.PCURVE_S1.);
#1049 = LINE('',#1050,#1051);
#1050 = CARTESIAN_POINT('',(136.,87.,-18.));
#1051 = VECTOR('',#1052,1.);
#1052 = DIRECTION('',(1.,0.,0.));
#1053 = PCURVE('',#364,#1054);
#1054 = DEFINITIONAL_REPRESENTATION('',(#1055),#1059);
#1055 = LINE('',#1056,#1057);
#1056 = CARTESIAN_POINT('',(0.,0.));
#1057 = VECTOR('',#1058,1.);
#1058 = DIRECTION('',(0.,1.));
#1059 = ( GEOMETRIC_REPRESENTATION_CONTEXT(2) 
PARAMETRIC_REPRESENTATION_CONTEXT() REPRESENTATION_CONTEXT('2D SPACE',''
  ) );
#1060 = PCURVE('',#704,#1061);
#1061 = DEFINITIONAL_REPRESENTATION('',(#1062),#1066);
#1062 = LINE('',#1063,#1064);
#1063 = CARTESIAN_POINT('',(0.,18.));
#1064 = VECTOR('',#1065,1.);
#1065 = DIRECTION('',(1.,0.));
#1066 = ( GEOMETRIC_REPRESENTATION_CONTEXT(2) 
PARAMETRIC_REPRESENTATION_CONTEXT() REPRESENTATION_CONTEXT('2D SPACE',''
  ) );
#1067 = ORIENTED_EDGE('',*,*,#1068,.F.);
#1068 = EDGE_CURVE('',#321,#1046,#1069,.T.);
#1069 = SURFACE_CURVE('',#1070,(#1074,#1080),.PCURVE_S1.);
#1070 = LINE('',#1071,#1072);
#1071 = CARTESIAN_POINT('',(146.,87.,-46.27642618667));
#1072 = VECTOR('',#1073,1.);
#1073 = DIRECTION('',(0.,0.,-1.));
#1074 = PCURVE('',#364,#1075);
#1075 = DEFINITIONAL_REPRESENTATION('',(#1076),#1079);
#1076 = B_SPLINE_CURVE_WITH_KNOTS('',1,(#1077,#1078),.UNSPECIFIED.,.F.,
  .F.,(2,2),(-58.27642618667,-28.27642618667),.PIECEWISE_BEZIER_KNOTS.);
#1077 = CARTESIAN_POINT('',(30.,10.));
#1078 = CARTESIAN_POINT('',(0.,10.));
#1079 = ( GEOMETRIC_REPRESENTATION_CONTEXT(2) 
PARAMETRIC_REPRESENTATION_CONTEXT() REPRESENTATION_CONTEXT('2D SPACE',''
  ) );
#1080 = PCURVE('',#336,#1081);
#1081 = DEFINITIONAL_REPRESENTATION('',(#1082),#1085);
#1082 = B_SPLINE_CURVE_WITH_KNOTS('',1,(#1083,#1084),.UNSPECIFIED.,.F.,
  .F.,(2,2),(-58.27642618667,-28.27642618667),.PIECEWISE_BEZIER_KNOTS.);
#1083 = CARTESIAN_POINT('',(-86.55285237335,-28.43614528075));
#1084 = CARTESIAN_POINT('',(-56.55285237335,-28.43614528075));
#1085 = ( GEOMETRIC_REPRESENTATION_CONTEXT(2) 
PARAMETRIC_REPRESENTATION_CONTEXT() REPRESENTATION_CONTEXT('2D SPACE',''
  ) );
#1086 = ORIENTED_EDGE('',*,*,#348,.T.);
#1087 = ORIENTED_EDGE('',*,*,#1023,.T.);
#1088 = ADVANCED_FACE('',(#1089),#336,.F.);
#1089 = FACE_BOUND('',#1090,.F.);
#1090 = EDGE_LOOP('',(#1091,#1114,#1140,#1168,#1196,#1222,#1248,#1274,
    #1302,#1328,#1349,#1375,#1403,#1424,#1425,#1446,#1472,#1498,#1524,
    #1550,#1577,#1596,#1597));
#1091 = ORIENTED_EDGE('',*,*,#1092,.T.);
#1092 = EDGE_CURVE('',#293,#1093,#1095,.T.);
#1093 = VERTEX_POINT('',#1094);
#1094 = CARTESIAN_POINT('',(146.,89.,-164.));
#1095 = SURFACE_CURVE('',#1096,(#1100,#1107),.PCURVE_S1.);
#1096 = LINE('',#1097,#1098);
#1097 = CARTESIAN_POINT('',(146.,89.,12.));
#1098 = VECTOR('',#1099,1.);
#1099 = DIRECTION('',(0.,0.,-1.));
#1100 = PCURVE('',#336,#1101);
#1101 = DEFINITIONAL_REPRESENTATION('',(#1102),#1106);
#1102 = LINE('',#1103,#1104);
#1103 = CARTESIAN_POINT('',(-86.55285237335,-30.43614528075));
#1104 = VECTOR('',#1105,1.);
#1105 = DIRECTION('',(1.,0.));
#1106 = ( GEOMETRIC_REPRESENTATION_CONTEXT(2) 
PARAMETRIC_REPRESENTATION_CONTEXT() REPRESENTATION_CONTEXT('2D SPACE',''
  ) );
#1107 = PCURVE('',#308,#1108);
#1108 = DEFINITIONAL_REPRESENTATION('',(#1109),#1113);
#1109 = LINE('',#1110,#1111);
#1110 = CARTESIAN_POINT('',(0.,-5.));
#1111 = VECTOR('',#1112,1.);
#1112 = DIRECTION('',(1.,0.));
#1113 = ( GEOMETRIC_REPRESENTATION_CONTEXT(2) 
PARAMETRIC_REPRESENTATION_CONTEXT() REPRESENTATION_CONTEXT('2D SPACE',''
  ) );
#1114 = ORIENTED_EDGE('',*,*,#1115,.F.);
#1115 = EDGE_CURVE('',#1116,#1093,#1118,.T.);
#1116 = VERTEX_POINT('',#1117);
#1117 = CARTESIAN_POINT('',(146.,75.953846153846,-164.));
#1118 = SURFACE_CURVE('',#1119,(#1123,#1129),.PCURVE_S1.);
#1119 = LINE('',#1120,#1121);
#1120 = CARTESIAN_POINT('',(146.,66.781927359623,-164.));
#1121 = VECTOR('',#1122,1.);
#1122 = DIRECTION('',(0.,1.,0.));
#1123 = PCURVE('',#336,#1124);
#1124 = DEFINITIONAL_REPRESENTATION('',(#1125),#1128);
#1125 = B_SPLINE_CURVE_WITH_KNOTS('',1,(#1126,#1127),.UNSPECIFIED.,.F.,
  .F.,(2,2),(8.218072640377,22.218072640377),.PIECEWISE_BEZIER_KNOTS.);
#1126 = CARTESIAN_POINT('',(89.447147626644,-16.43614528075));
#1127 = CARTESIAN_POINT('',(89.447147626644,-30.43614528075));
#1128 = ( GEOMETRIC_REPRESENTATION_CONTEXT(2) 
PARAMETRIC_REPRESENTATION_CONTEXT() REPRESENTATION_CONTEXT('2D SPACE',''
  ) );
#1129 = PCURVE('',#1130,#1135);
#1130 = PLANE('',#1131);
#1131 = AXIS2_PLACEMENT_3D('',#1132,#1133,#1134);
#1132 = CARTESIAN_POINT('',(134.,75.,-164.));
#1133 = DIRECTION('',(0.,0.,1.));
#1134 = DIRECTION('',(1.,0.,0.));
#1135 = DEFINITIONAL_REPRESENTATION('',(#1136),#1139);
#1136 = B_SPLINE_CURVE_WITH_KNOTS('',1,(#1137,#1138),.UNSPECIFIED.,.F.,
  .F.,(2,2),(8.218072640377,22.218072640377),.PIECEWISE_BEZIER_KNOTS.);
#1137 = CARTESIAN_POINT('',(12.,0.));
#1138 = CARTESIAN_POINT('',(12.,14.));
#1139 = ( GEOMETRIC_REPRESENTATION_CONTEXT(2) 
PARAMETRIC_REPRESENTATION_CONTEXT() REPRESENTATION_CONTEXT('2D SPACE',''
  ) );
#1140 = ORIENTED_EDGE('',*,*,#1141,.T.);
#1141 = EDGE_CURVE('',#1116,#1142,#1144,.T.);
#1142 = VERTEX_POINT('',#1143);
#1143 = CARTESIAN_POINT('',(146.,9.,-100.));
#1144 = SURFACE_CURVE('',#1145,(#1149,#1156),.PCURVE_S1.);
#1145 = LINE('',#1146,#1147);
#1146 = CARTESIAN_POINT('',(146.,77.,-165.));
#1147 = VECTOR('',#1148,1.);
#1148 = DIRECTION('',(0.,-0.722872686114,0.69098124408));
#1149 = PCURVE('',#336,#1150);
#1150 = DEFINITIONAL_REPRESENTATION('',(#1151),#1155);
#1151 = LINE('',#1152,#1153);
#1152 = CARTESIAN_POINT('',(90.447147626644,-18.43614528075));
#1153 = VECTOR('',#1154,1.);
#1154 = DIRECTION('',(-0.69098124408,0.722872686114));
#1155 = ( GEOMETRIC_REPRESENTATION_CONTEXT(2) 
PARAMETRIC_REPRESENTATION_CONTEXT() REPRESENTATION_CONTEXT('2D SPACE',''
  ) );
#1156 = PCURVE('',#1157,#1162);
#1157 = PLANE('',#1158);
#1158 = AXIS2_PLACEMENT_3D('',#1159,#1160,#1161);
#1159 = CARTESIAN_POINT('',(141.,77.,-165.));
#1160 = DIRECTION('',(0.,-0.69098124408,-0.722872686114));
#1161 = DIRECTION('',(0.,-0.722872686114,0.69098124408));
#1162 = DEFINITIONAL_REPRESENTATION('',(#1163),#1167);
#1163 = LINE('',#1164,#1165);
#1164 = CARTESIAN_POINT('',(0.,-5.));
#1165 = VECTOR('',#1166,1.);
#1166 = DIRECTION('',(1.,0.));
#1167 = ( GEOMETRIC_REPRESENTATION_CONTEXT(2) 
PARAMETRIC_REPRESENTATION_CONTEXT() REPRESENTATION_CONTEXT('2D SPACE',''
  ) );
#1168 = ORIENTED_EDGE('',*,*,#1169,.T.);
#1169 = EDGE_CURVE('',#1142,#1170,#1172,.T.);
#1170 = VERTEX_POINT('',#1171);
#1171 = CARTESIAN_POINT('',(146.,9.,-97.));
#1172 = SURFACE_CURVE('',#1173,(#1177,#1184),.PCURVE_S1.);
#1173 = LINE('',#1174,#1175);
#1174 = CARTESIAN_POINT('',(146.,9.,-100.));
#1175 = VECTOR('',#1176,1.);
#1176 = DIRECTION('',(0.,0.,1.));
#1177 = PCURVE('',#336,#1178);
#1178 = DEFINITIONAL_REPRESENTATION('',(#1179),#1183);
#1179 = LINE('',#1180,#1181);
#1180 = CARTESIAN_POINT('',(25.447147626644,49.563854719247));
#1181 = VECTOR('',#1182,1.);
#1182 = DIRECTION('',(-1.,0.));
#1183 = ( GEOMETRIC_REPRESENTATION_CONTEXT(2) 
PARAMETRIC_REPRESENTATION_CONTEXT() REPRESENTATION_CONTEXT('2D SPACE',''
  ) );
#1184 = PCURVE('',#1185,#1190);
#1185 = PLANE('',#1186);
#1186 = AXIS2_PLACEMENT_3D('',#1187,#1188,#1189);
#1187 = CARTESIAN_POINT('',(141.,9.,-100.));
#1188 = DIRECTION('',(0.,-1.,0.));
#1189 = DIRECTION('',(0.,0.,1.));
#1190 = DEFINITIONAL_REPRESENTATION('',(#1191),#1195);
#1191 = LINE('',#1192,#1193);
#1192 = CARTESIAN_POINT('',(0.,-5.));
#1193 = VECTOR('',#1194,1.);
#1194 = DIRECTION('',(1.,0.));
#1195 = ( GEOMETRIC_REPRESENTATION_CONTEXT(2) 
PARAMETRIC_REPRESENTATION_CONTEXT() REPRESENTATION_CONTEXT('2D SPACE',''
  ) );
#1196 = ORIENTED_EDGE('',*,*,#1197,.T.);
#1197 = EDGE_CURVE('',#1170,#1198,#1200,.T.);
#1198 = VERTEX_POINT('',#1199);
#1199 = CARTESIAN_POINT('',(146.,15.5,-97.));
#1200 = SURFACE_CURVE('',#1201,(#1205,#1211),.PCURVE_S1.);
#1201 = LINE('',#1202,#1203);
#1202 = CARTESIAN_POINT('',(146.,31.531927359623,-97.));
#1203 = VECTOR('',#1204,1.);
#1204 = DIRECTION('',(0.,1.,0.));
#1205 = PCURVE('',#336,#1206);
#1206 = DEFINITIONAL_REPRESENTATION('',(#1207),#1210);
#1207 = B_SPLINE_CURVE_WITH_KNOTS('',1,(#1208,#1209),.UNSPECIFIED.,.F.,
  .F.,(2,2),(-22.53192735962,-16.03192735962),.PIECEWISE_BEZIER_KNOTS.);
#1208 = CARTESIAN_POINT('',(22.447147626644,49.563854719247));
#1209 = CARTESIAN_POINT('',(22.447147626644,43.063854719247));
#1210 = ( GEOMETRIC_REPRESENTATION_CONTEXT(2) 
PARAMETRIC_REPRESENTATION_CONTEXT() REPRESENTATION_CONTEXT('2D SPACE',''
  ) );
#1211 = PCURVE('',#1212,#1217);
#1212 = PLANE('',#1213);
#1213 = AXIS2_PLACEMENT_3D('',#1214,#1215,#1216);
#1214 = CARTESIAN_POINT('',(130.,4.5,-97.));
#1215 = DIRECTION('',(0.,0.,1.));
#1216 = DIRECTION('',(1.,0.,0.));
#1217 = DEFINITIONAL_REPRESENTATION('',(#1218),#1221);
#1218 = B_SPLINE_CURVE_WITH_KNOTS('',1,(#1219,#1220),.UNSPECIFIED.,.F.,
  .F.,(2,2),(-22.53192735962,-16.03192735962),.PIECEWISE_BEZIER_KNOTS.);
#1219 = CARTESIAN_POINT('',(16.,4.5));
#1220 = CARTESIAN_POINT('',(16.,11.));
#1221 = ( GEOMETRIC_REPRESENTATION_CONTEXT(2) 
PARAMETRIC_REPRESENTATION_CONTEXT() REPRESENTATION_CONTEXT('2D SPACE',''
  ) );
#1222 = ORIENTED_EDGE('',*,*,#1223,.F.);
#1223 = EDGE_CURVE('',#1224,#1198,#1226,.T.);
#1224 = VERTEX_POINT('',#1225);
#1225 = CARTESIAN_POINT('',(146.,15.5,-81.));
#1226 = SURFACE_CURVE('',#1227,(#1231,#1237),.PCURVE_S1.);
#1227 = LINE('',#1228,#1229);
#1228 = CARTESIAN_POINT('',(146.,15.5,-85.77642618667));
#1229 = VECTOR('',#1230,1.);
#1230 = DIRECTION('',(0.,0.,-1.));
#1231 = PCURVE('',#336,#1232);
#1232 = DEFINITIONAL_REPRESENTATION('',(#1233),#1236);
#1233 = B_SPLINE_CURVE_WITH_KNOTS('',1,(#1234,#1235),.UNSPECIFIED.,.F.,
  .F.,(2,2),(-46.77642618667,11.223573813322),.PIECEWISE_BEZIER_KNOTS.);
#1234 = CARTESIAN_POINT('',(-35.55285237335,43.063854719247));
#1235 = CARTESIAN_POINT('',(22.447147626644,43.063854719247));
#1236 = ( GEOMETRIC_REPRESENTATION_CONTEXT(2) 
PARAMETRIC_REPRESENTATION_CONTEXT() REPRESENTATION_CONTEXT('2D SPACE',''
  ) );
#1237 = PCURVE('',#1238,#1243);
#1238 = PLANE('',#1239);
#1239 = AXIS2_PLACEMENT_3D('',#1240,#1241,#1242);
#1240 = CARTESIAN_POINT('',(130.,15.5,-97.));
#1241 = DIRECTION('',(0.,1.,0.));
#1242 = DIRECTION('',(0.,0.,1.));
#1243 = DEFINITIONAL_REPRESENTATION('',(#1244),#1247);
#1244 = B_SPLINE_CURVE_WITH_KNOTS('',1,(#1245,#1246),.UNSPECIFIED.,.F.,
  .F.,(2,2),(-46.77642618667,11.223573813322),.PIECEWISE_BEZIER_KNOTS.);
#1245 = CARTESIAN_POINT('',(58.,16.));
#1246 = CARTESIAN_POINT('',(0.,16.));
#1247 = ( GEOMETRIC_REPRESENTATION_CONTEXT(2) 
PARAMETRIC_REPRESENTATION_CONTEXT() REPRESENTATION_CONTEXT('2D SPACE',''
  ) );
#1248 = ORIENTED_EDGE('',*,*,#1249,.F.);
#1249 = EDGE_CURVE('',#1250,#1224,#1252,.T.);
#1250 = VERTEX_POINT('',#1251);
#1251 = CARTESIAN_POINT('',(146.,9.,-81.));
#1252 = SURFACE_CURVE('',#1253,(#1257,#1263),.PCURVE_S1.);
#1253 = LINE('',#1254,#1255);
#1254 = CARTESIAN_POINT('',(146.,30.281927359623,-81.));
#1255 = VECTOR('',#1256,1.);
#1256 = DIRECTION('',(0.,1.,0.));
#1257 = PCURVE('',#336,#1258);
#1258 = DEFINITIONAL_REPRESENTATION('',(#1259),#1262);
#1259 = B_SPLINE_CURVE_WITH_KNOTS('',1,(#1260,#1261),.UNSPECIFIED.,.F.,
  .F.,(2,2),(-21.28192735962,-14.78192735962),.PIECEWISE_BEZIER_KNOTS.);
#1260 = CARTESIAN_POINT('',(6.447147626644,49.563854719247));
#1261 = CARTESIAN_POINT('',(6.447147626644,43.063854719247));
#1262 = ( GEOMETRIC_REPRESENTATION_CONTEXT(2) 
PARAMETRIC_REPRESENTATION_CONTEXT() REPRESENTATION_CONTEXT('2D SPACE',''
  ) );
#1263 = PCURVE('',#1264,#1269);
#1264 = PLANE('',#1265);
#1265 = AXIS2_PLACEMENT_3D('',#1266,#1267,#1268);
#1266 = CARTESIAN_POINT('',(137.,2.,-81.));
#1267 = DIRECTION('',(0.,0.,1.));
#1268 = DIRECTION('',(1.,0.,0.));
#1269 = DEFINITIONAL_REPRESENTATION('',(#1270),#1273);
#1270 = B_SPLINE_CURVE_WITH_KNOTS('',1,(#1271,#1272),.UNSPECIFIED.,.F.,
  .F.,(2,2),(-21.28192735962,-14.78192735962),.PIECEWISE_BEZIER_KNOTS.);
#1271 = CARTESIAN_POINT('',(9.,7.));
#1272 = CARTESIAN_POINT('',(9.,13.5));
#1273 = ( GEOMETRIC_REPRESENTATION_CONTEXT(2) 
PARAMETRIC_REPRESENTATION_CONTEXT() REPRESENTATION_CONTEXT('2D SPACE',''
  ) );
#1274 = ORIENTED_EDGE('',*,*,#1275,.T.);
#1275 = EDGE_CURVE('',#1250,#1276,#1278,.T.);
#1276 = VERTEX_POINT('',#1277);
#1277 = CARTESIAN_POINT('',(146.,9.,-55.));
#1278 = SURFACE_CURVE('',#1279,(#1283,#1290),.PCURVE_S1.);
#1279 = LINE('',#1280,#1281);
#1280 = CARTESIAN_POINT('',(146.,9.,-100.));
#1281 = VECTOR('',#1282,1.);
#1282 = DIRECTION('',(0.,0.,1.));
#1283 = PCURVE('',#336,#1284);
#1284 = DEFINITIONAL_REPRESENTATION('',(#1285),#1289);
#1285 = LINE('',#1286,#1287);
#1286 = CARTESIAN_POINT('',(25.447147626644,49.563854719247));
#1287 = VECTOR('',#1288,1.);
#1288 = DIRECTION('',(-1.,0.));
#1289 = ( GEOMETRIC_REPRESENTATION_CONTEXT(2) 
PARAMETRIC_REPRESENTATION_CONTEXT() REPRESENTATION_CONTEXT('2D SPACE',''
  ) );
#1290 = PCURVE('',#1291,#1296);
#1291 = PLANE('',#1292);
#1292 = AXIS2_PLACEMENT_3D('',#1293,#1294,#1295);
#1293 = CARTESIAN_POINT('',(141.,9.,-100.));
#1294 = DIRECTION('',(0.,-1.,0.));
#1295 = DIRECTION('',(0.,0.,1.));
#1296 = DEFINITIONAL_REPRESENTATION('',(#1297),#1301);
#1297 = LINE('',#1298,#1299);
#1298 = CARTESIAN_POINT('',(0.,-5.));
#1299 = VECTOR('',#1300,1.);
#1300 = DIRECTION('',(1.,0.));
#1301 = ( GEOMETRIC_REPRESENTATION_CONTEXT(2) 
PARAMETRIC_REPRESENTATION_CONTEXT() REPRESENTATION_CONTEXT('2D SPACE',''
  ) );
#1302 = ORIENTED_EDGE('',*,*,#1303,.T.);
#1303 = EDGE_CURVE('',#1276,#1304,#1306,.T.);
#1304 = VERTEX_POINT('',#1305);
#1305 = CARTESIAN_POINT('',(146.,15.5,-55.));
#1306 = SURFACE_CURVE('',#1307,(#1311,#1317),.PCURVE_S1.);
#1307 = LINE('',#1308,#1309);
#1308 = CARTESIAN_POINT('',(146.,30.281927359623,-55.));
#1309 = VECTOR('',#1310,1.);
#1310 = DIRECTION('',(0.,1.,0.));
#1311 = PCURVE('',#336,#1312);
#1312 = DEFINITIONAL_REPRESENTATION('',(#1313),#1316);
#1313 = B_SPLINE_CURVE_WITH_KNOTS('',1,(#1314,#1315),.UNSPECIFIED.,.F.,
  .F.,(2,2),(-21.28192735962,-14.78192735962),.PIECEWISE_BEZIER_KNOTS.);
#1314 = CARTESIAN_POINT('',(-19.55285237335,49.563854719247));
#1315 = CARTESIAN_POINT('',(-19.55285237335,43.063854719247));
#1316 = ( GEOMETRIC_REPRESENTATION_CONTEXT(2) 
PARAMETRIC_REPRESENTATION_CONTEXT() REPRESENTATION_CONTEXT('2D SPACE',''
  ) );
#1317 = PCURVE('',#1318,#1323);
#1318 = PLANE('',#1319);
#1319 = AXIS2_PLACEMENT_3D('',#1320,#1321,#1322);
#1320 = CARTESIAN_POINT('',(137.,2.,-55.));
#1321 = DIRECTION('',(0.,0.,1.));
#1322 = DIRECTION('',(1.,0.,0.));
#1323 = DEFINITIONAL_REPRESENTATION('',(#1324),#1327);
#1324 = B_SPLINE_CURVE_WITH_KNOTS('',1,(#1325,#1326),.UNSPECIFIED.,.F.,
  .F.,(2,2),(-21.28192735962,-14.78192735962),.PIECEWISE_BEZIER_KNOTS.);
#1325 = CARTESIAN_POINT('',(9.,7.));
#1326 = CARTESIAN_POINT('',(9.,13.5));
#1327 = ( GEOMETRIC_REPRESENTATION_CONTEXT(2) 
PARAMETRIC_REPRESENTATION_CONTEXT() REPRESENTATION_CONTEXT('2D SPACE',''
  ) );
#1328 = ORIENTED_EDGE('',*,*,#1329,.F.);
#1329 = EDGE_CURVE('',#1330,#1304,#1332,.T.);
#1330 = VERTEX_POINT('',#1331);
#1331 = CARTESIAN_POINT('',(146.,15.5,-39.));
#1332 = SURFACE_CURVE('',#1333,(#1337,#1343),.PCURVE_S1.);
#1333 = LINE('',#1334,#1335);
#1334 = CARTESIAN_POINT('',(146.,15.5,-85.77642618667));
#1335 = VECTOR('',#1336,1.);
#1336 = DIRECTION('',(0.,0.,-1.));
#1337 = PCURVE('',#336,#1338);
#1338 = DEFINITIONAL_REPRESENTATION('',(#1339),#1342);
#1339 = B_SPLINE_CURVE_WITH_KNOTS('',1,(#1340,#1341),.UNSPECIFIED.,.F.,
  .F.,(2,2),(-46.77642618667,11.223573813322),.PIECEWISE_BEZIER_KNOTS.);
#1340 = CARTESIAN_POINT('',(-35.55285237335,43.063854719247));
#1341 = CARTESIAN_POINT('',(22.447147626644,43.063854719247));
#1342 = ( GEOMETRIC_REPRESENTATION_CONTEXT(2) 
PARAMETRIC_REPRESENTATION_CONTEXT() REPRESENTATION_CONTEXT('2D SPACE',''
  ) );
#1343 = PCURVE('',#1238,#1344);
#1344 = DEFINITIONAL_REPRESENTATION('',(#1345),#1348);
#1345 = B_SPLINE_CURVE_WITH_KNOTS('',1,(#1346,#1347),.UNSPECIFIED.,.F.,
  .F.,(2,2),(-46.77642618667,11.223573813322),.PIECEWISE_BEZIER_KNOTS.);
#1346 = CARTESIAN_POINT('',(58.,16.));
#1347 = CARTESIAN_POINT('',(0.,16.));
#1348 = ( GEOMETRIC_REPRESENTATION_CONTEXT(2) 
PARAMETRIC_REPRESENTATION_CONTEXT() REPRESENTATION_CONTEXT('2D SPACE',''
  ) );
#1349 = ORIENTED_EDGE('',*,*,#1350,.F.);
#1350 = EDGE_CURVE('',#1351,#1330,#1353,.T.);
#1351 = VERTEX_POINT('',#1352);
#1352 = CARTESIAN_POINT('',(146.,9.,-39.));
#1353 = SURFACE_CURVE('',#1354,(#1358,#1364),.PCURVE_S1.);
#1354 = LINE('',#1355,#1356);
#1355 = CARTESIAN_POINT('',(146.,31.531927359623,-39.));
#1356 = VECTOR('',#1357,1.);
#1357 = DIRECTION('',(0.,1.,0.));
#1358 = PCURVE('',#336,#1359);
#1359 = DEFINITIONAL_REPRESENTATION('',(#1360),#1363);
#1360 = B_SPLINE_CURVE_WITH_KNOTS('',1,(#1361,#1362),.UNSPECIFIED.,.F.,
  .F.,(2,2),(-22.53192735962,-16.03192735962),.PIECEWISE_BEZIER_KNOTS.);
#1361 = CARTESIAN_POINT('',(-35.55285237335,49.563854719247));
#1362 = CARTESIAN_POINT('',(-35.55285237335,43.063854719247));
#1363 = ( GEOMETRIC_REPRESENTATION_CONTEXT(2) 
PARAMETRIC_REPRESENTATION_CONTEXT() REPRESENTATION_CONTEXT('2D SPACE',''
  ) );
#1364 = PCURVE('',#1365,#1370);
#1365 = PLANE('',#1366);
#1366 = AXIS2_PLACEMENT_3D('',#1367,#1368,#1369);
#1367 = CARTESIAN_POINT('',(130.,4.5,-39.));
#1368 = DIRECTION('',(0.,0.,1.));
#1369 = DIRECTION('',(1.,0.,0.));
#1370 = DEFINITIONAL_REPRESENTATION('',(#1371),#1374);
#1371 = B_SPLINE_CURVE_WITH_KNOTS('',1,(#1372,#1373),.UNSPECIFIED.,.F.,
  .F.,(2,2),(-22.53192735962,-16.03192735962),.PIECEWISE_BEZIER_KNOTS.);
#1372 = CARTESIAN_POINT('',(16.,4.5));
#1373 = CARTESIAN_POINT('',(16.,11.));
#1374 = ( GEOMETRIC_REPRESENTATION_CONTEXT(2) 
PARAMETRIC_REPRESENTATION_CONTEXT() REPRESENTATION_CONTEXT('2D SPACE',''
  ) );
#1375 = ORIENTED_EDGE('',*,*,#1376,.T.);
#1376 = EDGE_CURVE('',#1351,#1377,#1379,.T.);
#1377 = VERTEX_POINT('',#1378);
#1378 = CARTESIAN_POINT('',(146.,9.,-37.));
#1379 = SURFACE_CURVE('',#1380,(#1384,#1391),.PCURVE_S1.);
#1380 = LINE('',#1381,#1382);
#1381 = CARTESIAN_POINT('',(146.,9.,-100.));
#1382 = VECTOR('',#1383,1.);
#1383 = DIRECTION('',(0.,0.,1.));
#1384 = PCURVE('',#336,#1385);
#1385 = DEFINITIONAL_REPRESENTATION('',(#1386),#1390);
#1386 = LINE('',#1387,#1388);
#1387 = CARTESIAN_POINT('',(25.447147626644,49.563854719247));
#1388 = VECTOR('',#1389,1.);
#1389 = DIRECTION('',(-1.,0.));
#1390 = ( GEOMETRIC_REPRESENTATION_CONTEXT(2) 
PARAMETRIC_REPRESENTATION_CONTEXT() REPRESENTATION_CONTEXT('2D SPACE',''
  ) );
#1391 = PCURVE('',#1392,#1397);
#1392 = PLANE('',#1393);
#1393 = AXIS2_PLACEMENT_3D('',#1394,#1395,#1396);
#1394 = CARTESIAN_POINT('',(141.,9.,-100.));
#1395 = DIRECTION('',(0.,-1.,0.));
#1396 = DIRECTION('',(0.,0.,1.));
#1397 = DEFINITIONAL_REPRESENTATION('',(#1398),#1402);
#1398 = LINE('',#1399,#1400);
#1399 = CARTESIAN_POINT('',(0.,-5.));
#1400 = VECTOR('',#1401,1.);
#1401 = DIRECTION('',(1.,0.));
#1402 = ( GEOMETRIC_REPRESENTATION_CONTEXT(2) 
PARAMETRIC_REPRESENTATION_CONTEXT() REPRESENTATION_CONTEXT('2D SPACE',''
  ) );
#1403 = ORIENTED_EDGE('',*,*,#1404,.T.);
#1404 = EDGE_CURVE('',#1377,#758,#1405,.T.);
#1405 = SURFACE_CURVE('',#1406,(#1410,#1417),.PCURVE_S1.);
#1406 = LINE('',#1407,#1408);
#1407 = CARTESIAN_POINT('',(146.,9.,-37.));
#1408 = VECTOR('',#1409,1.);
#1409 = DIRECTION('',(0.,0.77962036012,0.626252420424));
#1410 = PCURVE('',#336,#1411);
#1411 = DEFINITIONAL_REPRESENTATION('',(#1412),#1416);
#1412 = LINE('',#1413,#1414);
#1413 = CARTESIAN_POINT('',(-37.55285237335,49.563854719247));
#1414 = VECTOR('',#1415,1.);
#1415 = DIRECTION('',(-0.626252420424,-0.77962036012));
#1416 = ( GEOMETRIC_REPRESENTATION_CONTEXT(2) 
PARAMETRIC_REPRESENTATION_CONTEXT() REPRESENTATION_CONTEXT('2D SPACE',''
  ) );
#1417 = PCURVE('',#795,#1418);
#1418 = DEFINITIONAL_REPRESENTATION('',(#1419),#1423);
#1419 = LINE('',#1420,#1421);
#1420 = CARTESIAN_POINT('',(0.,-5.));
#1421 = VECTOR('',#1422,1.);
#1422 = DIRECTION('',(1.,0.));
#1423 = ( GEOMETRIC_REPRESENTATION_CONTEXT(2) 
PARAMETRIC_REPRESENTATION_CONTEXT() REPRESENTATION_CONTEXT('2D SPACE',''
  ) );
#1424 = ORIENTED_EDGE('',*,*,#757,.T.);
#1425 = ORIENTED_EDGE('',*,*,#1426,.F.);
#1426 = EDGE_CURVE('',#1427,#760,#1429,.T.);
#1427 = VERTEX_POINT('',#1428);
#1428 = CARTESIAN_POINT('',(146.,18.,-43.));
#1429 = SURFACE_CURVE('',#1430,(#1434,#1440),.PCURVE_S1.);
#1430 = LINE('',#1431,#1432);
#1431 = CARTESIAN_POINT('',(146.,23.340910437008,-38.97089212646));
#1432 = VECTOR('',#1433,1.);
#1433 = DIRECTION('',(-0.,0.798316195833,0.602238533698));
#1434 = PCURVE('',#336,#1435);
#1435 = DEFINITIONAL_REPRESENTATION('',(#1436),#1439);
#1436 = B_SPLINE_CURVE_WITH_KNOTS('',1,(#1437,#1438),.UNSPECIFIED.,.F.,
  .F.,(2,2),(-6.690219320225,64.710060791271),.PIECEWISE_BEZIER_KNOTS.);
#1437 = CARTESIAN_POINT('',(-31.55285237335,40.563854719247));
#1438 = CARTESIAN_POINT('',(-74.55285237335,-16.43614528075));
#1439 = ( GEOMETRIC_REPRESENTATION_CONTEXT(2) 
PARAMETRIC_REPRESENTATION_CONTEXT() REPRESENTATION_CONTEXT('2D SPACE',''
  ) );
#1440 = PCURVE('',#840,#1441);
#1441 = DEFINITIONAL_REPRESENTATION('',(#1442),#1445);
#1442 = B_SPLINE_CURVE_WITH_KNOTS('',1,(#1443,#1444),.UNSPECIFIED.,.F.,
  .F.,(2,2),(-6.690219320225,64.710060791271),.PIECEWISE_BEZIER_KNOTS.);
#1443 = CARTESIAN_POINT('',(0.,-7.));
#1444 = CARTESIAN_POINT('',(71.400280111495,-7.));
#1445 = ( GEOMETRIC_REPRESENTATION_CONTEXT(2) 
PARAMETRIC_REPRESENTATION_CONTEXT() REPRESENTATION_CONTEXT('2D SPACE',''
  ) );
#1446 = ORIENTED_EDGE('',*,*,#1447,.F.);
#1447 = EDGE_CURVE('',#1448,#1427,#1450,.T.);
#1448 = VERTEX_POINT('',#1449);
#1449 = CARTESIAN_POINT('',(146.,18.,-83.));
#1450 = SURFACE_CURVE('',#1451,(#1455,#1461),.PCURVE_S1.);
#1451 = LINE('',#1452,#1453);
#1452 = CARTESIAN_POINT('',(146.,18.,-82.27642618667));
#1453 = VECTOR('',#1454,1.);
#1454 = DIRECTION('',(-0.,0.,1.));
#1455 = PCURVE('',#336,#1456);
#1456 = DEFINITIONAL_REPRESENTATION('',(#1457),#1460);
#1457 = B_SPLINE_CURVE_WITH_KNOTS('',1,(#1458,#1459),.UNSPECIFIED.,.F.,
  .F.,(2,2),(-7.723573813322,39.276426186678),.PIECEWISE_BEZIER_KNOTS.);
#1458 = CARTESIAN_POINT('',(15.447147626644,40.563854719247));
#1459 = CARTESIAN_POINT('',(-31.55285237335,40.563854719247));
#1460 = ( GEOMETRIC_REPRESENTATION_CONTEXT(2) 
PARAMETRIC_REPRESENTATION_CONTEXT() REPRESENTATION_CONTEXT('2D SPACE',''
  ) );
#1461 = PCURVE('',#1462,#1467);
#1462 = PLANE('',#1463);
#1463 = AXIS2_PLACEMENT_3D('',#1464,#1465,#1466);
#1464 = CARTESIAN_POINT('',(139.,18.,-90.));
#1465 = DIRECTION('',(0.,-1.,0.));
#1466 = DIRECTION('',(0.,0.,1.));
#1467 = DEFINITIONAL_REPRESENTATION('',(#1468),#1471);
#1468 = B_SPLINE_CURVE_WITH_KNOTS('',1,(#1469,#1470),.UNSPECIFIED.,.F.,
  .F.,(2,2),(-7.723573813322,39.276426186678),.PIECEWISE_BEZIER_KNOTS.);
#1469 = CARTESIAN_POINT('',(0.,-7.));
#1470 = CARTESIAN_POINT('',(47.,-7.));
#1471 = ( GEOMETRIC_REPRESENTATION_CONTEXT(2) 
PARAMETRIC_REPRESENTATION_CONTEXT() REPRESENTATION_CONTEXT('2D SPACE',''
  ) );
#1472 = ORIENTED_EDGE('',*,*,#1473,.F.);
#1473 = EDGE_CURVE('',#1474,#1448,#1476,.T.);
#1474 = VERTEX_POINT('',#1475);
#1475 = CARTESIAN_POINT('',(146.,18.,-90.));
#1476 = SURFACE_CURVE('',#1477,(#1481,#1487),.PCURVE_S1.);
#1477 = LINE('',#1478,#1479);
#1478 = CARTESIAN_POINT('',(146.,18.,-82.27642618667));
#1479 = VECTOR('',#1480,1.);
#1480 = DIRECTION('',(-0.,0.,1.));
#1481 = PCURVE('',#336,#1482);
#1482 = DEFINITIONAL_REPRESENTATION('',(#1483),#1486);
#1483 = B_SPLINE_CURVE_WITH_KNOTS('',1,(#1484,#1485),.UNSPECIFIED.,.F.,
  .F.,(2,2),(-7.723573813322,39.276426186678),.PIECEWISE_BEZIER_KNOTS.);
#1484 = CARTESIAN_POINT('',(15.447147626644,40.563854719247));
#1485 = CARTESIAN_POINT('',(-31.55285237335,40.563854719247));
#1486 = ( GEOMETRIC_REPRESENTATION_CONTEXT(2) 
PARAMETRIC_REPRESENTATION_CONTEXT() REPRESENTATION_CONTEXT('2D SPACE',''
  ) );
#1487 = PCURVE('',#1488,#1493);
#1488 = PLANE('',#1489);
#1489 = AXIS2_PLACEMENT_3D('',#1490,#1491,#1492);
#1490 = CARTESIAN_POINT('',(139.,18.,-90.));
#1491 = DIRECTION('',(0.,-1.,0.));
#1492 = DIRECTION('',(0.,0.,1.));
#1493 = DEFINITIONAL_REPRESENTATION('',(#1494),#1497);
#1494 = B_SPLINE_CURVE_WITH_KNOTS('',1,(#1495,#1496),.UNSPECIFIED.,.F.,
  .F.,(2,2),(-7.723573813322,39.276426186678),.PIECEWISE_BEZIER_KNOTS.);
#1495 = CARTESIAN_POINT('',(0.,-7.));
#1496 = CARTESIAN_POINT('',(47.,-7.));
#1497 = ( GEOMETRIC_REPRESENTATION_CONTEXT(2) 
PARAMETRIC_REPRESENTATION_CONTEXT() REPRESENTATION_CONTEXT('2D SPACE',''
  ) );
#1498 = ORIENTED_EDGE('',*,*,#1499,.F.);
#1499 = EDGE_CURVE('',#1500,#1474,#1502,.T.);
#1500 = VERTEX_POINT('',#1501);
#1501 = CARTESIAN_POINT('',(146.,81.,-153.));
#1502 = SURFACE_CURVE('',#1503,(#1507,#1513),.PCURVE_S1.);
#1503 = LINE('',#1504,#1505);
#1504 = CARTESIAN_POINT('',(146.,55.779176773151,-127.7791767731));
#1505 = VECTOR('',#1506,1.);
#1506 = DIRECTION('',(0.,-0.707106781187,0.707106781187));
#1507 = PCURVE('',#336,#1508);
#1508 = DEFINITIONAL_REPRESENTATION('',(#1509),#1512);
#1509 = B_SPLINE_CURVE_WITH_KNOTS('',1,(#1510,#1511),.UNSPECIFIED.,.F.,
  .F.,(2,2),(-35.66763026162,53.42782416788),.PIECEWISE_BEZIER_KNOTS.);
#1510 = CARTESIAN_POINT('',(78.447147626644,-22.43614528075));
#1511 = CARTESIAN_POINT('',(15.447147626644,40.563854719247));
#1512 = ( GEOMETRIC_REPRESENTATION_CONTEXT(2) 
PARAMETRIC_REPRESENTATION_CONTEXT() REPRESENTATION_CONTEXT('2D SPACE',''
  ) );
#1513 = PCURVE('',#1514,#1519);
#1514 = PLANE('',#1515);
#1515 = AXIS2_PLACEMENT_3D('',#1516,#1517,#1518);
#1516 = CARTESIAN_POINT('',(139.,81.,-153.));
#1517 = DIRECTION('',(0.,-0.707106781187,-0.707106781187));
#1518 = DIRECTION('',(0.,-0.707106781187,0.707106781187));
#1519 = DEFINITIONAL_REPRESENTATION('',(#1520),#1523);
#1520 = B_SPLINE_CURVE_WITH_KNOTS('',1,(#1521,#1522),.UNSPECIFIED.,.F.,
  .F.,(2,2),(-35.66763026162,53.42782416788),.PIECEWISE_BEZIER_KNOTS.);
#1521 = CARTESIAN_POINT('',(0.,-7.));
#1522 = CARTESIAN_POINT('',(89.095454429505,-7.));
#1523 = ( GEOMETRIC_REPRESENTATION_CONTEXT(2) 
PARAMETRIC_REPRESENTATION_CONTEXT() REPRESENTATION_CONTEXT('2D SPACE',''
  ) );
#1524 = ORIENTED_EDGE('',*,*,#1525,.F.);
#1525 = EDGE_CURVE('',#1526,#1500,#1528,.T.);
#1526 = VERTEX_POINT('',#1527);
#1527 = CARTESIAN_POINT('',(146.,81.,-18.));
#1528 = SURFACE_CURVE('',#1529,(#1533,#1539),.PCURVE_S1.);
#1529 = LINE('',#1530,#1531);
#1530 = CARTESIAN_POINT('',(146.,81.,-37.27642618667));
#1531 = VECTOR('',#1532,1.);
#1532 = DIRECTION('',(0.,0.,-1.));
#1533 = PCURVE('',#336,#1534);
#1534 = DEFINITIONAL_REPRESENTATION('',(#1535),#1538);
#1535 = B_SPLINE_CURVE_WITH_KNOTS('',1,(#1536,#1537),.UNSPECIFIED.,.F.,
  .F.,(2,2),(-37.27642618667,115.72357381332),.PIECEWISE_BEZIER_KNOTS.);
#1536 = CARTESIAN_POINT('',(-74.55285237335,-22.43614528075));
#1537 = CARTESIAN_POINT('',(78.447147626644,-22.43614528075));
#1538 = ( GEOMETRIC_REPRESENTATION_CONTEXT(2) 
PARAMETRIC_REPRESENTATION_CONTEXT() REPRESENTATION_CONTEXT('2D SPACE',''
  ) );
#1539 = PCURVE('',#1540,#1545);
#1540 = PLANE('',#1541);
#1541 = AXIS2_PLACEMENT_3D('',#1542,#1543,#1544);
#1542 = CARTESIAN_POINT('',(139.,81.,0.));
#1543 = DIRECTION('',(-0.,1.,0.));
#1544 = DIRECTION('',(0.,0.,-1.));
#1545 = DEFINITIONAL_REPRESENTATION('',(#1546),#1549);
#1546 = B_SPLINE_CURVE_WITH_KNOTS('',1,(#1547,#1548),.UNSPECIFIED.,.F.,
  .F.,(2,2),(-37.27642618667,115.72357381332),.PIECEWISE_BEZIER_KNOTS.);
#1547 = CARTESIAN_POINT('',(0.,-7.));
#1548 = CARTESIAN_POINT('',(153.,-7.));
#1549 = ( GEOMETRIC_REPRESENTATION_CONTEXT(2) 
PARAMETRIC_REPRESENTATION_CONTEXT() REPRESENTATION_CONTEXT('2D SPACE',''
  ) );
#1550 = ORIENTED_EDGE('',*,*,#1551,.T.);
#1551 = EDGE_CURVE('',#1526,#1552,#1554,.T.);
#1552 = VERTEX_POINT('',#1553);
#1553 = CARTESIAN_POINT('',(146.,82.387482193696,-18.));
#1554 = SURFACE_CURVE('',#1555,(#1559,#1565),.PCURVE_S1.);
#1555 = LINE('',#1556,#1557);
#1556 = CARTESIAN_POINT('',(146.,63.781927359623,-18.));
#1557 = VECTOR('',#1558,1.);
#1558 = DIRECTION('',(0.,1.,0.));
#1559 = PCURVE('',#336,#1560);
#1560 = DEFINITIONAL_REPRESENTATION('',(#1561),#1564);
#1561 = B_SPLINE_CURVE_WITH_KNOTS('',1,(#1562,#1563),.UNSPECIFIED.,.F.,
  .F.,(2,2),(5.218072640377,23.218072640377),.PIECEWISE_BEZIER_KNOTS.);
#1562 = CARTESIAN_POINT('',(-56.55285237335,-10.43614528075));
#1563 = CARTESIAN_POINT('',(-56.55285237335,-28.43614528075));
#1564 = ( GEOMETRIC_REPRESENTATION_CONTEXT(2) 
PARAMETRIC_REPRESENTATION_CONTEXT() REPRESENTATION_CONTEXT('2D SPACE',''
  ) );
#1565 = PCURVE('',#1566,#1571);
#1566 = PLANE('',#1567);
#1567 = AXIS2_PLACEMENT_3D('',#1568,#1569,#1570);
#1568 = CARTESIAN_POINT('',(145.,78.,-18.));
#1569 = DIRECTION('',(0.,0.,1.));
#1570 = DIRECTION('',(1.,0.,-0.));
#1571 = DEFINITIONAL_REPRESENTATION('',(#1572),#1576);
#1572 = LINE('',#1573,#1574);
#1573 = CARTESIAN_POINT('',(1.,-14.21807264037));
#1574 = VECTOR('',#1575,1.);
#1575 = DIRECTION('',(0.,1.));
#1576 = ( GEOMETRIC_REPRESENTATION_CONTEXT(2) 
PARAMETRIC_REPRESENTATION_CONTEXT() REPRESENTATION_CONTEXT('2D SPACE',''
  ) );
#1577 = ORIENTED_EDGE('',*,*,#1578,.T.);
#1578 = EDGE_CURVE('',#1552,#1046,#1579,.T.);
#1579 = SURFACE_CURVE('',#1580,(#1584,#1590),.PCURVE_S1.);
#1580 = LINE('',#1581,#1582);
#1581 = CARTESIAN_POINT('',(146.,63.781927359623,-18.));
#1582 = VECTOR('',#1583,1.);
#1583 = DIRECTION('',(0.,1.,0.));
#1584 = PCURVE('',#336,#1585);
#1585 = DEFINITIONAL_REPRESENTATION('',(#1586),#1589);
#1586 = B_SPLINE_CURVE_WITH_KNOTS('',1,(#1587,#1588),.UNSPECIFIED.,.F.,
  .F.,(2,2),(5.218072640377,23.218072640377),.PIECEWISE_BEZIER_KNOTS.);
#1587 = CARTESIAN_POINT('',(-56.55285237335,-10.43614528075));
#1588 = CARTESIAN_POINT('',(-56.55285237335,-28.43614528075));
#1589 = ( GEOMETRIC_REPRESENTATION_CONTEXT(2) 
PARAMETRIC_REPRESENTATION_CONTEXT() REPRESENTATION_CONTEXT('2D SPACE',''
  ) );
#1590 = PCURVE('',#704,#1591);
#1591 = DEFINITIONAL_REPRESENTATION('',(#1592),#1595);
#1592 = B_SPLINE_CURVE_WITH_KNOTS('',1,(#1593,#1594),.UNSPECIFIED.,.F.,
  .F.,(2,2),(5.218072640377,23.218072640377),.PIECEWISE_BEZIER_KNOTS.);
#1593 = CARTESIAN_POINT('',(10.,0.));
#1594 = CARTESIAN_POINT('',(10.,18.));
#1595 = ( GEOMETRIC_REPRESENTATION_CONTEXT(2) 
PARAMETRIC_REPRESENTATION_CONTEXT() REPRESENTATION_CONTEXT('2D SPACE',''
  ) );
#1596 = ORIENTED_EDGE('',*,*,#1068,.F.);
#1597 = ORIENTED_EDGE('',*,*,#320,.T.);
#1598 = ADVANCED_FACE('',(#1599),#308,.T.);
#1599 = FACE_BOUND('',#1600,.T.);
#1600 = EDGE_LOOP('',(#1601,#1624,#1625,#1626));
#1601 = ORIENTED_EDGE('',*,*,#1602,.F.);
#1602 = EDGE_CURVE('',#265,#1603,#1605,.T.);
#1603 = VERTEX_POINT('',#1604);
#1604 = CARTESIAN_POINT('',(141.,89.,-164.));
#1605 = SURFACE_CURVE('',#1606,(#1610,#1617),.PCURVE_S1.);
#1606 = LINE('',#1607,#1608);
#1607 = CARTESIAN_POINT('',(141.,89.,12.));
#1608 = VECTOR('',#1609,1.);
#1609 = DIRECTION('',(0.,0.,-1.));
#1610 = PCURVE('',#308,#1611);
#1611 = DEFINITIONAL_REPRESENTATION('',(#1612),#1616);
#1612 = LINE('',#1613,#1614);
#1613 = CARTESIAN_POINT('',(0.,0.));
#1614 = VECTOR('',#1615,1.);
#1615 = DIRECTION('',(1.,0.));
#1616 = ( GEOMETRIC_REPRESENTATION_CONTEXT(2) 
PARAMETRIC_REPRESENTATION_CONTEXT() REPRESENTATION_CONTEXT('2D SPACE',''
  ) );
#1617 = PCURVE('',#280,#1618);
#1618 = DEFINITIONAL_REPRESENTATION('',(#1619),#1623);
#1619 = LINE('',#1620,#1621);
#1620 = CARTESIAN_POINT('',(-86.55285237335,-30.43614528075));
#1621 = VECTOR('',#1622,1.);
#1622 = DIRECTION('',(1.,0.));
#1623 = ( GEOMETRIC_REPRESENTATION_CONTEXT(2) 
PARAMETRIC_REPRESENTATION_CONTEXT() REPRESENTATION_CONTEXT('2D SPACE',''
  ) );
#1624 = ORIENTED_EDGE('',*,*,#292,.T.);
#1625 = ORIENTED_EDGE('',*,*,#1092,.T.);
#1626 = ORIENTED_EDGE('',*,*,#1627,.F.);
#1627 = EDGE_CURVE('',#1603,#1093,#1628,.T.);
#1628 = SURFACE_CURVE('',#1629,(#1633,#1639),.PCURVE_S1.);
#1629 = LINE('',#1630,#1631);
#1630 = CARTESIAN_POINT('',(137.5,89.,-164.));
#1631 = VECTOR('',#1632,1.);
#1632 = DIRECTION('',(1.,0.,-0.));
#1633 = PCURVE('',#308,#1634);
#1634 = DEFINITIONAL_REPRESENTATION('',(#1635),#1638);
#1635 = B_SPLINE_CURVE_WITH_KNOTS('',1,(#1636,#1637),.UNSPECIFIED.,.F.,
  .F.,(2,2),(3.5,8.5),.PIECEWISE_BEZIER_KNOTS.);
#1636 = CARTESIAN_POINT('',(176.,0.));
#1637 = CARTESIAN_POINT('',(176.,-5.));
#1638 = ( GEOMETRIC_REPRESENTATION_CONTEXT(2) 
PARAMETRIC_REPRESENTATION_CONTEXT() REPRESENTATION_CONTEXT('2D SPACE',''
  ) );
#1639 = PCURVE('',#1130,#1640);
#1640 = DEFINITIONAL_REPRESENTATION('',(#1641),#1644);
#1641 = B_SPLINE_CURVE_WITH_KNOTS('',1,(#1642,#1643),.UNSPECIFIED.,.F.,
  .F.,(2,2),(3.5,8.5),.PIECEWISE_BEZIER_KNOTS.);
#1642 = CARTESIAN_POINT('',(7.,14.));
#1643 = CARTESIAN_POINT('',(12.,14.));
#1644 = ( GEOMETRIC_REPRESENTATION_CONTEXT(2) 
PARAMETRIC_REPRESENTATION_CONTEXT() REPRESENTATION_CONTEXT('2D SPACE',''
  ) );
#1645 = ADVANCED_FACE('',(#1646),#280,.T.);
#1646 = FACE_BOUND('',#1647,.T.);
#1647 = EDGE_LOOP('',(#1648,#1649,#1670,#1693,#1716,#1737,#1763,#1784,
    #1807,#1828,#1849,#1870,#1893,#1914,#1915,#1936,#1957,#1978,#1999,
    #2020,#2041,#2060));
#1648 = ORIENTED_EDGE('',*,*,#1602,.T.);
#1649 = ORIENTED_EDGE('',*,*,#1650,.F.);
#1650 = EDGE_CURVE('',#1651,#1603,#1653,.T.);
#1651 = VERTEX_POINT('',#1652);
#1652 = CARTESIAN_POINT('',(141.,75.953846153846,-164.));
#1653 = SURFACE_CURVE('',#1654,(#1658,#1664),.PCURVE_S1.);
#1654 = LINE('',#1655,#1656);
#1655 = CARTESIAN_POINT('',(141.,66.781927359623,-164.));
#1656 = VECTOR('',#1657,1.);
#1657 = DIRECTION('',(0.,1.,0.));
#1658 = PCURVE('',#280,#1659);
#1659 = DEFINITIONAL_REPRESENTATION('',(#1660),#1663);
#1660 = B_SPLINE_CURVE_WITH_KNOTS('',1,(#1661,#1662),.UNSPECIFIED.,.F.,
  .F.,(2,2),(8.218072640377,22.218072640377),.PIECEWISE_BEZIER_KNOTS.);
#1661 = CARTESIAN_POINT('',(89.447147626644,-16.43614528075));
#1662 = CARTESIAN_POINT('',(89.447147626644,-30.43614528075));
#1663 = ( GEOMETRIC_REPRESENTATION_CONTEXT(2) 
PARAMETRIC_REPRESENTATION_CONTEXT() REPRESENTATION_CONTEXT('2D SPACE',''
  ) );
#1664 = PCURVE('',#1130,#1665);
#1665 = DEFINITIONAL_REPRESENTATION('',(#1666),#1669);
#1666 = B_SPLINE_CURVE_WITH_KNOTS('',1,(#1667,#1668),.UNSPECIFIED.,.F.,
  .F.,(2,2),(8.218072640377,22.218072640377),.PIECEWISE_BEZIER_KNOTS.);
#1667 = CARTESIAN_POINT('',(7.,0.));
#1668 = CARTESIAN_POINT('',(7.,14.));
#1669 = ( GEOMETRIC_REPRESENTATION_CONTEXT(2) 
PARAMETRIC_REPRESENTATION_CONTEXT() REPRESENTATION_CONTEXT('2D SPACE',''
  ) );
#1670 = ORIENTED_EDGE('',*,*,#1671,.T.);
#1671 = EDGE_CURVE('',#1651,#1672,#1674,.T.);
#1672 = VERTEX_POINT('',#1673);
#1673 = CARTESIAN_POINT('',(141.,9.,-100.));
#1674 = SURFACE_CURVE('',#1675,(#1679,#1686),.PCURVE_S1.);
#1675 = LINE('',#1676,#1677);
#1676 = CARTESIAN_POINT('',(141.,77.,-165.));
#1677 = VECTOR('',#1678,1.);
#1678 = DIRECTION('',(0.,-0.722872686114,0.69098124408));
#1679 = PCURVE('',#280,#1680);
#1680 = DEFINITIONAL_REPRESENTATION('',(#1681),#1685);
#1681 = LINE('',#1682,#1683);
#1682 = CARTESIAN_POINT('',(90.447147626644,-18.43614528075));
#1683 = VECTOR('',#1684,1.);
#1684 = DIRECTION('',(-0.69098124408,0.722872686114));
#1685 = ( GEOMETRIC_REPRESENTATION_CONTEXT(2) 
PARAMETRIC_REPRESENTATION_CONTEXT() REPRESENTATION_CONTEXT('2D SPACE',''
  ) );
#1686 = PCURVE('',#1157,#1687);
#1687 = DEFINITIONAL_REPRESENTATION('',(#1688),#1692);
#1688 = LINE('',#1689,#1690);
#1689 = CARTESIAN_POINT('',(0.,0.));
#1690 = VECTOR('',#1691,1.);
#1691 = DIRECTION('',(1.,0.));
#1692 = ( GEOMETRIC_REPRESENTATION_CONTEXT(2) 
PARAMETRIC_REPRESENTATION_CONTEXT() REPRESENTATION_CONTEXT('2D SPACE',''
  ) );
#1693 = ORIENTED_EDGE('',*,*,#1694,.T.);
#1694 = EDGE_CURVE('',#1672,#1695,#1697,.T.);
#1695 = VERTEX_POINT('',#1696);
#1696 = CARTESIAN_POINT('',(141.,9.,-97.));
#1697 = SURFACE_CURVE('',#1698,(#1702,#1709),.PCURVE_S1.);
#1698 = LINE('',#1699,#1700);
#1699 = CARTESIAN_POINT('',(141.,9.,-100.));
#1700 = VECTOR('',#1701,1.);
#1701 = DIRECTION('',(0.,0.,1.));
#1702 = PCURVE('',#280,#1703);
#1703 = DEFINITIONAL_REPRESENTATION('',(#1704),#1708);
#1704 = LINE('',#1705,#1706);
#1705 = CARTESIAN_POINT('',(25.447147626644,49.563854719247));
#1706 = VECTOR('',#1707,1.);
#1707 = DIRECTION('',(-1.,0.));
#1708 = ( GEOMETRIC_REPRESENTATION_CONTEXT(2) 
PARAMETRIC_REPRESENTATION_CONTEXT() REPRESENTATION_CONTEXT('2D SPACE',''
  ) );
#1709 = PCURVE('',#1185,#1710);
#1710 = DEFINITIONAL_REPRESENTATION('',(#1711),#1715);
#1711 = LINE('',#1712,#1713);
#1712 = CARTESIAN_POINT('',(0.,0.));
#1713 = VECTOR('',#1714,1.);
#1714 = DIRECTION('',(1.,0.));
#1715 = ( GEOMETRIC_REPRESENTATION_CONTEXT(2) 
PARAMETRIC_REPRESENTATION_CONTEXT() REPRESENTATION_CONTEXT('2D SPACE',''
  ) );
#1716 = ORIENTED_EDGE('',*,*,#1717,.T.);
#1717 = EDGE_CURVE('',#1695,#1718,#1720,.T.);
#1718 = VERTEX_POINT('',#1719);
#1719 = CARTESIAN_POINT('',(141.,15.5,-97.));
#1720 = SURFACE_CURVE('',#1721,(#1725,#1731),.PCURVE_S1.);
#1721 = LINE('',#1722,#1723);
#1722 = CARTESIAN_POINT('',(141.,31.531927359623,-97.));
#1723 = VECTOR('',#1724,1.);
#1724 = DIRECTION('',(0.,1.,0.));
#1725 = PCURVE('',#280,#1726);
#1726 = DEFINITIONAL_REPRESENTATION('',(#1727),#1730);
#1727 = B_SPLINE_CURVE_WITH_KNOTS('',1,(#1728,#1729),.UNSPECIFIED.,.F.,
  .F.,(2,2),(-22.53192735962,-16.03192735962),.PIECEWISE_BEZIER_KNOTS.);
#1728 = CARTESIAN_POINT('',(22.447147626644,49.563854719247));
#1729 = CARTESIAN_POINT('',(22.447147626644,43.063854719247));
#1730 = ( GEOMETRIC_REPRESENTATION_CONTEXT(2) 
PARAMETRIC_REPRESENTATION_CONTEXT() REPRESENTATION_CONTEXT('2D SPACE',''
  ) );
#1731 = PCURVE('',#1212,#1732);
#1732 = DEFINITIONAL_REPRESENTATION('',(#1733),#1736);
#1733 = B_SPLINE_CURVE_WITH_KNOTS('',1,(#1734,#1735),.UNSPECIFIED.,.F.,
  .F.,(2,2),(-22.53192735962,-16.03192735962),.PIECEWISE_BEZIER_KNOTS.);
#1734 = CARTESIAN_POINT('',(11.,4.5));
#1735 = CARTESIAN_POINT('',(11.,11.));
#1736 = ( GEOMETRIC_REPRESENTATION_CONTEXT(2) 
PARAMETRIC_REPRESENTATION_CONTEXT() REPRESENTATION_CONTEXT('2D SPACE',''
  ) );
#1737 = ORIENTED_EDGE('',*,*,#1738,.F.);
#1738 = EDGE_CURVE('',#1739,#1718,#1741,.T.);
#1739 = VERTEX_POINT('',#1740);
#1740 = CARTESIAN_POINT('',(141.,15.5,-81.));
#1741 = SURFACE_CURVE('',#1742,(#1746,#1752),.PCURVE_S1.);
#1742 = LINE('',#1743,#1744);
#1743 = CARTESIAN_POINT('',(141.,15.5,-85.77642618667));
#1744 = VECTOR('',#1745,1.);
#1745 = DIRECTION('',(0.,0.,-1.));
#1746 = PCURVE('',#280,#1747);
#1747 = DEFINITIONAL_REPRESENTATION('',(#1748),#1751);
#1748 = B_SPLINE_CURVE_WITH_KNOTS('',1,(#1749,#1750),.UNSPECIFIED.,.F.,
  .F.,(2,2),(-46.77642618667,11.223573813322),.PIECEWISE_BEZIER_KNOTS.);
#1749 = CARTESIAN_POINT('',(-35.55285237335,43.063854719247));
#1750 = CARTESIAN_POINT('',(22.447147626644,43.063854719247));
#1751 = ( GEOMETRIC_REPRESENTATION_CONTEXT(2) 
PARAMETRIC_REPRESENTATION_CONTEXT() REPRESENTATION_CONTEXT('2D SPACE',''
  ) );
#1752 = PCURVE('',#1753,#1758);
#1753 = PLANE('',#1754);
#1754 = AXIS2_PLACEMENT_3D('',#1755,#1756,#1757);
#1755 = CARTESIAN_POINT('',(130.,15.5,-97.));
#1756 = DIRECTION('',(0.,1.,0.));
#1757 = DIRECTION('',(0.,0.,1.));
#1758 = DEFINITIONAL_REPRESENTATION('',(#1759),#1762);
#1759 = B_SPLINE_CURVE_WITH_KNOTS('',1,(#1760,#1761),.UNSPECIFIED.,.F.,
  .F.,(2,2),(-46.77642618667,11.223573813322),.PIECEWISE_BEZIER_KNOTS.);
#1760 = CARTESIAN_POINT('',(58.,11.));
#1761 = CARTESIAN_POINT('',(0.,11.));
#1762 = ( GEOMETRIC_REPRESENTATION_CONTEXT(2) 
PARAMETRIC_REPRESENTATION_CONTEXT() REPRESENTATION_CONTEXT('2D SPACE',''
  ) );
#1763 = ORIENTED_EDGE('',*,*,#1764,.F.);
#1764 = EDGE_CURVE('',#1765,#1739,#1767,.T.);
#1765 = VERTEX_POINT('',#1766);
#1766 = CARTESIAN_POINT('',(141.,9.,-81.));
#1767 = SURFACE_CURVE('',#1768,(#1772,#1778),.PCURVE_S1.);
#1768 = LINE('',#1769,#1770);
#1769 = CARTESIAN_POINT('',(141.,30.281927359623,-81.));
#1770 = VECTOR('',#1771,1.);
#1771 = DIRECTION('',(0.,1.,0.));
#1772 = PCURVE('',#280,#1773);
#1773 = DEFINITIONAL_REPRESENTATION('',(#1774),#1777);
#1774 = B_SPLINE_CURVE_WITH_KNOTS('',1,(#1775,#1776),.UNSPECIFIED.,.F.,
  .F.,(2,2),(-21.28192735962,-14.78192735962),.PIECEWISE_BEZIER_KNOTS.);
#1775 = CARTESIAN_POINT('',(6.447147626644,49.563854719247));
#1776 = CARTESIAN_POINT('',(6.447147626644,43.063854719247));
#1777 = ( GEOMETRIC_REPRESENTATION_CONTEXT(2) 
PARAMETRIC_REPRESENTATION_CONTEXT() REPRESENTATION_CONTEXT('2D SPACE',''
  ) );
#1778 = PCURVE('',#1264,#1779);
#1779 = DEFINITIONAL_REPRESENTATION('',(#1780),#1783);
#1780 = B_SPLINE_CURVE_WITH_KNOTS('',1,(#1781,#1782),.UNSPECIFIED.,.F.,
  .F.,(2,2),(-21.28192735962,-14.78192735962),.PIECEWISE_BEZIER_KNOTS.);
#1781 = CARTESIAN_POINT('',(4.,7.));
#1782 = CARTESIAN_POINT('',(4.,13.5));
#1783 = ( GEOMETRIC_REPRESENTATION_CONTEXT(2) 
PARAMETRIC_REPRESENTATION_CONTEXT() REPRESENTATION_CONTEXT('2D SPACE',''
  ) );
#1784 = ORIENTED_EDGE('',*,*,#1785,.T.);
#1785 = EDGE_CURVE('',#1765,#1786,#1788,.T.);
#1786 = VERTEX_POINT('',#1787);
#1787 = CARTESIAN_POINT('',(141.,9.,-55.));
#1788 = SURFACE_CURVE('',#1789,(#1793,#1800),.PCURVE_S1.);
#1789 = LINE('',#1790,#1791);
#1790 = CARTESIAN_POINT('',(141.,9.,-100.));
#1791 = VECTOR('',#1792,1.);
#1792 = DIRECTION('',(0.,0.,1.));
#1793 = PCURVE('',#280,#1794);
#1794 = DEFINITIONAL_REPRESENTATION('',(#1795),#1799);
#1795 = LINE('',#1796,#1797);
#1796 = CARTESIAN_POINT('',(25.447147626644,49.563854719247));
#1797 = VECTOR('',#1798,1.);
#1798 = DIRECTION('',(-1.,0.));
#1799 = ( GEOMETRIC_REPRESENTATION_CONTEXT(2) 
PARAMETRIC_REPRESENTATION_CONTEXT() REPRESENTATION_CONTEXT('2D SPACE',''
  ) );
#1800 = PCURVE('',#1291,#1801);
#1801 = DEFINITIONAL_REPRESENTATION('',(#1802),#1806);
#1802 = LINE('',#1803,#1804);
#1803 = CARTESIAN_POINT('',(0.,0.));
#1804 = VECTOR('',#1805,1.);
#1805 = DIRECTION('',(1.,0.));
#1806 = ( GEOMETRIC_REPRESENTATION_CONTEXT(2) 
PARAMETRIC_REPRESENTATION_CONTEXT() REPRESENTATION_CONTEXT('2D SPACE',''
  ) );
#1807 = ORIENTED_EDGE('',*,*,#1808,.T.);
#1808 = EDGE_CURVE('',#1786,#1809,#1811,.T.);
#1809 = VERTEX_POINT('',#1810);
#1810 = CARTESIAN_POINT('',(141.,15.5,-55.));
#1811 = SURFACE_CURVE('',#1812,(#1816,#1822),.PCURVE_S1.);
#1812 = LINE('',#1813,#1814);
#1813 = CARTESIAN_POINT('',(141.,30.281927359623,-55.));
#1814 = VECTOR('',#1815,1.);
#1815 = DIRECTION('',(0.,1.,0.));
#1816 = PCURVE('',#280,#1817);
#1817 = DEFINITIONAL_REPRESENTATION('',(#1818),#1821);
#1818 = B_SPLINE_CURVE_WITH_KNOTS('',1,(#1819,#1820),.UNSPECIFIED.,.F.,
  .F.,(2,2),(-21.28192735962,-14.78192735962),.PIECEWISE_BEZIER_KNOTS.);
#1819 = CARTESIAN_POINT('',(-19.55285237335,49.563854719247));
#1820 = CARTESIAN_POINT('',(-19.55285237335,43.063854719247));
#1821 = ( GEOMETRIC_REPRESENTATION_CONTEXT(2) 
PARAMETRIC_REPRESENTATION_CONTEXT() REPRESENTATION_CONTEXT('2D SPACE',''
  ) );
#1822 = PCURVE('',#1318,#1823);
#1823 = DEFINITIONAL_REPRESENTATION('',(#1824),#1827);
#1824 = B_SPLINE_CURVE_WITH_KNOTS('',1,(#1825,#1826),.UNSPECIFIED.,.F.,
  .F.,(2,2),(-21.28192735962,-14.78192735962),.PIECEWISE_BEZIER_KNOTS.);
#1825 = CARTESIAN_POINT('',(4.,7.));
#1826 = CARTESIAN_POINT('',(4.,13.5));
#1827 = ( GEOMETRIC_REPRESENTATION_CONTEXT(2) 
PARAMETRIC_REPRESENTATION_CONTEXT() REPRESENTATION_CONTEXT('2D SPACE',''
  ) );
#1828 = ORIENTED_EDGE('',*,*,#1829,.F.);
#1829 = EDGE_CURVE('',#1830,#1809,#1832,.T.);
#1830 = VERTEX_POINT('',#1831);
#1831 = CARTESIAN_POINT('',(141.,15.5,-39.));
#1832 = SURFACE_CURVE('',#1833,(#1837,#1843),.PCURVE_S1.);
#1833 = LINE('',#1834,#1835);
#1834 = CARTESIAN_POINT('',(141.,15.5,-85.77642618667));
#1835 = VECTOR('',#1836,1.);
#1836 = DIRECTION('',(0.,0.,-1.));
#1837 = PCURVE('',#280,#1838);
#1838 = DEFINITIONAL_REPRESENTATION('',(#1839),#1842);
#1839 = B_SPLINE_CURVE_WITH_KNOTS('',1,(#1840,#1841),.UNSPECIFIED.,.F.,
  .F.,(2,2),(-46.77642618667,11.223573813322),.PIECEWISE_BEZIER_KNOTS.);
#1840 = CARTESIAN_POINT('',(-35.55285237335,43.063854719247));
#1841 = CARTESIAN_POINT('',(22.447147626644,43.063854719247));
#1842 = ( GEOMETRIC_REPRESENTATION_CONTEXT(2) 
PARAMETRIC_REPRESENTATION_CONTEXT() REPRESENTATION_CONTEXT('2D SPACE',''
  ) );
#1843 = PCURVE('',#1753,#1844);
#1844 = DEFINITIONAL_REPRESENTATION('',(#1845),#1848);
#1845 = B_SPLINE_CURVE_WITH_KNOTS('',1,(#1846,#1847),.UNSPECIFIED.,.F.,
  .F.,(2,2),(-46.77642618667,11.223573813322),.PIECEWISE_BEZIER_KNOTS.);
#1846 = CARTESIAN_POINT('',(58.,11.));
#1847 = CARTESIAN_POINT('',(0.,11.));
#1848 = ( GEOMETRIC_REPRESENTATION_CONTEXT(2) 
PARAMETRIC_REPRESENTATION_CONTEXT() REPRESENTATION_CONTEXT('2D SPACE',''
  ) );
#1849 = ORIENTED_EDGE('',*,*,#1850,.F.);
#1850 = EDGE_CURVE('',#1851,#1830,#1853,.T.);
#1851 = VERTEX_POINT('',#1852);
#1852 = CARTESIAN_POINT('',(141.,9.,-39.));
#1853 = SURFACE_CURVE('',#1854,(#1858,#1864),.PCURVE_S1.);
#1854 = LINE('',#1855,#1856);
#1855 = CARTESIAN_POINT('',(141.,31.531927359623,-39.));
#1856 = VECTOR('',#1857,1.);
#1857 = DIRECTION('',(0.,1.,0.));
#1858 = PCURVE('',#280,#1859);
#1859 = DEFINITIONAL_REPRESENTATION('',(#1860),#1863);
#1860 = B_SPLINE_CURVE_WITH_KNOTS('',1,(#1861,#1862),.UNSPECIFIED.,.F.,
  .F.,(2,2),(-22.53192735962,-16.03192735962),.PIECEWISE_BEZIER_KNOTS.);
#1861 = CARTESIAN_POINT('',(-35.55285237335,49.563854719247));
#1862 = CARTESIAN_POINT('',(-35.55285237335,43.063854719247));
#1863 = ( GEOMETRIC_REPRESENTATION_CONTEXT(2) 
PARAMETRIC_REPRESENTATION_CONTEXT() REPRESENTATION_CONTEXT('2D SPACE',''
  ) );
#1864 = PCURVE('',#1365,#1865);
#1865 = DEFINITIONAL_REPRESENTATION('',(#1866),#1869);
#1866 = B_SPLINE_CURVE_WITH_KNOTS('',1,(#1867,#1868),.UNSPECIFIED.,.F.,
  .F.,(2,2),(-22.53192735962,-16.03192735962),.PIECEWISE_BEZIER_KNOTS.);
#1867 = CARTESIAN_POINT('',(11.,4.5));
#1868 = CARTESIAN_POINT('',(11.,11.));
#1869 = ( GEOMETRIC_REPRESENTATION_CONTEXT(2) 
PARAMETRIC_REPRESENTATION_CONTEXT() REPRESENTATION_CONTEXT('2D SPACE',''
  ) );
#1870 = ORIENTED_EDGE('',*,*,#1871,.T.);
#1871 = EDGE_CURVE('',#1851,#1872,#1874,.T.);
#1872 = VERTEX_POINT('',#1873);
#1873 = CARTESIAN_POINT('',(141.,9.,-37.));
#1874 = SURFACE_CURVE('',#1875,(#1879,#1886),.PCURVE_S1.);
#1875 = LINE('',#1876,#1877);
#1876 = CARTESIAN_POINT('',(141.,9.,-100.));
#1877 = VECTOR('',#1878,1.);
#1878 = DIRECTION('',(0.,0.,1.));
#1879 = PCURVE('',#280,#1880);
#1880 = DEFINITIONAL_REPRESENTATION('',(#1881),#1885);
#1881 = LINE('',#1882,#1883);
#1882 = CARTESIAN_POINT('',(25.447147626644,49.563854719247));
#1883 = VECTOR('',#1884,1.);
#1884 = DIRECTION('',(-1.,0.));
#1885 = ( GEOMETRIC_REPRESENTATION_CONTEXT(2) 
PARAMETRIC_REPRESENTATION_CONTEXT() REPRESENTATION_CONTEXT('2D SPACE',''
  ) );
#1886 = PCURVE('',#1392,#1887);
#1887 = DEFINITIONAL_REPRESENTATION('',(#1888),#1892);
#1888 = LINE('',#1889,#1890);
#1889 = CARTESIAN_POINT('',(0.,0.));
#1890 = VECTOR('',#1891,1.);
#1891 = DIRECTION('',(1.,0.));
#1892 = ( GEOMETRIC_REPRESENTATION_CONTEXT(2) 
PARAMETRIC_REPRESENTATION_CONTEXT() REPRESENTATION_CONTEXT('2D SPACE',''
  ) );
#1893 = ORIENTED_EDGE('',*,*,#1894,.T.);
#1894 = EDGE_CURVE('',#1872,#781,#1895,.T.);
#1895 = SURFACE_CURVE('',#1896,(#1900,#1907),.PCURVE_S1.);
#1896 = LINE('',#1897,#1898);
#1897 = CARTESIAN_POINT('',(141.,9.,-37.));
#1898 = VECTOR('',#1899,1.);
#1899 = DIRECTION('',(0.,0.77962036012,0.626252420424));
#1900 = PCURVE('',#280,#1901);
#1901 = DEFINITIONAL_REPRESENTATION('',(#1902),#1906);
#1902 = LINE('',#1903,#1904);
#1903 = CARTESIAN_POINT('',(-37.55285237335,49.563854719247));
#1904 = VECTOR('',#1905,1.);
#1905 = DIRECTION('',(-0.626252420424,-0.77962036012));
#1906 = ( GEOMETRIC_REPRESENTATION_CONTEXT(2) 
PARAMETRIC_REPRESENTATION_CONTEXT() REPRESENTATION_CONTEXT('2D SPACE',''
  ) );
#1907 = PCURVE('',#795,#1908);
#1908 = DEFINITIONAL_REPRESENTATION('',(#1909),#1913);
#1909 = LINE('',#1910,#1911);
#1910 = CARTESIAN_POINT('',(0.,0.));
#1911 = VECTOR('',#1912,1.);
#1912 = DIRECTION('',(1.,0.));
#1913 = ( GEOMETRIC_REPRESENTATION_CONTEXT(2) 
PARAMETRIC_REPRESENTATION_CONTEXT() REPRESENTATION_CONTEXT('2D SPACE',''
  ) );
#1914 = ORIENTED_EDGE('',*,*,#806,.T.);
#1915 = ORIENTED_EDGE('',*,*,#1916,.F.);
#1916 = EDGE_CURVE('',#1917,#807,#1919,.T.);
#1917 = VERTEX_POINT('',#1918);
#1918 = CARTESIAN_POINT('',(141.,18.,-43.));
#1919 = SURFACE_CURVE('',#1920,(#1924,#1930),.PCURVE_S1.);
#1920 = LINE('',#1921,#1922);
#1921 = CARTESIAN_POINT('',(141.,23.340910437008,-38.97089212646));
#1922 = VECTOR('',#1923,1.);
#1923 = DIRECTION('',(-0.,0.798316195833,0.602238533698));
#1924 = PCURVE('',#280,#1925);
#1925 = DEFINITIONAL_REPRESENTATION('',(#1926),#1929);
#1926 = B_SPLINE_CURVE_WITH_KNOTS('',1,(#1927,#1928),.UNSPECIFIED.,.F.,
  .F.,(2,2),(-6.690219320225,64.710060791271),.PIECEWISE_BEZIER_KNOTS.);
#1927 = CARTESIAN_POINT('',(-31.55285237335,40.563854719247));
#1928 = CARTESIAN_POINT('',(-74.55285237335,-16.43614528075));
#1929 = ( GEOMETRIC_REPRESENTATION_CONTEXT(2) 
PARAMETRIC_REPRESENTATION_CONTEXT() REPRESENTATION_CONTEXT('2D SPACE',''
  ) );
#1930 = PCURVE('',#840,#1931);
#1931 = DEFINITIONAL_REPRESENTATION('',(#1932),#1935);
#1932 = B_SPLINE_CURVE_WITH_KNOTS('',1,(#1933,#1934),.UNSPECIFIED.,.F.,
  .F.,(2,2),(-6.690219320225,64.710060791271),.PIECEWISE_BEZIER_KNOTS.);
#1933 = CARTESIAN_POINT('',(0.,-2.));
#1934 = CARTESIAN_POINT('',(71.400280111495,-2.));
#1935 = ( GEOMETRIC_REPRESENTATION_CONTEXT(2) 
PARAMETRIC_REPRESENTATION_CONTEXT() REPRESENTATION_CONTEXT('2D SPACE',''
  ) );
#1936 = ORIENTED_EDGE('',*,*,#1937,.F.);
#1937 = EDGE_CURVE('',#1938,#1917,#1940,.T.);
#1938 = VERTEX_POINT('',#1939);
#1939 = CARTESIAN_POINT('',(141.,18.,-83.));
#1940 = SURFACE_CURVE('',#1941,(#1945,#1951),.PCURVE_S1.);
#1941 = LINE('',#1942,#1943);
#1942 = CARTESIAN_POINT('',(141.,18.,-82.27642618667));
#1943 = VECTOR('',#1944,1.);
#1944 = DIRECTION('',(-0.,0.,1.));
#1945 = PCURVE('',#280,#1946);
#1946 = DEFINITIONAL_REPRESENTATION('',(#1947),#1950);
#1947 = B_SPLINE_CURVE_WITH_KNOTS('',1,(#1948,#1949),.UNSPECIFIED.,.F.,
  .F.,(2,2),(-7.723573813322,39.276426186678),.PIECEWISE_BEZIER_KNOTS.);
#1948 = CARTESIAN_POINT('',(15.447147626644,40.563854719247));
#1949 = CARTESIAN_POINT('',(-31.55285237335,40.563854719247));
#1950 = ( GEOMETRIC_REPRESENTATION_CONTEXT(2) 
PARAMETRIC_REPRESENTATION_CONTEXT() REPRESENTATION_CONTEXT('2D SPACE',''
  ) );
#1951 = PCURVE('',#1462,#1952);
#1952 = DEFINITIONAL_REPRESENTATION('',(#1953),#1956);
#1953 = B_SPLINE_CURVE_WITH_KNOTS('',1,(#1954,#1955),.UNSPECIFIED.,.F.,
  .F.,(2,2),(-7.723573813322,39.276426186678),.PIECEWISE_BEZIER_KNOTS.);
#1954 = CARTESIAN_POINT('',(0.,-2.));
#1955 = CARTESIAN_POINT('',(47.,-2.));
#1956 = ( GEOMETRIC_REPRESENTATION_CONTEXT(2) 
PARAMETRIC_REPRESENTATION_CONTEXT() REPRESENTATION_CONTEXT('2D SPACE',''
  ) );
#1957 = ORIENTED_EDGE('',*,*,#1958,.F.);
#1958 = EDGE_CURVE('',#1959,#1938,#1961,.T.);
#1959 = VERTEX_POINT('',#1960);
#1960 = CARTESIAN_POINT('',(141.,18.,-90.));
#1961 = SURFACE_CURVE('',#1962,(#1966,#1972),.PCURVE_S1.);
#1962 = LINE('',#1963,#1964);
#1963 = CARTESIAN_POINT('',(141.,18.,-82.27642618667));
#1964 = VECTOR('',#1965,1.);
#1965 = DIRECTION('',(-0.,0.,1.));
#1966 = PCURVE('',#280,#1967);
#1967 = DEFINITIONAL_REPRESENTATION('',(#1968),#1971);
#1968 = B_SPLINE_CURVE_WITH_KNOTS('',1,(#1969,#1970),.UNSPECIFIED.,.F.,
  .F.,(2,2),(-7.723573813322,39.276426186678),.PIECEWISE_BEZIER_KNOTS.);
#1969 = CARTESIAN_POINT('',(15.447147626644,40.563854719247));
#1970 = CARTESIAN_POINT('',(-31.55285237335,40.563854719247));
#1971 = ( GEOMETRIC_REPRESENTATION_CONTEXT(2) 
PARAMETRIC_REPRESENTATION_CONTEXT() REPRESENTATION_CONTEXT('2D SPACE',''
  ) );
#1972 = PCURVE('',#1488,#1973);
#1973 = DEFINITIONAL_REPRESENTATION('',(#1974),#1977);
#1974 = B_SPLINE_CURVE_WITH_KNOTS('',1,(#1975,#1976),.UNSPECIFIED.,.F.,
  .F.,(2,2),(-7.723573813322,39.276426186678),.PIECEWISE_BEZIER_KNOTS.);
#1975 = CARTESIAN_POINT('',(0.,-2.));
#1976 = CARTESIAN_POINT('',(47.,-2.));
#1977 = ( GEOMETRIC_REPRESENTATION_CONTEXT(2) 
PARAMETRIC_REPRESENTATION_CONTEXT() REPRESENTATION_CONTEXT('2D SPACE',''
  ) );
#1978 = ORIENTED_EDGE('',*,*,#1979,.F.);
#1979 = EDGE_CURVE('',#1980,#1959,#1982,.T.);
#1980 = VERTEX_POINT('',#1981);
#1981 = CARTESIAN_POINT('',(141.,81.,-153.));
#1982 = SURFACE_CURVE('',#1983,(#1987,#1993),.PCURVE_S1.);
#1983 = LINE('',#1984,#1985);
#1984 = CARTESIAN_POINT('',(141.,55.779176773151,-127.7791767731));
#1985 = VECTOR('',#1986,1.);
#1986 = DIRECTION('',(0.,-0.707106781187,0.707106781187));
#1987 = PCURVE('',#280,#1988);
#1988 = DEFINITIONAL_REPRESENTATION('',(#1989),#1992);
#1989 = B_SPLINE_CURVE_WITH_KNOTS('',1,(#1990,#1991),.UNSPECIFIED.,.F.,
  .F.,(2,2),(-35.66763026162,53.42782416788),.PIECEWISE_BEZIER_KNOTS.);
#1990 = CARTESIAN_POINT('',(78.447147626644,-22.43614528075));
#1991 = CARTESIAN_POINT('',(15.447147626644,40.563854719247));
#1992 = ( GEOMETRIC_REPRESENTATION_CONTEXT(2) 
PARAMETRIC_REPRESENTATION_CONTEXT() REPRESENTATION_CONTEXT('2D SPACE',''
  ) );
#1993 = PCURVE('',#1514,#1994);
#1994 = DEFINITIONAL_REPRESENTATION('',(#1995),#1998);
#1995 = B_SPLINE_CURVE_WITH_KNOTS('',1,(#1996,#1997),.UNSPECIFIED.,.F.,
  .F.,(2,2),(-35.66763026162,53.42782416788),.PIECEWISE_BEZIER_KNOTS.);
#1996 = CARTESIAN_POINT('',(0.,-2.));
#1997 = CARTESIAN_POINT('',(89.095454429505,-2.));
#1998 = ( GEOMETRIC_REPRESENTATION_CONTEXT(2) 
PARAMETRIC_REPRESENTATION_CONTEXT() REPRESENTATION_CONTEXT('2D SPACE',''
  ) );
#1999 = ORIENTED_EDGE('',*,*,#2000,.F.);
#2000 = EDGE_CURVE('',#2001,#1980,#2003,.T.);
#2001 = VERTEX_POINT('',#2002);
#2002 = CARTESIAN_POINT('',(141.,81.,-18.));
#2003 = SURFACE_CURVE('',#2004,(#2008,#2014),.PCURVE_S1.);
#2004 = LINE('',#2005,#2006);
#2005 = CARTESIAN_POINT('',(141.,81.,-37.27642618667));
#2006 = VECTOR('',#2007,1.);
#2007 = DIRECTION('',(0.,0.,-1.));
#2008 = PCURVE('',#280,#2009);
#2009 = DEFINITIONAL_REPRESENTATION('',(#2010),#2013);
#2010 = B_SPLINE_CURVE_WITH_KNOTS('',1,(#2011,#2012),.UNSPECIFIED.,.F.,
  .F.,(2,2),(-37.27642618667,115.72357381332),.PIECEWISE_BEZIER_KNOTS.);
#2011 = CARTESIAN_POINT('',(-74.55285237335,-22.43614528075));
#2012 = CARTESIAN_POINT('',(78.447147626644,-22.43614528075));
#2013 = ( GEOMETRIC_REPRESENTATION_CONTEXT(2) 
PARAMETRIC_REPRESENTATION_CONTEXT() REPRESENTATION_CONTEXT('2D SPACE',''
  ) );
#2014 = PCURVE('',#1540,#2015);
#2015 = DEFINITIONAL_REPRESENTATION('',(#2016),#2019);
#2016 = B_SPLINE_CURVE_WITH_KNOTS('',1,(#2017,#2018),.UNSPECIFIED.,.F.,
  .F.,(2,2),(-37.27642618667,115.72357381332),.PIECEWISE_BEZIER_KNOTS.);
#2017 = CARTESIAN_POINT('',(0.,-2.));
#2018 = CARTESIAN_POINT('',(153.,-2.));
#2019 = ( GEOMETRIC_REPRESENTATION_CONTEXT(2) 
PARAMETRIC_REPRESENTATION_CONTEXT() REPRESENTATION_CONTEXT('2D SPACE',''
  ) );
#2020 = ORIENTED_EDGE('',*,*,#2021,.T.);
#2021 = EDGE_CURVE('',#2001,#2022,#2024,.T.);
#2022 = VERTEX_POINT('',#2023);
#2023 = CARTESIAN_POINT('',(141.,87.,-18.));
#2024 = SURFACE_CURVE('',#2025,(#2029,#2035),.PCURVE_S1.);
#2025 = LINE('',#2026,#2027);
#2026 = CARTESIAN_POINT('',(141.,63.781927359623,-18.));
#2027 = VECTOR('',#2028,1.);
#2028 = DIRECTION('',(0.,1.,0.));
#2029 = PCURVE('',#280,#2030);
#2030 = DEFINITIONAL_REPRESENTATION('',(#2031),#2034);
#2031 = B_SPLINE_CURVE_WITH_KNOTS('',1,(#2032,#2033),.UNSPECIFIED.,.F.,
  .F.,(2,2),(5.218072640377,23.218072640377),.PIECEWISE_BEZIER_KNOTS.);
#2032 = CARTESIAN_POINT('',(-56.55285237335,-10.43614528075));
#2033 = CARTESIAN_POINT('',(-56.55285237335,-28.43614528075));
#2034 = ( GEOMETRIC_REPRESENTATION_CONTEXT(2) 
PARAMETRIC_REPRESENTATION_CONTEXT() REPRESENTATION_CONTEXT('2D SPACE',''
  ) );
#2035 = PCURVE('',#704,#2036);
#2036 = DEFINITIONAL_REPRESENTATION('',(#2037),#2040);
#2037 = B_SPLINE_CURVE_WITH_KNOTS('',1,(#2038,#2039),.UNSPECIFIED.,.F.,
  .F.,(2,2),(5.218072640377,23.218072640377),.PIECEWISE_BEZIER_KNOTS.);
#2038 = CARTESIAN_POINT('',(5.,0.));
#2039 = CARTESIAN_POINT('',(5.,18.));
#2040 = ( GEOMETRIC_REPRESENTATION_CONTEXT(2) 
PARAMETRIC_REPRESENTATION_CONTEXT() REPRESENTATION_CONTEXT('2D SPACE',''
  ) );
#2041 = ORIENTED_EDGE('',*,*,#2042,.F.);
#2042 = EDGE_CURVE('',#237,#2022,#2043,.T.);
#2043 = SURFACE_CURVE('',#2044,(#2048,#2054),.PCURVE_S1.);
#2044 = LINE('',#2045,#2046);
#2045 = CARTESIAN_POINT('',(141.,87.,-46.27642618667));
#2046 = VECTOR('',#2047,1.);
#2047 = DIRECTION('',(0.,0.,-1.));
#2048 = PCURVE('',#280,#2049);
#2049 = DEFINITIONAL_REPRESENTATION('',(#2050),#2053);
#2050 = B_SPLINE_CURVE_WITH_KNOTS('',1,(#2051,#2052),.UNSPECIFIED.,.F.,
  .F.,(2,2),(-58.27642618667,-28.27642618667),.PIECEWISE_BEZIER_KNOTS.);
#2051 = CARTESIAN_POINT('',(-86.55285237335,-28.43614528075));
#2052 = CARTESIAN_POINT('',(-56.55285237335,-28.43614528075));
#2053 = ( GEOMETRIC_REPRESENTATION_CONTEXT(2) 
PARAMETRIC_REPRESENTATION_CONTEXT() REPRESENTATION_CONTEXT('2D SPACE',''
  ) );
#2054 = PCURVE('',#252,#2055);
#2055 = DEFINITIONAL_REPRESENTATION('',(#2056),#2059);
#2056 = B_SPLINE_CURVE_WITH_KNOTS('',1,(#2057,#2058),.UNSPECIFIED.,.F.,
  .F.,(2,2),(-58.27642618667,-28.27642618667),.PIECEWISE_BEZIER_KNOTS.);
#2057 = CARTESIAN_POINT('',(30.,5.));
#2058 = CARTESIAN_POINT('',(0.,5.));
#2059 = ( GEOMETRIC_REPRESENTATION_CONTEXT(2) 
PARAMETRIC_REPRESENTATION_CONTEXT() REPRESENTATION_CONTEXT('2D SPACE',''
  ) );
#2060 = ORIENTED_EDGE('',*,*,#264,.T.);
#2061 = ADVANCED_FACE('',(#2062),#252,.T.);
#2062 = FACE_BOUND('',#2063,.T.);
#2063 = EDGE_LOOP('',(#2064,#2087,#2106,#2107));
#2064 = ORIENTED_EDGE('',*,*,#2065,.F.);
#2065 = EDGE_CURVE('',#2066,#2022,#2068,.T.);
#2066 = VERTEX_POINT('',#2067);
#2067 = CARTESIAN_POINT('',(138.37477270848,87.,-18.));
#2068 = SURFACE_CURVE('',#2069,(#2073,#2080),.PCURVE_S1.);
#2069 = LINE('',#2070,#2071);
#2070 = CARTESIAN_POINT('',(136.,87.,-18.));
#2071 = VECTOR('',#2072,1.);
#2072 = DIRECTION('',(1.,0.,0.));
#2073 = PCURVE('',#252,#2074);
#2074 = DEFINITIONAL_REPRESENTATION('',(#2075),#2079);
#2075 = LINE('',#2076,#2077);
#2076 = CARTESIAN_POINT('',(0.,0.));
#2077 = VECTOR('',#2078,1.);
#2078 = DIRECTION('',(0.,1.));
#2079 = ( GEOMETRIC_REPRESENTATION_CONTEXT(2) 
PARAMETRIC_REPRESENTATION_CONTEXT() REPRESENTATION_CONTEXT('2D SPACE',''
  ) );
#2080 = PCURVE('',#704,#2081);
#2081 = DEFINITIONAL_REPRESENTATION('',(#2082),#2086);
#2082 = LINE('',#2083,#2084);
#2083 = CARTESIAN_POINT('',(0.,18.));
#2084 = VECTOR('',#2085,1.);
#2085 = DIRECTION('',(1.,0.));
#2086 = ( GEOMETRIC_REPRESENTATION_CONTEXT(2) 
PARAMETRIC_REPRESENTATION_CONTEXT() REPRESENTATION_CONTEXT('2D SPACE',''
  ) );
#2087 = ORIENTED_EDGE('',*,*,#2088,.F.);
#2088 = EDGE_CURVE('',#204,#2066,#2089,.T.);
#2089 = SURFACE_CURVE('',#2090,(#2094,#2100),.PCURVE_S1.);
#2090 = LINE('',#2091,#2092);
#2091 = CARTESIAN_POINT('',(138.37477270848,87.,-18.));
#2092 = VECTOR('',#2093,1.);
#2093 = DIRECTION('',(-0.,-0.,-1.));
#2094 = PCURVE('',#252,#2095);
#2095 = DEFINITIONAL_REPRESENTATION('',(#2096),#2099);
#2096 = B_SPLINE_CURVE_WITH_KNOTS('',1,(#2097,#2098),.UNSPECIFIED.,.F.,
  .F.,(2,2),(-33.,5.999999999062E-07),.PIECEWISE_BEZIER_KNOTS.);
#2097 = CARTESIAN_POINT('',(33.,2.374772708487));
#2098 = CARTESIAN_POINT('',(-5.999999999062E-07,2.374772708487));
#2099 = ( GEOMETRIC_REPRESENTATION_CONTEXT(2) 
PARAMETRIC_REPRESENTATION_CONTEXT() REPRESENTATION_CONTEXT('2D SPACE',''
  ) );
#2100 = PCURVE('',#224,#2101);
#2101 = DEFINITIONAL_REPRESENTATION('',(#2102),#2105);
#2102 = B_SPLINE_CURVE_WITH_KNOTS('',1,(#2103,#2104),.UNSPECIFIED.,.F.,
  .F.,(2,2),(-33.,5.999999999062E-07),.PIECEWISE_BEZIER_KNOTS.);
#2103 = CARTESIAN_POINT('',(-0.628874925495,-33.));
#2104 = CARTESIAN_POINT('',(-0.628874925495,5.999999999062E-07));
#2105 = ( GEOMETRIC_REPRESENTATION_CONTEXT(2) 
PARAMETRIC_REPRESENTATION_CONTEXT() REPRESENTATION_CONTEXT('2D SPACE',''
  ) );
#2106 = ORIENTED_EDGE('',*,*,#236,.T.);
#2107 = ORIENTED_EDGE('',*,*,#2042,.T.);
#2108 = ADVANCED_FACE('',(#2109),#224,.F.);
#2109 = FACE_BOUND('',#2110,.T.);
#2110 = EDGE_LOOP('',(#2111,#2135,#2156,#2157,#2158,#2182,#2201,#2202));
#2111 = ORIENTED_EDGE('',*,*,#2112,.F.);
#2112 = EDGE_CURVE('',#2113,#2066,#2115,.T.);
#2113 = VERTEX_POINT('',#2114);
#2114 = CARTESIAN_POINT('',(138.7,86.,-18.));
#2115 = SURFACE_CURVE('',#2116,(#2121,#2128),.PCURVE_S1.);
#2116 = CIRCLE('',#2117,1.7);
#2117 = AXIS2_PLACEMENT_3D('',#2118,#2119,#2120);
#2118 = CARTESIAN_POINT('',(137.,86.,-18.));
#2119 = DIRECTION('',(0.,0.,1.));
#2120 = DIRECTION('',(1.,0.,0.));
#2121 = PCURVE('',#224,#2122);
#2122 = DEFINITIONAL_REPRESENTATION('',(#2123),#2127);
#2123 = LINE('',#2124,#2125);
#2124 = CARTESIAN_POINT('',(-0.,0.));
#2125 = VECTOR('',#2126,1.);
#2126 = DIRECTION('',(-1.,0.));
#2127 = ( GEOMETRIC_REPRESENTATION_CONTEXT(2) 
PARAMETRIC_REPRESENTATION_CONTEXT() REPRESENTATION_CONTEXT('2D SPACE',''
  ) );
#2128 = PCURVE('',#704,#2129);
#2129 = DEFINITIONAL_REPRESENTATION('',(#2130),#2134);
#2130 = CIRCLE('',#2131,1.7);
#2131 = AXIS2_PLACEMENT_2D('',#2132,#2133);
#2132 = CARTESIAN_POINT('',(1.,17.));
#2133 = DIRECTION('',(1.,0.));
#2134 = ( GEOMETRIC_REPRESENTATION_CONTEXT(2) 
PARAMETRIC_REPRESENTATION_CONTEXT() REPRESENTATION_CONTEXT('2D SPACE',''
  ) );
#2135 = ORIENTED_EDGE('',*,*,#2136,.T.);
#2136 = EDGE_CURVE('',#2113,#591,#2137,.T.);
#2137 = SEAM_CURVE('',#2138,(#2142,#2149),.PCURVE_S1.);
#2138 = LINE('',#2139,#2140);
#2139 = CARTESIAN_POINT('',(138.7,86.,-18.));
#2140 = VECTOR('',#2141,1.);
#2141 = DIRECTION('',(0.,0.,1.));
#2142 = PCURVE('',#224,#2143);
#2143 = DEFINITIONAL_REPRESENTATION('',(#2144),#2148);
#2144 = LINE('',#2145,#2146);
#2145 = CARTESIAN_POINT('',(-6.28318530718,0.));
#2146 = VECTOR('',#2147,1.);
#2147 = DIRECTION('',(-0.,-1.));
#2148 = ( GEOMETRIC_REPRESENTATION_CONTEXT(2) 
PARAMETRIC_REPRESENTATION_CONTEXT() REPRESENTATION_CONTEXT('2D SPACE',''
  ) );
#2149 = PCURVE('',#224,#2150);
#2150 = DEFINITIONAL_REPRESENTATION('',(#2151),#2155);
#2151 = LINE('',#2152,#2153);
#2152 = CARTESIAN_POINT('',(-0.,0.));
#2153 = VECTOR('',#2154,1.);
#2154 = DIRECTION('',(-0.,-1.));
#2155 = ( GEOMETRIC_REPRESENTATION_CONTEXT(2) 
PARAMETRIC_REPRESENTATION_CONTEXT() REPRESENTATION_CONTEXT('2D SPACE',''
  ) );
#2156 = ORIENTED_EDGE('',*,*,#590,.F.);
#2157 = ORIENTED_EDGE('',*,*,#2136,.F.);
#2158 = ORIENTED_EDGE('',*,*,#2159,.F.);
#2159 = EDGE_CURVE('',#2160,#2113,#2162,.T.);
#2160 = VERTEX_POINT('',#2161);
#2161 = CARTESIAN_POINT('',(136.,84.625227291513,-18.));
#2162 = SURFACE_CURVE('',#2163,(#2168,#2175),.PCURVE_S1.);
#2163 = CIRCLE('',#2164,1.7);
#2164 = AXIS2_PLACEMENT_3D('',#2165,#2166,#2167);
#2165 = CARTESIAN_POINT('',(137.,86.,-18.));
#2166 = DIRECTION('',(0.,0.,1.));
#2167 = DIRECTION('',(1.,0.,0.));
#2168 = PCURVE('',#224,#2169);
#2169 = DEFINITIONAL_REPRESENTATION('',(#2170),#2174);
#2170 = LINE('',#2171,#2172);
#2171 = CARTESIAN_POINT('',(-0.,0.));
#2172 = VECTOR('',#2173,1.);
#2173 = DIRECTION('',(-1.,0.));
#2174 = ( GEOMETRIC_REPRESENTATION_CONTEXT(2) 
PARAMETRIC_REPRESENTATION_CONTEXT() REPRESENTATION_CONTEXT('2D SPACE',''
  ) );
#2175 = PCURVE('',#704,#2176);
#2176 = DEFINITIONAL_REPRESENTATION('',(#2177),#2181);
#2177 = CIRCLE('',#2178,1.7);
#2178 = AXIS2_PLACEMENT_2D('',#2179,#2180);
#2179 = CARTESIAN_POINT('',(1.,17.));
#2180 = DIRECTION('',(1.,0.));
#2181 = ( GEOMETRIC_REPRESENTATION_CONTEXT(2) 
PARAMETRIC_REPRESENTATION_CONTEXT() REPRESENTATION_CONTEXT('2D SPACE',''
  ) );
#2182 = ORIENTED_EDGE('',*,*,#2183,.F.);
#2183 = EDGE_CURVE('',#176,#2160,#2184,.T.);
#2184 = SURFACE_CURVE('',#2185,(#2189,#2195),.PCURVE_S1.);
#2185 = LINE('',#2186,#2187);
#2186 = CARTESIAN_POINT('',(136.,84.625227291513,-18.));
#2187 = VECTOR('',#2188,1.);
#2188 = DIRECTION('',(-0.,-0.,-1.));
#2189 = PCURVE('',#224,#2190);
#2190 = DEFINITIONAL_REPRESENTATION('',(#2191),#2194);
#2191 = B_SPLINE_CURVE_WITH_KNOTS('',1,(#2192,#2193),.UNSPECIFIED.,.F.,
  .F.,(2,2),(-33.,5.999999999062E-07),.PIECEWISE_BEZIER_KNOTS.);
#2192 = CARTESIAN_POINT('',(-4.08351405489,-33.));
#2193 = CARTESIAN_POINT('',(-4.08351405489,5.999999999062E-07));
#2194 = ( GEOMETRIC_REPRESENTATION_CONTEXT(2) 
PARAMETRIC_REPRESENTATION_CONTEXT() REPRESENTATION_CONTEXT('2D SPACE',''
  ) );
#2195 = PCURVE('',#191,#2196);
#2196 = DEFINITIONAL_REPRESENTATION('',(#2197),#2200);
#2197 = B_SPLINE_CURVE_WITH_KNOTS('',1,(#2198,#2199),.UNSPECIFIED.,.F.,
  .F.,(2,2),(-33.,5.999999999062E-07),.PIECEWISE_BEZIER_KNOTS.);
#2198 = CARTESIAN_POINT('',(33.,-15.62522729151));
#2199 = CARTESIAN_POINT('',(-5.999999999062E-07,-15.62522729151));
#2200 = ( GEOMETRIC_REPRESENTATION_CONTEXT(2) 
PARAMETRIC_REPRESENTATION_CONTEXT() REPRESENTATION_CONTEXT('2D SPACE',''
  ) );
#2201 = ORIENTED_EDGE('',*,*,#203,.T.);
#2202 = ORIENTED_EDGE('',*,*,#2088,.T.);
#2203 = ADVANCED_FACE('',(#2204),#191,.F.);
#2204 = FACE_BOUND('',#2205,.F.);
#2205 = EDGE_LOOP('',(#2206,#2207,#2228,#2249));
#2206 = ORIENTED_EDGE('',*,*,#175,.F.);
#2207 = ORIENTED_EDGE('',*,*,#2208,.T.);
#2208 = EDGE_CURVE('',#143,#2209,#2211,.T.);
#2209 = VERTEX_POINT('',#2210);
#2210 = CARTESIAN_POINT('',(136.,71.374772708487,-18.));
#2211 = SURFACE_CURVE('',#2212,(#2216,#2222),.PCURVE_S1.);
#2212 = LINE('',#2213,#2214);
#2213 = CARTESIAN_POINT('',(136.,71.374772708487,-18.));
#2214 = VECTOR('',#2215,1.);
#2215 = DIRECTION('',(-0.,-0.,-1.));
#2216 = PCURVE('',#191,#2217);
#2217 = DEFINITIONAL_REPRESENTATION('',(#2218),#2221);
#2218 = B_SPLINE_CURVE_WITH_KNOTS('',1,(#2219,#2220),.UNSPECIFIED.,.F.,
  .F.,(2,2),(-33.,5.999999999062E-07),.PIECEWISE_BEZIER_KNOTS.);
#2219 = CARTESIAN_POINT('',(33.,-2.374772708487));
#2220 = CARTESIAN_POINT('',(-5.999999999062E-07,-2.374772708487));
#2221 = ( GEOMETRIC_REPRESENTATION_CONTEXT(2) 
PARAMETRIC_REPRESENTATION_CONTEXT() REPRESENTATION_CONTEXT('2D SPACE',''
  ) );
#2222 = PCURVE('',#163,#2223);
#2223 = DEFINITIONAL_REPRESENTATION('',(#2224),#2227);
#2224 = B_SPLINE_CURVE_WITH_KNOTS('',1,(#2225,#2226),.UNSPECIFIED.,.F.,
  .F.,(2,2),(-33.,5.999999999062E-07),.PIECEWISE_BEZIER_KNOTS.);
#2225 = CARTESIAN_POINT('',(-2.19967125229,-33.));
#2226 = CARTESIAN_POINT('',(-2.19967125229,5.999999999062E-07));
#2227 = ( GEOMETRIC_REPRESENTATION_CONTEXT(2) 
PARAMETRIC_REPRESENTATION_CONTEXT() REPRESENTATION_CONTEXT('2D SPACE',''
  ) );
#2228 = ORIENTED_EDGE('',*,*,#2229,.T.);
#2229 = EDGE_CURVE('',#2209,#2160,#2230,.T.);
#2230 = SURFACE_CURVE('',#2231,(#2235,#2242),.PCURVE_S1.);
#2231 = LINE('',#2232,#2233);
#2232 = CARTESIAN_POINT('',(136.,69.,-18.));
#2233 = VECTOR('',#2234,1.);
#2234 = DIRECTION('',(0.,1.,0.));
#2235 = PCURVE('',#191,#2236);
#2236 = DEFINITIONAL_REPRESENTATION('',(#2237),#2241);
#2237 = LINE('',#2238,#2239);
#2238 = CARTESIAN_POINT('',(0.,0.));
#2239 = VECTOR('',#2240,1.);
#2240 = DIRECTION('',(0.,-1.));
#2241 = ( GEOMETRIC_REPRESENTATION_CONTEXT(2) 
PARAMETRIC_REPRESENTATION_CONTEXT() REPRESENTATION_CONTEXT('2D SPACE',''
  ) );
#2242 = PCURVE('',#704,#2243);
#2243 = DEFINITIONAL_REPRESENTATION('',(#2244),#2248);
#2244 = LINE('',#2245,#2246);
#2245 = CARTESIAN_POINT('',(0.,0.));
#2246 = VECTOR('',#2247,1.);
#2247 = DIRECTION('',(0.,1.));
#2248 = ( GEOMETRIC_REPRESENTATION_CONTEXT(2) 
PARAMETRIC_REPRESENTATION_CONTEXT() REPRESENTATION_CONTEXT('2D SPACE',''
  ) );
#2249 = ORIENTED_EDGE('',*,*,#2183,.F.);
#2250 = ADVANCED_FACE('',(#2251),#163,.F.);
#2251 = FACE_BOUND('',#2252,.T.);
#2252 = EDGE_LOOP('',(#2253,#2277,#2298,#2299,#2300,#2322,#2323,#2324));
#2253 = ORIENTED_EDGE('',*,*,#2254,.F.);
#2254 = EDGE_CURVE('',#2255,#2209,#2257,.T.);
#2255 = VERTEX_POINT('',#2256);
#2256 = CARTESIAN_POINT('',(138.7,70.,-18.));
#2257 = SURFACE_CURVE('',#2258,(#2263,#2270),.PCURVE_S1.);
#2258 = CIRCLE('',#2259,1.7);
#2259 = AXIS2_PLACEMENT_3D('',#2260,#2261,#2262);
#2260 = CARTESIAN_POINT('',(137.,70.,-18.));
#2261 = DIRECTION('',(0.,0.,1.));
#2262 = DIRECTION('',(1.,0.,0.));
#2263 = PCURVE('',#163,#2264);
#2264 = DEFINITIONAL_REPRESENTATION('',(#2265),#2269);
#2265 = LINE('',#2266,#2267);
#2266 = CARTESIAN_POINT('',(-0.,0.));
#2267 = VECTOR('',#2268,1.);
#2268 = DIRECTION('',(-1.,0.));
#2269 = ( GEOMETRIC_REPRESENTATION_CONTEXT(2) 
PARAMETRIC_REPRESENTATION_CONTEXT() REPRESENTATION_CONTEXT('2D SPACE',''
  ) );
#2270 = PCURVE('',#704,#2271);
#2271 = DEFINITIONAL_REPRESENTATION('',(#2272),#2276);
#2272 = CIRCLE('',#2273,1.7);
#2273 = AXIS2_PLACEMENT_2D('',#2274,#2275);
#2274 = CARTESIAN_POINT('',(1.,1.));
#2275 = DIRECTION('',(1.,0.));
#2276 = ( GEOMETRIC_REPRESENTATION_CONTEXT(2) 
PARAMETRIC_REPRESENTATION_CONTEXT() REPRESENTATION_CONTEXT('2D SPACE',''
  ) );
#2277 = ORIENTED_EDGE('',*,*,#2278,.T.);
#2278 = EDGE_CURVE('',#2255,#531,#2279,.T.);
#2279 = SEAM_CURVE('',#2280,(#2284,#2291),.PCURVE_S1.);
#2280 = LINE('',#2281,#2282);
#2281 = CARTESIAN_POINT('',(138.7,70.,-18.));
#2282 = VECTOR('',#2283,1.);
#2283 = DIRECTION('',(0.,0.,1.));
#2284 = PCURVE('',#163,#2285);
#2285 = DEFINITIONAL_REPRESENTATION('',(#2286),#2290);
#2286 = LINE('',#2287,#2288);
#2287 = CARTESIAN_POINT('',(-6.28318530718,0.));
#2288 = VECTOR('',#2289,1.);
#2289 = DIRECTION('',(-0.,-1.));
#2290 = ( GEOMETRIC_REPRESENTATION_CONTEXT(2) 
PARAMETRIC_REPRESENTATION_CONTEXT() REPRESENTATION_CONTEXT('2D SPACE',''
  ) );
#2291 = PCURVE('',#163,#2292);
#2292 = DEFINITIONAL_REPRESENTATION('',(#2293),#2297);
#2293 = LINE('',#2294,#2295);
#2294 = CARTESIAN_POINT('',(-0.,0.));
#2295 = VECTOR('',#2296,1.);
#2296 = DIRECTION('',(-0.,-1.));
#2297 = ( GEOMETRIC_REPRESENTATION_CONTEXT(2) 
PARAMETRIC_REPRESENTATION_CONTEXT() REPRESENTATION_CONTEXT('2D SPACE',''
  ) );
#2298 = ORIENTED_EDGE('',*,*,#530,.F.);
#2299 = ORIENTED_EDGE('',*,*,#2278,.F.);
#2300 = ORIENTED_EDGE('',*,*,#2301,.F.);
#2301 = EDGE_CURVE('',#687,#2255,#2302,.T.);
#2302 = SURFACE_CURVE('',#2303,(#2308,#2315),.PCURVE_S1.);
#2303 = CIRCLE('',#2304,1.7);
#2304 = AXIS2_PLACEMENT_3D('',#2305,#2306,#2307);
#2305 = CARTESIAN_POINT('',(137.,70.,-18.));
#2306 = DIRECTION('',(0.,0.,1.));
#2307 = DIRECTION('',(1.,0.,0.));
#2308 = PCURVE('',#163,#2309);
#2309 = DEFINITIONAL_REPRESENTATION('',(#2310),#2314);
#2310 = LINE('',#2311,#2312);
#2311 = CARTESIAN_POINT('',(-0.,0.));
#2312 = VECTOR('',#2313,1.);
#2313 = DIRECTION('',(-1.,0.));
#2314 = ( GEOMETRIC_REPRESENTATION_CONTEXT(2) 
PARAMETRIC_REPRESENTATION_CONTEXT() REPRESENTATION_CONTEXT('2D SPACE',''
  ) );
#2315 = PCURVE('',#704,#2316);
#2316 = DEFINITIONAL_REPRESENTATION('',(#2317),#2321);
#2317 = CIRCLE('',#2318,1.7);
#2318 = AXIS2_PLACEMENT_2D('',#2319,#2320);
#2319 = CARTESIAN_POINT('',(1.,1.));
#2320 = DIRECTION('',(1.,0.));
#2321 = ( GEOMETRIC_REPRESENTATION_CONTEXT(2) 
PARAMETRIC_REPRESENTATION_CONTEXT() REPRESENTATION_CONTEXT('2D SPACE',''
  ) );
#2322 = ORIENTED_EDGE('',*,*,#716,.F.);
#2323 = ORIENTED_EDGE('',*,*,#142,.T.);
#2324 = ORIENTED_EDGE('',*,*,#2208,.T.);
#2325 = ADVANCED_FACE('',(#2326),#641,.F.);
#2326 = FACE_BOUND('',#2327,.T.);
#2327 = EDGE_LOOP('',(#2328,#2352,#2373,#2374,#2375,#2399,#2428,#2452));
#2328 = ORIENTED_EDGE('',*,*,#2329,.F.);
#2329 = EDGE_CURVE('',#2330,#1552,#2332,.T.);
#2330 = VERTEX_POINT('',#2331);
#2331 = CARTESIAN_POINT('',(149.5,78.,-18.));
#2332 = SURFACE_CURVE('',#2333,(#2338,#2345),.PCURVE_S1.);
#2333 = CIRCLE('',#2334,4.5);
#2334 = AXIS2_PLACEMENT_3D('',#2335,#2336,#2337);
#2335 = CARTESIAN_POINT('',(145.,78.,-18.));
#2336 = DIRECTION('',(0.,0.,1.));
#2337 = DIRECTION('',(1.,0.,0.));
#2338 = PCURVE('',#641,#2339);
#2339 = DEFINITIONAL_REPRESENTATION('',(#2340),#2344);
#2340 = LINE('',#2341,#2342);
#2341 = CARTESIAN_POINT('',(-0.,0.));
#2342 = VECTOR('',#2343,1.);
#2343 = DIRECTION('',(-1.,0.));
#2344 = ( GEOMETRIC_REPRESENTATION_CONTEXT(2) 
PARAMETRIC_REPRESENTATION_CONTEXT() REPRESENTATION_CONTEXT('2D SPACE',''
  ) );
#2345 = PCURVE('',#704,#2346);
#2346 = DEFINITIONAL_REPRESENTATION('',(#2347),#2351);
#2347 = CIRCLE('',#2348,4.5);
#2348 = AXIS2_PLACEMENT_2D('',#2349,#2350);
#2349 = CARTESIAN_POINT('',(9.,9.));
#2350 = DIRECTION('',(1.,0.));
#2351 = ( GEOMETRIC_REPRESENTATION_CONTEXT(2) 
PARAMETRIC_REPRESENTATION_CONTEXT() REPRESENTATION_CONTEXT('2D SPACE',''
  ) );
#2352 = ORIENTED_EDGE('',*,*,#2353,.T.);
#2353 = EDGE_CURVE('',#2330,#621,#2354,.T.);
#2354 = SEAM_CURVE('',#2355,(#2359,#2366),.PCURVE_S1.);
#2355 = LINE('',#2356,#2357);
#2356 = CARTESIAN_POINT('',(149.5,78.,-18.));
#2357 = VECTOR('',#2358,1.);
#2358 = DIRECTION('',(0.,0.,1.));
#2359 = PCURVE('',#641,#2360);
#2360 = DEFINITIONAL_REPRESENTATION('',(#2361),#2365);
#2361 = LINE('',#2362,#2363);
#2362 = CARTESIAN_POINT('',(-6.28318530718,0.));
#2363 = VECTOR('',#2364,1.);
#2364 = DIRECTION('',(-0.,-1.));
#2365 = ( GEOMETRIC_REPRESENTATION_CONTEXT(2) 
PARAMETRIC_REPRESENTATION_CONTEXT() REPRESENTATION_CONTEXT('2D SPACE',''
  ) );
#2366 = PCURVE('',#641,#2367);
#2367 = DEFINITIONAL_REPRESENTATION('',(#2368),#2372);
#2368 = LINE('',#2369,#2370);
#2369 = CARTESIAN_POINT('',(-0.,0.));
#2370 = VECTOR('',#2371,1.);
#2371 = DIRECTION('',(-0.,-1.));
#2372 = ( GEOMETRIC_REPRESENTATION_CONTEXT(2) 
PARAMETRIC_REPRESENTATION_CONTEXT() REPRESENTATION_CONTEXT('2D SPACE',''
  ) );
#2373 = ORIENTED_EDGE('',*,*,#620,.F.);
#2374 = ORIENTED_EDGE('',*,*,#2353,.F.);
#2375 = ORIENTED_EDGE('',*,*,#2376,.F.);
#2376 = EDGE_CURVE('',#2377,#2330,#2379,.T.);
#2377 = VERTEX_POINT('',#2378);
#2378 = CARTESIAN_POINT('',(146.,73.612517806304,-18.));
#2379 = SURFACE_CURVE('',#2380,(#2385,#2392),.PCURVE_S1.);
#2380 = CIRCLE('',#2381,4.5);
#2381 = AXIS2_PLACEMENT_3D('',#2382,#2383,#2384);
#2382 = CARTESIAN_POINT('',(145.,78.,-18.));
#2383 = DIRECTION('',(0.,0.,1.));
#2384 = DIRECTION('',(1.,0.,0.));
#2385 = PCURVE('',#641,#2386);
#2386 = DEFINITIONAL_REPRESENTATION('',(#2387),#2391);
#2387 = LINE('',#2388,#2389);
#2388 = CARTESIAN_POINT('',(-0.,0.));
#2389 = VECTOR('',#2390,1.);
#2390 = DIRECTION('',(-1.,0.));
#2391 = ( GEOMETRIC_REPRESENTATION_CONTEXT(2) 
PARAMETRIC_REPRESENTATION_CONTEXT() REPRESENTATION_CONTEXT('2D SPACE',''
  ) );
#2392 = PCURVE('',#704,#2393);
#2393 = DEFINITIONAL_REPRESENTATION('',(#2394),#2398);
#2394 = CIRCLE('',#2395,4.5);
#2395 = AXIS2_PLACEMENT_2D('',#2396,#2397);
#2396 = CARTESIAN_POINT('',(9.,9.));
#2397 = DIRECTION('',(1.,0.));
#2398 = ( GEOMETRIC_REPRESENTATION_CONTEXT(2) 
PARAMETRIC_REPRESENTATION_CONTEXT() REPRESENTATION_CONTEXT('2D SPACE',''
  ) );
#2399 = ORIENTED_EDGE('',*,*,#2400,.F.);
#2400 = EDGE_CURVE('',#2401,#2377,#2403,.T.);
#2401 = VERTEX_POINT('',#2402);
#2402 = CARTESIAN_POINT('',(141.,75.938447187191,-18.));
#2403 = SURFACE_CURVE('',#2404,(#2409,#2416),.PCURVE_S1.);
#2404 = CIRCLE('',#2405,4.5);
#2405 = AXIS2_PLACEMENT_3D('',#2406,#2407,#2408);
#2406 = CARTESIAN_POINT('',(145.,78.,-18.));
#2407 = DIRECTION('',(0.,0.,1.));
#2408 = DIRECTION('',(1.,0.,0.));
#2409 = PCURVE('',#641,#2410);
#2410 = DEFINITIONAL_REPRESENTATION('',(#2411),#2415);
#2411 = LINE('',#2412,#2413);
#2412 = CARTESIAN_POINT('',(-0.,0.));
#2413 = VECTOR('',#2414,1.);
#2414 = DIRECTION('',(-1.,0.));
#2415 = ( GEOMETRIC_REPRESENTATION_CONTEXT(2) 
PARAMETRIC_REPRESENTATION_CONTEXT() REPRESENTATION_CONTEXT('2D SPACE',''
  ) );
#2416 = PCURVE('',#2417,#2422);
#2417 = PLANE('',#2418);
#2418 = AXIS2_PLACEMENT_3D('',#2419,#2420,#2421);
#2419 = CARTESIAN_POINT('',(145.,78.,-18.));
#2420 = DIRECTION('',(0.,0.,1.));
#2421 = DIRECTION('',(1.,0.,-0.));
#2422 = DEFINITIONAL_REPRESENTATION('',(#2423),#2427);
#2423 = CIRCLE('',#2424,4.5);
#2424 = AXIS2_PLACEMENT_2D('',#2425,#2426);
#2425 = CARTESIAN_POINT('',(0.,0.));
#2426 = DIRECTION('',(1.,0.));
#2427 = ( GEOMETRIC_REPRESENTATION_CONTEXT(2) 
PARAMETRIC_REPRESENTATION_CONTEXT() REPRESENTATION_CONTEXT('2D SPACE',''
  ) );
#2428 = ORIENTED_EDGE('',*,*,#2429,.F.);
#2429 = EDGE_CURVE('',#2430,#2401,#2432,.T.);
#2430 = VERTEX_POINT('',#2431);
#2431 = CARTESIAN_POINT('',(141.64589803375,81.,-18.));
#2432 = SURFACE_CURVE('',#2433,(#2438,#2445),.PCURVE_S1.);
#2433 = CIRCLE('',#2434,4.5);
#2434 = AXIS2_PLACEMENT_3D('',#2435,#2436,#2437);
#2435 = CARTESIAN_POINT('',(145.,78.,-18.));
#2436 = DIRECTION('',(0.,0.,1.));
#2437 = DIRECTION('',(1.,0.,0.));
#2438 = PCURVE('',#641,#2439);
#2439 = DEFINITIONAL_REPRESENTATION('',(#2440),#2444);
#2440 = LINE('',#2441,#2442);
#2441 = CARTESIAN_POINT('',(-0.,0.));
#2442 = VECTOR('',#2443,1.);
#2443 = DIRECTION('',(-1.,0.));
#2444 = ( GEOMETRIC_REPRESENTATION_CONTEXT(2) 
PARAMETRIC_REPRESENTATION_CONTEXT() REPRESENTATION_CONTEXT('2D SPACE',''
  ) );
#2445 = PCURVE('',#704,#2446);
#2446 = DEFINITIONAL_REPRESENTATION('',(#2447),#2451);
#2447 = CIRCLE('',#2448,4.5);
#2448 = AXIS2_PLACEMENT_2D('',#2449,#2450);
#2449 = CARTESIAN_POINT('',(9.,9.));
#2450 = DIRECTION('',(1.,0.));
#2451 = ( GEOMETRIC_REPRESENTATION_CONTEXT(2) 
PARAMETRIC_REPRESENTATION_CONTEXT() REPRESENTATION_CONTEXT('2D SPACE',''
  ) );
#2452 = ORIENTED_EDGE('',*,*,#2453,.F.);
#2453 = EDGE_CURVE('',#1552,#2430,#2454,.T.);
#2454 = SURFACE_CURVE('',#2455,(#2460,#2467),.PCURVE_S1.);
#2455 = CIRCLE('',#2456,4.5);
#2456 = AXIS2_PLACEMENT_3D('',#2457,#2458,#2459);
#2457 = CARTESIAN_POINT('',(145.,78.,-18.));
#2458 = DIRECTION('',(0.,0.,1.));
#2459 = DIRECTION('',(1.,0.,0.));
#2460 = PCURVE('',#641,#2461);
#2461 = DEFINITIONAL_REPRESENTATION('',(#2462),#2466);
#2462 = LINE('',#2463,#2464);
#2463 = CARTESIAN_POINT('',(-0.,0.));
#2464 = VECTOR('',#2465,1.);
#2465 = DIRECTION('',(-1.,0.));
#2466 = ( GEOMETRIC_REPRESENTATION_CONTEXT(2) 
PARAMETRIC_REPRESENTATION_CONTEXT() REPRESENTATION_CONTEXT('2D SPACE',''
  ) );
#2467 = PCURVE('',#1566,#2468);
#2468 = DEFINITIONAL_REPRESENTATION('',(#2469),#2473);
#2469 = CIRCLE('',#2470,4.5);
#2470 = AXIS2_PLACEMENT_2D('',#2471,#2472);
#2471 = CARTESIAN_POINT('',(0.,0.));
#2472 = DIRECTION('',(1.,0.));
#2473 = ( GEOMETRIC_REPRESENTATION_CONTEXT(2) 
PARAMETRIC_REPRESENTATION_CONTEXT() REPRESENTATION_CONTEXT('2D SPACE',''
  ) );
#2474 = ADVANCED_FACE('',(#2475),#704,.F.);
#2475 = FACE_BOUND('',#2476,.F.);
#2476 = EDGE_LOOP('',(#2477,#2478,#2479,#2480,#2481,#2482,#2483,#2484,
    #2485,#2486,#2487,#2488,#2489,#2490,#2491,#2517,#2543,#2567,#2568,
    #2587));
#2477 = ORIENTED_EDGE('',*,*,#2065,.F.);
#2478 = ORIENTED_EDGE('',*,*,#2112,.F.);
#2479 = ORIENTED_EDGE('',*,*,#2159,.F.);
#2480 = ORIENTED_EDGE('',*,*,#2229,.F.);
#2481 = ORIENTED_EDGE('',*,*,#2254,.F.);
#2482 = ORIENTED_EDGE('',*,*,#2301,.F.);
#2483 = ORIENTED_EDGE('',*,*,#686,.T.);
#2484 = ORIENTED_EDGE('',*,*,#880,.F.);
#2485 = ORIENTED_EDGE('',*,*,#928,.T.);
#2486 = ORIENTED_EDGE('',*,*,#999,.F.);
#2487 = ORIENTED_EDGE('',*,*,#1045,.F.);
#2488 = ORIENTED_EDGE('',*,*,#1578,.F.);
#2489 = ORIENTED_EDGE('',*,*,#2329,.F.);
#2490 = ORIENTED_EDGE('',*,*,#2376,.F.);
#2491 = ORIENTED_EDGE('',*,*,#2492,.T.);
#2492 = EDGE_CURVE('',#2377,#2493,#2495,.T.);
#2493 = VERTEX_POINT('',#2494);
#2494 = CARTESIAN_POINT('',(146.,69.458333333333,-18.));
#2495 = SURFACE_CURVE('',#2496,(#2500,#2506),.PCURVE_S1.);
#2496 = LINE('',#2497,#2498);
#2497 = CARTESIAN_POINT('',(146.,59.036778554659,-18.));
#2498 = VECTOR('',#2499,1.);
#2499 = DIRECTION('',(0.,-1.,0.));
#2500 = PCURVE('',#704,#2501);
#2501 = DEFINITIONAL_REPRESENTATION('',(#2502),#2505);
#2502 = B_SPLINE_CURVE_WITH_KNOTS('',1,(#2503,#2504),.UNSPECIFIED.,.F.,
  .F.,(2,2),(-20.96322144534,-9.963221445341),.PIECEWISE_BEZIER_KNOTS.);
#2503 = CARTESIAN_POINT('',(10.,11.));
#2504 = CARTESIAN_POINT('',(10.,0.));
#2505 = ( GEOMETRIC_REPRESENTATION_CONTEXT(2) 
PARAMETRIC_REPRESENTATION_CONTEXT() REPRESENTATION_CONTEXT('2D SPACE',''
  ) );
#2506 = PCURVE('',#2507,#2512);
#2507 = PLANE('',#2508);
#2508 = AXIS2_PLACEMENT_3D('',#2509,#2510,#2511);
#2509 = CARTESIAN_POINT('',(146.,49.073557109318,-48.63815031011));
#2510 = DIRECTION('',(1.,0.,0.));
#2511 = DIRECTION('',(-0.,0.,1.));
#2512 = DEFINITIONAL_REPRESENTATION('',(#2513),#2516);
#2513 = B_SPLINE_CURVE_WITH_KNOTS('',1,(#2514,#2515),.UNSPECIFIED.,.F.,
  .F.,(2,2),(-20.96322144534,-9.963221445341),.PIECEWISE_BEZIER_KNOTS.);
#2514 = CARTESIAN_POINT('',(30.638150310118,-30.92644289068));
#2515 = CARTESIAN_POINT('',(30.638150310118,-19.92644289068));
#2516 = ( GEOMETRIC_REPRESENTATION_CONTEXT(2) 
PARAMETRIC_REPRESENTATION_CONTEXT() REPRESENTATION_CONTEXT('2D SPACE',''
  ) );
#2517 = ORIENTED_EDGE('',*,*,#2518,.F.);
#2518 = EDGE_CURVE('',#2519,#2493,#2521,.T.);
#2519 = VERTEX_POINT('',#2520);
#2520 = CARTESIAN_POINT('',(141.,69.458333333333,-18.));
#2521 = SURFACE_CURVE('',#2522,(#2526,#2532),.PCURVE_S1.);
#2522 = LINE('',#2523,#2524);
#2523 = CARTESIAN_POINT('',(138.5,69.458333333333,-18.));
#2524 = VECTOR('',#2525,1.);
#2525 = DIRECTION('',(1.,-0.,0.));
#2526 = PCURVE('',#704,#2527);
#2527 = DEFINITIONAL_REPRESENTATION('',(#2528),#2531);
#2528 = B_SPLINE_CURVE_WITH_KNOTS('',1,(#2529,#2530),.UNSPECIFIED.,.F.,
  .F.,(2,2),(2.5,7.5),.PIECEWISE_BEZIER_KNOTS.);
#2529 = CARTESIAN_POINT('',(5.,0.458333333333));
#2530 = CARTESIAN_POINT('',(10.,0.458333333333));
#2531 = ( GEOMETRIC_REPRESENTATION_CONTEXT(2) 
PARAMETRIC_REPRESENTATION_CONTEXT() REPRESENTATION_CONTEXT('2D SPACE',''
  ) );
#2532 = PCURVE('',#2533,#2538);
#2533 = PLANE('',#2534);
#2534 = AXIS2_PLACEMENT_3D('',#2535,#2536,#2537);
#2535 = CARTESIAN_POINT('',(141.,75.,-11.));
#2536 = DIRECTION('',(0.,0.784045824462,-0.620702944366));
#2537 = DIRECTION('',(0.,-0.620702944366,-0.784045824462));
#2538 = DEFINITIONAL_REPRESENTATION('',(#2539),#2542);
#2539 = B_SPLINE_CURVE_WITH_KNOTS('',1,(#2540,#2541),.UNSPECIFIED.,.F.,
  .F.,(2,2),(2.5,7.5),.PIECEWISE_BEZIER_KNOTS.);
#2540 = CARTESIAN_POINT('',(8.928049587925,0.));
#2541 = CARTESIAN_POINT('',(8.928049587925,-5.));
#2542 = ( GEOMETRIC_REPRESENTATION_CONTEXT(2) 
PARAMETRIC_REPRESENTATION_CONTEXT() REPRESENTATION_CONTEXT('2D SPACE',''
  ) );
#2543 = ORIENTED_EDGE('',*,*,#2544,.F.);
#2544 = EDGE_CURVE('',#2401,#2519,#2545,.T.);
#2545 = SURFACE_CURVE('',#2546,(#2550,#2556),.PCURVE_S1.);
#2546 = LINE('',#2547,#2548);
#2547 = CARTESIAN_POINT('',(141.,59.036778554659,-18.));
#2548 = VECTOR('',#2549,1.);
#2549 = DIRECTION('',(0.,-1.,0.));
#2550 = PCURVE('',#704,#2551);
#2551 = DEFINITIONAL_REPRESENTATION('',(#2552),#2555);
#2552 = B_SPLINE_CURVE_WITH_KNOTS('',1,(#2553,#2554),.UNSPECIFIED.,.F.,
  .F.,(2,2),(-20.96322144534,-9.963221445341),.PIECEWISE_BEZIER_KNOTS.);
#2553 = CARTESIAN_POINT('',(5.,11.));
#2554 = CARTESIAN_POINT('',(5.,0.));
#2555 = ( GEOMETRIC_REPRESENTATION_CONTEXT(2) 
PARAMETRIC_REPRESENTATION_CONTEXT() REPRESENTATION_CONTEXT('2D SPACE',''
  ) );
#2556 = PCURVE('',#2557,#2562);
#2557 = PLANE('',#2558);
#2558 = AXIS2_PLACEMENT_3D('',#2559,#2560,#2561);
#2559 = CARTESIAN_POINT('',(141.,49.073557109318,-48.63815031011));
#2560 = DIRECTION('',(1.,0.,0.));
#2561 = DIRECTION('',(-0.,0.,1.));
#2562 = DEFINITIONAL_REPRESENTATION('',(#2563),#2566);
#2563 = B_SPLINE_CURVE_WITH_KNOTS('',1,(#2564,#2565),.UNSPECIFIED.,.F.,
  .F.,(2,2),(-20.96322144534,-9.963221445341),.PIECEWISE_BEZIER_KNOTS.);
#2564 = CARTESIAN_POINT('',(30.638150310118,-30.92644289068));
#2565 = CARTESIAN_POINT('',(30.638150310118,-19.92644289068));
#2566 = ( GEOMETRIC_REPRESENTATION_CONTEXT(2) 
PARAMETRIC_REPRESENTATION_CONTEXT() REPRESENTATION_CONTEXT('2D SPACE',''
  ) );
#2567 = ORIENTED_EDGE('',*,*,#2429,.F.);
#2568 = ORIENTED_EDGE('',*,*,#2569,.F.);
#2569 = EDGE_CURVE('',#2001,#2430,#2570,.T.);
#2570 = SURFACE_CURVE('',#2571,(#2575,#2581),.PCURVE_S1.);
#2571 = LINE('',#2572,#2573);
#2572 = CARTESIAN_POINT('',(137.5,81.,-18.));
#2573 = VECTOR('',#2574,1.);
#2574 = DIRECTION('',(1.,0.,-0.));
#2575 = PCURVE('',#704,#2576);
#2576 = DEFINITIONAL_REPRESENTATION('',(#2577),#2580);
#2577 = B_SPLINE_CURVE_WITH_KNOTS('',1,(#2578,#2579),.UNSPECIFIED.,.F.,
  .F.,(2,2),(3.5,8.5),.PIECEWISE_BEZIER_KNOTS.);
#2578 = CARTESIAN_POINT('',(5.,12.));
#2579 = CARTESIAN_POINT('',(10.,12.));
#2580 = ( GEOMETRIC_REPRESENTATION_CONTEXT(2) 
PARAMETRIC_REPRESENTATION_CONTEXT() REPRESENTATION_CONTEXT('2D SPACE',''
  ) );
#2581 = PCURVE('',#1540,#2582);
#2582 = DEFINITIONAL_REPRESENTATION('',(#2583),#2586);
#2583 = B_SPLINE_CURVE_WITH_KNOTS('',1,(#2584,#2585),.UNSPECIFIED.,.F.,
  .F.,(2,2),(3.5,8.5),.PIECEWISE_BEZIER_KNOTS.);
#2584 = CARTESIAN_POINT('',(18.,-2.));
#2585 = CARTESIAN_POINT('',(18.,-7.));
#2586 = ( GEOMETRIC_REPRESENTATION_CONTEXT(2) 
PARAMETRIC_REPRESENTATION_CONTEXT() REPRESENTATION_CONTEXT('2D SPACE',''
  ) );
#2587 = ORIENTED_EDGE('',*,*,#2021,.T.);
#2588 = ADVANCED_FACE('',(#2589),#795,.T.);
#2589 = FACE_BOUND('',#2590,.T.);
#2590 = EDGE_LOOP('',(#2591,#2592,#2613,#2614));
#2591 = ORIENTED_EDGE('',*,*,#1894,.F.);
#2592 = ORIENTED_EDGE('',*,*,#2593,.T.);
#2593 = EDGE_CURVE('',#1872,#1377,#2594,.T.);
#2594 = SURFACE_CURVE('',#2595,(#2599,#2606),.PCURVE_S1.);
#2595 = LINE('',#2596,#2597);
#2596 = CARTESIAN_POINT('',(141.,9.,-37.));
#2597 = VECTOR('',#2598,1.);
#2598 = DIRECTION('',(1.,0.,0.));
#2599 = PCURVE('',#795,#2600);
#2600 = DEFINITIONAL_REPRESENTATION('',(#2601),#2605);
#2601 = LINE('',#2602,#2603);
#2602 = CARTESIAN_POINT('',(0.,0.));
#2603 = VECTOR('',#2604,1.);
#2604 = DIRECTION('',(0.,-1.));
#2605 = ( GEOMETRIC_REPRESENTATION_CONTEXT(2) 
PARAMETRIC_REPRESENTATION_CONTEXT() REPRESENTATION_CONTEXT('2D SPACE',''
  ) );
#2606 = PCURVE('',#1392,#2607);
#2607 = DEFINITIONAL_REPRESENTATION('',(#2608),#2612);
#2608 = LINE('',#2609,#2610);
#2609 = CARTESIAN_POINT('',(63.,0.));
#2610 = VECTOR('',#2611,1.);
#2611 = DIRECTION('',(0.,-1.));
#2612 = ( GEOMETRIC_REPRESENTATION_CONTEXT(2) 
PARAMETRIC_REPRESENTATION_CONTEXT() REPRESENTATION_CONTEXT('2D SPACE',''
  ) );
#2613 = ORIENTED_EDGE('',*,*,#1404,.T.);
#2614 = ORIENTED_EDGE('',*,*,#780,.T.);
#2615 = ADVANCED_FACE('',(#2616),#840,.F.);
#2616 = FACE_BOUND('',#2617,.F.);
#2617 = EDGE_LOOP('',(#2618,#2619,#2640,#2641));
#2618 = ORIENTED_EDGE('',*,*,#1916,.F.);
#2619 = ORIENTED_EDGE('',*,*,#2620,.T.);
#2620 = EDGE_CURVE('',#1917,#1427,#2621,.T.);
#2621 = SURFACE_CURVE('',#2622,(#2626,#2633),.PCURVE_S1.);
#2622 = LINE('',#2623,#2624);
#2623 = CARTESIAN_POINT('',(139.,18.,-43.));
#2624 = VECTOR('',#2625,1.);
#2625 = DIRECTION('',(1.,0.,0.));
#2626 = PCURVE('',#840,#2627);
#2627 = DEFINITIONAL_REPRESENTATION('',(#2628),#2632);
#2628 = LINE('',#2629,#2630);
#2629 = CARTESIAN_POINT('',(0.,0.));
#2630 = VECTOR('',#2631,1.);
#2631 = DIRECTION('',(0.,-1.));
#2632 = ( GEOMETRIC_REPRESENTATION_CONTEXT(2) 
PARAMETRIC_REPRESENTATION_CONTEXT() REPRESENTATION_CONTEXT('2D SPACE',''
  ) );
#2633 = PCURVE('',#1462,#2634);
#2634 = DEFINITIONAL_REPRESENTATION('',(#2635),#2639);
#2635 = LINE('',#2636,#2637);
#2636 = CARTESIAN_POINT('',(47.,0.));
#2637 = VECTOR('',#2638,1.);
#2638 = DIRECTION('',(0.,-1.));
#2639 = ( GEOMETRIC_REPRESENTATION_CONTEXT(2) 
PARAMETRIC_REPRESENTATION_CONTEXT() REPRESENTATION_CONTEXT('2D SPACE',''
  ) );
#2640 = ORIENTED_EDGE('',*,*,#1426,.T.);
#2641 = ORIENTED_EDGE('',*,*,#827,.T.);
#2642 = ADVANCED_FACE('',(#2643),#1566,.T.);
#2643 = FACE_BOUND('',#2644,.T.);
#2644 = EDGE_LOOP('',(#2645,#2646,#2647));
#2645 = ORIENTED_EDGE('',*,*,#1551,.T.);
#2646 = ORIENTED_EDGE('',*,*,#2453,.T.);
#2647 = ORIENTED_EDGE('',*,*,#2648,.T.);
#2648 = EDGE_CURVE('',#2430,#1526,#2649,.T.);
#2649 = SURFACE_CURVE('',#2650,(#2654,#2661),.PCURVE_S1.);
#2650 = LINE('',#2651,#2652);
#2651 = CARTESIAN_POINT('',(137.5,81.,-18.));
#2652 = VECTOR('',#2653,1.);
#2653 = DIRECTION('',(1.,0.,-0.));
#2654 = PCURVE('',#1566,#2655);
#2655 = DEFINITIONAL_REPRESENTATION('',(#2656),#2660);
#2656 = LINE('',#2657,#2658);
#2657 = CARTESIAN_POINT('',(-7.5,3.));
#2658 = VECTOR('',#2659,1.);
#2659 = DIRECTION('',(1.,0.));
#2660 = ( GEOMETRIC_REPRESENTATION_CONTEXT(2) 
PARAMETRIC_REPRESENTATION_CONTEXT() REPRESENTATION_CONTEXT('2D SPACE',''
  ) );
#2661 = PCURVE('',#1540,#2662);
#2662 = DEFINITIONAL_REPRESENTATION('',(#2663),#2666);
#2663 = B_SPLINE_CURVE_WITH_KNOTS('',1,(#2664,#2665),.UNSPECIFIED.,.F.,
  .F.,(2,2),(3.5,8.5),.PIECEWISE_BEZIER_KNOTS.);
#2664 = CARTESIAN_POINT('',(18.,-2.));
#2665 = CARTESIAN_POINT('',(18.,-7.));
#2666 = ( GEOMETRIC_REPRESENTATION_CONTEXT(2) 
PARAMETRIC_REPRESENTATION_CONTEXT() REPRESENTATION_CONTEXT('2D SPACE',''
  ) );
#2667 = ADVANCED_FACE('',(#2668),#1540,.F.);
#2668 = FACE_BOUND('',#2669,.F.);
#2669 = EDGE_LOOP('',(#2670,#2671,#2672,#2673,#2674));
#2670 = ORIENTED_EDGE('',*,*,#2000,.F.);
#2671 = ORIENTED_EDGE('',*,*,#2569,.T.);
#2672 = ORIENTED_EDGE('',*,*,#2648,.T.);
#2673 = ORIENTED_EDGE('',*,*,#1525,.T.);
#2674 = ORIENTED_EDGE('',*,*,#2675,.F.);
#2675 = EDGE_CURVE('',#1980,#1500,#2676,.T.);
#2676 = SURFACE_CURVE('',#2677,(#2681,#2688),.PCURVE_S1.);
#2677 = LINE('',#2678,#2679);
#2678 = CARTESIAN_POINT('',(139.,81.,-153.));
#2679 = VECTOR('',#2680,1.);
#2680 = DIRECTION('',(1.,0.,0.));
#2681 = PCURVE('',#1540,#2682);
#2682 = DEFINITIONAL_REPRESENTATION('',(#2683),#2687);
#2683 = LINE('',#2684,#2685);
#2684 = CARTESIAN_POINT('',(153.,0.));
#2685 = VECTOR('',#2686,1.);
#2686 = DIRECTION('',(0.,-1.));
#2687 = ( GEOMETRIC_REPRESENTATION_CONTEXT(2) 
PARAMETRIC_REPRESENTATION_CONTEXT() REPRESENTATION_CONTEXT('2D SPACE',''
  ) );
#2688 = PCURVE('',#1514,#2689);
#2689 = DEFINITIONAL_REPRESENTATION('',(#2690),#2694);
#2690 = LINE('',#2691,#2692);
#2691 = CARTESIAN_POINT('',(0.,0.));
#2692 = VECTOR('',#2693,1.);
#2693 = DIRECTION('',(0.,-1.));
#2694 = ( GEOMETRIC_REPRESENTATION_CONTEXT(2) 
PARAMETRIC_REPRESENTATION_CONTEXT() REPRESENTATION_CONTEXT('2D SPACE',''
  ) );
#2695 = ADVANCED_FACE('',(#2696),#1514,.F.);
#2696 = FACE_BOUND('',#2697,.F.);
#2697 = EDGE_LOOP('',(#2698,#2699,#2700,#2701));
#2698 = ORIENTED_EDGE('',*,*,#1979,.F.);
#2699 = ORIENTED_EDGE('',*,*,#2675,.T.);
#2700 = ORIENTED_EDGE('',*,*,#1499,.T.);
#2701 = ORIENTED_EDGE('',*,*,#2702,.F.);
#2702 = EDGE_CURVE('',#1959,#1474,#2703,.T.);
#2703 = SURFACE_CURVE('',#2704,(#2708,#2715),.PCURVE_S1.);
#2704 = LINE('',#2705,#2706);
#2705 = CARTESIAN_POINT('',(139.,18.,-90.));
#2706 = VECTOR('',#2707,1.);
#2707 = DIRECTION('',(1.,0.,0.));
#2708 = PCURVE('',#1514,#2709);
#2709 = DEFINITIONAL_REPRESENTATION('',(#2710),#2714);
#2710 = LINE('',#2711,#2712);
#2711 = CARTESIAN_POINT('',(89.095454429505,0.));
#2712 = VECTOR('',#2713,1.);
#2713 = DIRECTION('',(0.,-1.));
#2714 = ( GEOMETRIC_REPRESENTATION_CONTEXT(2) 
PARAMETRIC_REPRESENTATION_CONTEXT() REPRESENTATION_CONTEXT('2D SPACE',''
  ) );
#2715 = PCURVE('',#1488,#2716);
#2716 = DEFINITIONAL_REPRESENTATION('',(#2717),#2721);
#2717 = LINE('',#2718,#2719);
#2718 = CARTESIAN_POINT('',(0.,0.));
#2719 = VECTOR('',#2720,1.);
#2720 = DIRECTION('',(0.,-1.));
#2721 = ( GEOMETRIC_REPRESENTATION_CONTEXT(2) 
PARAMETRIC_REPRESENTATION_CONTEXT() REPRESENTATION_CONTEXT('2D SPACE',''
  ) );
#2722 = ADVANCED_FACE('',(#2723),#1488,.F.);
#2723 = FACE_BOUND('',#2724,.F.);
#2724 = EDGE_LOOP('',(#2725,#2726,#2727,#2728));
#2725 = ORIENTED_EDGE('',*,*,#1958,.F.);
#2726 = ORIENTED_EDGE('',*,*,#2702,.T.);
#2727 = ORIENTED_EDGE('',*,*,#1473,.T.);
#2728 = ORIENTED_EDGE('',*,*,#2729,.F.);
#2729 = EDGE_CURVE('',#1938,#1448,#2730,.T.);
#2730 = SURFACE_CURVE('',#2731,(#2735,#2742),.PCURVE_S1.);
#2731 = LINE('',#2732,#2733);
#2732 = CARTESIAN_POINT('',(141.,18.,-83.));
#2733 = VECTOR('',#2734,1.);
#2734 = DIRECTION('',(1.,0.,0.));
#2735 = PCURVE('',#1488,#2736);
#2736 = DEFINITIONAL_REPRESENTATION('',(#2737),#2741);
#2737 = LINE('',#2738,#2739);
#2738 = CARTESIAN_POINT('',(7.,-2.));
#2739 = VECTOR('',#2740,1.);
#2740 = DIRECTION('',(0.,-1.));
#2741 = ( GEOMETRIC_REPRESENTATION_CONTEXT(2) 
PARAMETRIC_REPRESENTATION_CONTEXT() REPRESENTATION_CONTEXT('2D SPACE',''
  ) );
#2742 = PCURVE('',#1462,#2743);
#2743 = DEFINITIONAL_REPRESENTATION('',(#2744),#2748);
#2744 = LINE('',#2745,#2746);
#2745 = CARTESIAN_POINT('',(7.,-2.));
#2746 = VECTOR('',#2747,1.);
#2747 = DIRECTION('',(0.,-1.));
#2748 = ( GEOMETRIC_REPRESENTATION_CONTEXT(2) 
PARAMETRIC_REPRESENTATION_CONTEXT() REPRESENTATION_CONTEXT('2D SPACE',''
  ) );
#2749 = ADVANCED_FACE('',(#2750),#1462,.F.);
#2750 = FACE_BOUND('',#2751,.F.);
#2751 = EDGE_LOOP('',(#2752,#2753,#2754,#2755));
#2752 = ORIENTED_EDGE('',*,*,#1937,.F.);
#2753 = ORIENTED_EDGE('',*,*,#2729,.T.);
#2754 = ORIENTED_EDGE('',*,*,#1447,.T.);
#2755 = ORIENTED_EDGE('',*,*,#2620,.F.);
#2756 = ADVANCED_FACE('',(#2757),#1392,.T.);
#2757 = FACE_BOUND('',#2758,.T.);
#2758 = EDGE_LOOP('',(#2759,#2760,#2779,#2780));
#2759 = ORIENTED_EDGE('',*,*,#1871,.F.);
#2760 = ORIENTED_EDGE('',*,*,#2761,.F.);
#2761 = EDGE_CURVE('',#1351,#1851,#2762,.T.);
#2762 = SURFACE_CURVE('',#2763,(#2767,#2773),.PCURVE_S1.);
#2763 = LINE('',#2764,#2765);
#2764 = CARTESIAN_POINT('',(135.5,9.,-39.));
#2765 = VECTOR('',#2766,1.);
#2766 = DIRECTION('',(-1.,0.,0.));
#2767 = PCURVE('',#1392,#2768);
#2768 = DEFINITIONAL_REPRESENTATION('',(#2769),#2772);
#2769 = B_SPLINE_CURVE_WITH_KNOTS('',1,(#2770,#2771),.UNSPECIFIED.,.F.,
  .F.,(2,2),(-10.5,-5.5),.PIECEWISE_BEZIER_KNOTS.);
#2770 = CARTESIAN_POINT('',(61.,-5.));
#2771 = CARTESIAN_POINT('',(61.,0.));
#2772 = ( GEOMETRIC_REPRESENTATION_CONTEXT(2) 
PARAMETRIC_REPRESENTATION_CONTEXT() REPRESENTATION_CONTEXT('2D SPACE',''
  ) );
#2773 = PCURVE('',#1365,#2774);
#2774 = DEFINITIONAL_REPRESENTATION('',(#2775),#2778);
#2775 = B_SPLINE_CURVE_WITH_KNOTS('',1,(#2776,#2777),.UNSPECIFIED.,.F.,
  .F.,(2,2),(-10.5,-5.5),.PIECEWISE_BEZIER_KNOTS.);
#2776 = CARTESIAN_POINT('',(16.,4.5));
#2777 = CARTESIAN_POINT('',(11.,4.5));
#2778 = ( GEOMETRIC_REPRESENTATION_CONTEXT(2) 
PARAMETRIC_REPRESENTATION_CONTEXT() REPRESENTATION_CONTEXT('2D SPACE',''
  ) );
#2779 = ORIENTED_EDGE('',*,*,#1376,.T.);
#2780 = ORIENTED_EDGE('',*,*,#2593,.F.);
#2781 = ADVANCED_FACE('',(#2782),#1365,.T.);
#2782 = FACE_BOUND('',#2783,.T.);
#2783 = EDGE_LOOP('',(#2784,#2814,#2840,#2868,#2889,#2890,#2891,#2892));
#2784 = ORIENTED_EDGE('',*,*,#2785,.F.);
#2785 = EDGE_CURVE('',#2786,#2788,#2790,.T.);
#2786 = VERTEX_POINT('',#2787);
#2787 = CARTESIAN_POINT('',(130.,8.285299151843,-39.));
#2788 = VERTEX_POINT('',#2789);
#2789 = CARTESIAN_POINT('',(130.,15.5,-39.));
#2790 = SURFACE_CURVE('',#2791,(#2795,#2802),.PCURVE_S1.);
#2791 = LINE('',#2792,#2793);
#2792 = CARTESIAN_POINT('',(130.,4.5,-39.));
#2793 = VECTOR('',#2794,1.);
#2794 = DIRECTION('',(0.,1.,0.));
#2795 = PCURVE('',#1365,#2796);
#2796 = DEFINITIONAL_REPRESENTATION('',(#2797),#2801);
#2797 = LINE('',#2798,#2799);
#2798 = CARTESIAN_POINT('',(0.,0.));
#2799 = VECTOR('',#2800,1.);
#2800 = DIRECTION('',(0.,1.));
#2801 = ( GEOMETRIC_REPRESENTATION_CONTEXT(2) 
PARAMETRIC_REPRESENTATION_CONTEXT() REPRESENTATION_CONTEXT('2D SPACE',''
  ) );
#2802 = PCURVE('',#2803,#2808);
#2803 = PLANE('',#2804);
#2804 = AXIS2_PLACEMENT_3D('',#2805,#2806,#2807);
#2805 = CARTESIAN_POINT('',(130.,4.5,-97.));
#2806 = DIRECTION('',(1.,0.,0.));
#2807 = DIRECTION('',(0.,0.,1.));
#2808 = DEFINITIONAL_REPRESENTATION('',(#2809),#2813);
#2809 = LINE('',#2810,#2811);
#2810 = CARTESIAN_POINT('',(58.,0.));
#2811 = VECTOR('',#2812,1.);
#2812 = DIRECTION('',(0.,-1.));
#2813 = ( GEOMETRIC_REPRESENTATION_CONTEXT(2) 
PARAMETRIC_REPRESENTATION_CONTEXT() REPRESENTATION_CONTEXT('2D SPACE',''
  ) );
#2814 = ORIENTED_EDGE('',*,*,#2815,.F.);
#2815 = EDGE_CURVE('',#2816,#2786,#2818,.T.);
#2816 = VERTEX_POINT('',#2817);
#2817 = CARTESIAN_POINT('',(160.,8.285299151843,-39.));
#2818 = SURFACE_CURVE('',#2819,(#2823,#2829),.PCURVE_S1.);
#2819 = LINE('',#2820,#2821);
#2820 = CARTESIAN_POINT('',(81.,8.285299151843,-39.));
#2821 = VECTOR('',#2822,1.);
#2822 = DIRECTION('',(-1.,-0.,0.));
#2823 = PCURVE('',#1365,#2824);
#2824 = DEFINITIONAL_REPRESENTATION('',(#2825),#2828);
#2825 = B_SPLINE_CURVE_WITH_KNOTS('',1,(#2826,#2827),.UNSPECIFIED.,.F.,
  .F.,(2,2),(-79.,-49.),.PIECEWISE_BEZIER_KNOTS.);
#2826 = CARTESIAN_POINT('',(30.,3.785299151843));
#2827 = CARTESIAN_POINT('',(0.,3.785299151843));
#2828 = ( GEOMETRIC_REPRESENTATION_CONTEXT(2) 
PARAMETRIC_REPRESENTATION_CONTEXT() REPRESENTATION_CONTEXT('2D SPACE',''
  ) );
#2829 = PCURVE('',#2830,#2835);
#2830 = PLANE('',#2831);
#2831 = AXIS2_PLACEMENT_3D('',#2832,#2833,#2834);
#2832 = CARTESIAN_POINT('',(32.,8.217837094414,-36.87526754894));
#2833 = DIRECTION('',(-0.,0.999496322613,3.173485597322E-02));
#2834 = DIRECTION('',(0.,3.173485597322E-02,-0.999496322613));
#2835 = DEFINITIONAL_REPRESENTATION('',(#2836),#2839);
#2836 = B_SPLINE_CURVE_WITH_KNOTS('',1,(#2837,#2838),.UNSPECIFIED.,.F.,
  .F.,(2,2),(-79.,-49.),.PIECEWISE_BEZIER_KNOTS.);
#2837 = CARTESIAN_POINT('',(2.125803170038,-128.));
#2838 = CARTESIAN_POINT('',(2.125803170038,-98.));
#2839 = ( GEOMETRIC_REPRESENTATION_CONTEXT(2) 
PARAMETRIC_REPRESENTATION_CONTEXT() REPRESENTATION_CONTEXT('2D SPACE',''
  ) );
#2840 = ORIENTED_EDGE('',*,*,#2841,.T.);
#2841 = EDGE_CURVE('',#2816,#2842,#2844,.T.);
#2842 = VERTEX_POINT('',#2843);
#2843 = CARTESIAN_POINT('',(160.,15.5,-39.));
#2844 = SURFACE_CURVE('',#2845,(#2849,#2856),.PCURVE_S1.);
#2845 = LINE('',#2846,#2847);
#2846 = CARTESIAN_POINT('',(160.,4.5,-39.));
#2847 = VECTOR('',#2848,1.);
#2848 = DIRECTION('',(0.,1.,0.));
#2849 = PCURVE('',#1365,#2850);
#2850 = DEFINITIONAL_REPRESENTATION('',(#2851),#2855);
#2851 = LINE('',#2852,#2853);
#2852 = CARTESIAN_POINT('',(30.,0.));
#2853 = VECTOR('',#2854,1.);
#2854 = DIRECTION('',(0.,1.));
#2855 = ( GEOMETRIC_REPRESENTATION_CONTEXT(2) 
PARAMETRIC_REPRESENTATION_CONTEXT() REPRESENTATION_CONTEXT('2D SPACE',''
  ) );
#2856 = PCURVE('',#2857,#2862);
#2857 = PLANE('',#2858);
#2858 = AXIS2_PLACEMENT_3D('',#2859,#2860,#2861);
#2859 = CARTESIAN_POINT('',(160.,4.5,-97.));
#2860 = DIRECTION('',(1.,0.,0.));
#2861 = DIRECTION('',(0.,0.,1.));
#2862 = DEFINITIONAL_REPRESENTATION('',(#2863),#2867);
#2863 = LINE('',#2864,#2865);
#2864 = CARTESIAN_POINT('',(58.,0.));
#2865 = VECTOR('',#2866,1.);
#2866 = DIRECTION('',(0.,-1.));
#2867 = ( GEOMETRIC_REPRESENTATION_CONTEXT(2) 
PARAMETRIC_REPRESENTATION_CONTEXT() REPRESENTATION_CONTEXT('2D SPACE',''
  ) );
#2868 = ORIENTED_EDGE('',*,*,#2869,.F.);
#2869 = EDGE_CURVE('',#1330,#2842,#2870,.T.);
#2870 = SURFACE_CURVE('',#2871,(#2875,#2882),.PCURVE_S1.);
#2871 = LINE('',#2872,#2873);
#2872 = CARTESIAN_POINT('',(130.,15.5,-39.));
#2873 = VECTOR('',#2874,1.);
#2874 = DIRECTION('',(1.,0.,0.));
#2875 = PCURVE('',#1365,#2876);
#2876 = DEFINITIONAL_REPRESENTATION('',(#2877),#2881);
#2877 = LINE('',#2878,#2879);
#2878 = CARTESIAN_POINT('',(0.,11.));
#2879 = VECTOR('',#2880,1.);
#2880 = DIRECTION('',(1.,0.));
#2881 = ( GEOMETRIC_REPRESENTATION_CONTEXT(2) 
PARAMETRIC_REPRESENTATION_CONTEXT() REPRESENTATION_CONTEXT('2D SPACE',''
  ) );
#2882 = PCURVE('',#1238,#2883);
#2883 = DEFINITIONAL_REPRESENTATION('',(#2884),#2888);
#2884 = LINE('',#2885,#2886);
#2885 = CARTESIAN_POINT('',(58.,0.));
#2886 = VECTOR('',#2887,1.);
#2887 = DIRECTION('',(0.,1.));
#2888 = ( GEOMETRIC_REPRESENTATION_CONTEXT(2) 
PARAMETRIC_REPRESENTATION_CONTEXT() REPRESENTATION_CONTEXT('2D SPACE',''
  ) );
#2889 = ORIENTED_EDGE('',*,*,#1350,.F.);
#2890 = ORIENTED_EDGE('',*,*,#2761,.T.);
#2891 = ORIENTED_EDGE('',*,*,#1850,.T.);
#2892 = ORIENTED_EDGE('',*,*,#2893,.F.);
#2893 = EDGE_CURVE('',#2788,#1830,#2894,.T.);
#2894 = SURFACE_CURVE('',#2895,(#2899,#2906),.PCURVE_S1.);
#2895 = LINE('',#2896,#2897);
#2896 = CARTESIAN_POINT('',(130.,15.5,-39.));
#2897 = VECTOR('',#2898,1.);
#2898 = DIRECTION('',(1.,0.,0.));
#2899 = PCURVE('',#1365,#2900);
#2900 = DEFINITIONAL_REPRESENTATION('',(#2901),#2905);
#2901 = LINE('',#2902,#2903);
#2902 = CARTESIAN_POINT('',(0.,11.));
#2903 = VECTOR('',#2904,1.);
#2904 = DIRECTION('',(1.,0.));
#2905 = ( GEOMETRIC_REPRESENTATION_CONTEXT(2) 
PARAMETRIC_REPRESENTATION_CONTEXT() REPRESENTATION_CONTEXT('2D SPACE',''
  ) );
#2906 = PCURVE('',#1753,#2907);
#2907 = DEFINITIONAL_REPRESENTATION('',(#2908),#2912);
#2908 = LINE('',#2909,#2910);
#2909 = CARTESIAN_POINT('',(58.,0.));
#2910 = VECTOR('',#2911,1.);
#2911 = DIRECTION('',(0.,1.));
#2912 = ( GEOMETRIC_REPRESENTATION_CONTEXT(2) 
PARAMETRIC_REPRESENTATION_CONTEXT() REPRESENTATION_CONTEXT('2D SPACE',''
  ) );
#2913 = ADVANCED_FACE('',(#2914,#3029,#3060),#1238,.T.);
#2914 = FACE_BOUND('',#2915,.T.);
#2915 = EDGE_LOOP('',(#2916,#2939,#2940,#2961,#2987,#3006,#3007,#3008));
#2916 = ORIENTED_EDGE('',*,*,#2917,.F.);
#2917 = EDGE_CURVE('',#1198,#2918,#2920,.T.);
#2918 = VERTEX_POINT('',#2919);
#2919 = CARTESIAN_POINT('',(160.,15.5,-97.));
#2920 = SURFACE_CURVE('',#2921,(#2925,#2932),.PCURVE_S1.);
#2921 = LINE('',#2922,#2923);
#2922 = CARTESIAN_POINT('',(130.,15.5,-97.));
#2923 = VECTOR('',#2924,1.);
#2924 = DIRECTION('',(1.,0.,0.));
#2925 = PCURVE('',#1238,#2926);
#2926 = DEFINITIONAL_REPRESENTATION('',(#2927),#2931);
#2927 = LINE('',#2928,#2929);
#2928 = CARTESIAN_POINT('',(0.,0.));
#2929 = VECTOR('',#2930,1.);
#2930 = DIRECTION('',(0.,1.));
#2931 = ( GEOMETRIC_REPRESENTATION_CONTEXT(2) 
PARAMETRIC_REPRESENTATION_CONTEXT() REPRESENTATION_CONTEXT('2D SPACE',''
  ) );
#2932 = PCURVE('',#1212,#2933);
#2933 = DEFINITIONAL_REPRESENTATION('',(#2934),#2938);
#2934 = LINE('',#2935,#2936);
#2935 = CARTESIAN_POINT('',(0.,11.));
#2936 = VECTOR('',#2937,1.);
#2937 = DIRECTION('',(1.,0.));
#2938 = ( GEOMETRIC_REPRESENTATION_CONTEXT(2) 
PARAMETRIC_REPRESENTATION_CONTEXT() REPRESENTATION_CONTEXT('2D SPACE',''
  ) );
#2939 = ORIENTED_EDGE('',*,*,#1223,.F.);
#2940 = ORIENTED_EDGE('',*,*,#2941,.T.);
#2941 = EDGE_CURVE('',#1224,#2942,#2944,.T.);
#2942 = VERTEX_POINT('',#2943);
#2943 = CARTESIAN_POINT('',(153.,15.5,-81.));
#2944 = SURFACE_CURVE('',#2945,(#2949,#2955),.PCURVE_S1.);
#2945 = LINE('',#2946,#2947);
#2946 = CARTESIAN_POINT('',(133.5,15.5,-81.));
#2947 = VECTOR('',#2948,1.);
#2948 = DIRECTION('',(1.,0.,0.));
#2949 = PCURVE('',#1238,#2950);
#2950 = DEFINITIONAL_REPRESENTATION('',(#2951),#2954);
#2951 = B_SPLINE_CURVE_WITH_KNOTS('',1,(#2952,#2953),.UNSPECIFIED.,.F.,
  .F.,(2,2),(3.5,19.5),.PIECEWISE_BEZIER_KNOTS.);
#2952 = CARTESIAN_POINT('',(16.,7.));
#2953 = CARTESIAN_POINT('',(16.,23.));
#2954 = ( GEOMETRIC_REPRESENTATION_CONTEXT(2) 
PARAMETRIC_REPRESENTATION_CONTEXT() REPRESENTATION_CONTEXT('2D SPACE',''
  ) );
#2955 = PCURVE('',#1264,#2956);
#2956 = DEFINITIONAL_REPRESENTATION('',(#2957),#2960);
#2957 = B_SPLINE_CURVE_WITH_KNOTS('',1,(#2958,#2959),.UNSPECIFIED.,.F.,
  .F.,(2,2),(3.5,19.5),.PIECEWISE_BEZIER_KNOTS.);
#2958 = CARTESIAN_POINT('',(0.,13.5));
#2959 = CARTESIAN_POINT('',(16.,13.5));
#2960 = ( GEOMETRIC_REPRESENTATION_CONTEXT(2) 
PARAMETRIC_REPRESENTATION_CONTEXT() REPRESENTATION_CONTEXT('2D SPACE',''
  ) );
#2961 = ORIENTED_EDGE('',*,*,#2962,.F.);
#2962 = EDGE_CURVE('',#2963,#2942,#2965,.T.);
#2963 = VERTEX_POINT('',#2964);
#2964 = CARTESIAN_POINT('',(153.,15.5,-55.));
#2965 = SURFACE_CURVE('',#2966,(#2970,#2976),.PCURVE_S1.);
#2966 = LINE('',#2967,#2968);
#2967 = CARTESIAN_POINT('',(153.,15.5,-89.));
#2968 = VECTOR('',#2969,1.);
#2969 = DIRECTION('',(0.,0.,-1.));
#2970 = PCURVE('',#1238,#2971);
#2971 = DEFINITIONAL_REPRESENTATION('',(#2972),#2975);
#2972 = B_SPLINE_CURVE_WITH_KNOTS('',1,(#2973,#2974),.UNSPECIFIED.,.F.,
  .F.,(2,2),(-34.,-8.),.PIECEWISE_BEZIER_KNOTS.);
#2973 = CARTESIAN_POINT('',(42.,23.));
#2974 = CARTESIAN_POINT('',(16.,23.));
#2975 = ( GEOMETRIC_REPRESENTATION_CONTEXT(2) 
PARAMETRIC_REPRESENTATION_CONTEXT() REPRESENTATION_CONTEXT('2D SPACE',''
  ) );
#2976 = PCURVE('',#2977,#2982);
#2977 = PLANE('',#2978);
#2978 = AXIS2_PLACEMENT_3D('',#2979,#2980,#2981);
#2979 = CARTESIAN_POINT('',(153.,2.,-81.));
#2980 = DIRECTION('',(1.,0.,0.));
#2981 = DIRECTION('',(0.,0.,1.));
#2982 = DEFINITIONAL_REPRESENTATION('',(#2983),#2986);
#2983 = B_SPLINE_CURVE_WITH_KNOTS('',1,(#2984,#2985),.UNSPECIFIED.,.F.,
  .F.,(2,2),(-34.,-8.),.PIECEWISE_BEZIER_KNOTS.);
#2984 = CARTESIAN_POINT('',(26.,-13.5));
#2985 = CARTESIAN_POINT('',(0.,-13.5));
#2986 = ( GEOMETRIC_REPRESENTATION_CONTEXT(2) 
PARAMETRIC_REPRESENTATION_CONTEXT() REPRESENTATION_CONTEXT('2D SPACE',''
  ) );
#2987 = ORIENTED_EDGE('',*,*,#2988,.F.);
#2988 = EDGE_CURVE('',#1304,#2963,#2989,.T.);
#2989 = SURFACE_CURVE('',#2990,(#2994,#3000),.PCURVE_S1.);
#2990 = LINE('',#2991,#2992);
#2991 = CARTESIAN_POINT('',(133.5,15.5,-55.));
#2992 = VECTOR('',#2993,1.);
#2993 = DIRECTION('',(1.,0.,0.));
#2994 = PCURVE('',#1238,#2995);
#2995 = DEFINITIONAL_REPRESENTATION('',(#2996),#2999);
#2996 = B_SPLINE_CURVE_WITH_KNOTS('',1,(#2997,#2998),.UNSPECIFIED.,.F.,
  .F.,(2,2),(3.5,19.5),.PIECEWISE_BEZIER_KNOTS.);
#2997 = CARTESIAN_POINT('',(42.,7.));
#2998 = CARTESIAN_POINT('',(42.,23.));
#2999 = ( GEOMETRIC_REPRESENTATION_CONTEXT(2) 
PARAMETRIC_REPRESENTATION_CONTEXT() REPRESENTATION_CONTEXT('2D SPACE',''
  ) );
#3000 = PCURVE('',#1318,#3001);
#3001 = DEFINITIONAL_REPRESENTATION('',(#3002),#3005);
#3002 = B_SPLINE_CURVE_WITH_KNOTS('',1,(#3003,#3004),.UNSPECIFIED.,.F.,
  .F.,(2,2),(3.5,19.5),.PIECEWISE_BEZIER_KNOTS.);
#3003 = CARTESIAN_POINT('',(0.,13.5));
#3004 = CARTESIAN_POINT('',(16.,13.5));
#3005 = ( GEOMETRIC_REPRESENTATION_CONTEXT(2) 
PARAMETRIC_REPRESENTATION_CONTEXT() REPRESENTATION_CONTEXT('2D SPACE',''
  ) );
#3006 = ORIENTED_EDGE('',*,*,#1329,.F.);
#3007 = ORIENTED_EDGE('',*,*,#2869,.T.);
#3008 = ORIENTED_EDGE('',*,*,#3009,.F.);
#3009 = EDGE_CURVE('',#2918,#2842,#3010,.T.);
#3010 = SURFACE_CURVE('',#3011,(#3015,#3022),.PCURVE_S1.);
#3011 = LINE('',#3012,#3013);
#3012 = CARTESIAN_POINT('',(160.,15.5,-97.));
#3013 = VECTOR('',#3014,1.);
#3014 = DIRECTION('',(0.,0.,1.));
#3015 = PCURVE('',#1238,#3016);
#3016 = DEFINITIONAL_REPRESENTATION('',(#3017),#3021);
#3017 = LINE('',#3018,#3019);
#3018 = CARTESIAN_POINT('',(0.,30.));
#3019 = VECTOR('',#3020,1.);
#3020 = DIRECTION('',(1.,0.));
#3021 = ( GEOMETRIC_REPRESENTATION_CONTEXT(2) 
PARAMETRIC_REPRESENTATION_CONTEXT() REPRESENTATION_CONTEXT('2D SPACE',''
  ) );
#3022 = PCURVE('',#2857,#3023);
#3023 = DEFINITIONAL_REPRESENTATION('',(#3024),#3028);
#3024 = LINE('',#3025,#3026);
#3025 = CARTESIAN_POINT('',(0.,-11.));
#3026 = VECTOR('',#3027,1.);
#3027 = DIRECTION('',(1.,0.));
#3028 = ( GEOMETRIC_REPRESENTATION_CONTEXT(2) 
PARAMETRIC_REPRESENTATION_CONTEXT() REPRESENTATION_CONTEXT('2D SPACE',''
  ) );
#3029 = FACE_BOUND('',#3030,.T.);
#3030 = EDGE_LOOP('',(#3031));
#3031 = ORIENTED_EDGE('',*,*,#3032,.F.);
#3032 = EDGE_CURVE('',#3033,#3033,#3035,.T.);
#3033 = VERTEX_POINT('',#3034);
#3034 = CARTESIAN_POINT('',(153.7,15.5,-88.));
#3035 = SURFACE_CURVE('',#3036,(#3041,#3048),.PCURVE_S1.);
#3036 = CIRCLE('',#3037,1.7);
#3037 = AXIS2_PLACEMENT_3D('',#3038,#3039,#3040);
#3038 = CARTESIAN_POINT('',(152.,15.5,-88.));
#3039 = DIRECTION('',(-0.,1.,0.));
#3040 = DIRECTION('',(1.,0.,0.));
#3041 = PCURVE('',#1238,#3042);
#3042 = DEFINITIONAL_REPRESENTATION('',(#3043),#3047);
#3043 = CIRCLE('',#3044,1.7);
#3044 = AXIS2_PLACEMENT_2D('',#3045,#3046);
#3045 = CARTESIAN_POINT('',(9.,22.));
#3046 = DIRECTION('',(0.,1.));
#3047 = ( GEOMETRIC_REPRESENTATION_CONTEXT(2) 
PARAMETRIC_REPRESENTATION_CONTEXT() REPRESENTATION_CONTEXT('2D SPACE',''
  ) );
#3048 = PCURVE('',#3049,#3054);
#3049 = CYLINDRICAL_SURFACE('',#3050,1.7);
#3050 = AXIS2_PLACEMENT_3D('',#3051,#3052,#3053);
#3051 = CARTESIAN_POINT('',(152.,23.,-88.));
#3052 = DIRECTION('',(-0.,1.,-0.));
#3053 = DIRECTION('',(1.,0.,0.));
#3054 = DEFINITIONAL_REPRESENTATION('',(#3055),#3059);
#3055 = LINE('',#3056,#3057);
#3056 = CARTESIAN_POINT('',(-6.28318530718,-7.5));
#3057 = VECTOR('',#3058,1.);
#3058 = DIRECTION('',(1.,-0.));
#3059 = ( GEOMETRIC_REPRESENTATION_CONTEXT(2) 
PARAMETRIC_REPRESENTATION_CONTEXT() REPRESENTATION_CONTEXT('2D SPACE',''
  ) );
#3060 = FACE_BOUND('',#3061,.T.);
#3061 = EDGE_LOOP('',(#3062));
#3062 = ORIENTED_EDGE('',*,*,#3063,.F.);
#3063 = EDGE_CURVE('',#3064,#3064,#3066,.T.);
#3064 = VERTEX_POINT('',#3065);
#3065 = CARTESIAN_POINT('',(153.7,15.5,-48.));
#3066 = SURFACE_CURVE('',#3067,(#3072,#3079),.PCURVE_S1.);
#3067 = CIRCLE('',#3068,1.7);
#3068 = AXIS2_PLACEMENT_3D('',#3069,#3070,#3071);
#3069 = CARTESIAN_POINT('',(152.,15.5,-48.));
#3070 = DIRECTION('',(-0.,1.,0.));
#3071 = DIRECTION('',(1.,0.,0.));
#3072 = PCURVE('',#1238,#3073);
#3073 = DEFINITIONAL_REPRESENTATION('',(#3074),#3078);
#3074 = CIRCLE('',#3075,1.7);
#3075 = AXIS2_PLACEMENT_2D('',#3076,#3077);
#3076 = CARTESIAN_POINT('',(49.,22.));
#3077 = DIRECTION('',(0.,1.));
#3078 = ( GEOMETRIC_REPRESENTATION_CONTEXT(2) 
PARAMETRIC_REPRESENTATION_CONTEXT() REPRESENTATION_CONTEXT('2D SPACE',''
  ) );
#3079 = PCURVE('',#3080,#3085);
#3080 = CYLINDRICAL_SURFACE('',#3081,1.7);
#3081 = AXIS2_PLACEMENT_3D('',#3082,#3083,#3084);
#3082 = CARTESIAN_POINT('',(152.,23.,-48.));
#3083 = DIRECTION('',(-0.,1.,-0.));
#3084 = DIRECTION('',(1.,0.,0.));
#3085 = DEFINITIONAL_REPRESENTATION('',(#3086),#3090);
#3086 = LINE('',#3087,#3088);
#3087 = CARTESIAN_POINT('',(-6.28318530718,-7.5));
#3088 = VECTOR('',#3089,1.);
#3089 = DIRECTION('',(1.,-0.));
#3090 = ( GEOMETRIC_REPRESENTATION_CONTEXT(2) 
PARAMETRIC_REPRESENTATION_CONTEXT() REPRESENTATION_CONTEXT('2D SPACE',''
  ) );
#3091 = ADVANCED_FACE('',(#3092),#1318,.F.);
#3092 = FACE_BOUND('',#3093,.F.);
#3093 = EDGE_LOOP('',(#3094,#3124,#3150,#3171,#3172,#3173,#3192,#3193));
#3094 = ORIENTED_EDGE('',*,*,#3095,.F.);
#3095 = EDGE_CURVE('',#3096,#3098,#3100,.T.);
#3096 = VERTEX_POINT('',#3097);
#3097 = CARTESIAN_POINT('',(137.,8.299477205897,-55.));
#3098 = VERTEX_POINT('',#3099);
#3099 = CARTESIAN_POINT('',(137.,15.5,-55.));
#3100 = SURFACE_CURVE('',#3101,(#3105,#3112),.PCURVE_S1.);
#3101 = LINE('',#3102,#3103);
#3102 = CARTESIAN_POINT('',(137.,2.,-55.));
#3103 = VECTOR('',#3104,1.);
#3104 = DIRECTION('',(0.,1.,0.));
#3105 = PCURVE('',#1318,#3106);
#3106 = DEFINITIONAL_REPRESENTATION('',(#3107),#3111);
#3107 = LINE('',#3108,#3109);
#3108 = CARTESIAN_POINT('',(0.,0.));
#3109 = VECTOR('',#3110,1.);
#3110 = DIRECTION('',(0.,1.));
#3111 = ( GEOMETRIC_REPRESENTATION_CONTEXT(2) 
PARAMETRIC_REPRESENTATION_CONTEXT() REPRESENTATION_CONTEXT('2D SPACE',''
  ) );
#3112 = PCURVE('',#3113,#3118);
#3113 = PLANE('',#3114);
#3114 = AXIS2_PLACEMENT_3D('',#3115,#3116,#3117);
#3115 = CARTESIAN_POINT('',(137.,2.,-81.));
#3116 = DIRECTION('',(1.,0.,0.));
#3117 = DIRECTION('',(0.,0.,1.));
#3118 = DEFINITIONAL_REPRESENTATION('',(#3119),#3123);
#3119 = LINE('',#3120,#3121);
#3120 = CARTESIAN_POINT('',(26.,0.));
#3121 = VECTOR('',#3122,1.);
#3122 = DIRECTION('',(0.,-1.));
#3123 = ( GEOMETRIC_REPRESENTATION_CONTEXT(2) 
PARAMETRIC_REPRESENTATION_CONTEXT() REPRESENTATION_CONTEXT('2D SPACE',''
  ) );
#3124 = ORIENTED_EDGE('',*,*,#3125,.T.);
#3125 = EDGE_CURVE('',#3096,#3126,#3128,.T.);
#3126 = VERTEX_POINT('',#3127);
#3127 = CARTESIAN_POINT('',(153.,8.299477205897,-55.));
#3128 = SURFACE_CURVE('',#3129,(#3133,#3139),.PCURVE_S1.);
#3129 = LINE('',#3130,#3131);
#3130 = CARTESIAN_POINT('',(84.5,8.299477205897,-55.));
#3131 = VECTOR('',#3132,1.);
#3132 = DIRECTION('',(1.,-0.,0.));
#3133 = PCURVE('',#1318,#3134);
#3134 = DEFINITIONAL_REPRESENTATION('',(#3135),#3138);
#3135 = B_SPLINE_CURVE_WITH_KNOTS('',1,(#3136,#3137),.UNSPECIFIED.,.F.,
  .F.,(2,2),(52.5,68.5),.PIECEWISE_BEZIER_KNOTS.);
#3136 = CARTESIAN_POINT('',(0.,6.299477205897));
#3137 = CARTESIAN_POINT('',(16.,6.299477205897));
#3138 = ( GEOMETRIC_REPRESENTATION_CONTEXT(2) 
PARAMETRIC_REPRESENTATION_CONTEXT() REPRESENTATION_CONTEXT('2D SPACE',''
  ) );
#3139 = PCURVE('',#3140,#3145);
#3140 = PLANE('',#3141);
#3141 = AXIS2_PLACEMENT_3D('',#3142,#3143,#3144);
#3142 = CARTESIAN_POINT('',(32.,8.337947025561,-53.36881039375));
#3143 = DIRECTION('',(0.,0.999722015684,-2.357734840245E-02));
#3144 = DIRECTION('',(0.,-2.357734840245E-02,-0.999722015684));
#3145 = DEFINITIONAL_REPRESENTATION('',(#3146),#3149);
#3146 = B_SPLINE_CURVE_WITH_KNOTS('',1,(#3147,#3148),.UNSPECIFIED.,.F.,
  .F.,(2,2),(52.5,68.5),.PIECEWISE_BEZIER_KNOTS.);
#3147 = CARTESIAN_POINT('',(1.63164317746,-105.));
#3148 = CARTESIAN_POINT('',(1.63164317746,-121.));
#3149 = ( GEOMETRIC_REPRESENTATION_CONTEXT(2) 
PARAMETRIC_REPRESENTATION_CONTEXT() REPRESENTATION_CONTEXT('2D SPACE',''
  ) );
#3150 = ORIENTED_EDGE('',*,*,#3151,.T.);
#3151 = EDGE_CURVE('',#3126,#2963,#3152,.T.);
#3152 = SURFACE_CURVE('',#3153,(#3157,#3164),.PCURVE_S1.);
#3153 = LINE('',#3154,#3155);
#3154 = CARTESIAN_POINT('',(153.,2.,-55.));
#3155 = VECTOR('',#3156,1.);
#3156 = DIRECTION('',(0.,1.,0.));
#3157 = PCURVE('',#1318,#3158);
#3158 = DEFINITIONAL_REPRESENTATION('',(#3159),#3163);
#3159 = LINE('',#3160,#3161);
#3160 = CARTESIAN_POINT('',(16.,0.));
#3161 = VECTOR('',#3162,1.);
#3162 = DIRECTION('',(0.,1.));
#3163 = ( GEOMETRIC_REPRESENTATION_CONTEXT(2) 
PARAMETRIC_REPRESENTATION_CONTEXT() REPRESENTATION_CONTEXT('2D SPACE',''
  ) );
#3164 = PCURVE('',#2977,#3165);
#3165 = DEFINITIONAL_REPRESENTATION('',(#3166),#3170);
#3166 = LINE('',#3167,#3168);
#3167 = CARTESIAN_POINT('',(26.,0.));
#3168 = VECTOR('',#3169,1.);
#3169 = DIRECTION('',(0.,-1.));
#3170 = ( GEOMETRIC_REPRESENTATION_CONTEXT(2) 
PARAMETRIC_REPRESENTATION_CONTEXT() REPRESENTATION_CONTEXT('2D SPACE',''
  ) );
#3171 = ORIENTED_EDGE('',*,*,#2988,.F.);
#3172 = ORIENTED_EDGE('',*,*,#1303,.F.);
#3173 = ORIENTED_EDGE('',*,*,#3174,.T.);
#3174 = EDGE_CURVE('',#1276,#1786,#3175,.T.);
#3175 = SURFACE_CURVE('',#3176,(#3180,#3186),.PCURVE_S1.);
#3176 = LINE('',#3177,#3178);
#3177 = CARTESIAN_POINT('',(139.,9.,-55.));
#3178 = VECTOR('',#3179,1.);
#3179 = DIRECTION('',(-1.,0.,0.));
#3180 = PCURVE('',#1318,#3181);
#3181 = DEFINITIONAL_REPRESENTATION('',(#3182),#3185);
#3182 = B_SPLINE_CURVE_WITH_KNOTS('',1,(#3183,#3184),.UNSPECIFIED.,.F.,
  .F.,(2,2),(-7.,-2.),.PIECEWISE_BEZIER_KNOTS.);
#3183 = CARTESIAN_POINT('',(9.,7.));
#3184 = CARTESIAN_POINT('',(4.,7.));
#3185 = ( GEOMETRIC_REPRESENTATION_CONTEXT(2) 
PARAMETRIC_REPRESENTATION_CONTEXT() REPRESENTATION_CONTEXT('2D SPACE',''
  ) );
#3186 = PCURVE('',#1291,#3187);
#3187 = DEFINITIONAL_REPRESENTATION('',(#3188),#3191);
#3188 = B_SPLINE_CURVE_WITH_KNOTS('',1,(#3189,#3190),.UNSPECIFIED.,.F.,
  .F.,(2,2),(-7.,-2.),.PIECEWISE_BEZIER_KNOTS.);
#3189 = CARTESIAN_POINT('',(45.,-5.));
#3190 = CARTESIAN_POINT('',(45.,0.));
#3191 = ( GEOMETRIC_REPRESENTATION_CONTEXT(2) 
PARAMETRIC_REPRESENTATION_CONTEXT() REPRESENTATION_CONTEXT('2D SPACE',''
  ) );
#3192 = ORIENTED_EDGE('',*,*,#1808,.T.);
#3193 = ORIENTED_EDGE('',*,*,#3194,.F.);
#3194 = EDGE_CURVE('',#3098,#1809,#3195,.T.);
#3195 = SURFACE_CURVE('',#3196,(#3200,#3206),.PCURVE_S1.);
#3196 = LINE('',#3197,#3198);
#3197 = CARTESIAN_POINT('',(133.5,15.5,-55.));
#3198 = VECTOR('',#3199,1.);
#3199 = DIRECTION('',(1.,0.,0.));
#3200 = PCURVE('',#1318,#3201);
#3201 = DEFINITIONAL_REPRESENTATION('',(#3202),#3205);
#3202 = B_SPLINE_CURVE_WITH_KNOTS('',1,(#3203,#3204),.UNSPECIFIED.,.F.,
  .F.,(2,2),(3.5,19.5),.PIECEWISE_BEZIER_KNOTS.);
#3203 = CARTESIAN_POINT('',(0.,13.5));
#3204 = CARTESIAN_POINT('',(16.,13.5));
#3205 = ( GEOMETRIC_REPRESENTATION_CONTEXT(2) 
PARAMETRIC_REPRESENTATION_CONTEXT() REPRESENTATION_CONTEXT('2D SPACE',''
  ) );
#3206 = PCURVE('',#1753,#3207);
#3207 = DEFINITIONAL_REPRESENTATION('',(#3208),#3211);
#3208 = B_SPLINE_CURVE_WITH_KNOTS('',1,(#3209,#3210),.UNSPECIFIED.,.F.,
  .F.,(2,2),(3.5,19.5),.PIECEWISE_BEZIER_KNOTS.);
#3209 = CARTESIAN_POINT('',(42.,7.));
#3210 = CARTESIAN_POINT('',(42.,23.));
#3211 = ( GEOMETRIC_REPRESENTATION_CONTEXT(2) 
PARAMETRIC_REPRESENTATION_CONTEXT() REPRESENTATION_CONTEXT('2D SPACE',''
  ) );
#3212 = ADVANCED_FACE('',(#3213),#1291,.T.);
#3213 = FACE_BOUND('',#3214,.T.);
#3214 = EDGE_LOOP('',(#3215,#3216,#3235,#3236));
#3215 = ORIENTED_EDGE('',*,*,#1785,.F.);
#3216 = ORIENTED_EDGE('',*,*,#3217,.F.);
#3217 = EDGE_CURVE('',#1250,#1765,#3218,.T.);
#3218 = SURFACE_CURVE('',#3219,(#3223,#3229),.PCURVE_S1.);
#3219 = LINE('',#3220,#3221);
#3220 = CARTESIAN_POINT('',(139.,9.,-81.));
#3221 = VECTOR('',#3222,1.);
#3222 = DIRECTION('',(-1.,0.,0.));
#3223 = PCURVE('',#1291,#3224);
#3224 = DEFINITIONAL_REPRESENTATION('',(#3225),#3228);
#3225 = B_SPLINE_CURVE_WITH_KNOTS('',1,(#3226,#3227),.UNSPECIFIED.,.F.,
  .F.,(2,2),(-7.,-2.),.PIECEWISE_BEZIER_KNOTS.);
#3226 = CARTESIAN_POINT('',(19.,-5.));
#3227 = CARTESIAN_POINT('',(19.,0.));
#3228 = ( GEOMETRIC_REPRESENTATION_CONTEXT(2) 
PARAMETRIC_REPRESENTATION_CONTEXT() REPRESENTATION_CONTEXT('2D SPACE',''
  ) );
#3229 = PCURVE('',#1264,#3230);
#3230 = DEFINITIONAL_REPRESENTATION('',(#3231),#3234);
#3231 = B_SPLINE_CURVE_WITH_KNOTS('',1,(#3232,#3233),.UNSPECIFIED.,.F.,
  .F.,(2,2),(-7.,-2.),.PIECEWISE_BEZIER_KNOTS.);
#3232 = CARTESIAN_POINT('',(9.,7.));
#3233 = CARTESIAN_POINT('',(4.,7.));
#3234 = ( GEOMETRIC_REPRESENTATION_CONTEXT(2) 
PARAMETRIC_REPRESENTATION_CONTEXT() REPRESENTATION_CONTEXT('2D SPACE',''
  ) );
#3235 = ORIENTED_EDGE('',*,*,#1275,.T.);
#3236 = ORIENTED_EDGE('',*,*,#3174,.T.);
#3237 = ADVANCED_FACE('',(#3238),#1264,.T.);
#3238 = FACE_BOUND('',#3239,.T.);
#3239 = EDGE_LOOP('',(#3240,#3265,#3291,#3312,#3313,#3314,#3315,#3316));
#3240 = ORIENTED_EDGE('',*,*,#3241,.F.);
#3241 = EDGE_CURVE('',#3242,#3244,#3246,.T.);
#3242 = VERTEX_POINT('',#3243);
#3243 = CARTESIAN_POINT('',(137.,6.988495923641,-81.));
#3244 = VERTEX_POINT('',#3245);
#3245 = CARTESIAN_POINT('',(137.,15.5,-81.));
#3246 = SURFACE_CURVE('',#3247,(#3251,#3258),.PCURVE_S1.);
#3247 = LINE('',#3248,#3249);
#3248 = CARTESIAN_POINT('',(137.,2.,-81.));
#3249 = VECTOR('',#3250,1.);
#3250 = DIRECTION('',(0.,1.,0.));
#3251 = PCURVE('',#1264,#3252);
#3252 = DEFINITIONAL_REPRESENTATION('',(#3253),#3257);
#3253 = LINE('',#3254,#3255);
#3254 = CARTESIAN_POINT('',(0.,0.));
#3255 = VECTOR('',#3256,1.);
#3256 = DIRECTION('',(0.,1.));
#3257 = ( GEOMETRIC_REPRESENTATION_CONTEXT(2) 
PARAMETRIC_REPRESENTATION_CONTEXT() REPRESENTATION_CONTEXT('2D SPACE',''
  ) );
#3258 = PCURVE('',#3113,#3259);
#3259 = DEFINITIONAL_REPRESENTATION('',(#3260),#3264);
#3260 = LINE('',#3261,#3262);
#3261 = CARTESIAN_POINT('',(0.,0.));
#3262 = VECTOR('',#3263,1.);
#3263 = DIRECTION('',(0.,-1.));
#3264 = ( GEOMETRIC_REPRESENTATION_CONTEXT(2) 
PARAMETRIC_REPRESENTATION_CONTEXT() REPRESENTATION_CONTEXT('2D SPACE',''
  ) );
#3265 = ORIENTED_EDGE('',*,*,#3266,.T.);
#3266 = EDGE_CURVE('',#3242,#3267,#3269,.T.);
#3267 = VERTEX_POINT('',#3268);
#3268 = CARTESIAN_POINT('',(153.,6.988495923641,-81.));
#3269 = SURFACE_CURVE('',#3270,(#3274,#3280),.PCURVE_S1.);
#3270 = LINE('',#3271,#3272);
#3271 = CARTESIAN_POINT('',(84.5,6.988495923641,-81.));
#3272 = VECTOR('',#3273,1.);
#3273 = DIRECTION('',(1.,-0.,0.));
#3274 = PCURVE('',#1264,#3275);
#3275 = DEFINITIONAL_REPRESENTATION('',(#3276),#3279);
#3276 = B_SPLINE_CURVE_WITH_KNOTS('',1,(#3277,#3278),.UNSPECIFIED.,.F.,
  .F.,(2,2),(52.5,68.5),.PIECEWISE_BEZIER_KNOTS.);
#3277 = CARTESIAN_POINT('',(0.,4.988495923641));
#3278 = CARTESIAN_POINT('',(16.,4.988495923641));
#3279 = ( GEOMETRIC_REPRESENTATION_CONTEXT(2) 
PARAMETRIC_REPRESENTATION_CONTEXT() REPRESENTATION_CONTEXT('2D SPACE',''
  ) );
#3280 = PCURVE('',#3281,#3286);
#3281 = PLANE('',#3282);
#3282 = AXIS2_PLACEMENT_3D('',#3283,#3284,#3285);
#3283 = CARTESIAN_POINT('',(32.,7.156687907998,-78.663516937));
#3284 = DIRECTION('',(0.,0.997419098228,-7.179932096371E-02));
#3285 = DIRECTION('',(0.,-7.179932096371E-02,-0.997419098228));
#3286 = DEFINITIONAL_REPRESENTATION('',(#3287),#3290);
#3287 = B_SPLINE_CURVE_WITH_KNOTS('',1,(#3288,#3289),.UNSPECIFIED.,.F.,
  .F.,(2,2),(52.5,68.5),.PIECEWISE_BEZIER_KNOTS.);
#3288 = CARTESIAN_POINT('',(2.342528899984,-105.));
#3289 = CARTESIAN_POINT('',(2.342528899984,-121.));
#3290 = ( GEOMETRIC_REPRESENTATION_CONTEXT(2) 
PARAMETRIC_REPRESENTATION_CONTEXT() REPRESENTATION_CONTEXT('2D SPACE',''
  ) );
#3291 = ORIENTED_EDGE('',*,*,#3292,.T.);
#3292 = EDGE_CURVE('',#3267,#2942,#3293,.T.);
#3293 = SURFACE_CURVE('',#3294,(#3298,#3305),.PCURVE_S1.);
#3294 = LINE('',#3295,#3296);
#3295 = CARTESIAN_POINT('',(153.,2.,-81.));
#3296 = VECTOR('',#3297,1.);
#3297 = DIRECTION('',(0.,1.,0.));
#3298 = PCURVE('',#1264,#3299);
#3299 = DEFINITIONAL_REPRESENTATION('',(#3300),#3304);
#3300 = LINE('',#3301,#3302);
#3301 = CARTESIAN_POINT('',(16.,0.));
#3302 = VECTOR('',#3303,1.);
#3303 = DIRECTION('',(0.,1.));
#3304 = ( GEOMETRIC_REPRESENTATION_CONTEXT(2) 
PARAMETRIC_REPRESENTATION_CONTEXT() REPRESENTATION_CONTEXT('2D SPACE',''
  ) );
#3305 = PCURVE('',#2977,#3306);
#3306 = DEFINITIONAL_REPRESENTATION('',(#3307),#3311);
#3307 = LINE('',#3308,#3309);
#3308 = CARTESIAN_POINT('',(0.,0.));
#3309 = VECTOR('',#3310,1.);
#3310 = DIRECTION('',(0.,-1.));
#3311 = ( GEOMETRIC_REPRESENTATION_CONTEXT(2) 
PARAMETRIC_REPRESENTATION_CONTEXT() REPRESENTATION_CONTEXT('2D SPACE',''
  ) );
#3312 = ORIENTED_EDGE('',*,*,#2941,.F.);
#3313 = ORIENTED_EDGE('',*,*,#1249,.F.);
#3314 = ORIENTED_EDGE('',*,*,#3217,.T.);
#3315 = ORIENTED_EDGE('',*,*,#1764,.T.);
#3316 = ORIENTED_EDGE('',*,*,#3317,.F.);
#3317 = EDGE_CURVE('',#3244,#1739,#3318,.T.);
#3318 = SURFACE_CURVE('',#3319,(#3323,#3329),.PCURVE_S1.);
#3319 = LINE('',#3320,#3321);
#3320 = CARTESIAN_POINT('',(133.5,15.5,-81.));
#3321 = VECTOR('',#3322,1.);
#3322 = DIRECTION('',(1.,0.,0.));
#3323 = PCURVE('',#1264,#3324);
#3324 = DEFINITIONAL_REPRESENTATION('',(#3325),#3328);
#3325 = B_SPLINE_CURVE_WITH_KNOTS('',1,(#3326,#3327),.UNSPECIFIED.,.F.,
  .F.,(2,2),(3.5,19.5),.PIECEWISE_BEZIER_KNOTS.);
#3326 = CARTESIAN_POINT('',(0.,13.5));
#3327 = CARTESIAN_POINT('',(16.,13.5));
#3328 = ( GEOMETRIC_REPRESENTATION_CONTEXT(2) 
PARAMETRIC_REPRESENTATION_CONTEXT() REPRESENTATION_CONTEXT('2D SPACE',''
  ) );
#3329 = PCURVE('',#1753,#3330);
#3330 = DEFINITIONAL_REPRESENTATION('',(#3331),#3334);
#3331 = B_SPLINE_CURVE_WITH_KNOTS('',1,(#3332,#3333),.UNSPECIFIED.,.F.,
  .F.,(2,2),(3.5,19.5),.PIECEWISE_BEZIER_KNOTS.);
#3332 = CARTESIAN_POINT('',(16.,7.));
#3333 = CARTESIAN_POINT('',(16.,23.));
#3334 = ( GEOMETRIC_REPRESENTATION_CONTEXT(2) 
PARAMETRIC_REPRESENTATION_CONTEXT() REPRESENTATION_CONTEXT('2D SPACE',''
  ) );
#3335 = ADVANCED_FACE('',(#3336),#1212,.F.);
#3336 = FACE_BOUND('',#3337,.F.);
#3337 = EDGE_LOOP('',(#3338,#3363,#3389,#3410,#3411,#3412,#3431,#3432));
#3338 = ORIENTED_EDGE('',*,*,#3339,.F.);
#3339 = EDGE_CURVE('',#3340,#3342,#3344,.T.);
#3340 = VERTEX_POINT('',#3341);
#3341 = CARTESIAN_POINT('',(130.,5.661380910932,-97.));
#3342 = VERTEX_POINT('',#3343);
#3343 = CARTESIAN_POINT('',(130.,15.5,-97.));
#3344 = SURFACE_CURVE('',#3345,(#3349,#3356),.PCURVE_S1.);
#3345 = LINE('',#3346,#3347);
#3346 = CARTESIAN_POINT('',(130.,4.5,-97.));
#3347 = VECTOR('',#3348,1.);
#3348 = DIRECTION('',(0.,1.,0.));
#3349 = PCURVE('',#1212,#3350);
#3350 = DEFINITIONAL_REPRESENTATION('',(#3351),#3355);
#3351 = LINE('',#3352,#3353);
#3352 = CARTESIAN_POINT('',(0.,0.));
#3353 = VECTOR('',#3354,1.);
#3354 = DIRECTION('',(0.,1.));
#3355 = ( GEOMETRIC_REPRESENTATION_CONTEXT(2) 
PARAMETRIC_REPRESENTATION_CONTEXT() REPRESENTATION_CONTEXT('2D SPACE',''
  ) );
#3356 = PCURVE('',#2803,#3357);
#3357 = DEFINITIONAL_REPRESENTATION('',(#3358),#3362);
#3358 = LINE('',#3359,#3360);
#3359 = CARTESIAN_POINT('',(0.,0.));
#3360 = VECTOR('',#3361,1.);
#3361 = DIRECTION('',(0.,-1.));
#3362 = ( GEOMETRIC_REPRESENTATION_CONTEXT(2) 
PARAMETRIC_REPRESENTATION_CONTEXT() REPRESENTATION_CONTEXT('2D SPACE',''
  ) );
#3363 = ORIENTED_EDGE('',*,*,#3364,.F.);
#3364 = EDGE_CURVE('',#3365,#3340,#3367,.T.);
#3365 = VERTEX_POINT('',#3366);
#3366 = CARTESIAN_POINT('',(160.,5.661380910932,-97.));
#3367 = SURFACE_CURVE('',#3368,(#3372,#3378),.PCURVE_S1.);
#3368 = LINE('',#3369,#3370);
#3369 = CARTESIAN_POINT('',(81.,5.661380910932,-97.));
#3370 = VECTOR('',#3371,1.);
#3371 = DIRECTION('',(-1.,0.,0.));
#3372 = PCURVE('',#1212,#3373);
#3373 = DEFINITIONAL_REPRESENTATION('',(#3374),#3377);
#3374 = B_SPLINE_CURVE_WITH_KNOTS('',1,(#3375,#3376),.UNSPECIFIED.,.F.,
  .F.,(2,2),(-79.,-49.),.PIECEWISE_BEZIER_KNOTS.);
#3375 = CARTESIAN_POINT('',(30.,1.161380910932));
#3376 = CARTESIAN_POINT('',(0.,1.161380910932));
#3377 = ( GEOMETRIC_REPRESENTATION_CONTEXT(2) 
PARAMETRIC_REPRESENTATION_CONTEXT() REPRESENTATION_CONTEXT('2D SPACE',''
  ) );
#3378 = PCURVE('',#3379,#3384);
#3379 = PLANE('',#3380);
#3380 = AXIS2_PLACEMENT_3D('',#3381,#3382,#3383);
#3381 = CARTESIAN_POINT('',(32.,5.696065739691,-96.63118960624));
#3382 = DIRECTION('',(0.,0.995606874723,-9.363199775946E-02));
#3383 = DIRECTION('',(0.,-9.363199775946E-02,-0.995606874723));
#3384 = DEFINITIONAL_REPRESENTATION('',(#3385),#3388);
#3385 = B_SPLINE_CURVE_WITH_KNOTS('',1,(#3386,#3387),.UNSPECIFIED.,.F.,
  .F.,(2,2),(-79.,-49.),.PIECEWISE_BEZIER_KNOTS.);
#3386 = CARTESIAN_POINT('',(0.370437773299,-128.));
#3387 = CARTESIAN_POINT('',(0.370437773299,-98.));
#3388 = ( GEOMETRIC_REPRESENTATION_CONTEXT(2) 
PARAMETRIC_REPRESENTATION_CONTEXT() REPRESENTATION_CONTEXT('2D SPACE',''
  ) );
#3389 = ORIENTED_EDGE('',*,*,#3390,.T.);
#3390 = EDGE_CURVE('',#3365,#2918,#3391,.T.);
#3391 = SURFACE_CURVE('',#3392,(#3396,#3403),.PCURVE_S1.);
#3392 = LINE('',#3393,#3394);
#3393 = CARTESIAN_POINT('',(160.,4.5,-97.));
#3394 = VECTOR('',#3395,1.);
#3395 = DIRECTION('',(0.,1.,0.));
#3396 = PCURVE('',#1212,#3397);
#3397 = DEFINITIONAL_REPRESENTATION('',(#3398),#3402);
#3398 = LINE('',#3399,#3400);
#3399 = CARTESIAN_POINT('',(30.,0.));
#3400 = VECTOR('',#3401,1.);
#3401 = DIRECTION('',(0.,1.));
#3402 = ( GEOMETRIC_REPRESENTATION_CONTEXT(2) 
PARAMETRIC_REPRESENTATION_CONTEXT() REPRESENTATION_CONTEXT('2D SPACE',''
  ) );
#3403 = PCURVE('',#2857,#3404);
#3404 = DEFINITIONAL_REPRESENTATION('',(#3405),#3409);
#3405 = LINE('',#3406,#3407);
#3406 = CARTESIAN_POINT('',(0.,0.));
#3407 = VECTOR('',#3408,1.);
#3408 = DIRECTION('',(0.,-1.));
#3409 = ( GEOMETRIC_REPRESENTATION_CONTEXT(2) 
PARAMETRIC_REPRESENTATION_CONTEXT() REPRESENTATION_CONTEXT('2D SPACE',''
  ) );
#3410 = ORIENTED_EDGE('',*,*,#2917,.F.);
#3411 = ORIENTED_EDGE('',*,*,#1197,.F.);
#3412 = ORIENTED_EDGE('',*,*,#3413,.T.);
#3413 = EDGE_CURVE('',#1170,#1695,#3414,.T.);
#3414 = SURFACE_CURVE('',#3415,(#3419,#3425),.PCURVE_S1.);
#3415 = LINE('',#3416,#3417);
#3416 = CARTESIAN_POINT('',(135.5,9.,-97.));
#3417 = VECTOR('',#3418,1.);
#3418 = DIRECTION('',(-1.,0.,0.));
#3419 = PCURVE('',#1212,#3420);
#3420 = DEFINITIONAL_REPRESENTATION('',(#3421),#3424);
#3421 = B_SPLINE_CURVE_WITH_KNOTS('',1,(#3422,#3423),.UNSPECIFIED.,.F.,
  .F.,(2,2),(-10.5,-5.5),.PIECEWISE_BEZIER_KNOTS.);
#3422 = CARTESIAN_POINT('',(16.,4.5));
#3423 = CARTESIAN_POINT('',(11.,4.5));
#3424 = ( GEOMETRIC_REPRESENTATION_CONTEXT(2) 
PARAMETRIC_REPRESENTATION_CONTEXT() REPRESENTATION_CONTEXT('2D SPACE',''
  ) );
#3425 = PCURVE('',#1185,#3426);
#3426 = DEFINITIONAL_REPRESENTATION('',(#3427),#3430);
#3427 = B_SPLINE_CURVE_WITH_KNOTS('',1,(#3428,#3429),.UNSPECIFIED.,.F.,
  .F.,(2,2),(-10.5,-5.5),.PIECEWISE_BEZIER_KNOTS.);
#3428 = CARTESIAN_POINT('',(3.,-5.));
#3429 = CARTESIAN_POINT('',(3.,0.));
#3430 = ( GEOMETRIC_REPRESENTATION_CONTEXT(2) 
PARAMETRIC_REPRESENTATION_CONTEXT() REPRESENTATION_CONTEXT('2D SPACE',''
  ) );
#3431 = ORIENTED_EDGE('',*,*,#1717,.T.);
#3432 = ORIENTED_EDGE('',*,*,#3433,.F.);
#3433 = EDGE_CURVE('',#3342,#1718,#3434,.T.);
#3434 = SURFACE_CURVE('',#3435,(#3439,#3446),.PCURVE_S1.);
#3435 = LINE('',#3436,#3437);
#3436 = CARTESIAN_POINT('',(130.,15.5,-97.));
#3437 = VECTOR('',#3438,1.);
#3438 = DIRECTION('',(1.,0.,0.));
#3439 = PCURVE('',#1212,#3440);
#3440 = DEFINITIONAL_REPRESENTATION('',(#3441),#3445);
#3441 = LINE('',#3442,#3443);
#3442 = CARTESIAN_POINT('',(0.,11.));
#3443 = VECTOR('',#3444,1.);
#3444 = DIRECTION('',(1.,0.));
#3445 = ( GEOMETRIC_REPRESENTATION_CONTEXT(2) 
PARAMETRIC_REPRESENTATION_CONTEXT() REPRESENTATION_CONTEXT('2D SPACE',''
  ) );
#3446 = PCURVE('',#1753,#3447);
#3447 = DEFINITIONAL_REPRESENTATION('',(#3448),#3452);
#3448 = LINE('',#3449,#3450);
#3449 = CARTESIAN_POINT('',(0.,0.));
#3450 = VECTOR('',#3451,1.);
#3451 = DIRECTION('',(0.,1.));
#3452 = ( GEOMETRIC_REPRESENTATION_CONTEXT(2) 
PARAMETRIC_REPRESENTATION_CONTEXT() REPRESENTATION_CONTEXT('2D SPACE',''
  ) );
#3453 = ADVANCED_FACE('',(#3454),#1185,.T.);
#3454 = FACE_BOUND('',#3455,.T.);
#3455 = EDGE_LOOP('',(#3456,#3457,#3478,#3479));
#3456 = ORIENTED_EDGE('',*,*,#1694,.F.);
#3457 = ORIENTED_EDGE('',*,*,#3458,.T.);
#3458 = EDGE_CURVE('',#1672,#1142,#3459,.T.);
#3459 = SURFACE_CURVE('',#3460,(#3464,#3471),.PCURVE_S1.);
#3460 = LINE('',#3461,#3462);
#3461 = CARTESIAN_POINT('',(141.,9.,-100.));
#3462 = VECTOR('',#3463,1.);
#3463 = DIRECTION('',(1.,0.,0.));
#3464 = PCURVE('',#1185,#3465);
#3465 = DEFINITIONAL_REPRESENTATION('',(#3466),#3470);
#3466 = LINE('',#3467,#3468);
#3467 = CARTESIAN_POINT('',(0.,0.));
#3468 = VECTOR('',#3469,1.);
#3469 = DIRECTION('',(0.,-1.));
#3470 = ( GEOMETRIC_REPRESENTATION_CONTEXT(2) 
PARAMETRIC_REPRESENTATION_CONTEXT() REPRESENTATION_CONTEXT('2D SPACE',''
  ) );
#3471 = PCURVE('',#1157,#3472);
#3472 = DEFINITIONAL_REPRESENTATION('',(#3473),#3477);
#3473 = LINE('',#3474,#3475);
#3474 = CARTESIAN_POINT('',(94.069123520951,0.));
#3475 = VECTOR('',#3476,1.);
#3476 = DIRECTION('',(0.,-1.));
#3477 = ( GEOMETRIC_REPRESENTATION_CONTEXT(2) 
PARAMETRIC_REPRESENTATION_CONTEXT() REPRESENTATION_CONTEXT('2D SPACE',''
  ) );
#3478 = ORIENTED_EDGE('',*,*,#1169,.T.);
#3479 = ORIENTED_EDGE('',*,*,#3413,.T.);
#3480 = ADVANCED_FACE('',(#3481),#1157,.T.);
#3481 = FACE_BOUND('',#3482,.T.);
#3482 = EDGE_LOOP('',(#3483,#3484,#3503,#3504));
#3483 = ORIENTED_EDGE('',*,*,#1671,.F.);
#3484 = ORIENTED_EDGE('',*,*,#3485,.F.);
#3485 = EDGE_CURVE('',#1116,#1651,#3486,.T.);
#3486 = SURFACE_CURVE('',#3487,(#3491,#3497),.PCURVE_S1.);
#3487 = LINE('',#3488,#3489);
#3488 = CARTESIAN_POINT('',(137.5,75.953846153846,-164.));
#3489 = VECTOR('',#3490,1.);
#3490 = DIRECTION('',(-1.,-0.,0.));
#3491 = PCURVE('',#1157,#3492);
#3492 = DEFINITIONAL_REPRESENTATION('',(#3493),#3496);
#3493 = B_SPLINE_CURVE_WITH_KNOTS('',1,(#3494,#3495),.UNSPECIFIED.,.F.,
  .F.,(2,2),(-8.5,-3.5),.PIECEWISE_BEZIER_KNOTS.);
#3494 = CARTESIAN_POINT('',(1.447217284938,-5.));
#3495 = CARTESIAN_POINT('',(1.447217284938,0.));
#3496 = ( GEOMETRIC_REPRESENTATION_CONTEXT(2) 
PARAMETRIC_REPRESENTATION_CONTEXT() REPRESENTATION_CONTEXT('2D SPACE',''
  ) );
#3497 = PCURVE('',#1130,#3498);
#3498 = DEFINITIONAL_REPRESENTATION('',(#3499),#3502);
#3499 = B_SPLINE_CURVE_WITH_KNOTS('',1,(#3500,#3501),.UNSPECIFIED.,.F.,
  .F.,(2,2),(-8.5,-3.5),.PIECEWISE_BEZIER_KNOTS.);
#3500 = CARTESIAN_POINT('',(12.,0.953846153846));
#3501 = CARTESIAN_POINT('',(7.,0.953846153846));
#3502 = ( GEOMETRIC_REPRESENTATION_CONTEXT(2) 
PARAMETRIC_REPRESENTATION_CONTEXT() REPRESENTATION_CONTEXT('2D SPACE',''
  ) );
#3503 = ORIENTED_EDGE('',*,*,#1141,.T.);
#3504 = ORIENTED_EDGE('',*,*,#3458,.F.);
#3505 = ADVANCED_FACE('',(#3506,#3620),#1130,.T.);
#3506 = FACE_BOUND('',#3507,.T.);
#3507 = EDGE_LOOP('',(#3508,#3538,#3566,#3594));
#3508 = ORIENTED_EDGE('',*,*,#3509,.F.);
#3509 = EDGE_CURVE('',#3510,#3512,#3514,.T.);
#3510 = VERTEX_POINT('',#3511);
#3511 = CARTESIAN_POINT('',(134.,75.,-164.));
#3512 = VERTEX_POINT('',#3513);
#3513 = CARTESIAN_POINT('',(134.,91.,-164.));
#3514 = SURFACE_CURVE('',#3515,(#3519,#3526),.PCURVE_S1.);
#3515 = LINE('',#3516,#3517);
#3516 = CARTESIAN_POINT('',(134.,75.,-164.));
#3517 = VECTOR('',#3518,1.);
#3518 = DIRECTION('',(0.,1.,0.));
#3519 = PCURVE('',#1130,#3520);
#3520 = DEFINITIONAL_REPRESENTATION('',(#3521),#3525);
#3521 = LINE('',#3522,#3523);
#3522 = CARTESIAN_POINT('',(0.,0.));
#3523 = VECTOR('',#3524,1.);
#3524 = DIRECTION('',(0.,1.));
#3525 = ( GEOMETRIC_REPRESENTATION_CONTEXT(2) 
PARAMETRIC_REPRESENTATION_CONTEXT() REPRESENTATION_CONTEXT('2D SPACE',''
  ) );
#3526 = PCURVE('',#3527,#3532);
#3527 = PLANE('',#3528);
#3528 = AXIS2_PLACEMENT_3D('',#3529,#3530,#3531);
#3529 = CARTESIAN_POINT('',(134.,75.,-169.));
#3530 = DIRECTION('',(1.,0.,0.));
#3531 = DIRECTION('',(0.,0.,1.));
#3532 = DEFINITIONAL_REPRESENTATION('',(#3533),#3537);
#3533 = LINE('',#3534,#3535);
#3534 = CARTESIAN_POINT('',(5.,0.));
#3535 = VECTOR('',#3536,1.);
#3536 = DIRECTION('',(0.,-1.));
#3537 = ( GEOMETRIC_REPRESENTATION_CONTEXT(2) 
PARAMETRIC_REPRESENTATION_CONTEXT() REPRESENTATION_CONTEXT('2D SPACE',''
  ) );
#3538 = ORIENTED_EDGE('',*,*,#3539,.T.);
#3539 = EDGE_CURVE('',#3510,#3540,#3542,.T.);
#3540 = VERTEX_POINT('',#3541);
#3541 = CARTESIAN_POINT('',(156.,75.,-164.));
#3542 = SURFACE_CURVE('',#3543,(#3547,#3554),.PCURVE_S1.);
#3543 = LINE('',#3544,#3545);
#3544 = CARTESIAN_POINT('',(134.,75.,-164.));
#3545 = VECTOR('',#3546,1.);
#3546 = DIRECTION('',(1.,0.,0.));
#3547 = PCURVE('',#1130,#3548);
#3548 = DEFINITIONAL_REPRESENTATION('',(#3549),#3553);
#3549 = LINE('',#3550,#3551);
#3550 = CARTESIAN_POINT('',(0.,0.));
#3551 = VECTOR('',#3552,1.);
#3552 = DIRECTION('',(1.,0.));
#3553 = ( GEOMETRIC_REPRESENTATION_CONTEXT(2) 
PARAMETRIC_REPRESENTATION_CONTEXT() REPRESENTATION_CONTEXT('2D SPACE',''
  ) );
#3554 = PCURVE('',#3555,#3560);
#3555 = PLANE('',#3556);
#3556 = AXIS2_PLACEMENT_3D('',#3557,#3558,#3559);
#3557 = CARTESIAN_POINT('',(134.,75.,-169.));
#3558 = DIRECTION('',(0.,1.,0.));
#3559 = DIRECTION('',(0.,0.,1.));
#3560 = DEFINITIONAL_REPRESENTATION('',(#3561),#3565);
#3561 = LINE('',#3562,#3563);
#3562 = CARTESIAN_POINT('',(5.,0.));
#3563 = VECTOR('',#3564,1.);
#3564 = DIRECTION('',(0.,1.));
#3565 = ( GEOMETRIC_REPRESENTATION_CONTEXT(2) 
PARAMETRIC_REPRESENTATION_CONTEXT() REPRESENTATION_CONTEXT('2D SPACE',''
  ) );
#3566 = ORIENTED_EDGE('',*,*,#3567,.T.);
#3567 = EDGE_CURVE('',#3540,#3568,#3570,.T.);
#3568 = VERTEX_POINT('',#3569);
#3569 = CARTESIAN_POINT('',(156.,91.,-164.));
#3570 = SURFACE_CURVE('',#3571,(#3575,#3582),.PCURVE_S1.);
#3571 = LINE('',#3572,#3573);
#3572 = CARTESIAN_POINT('',(156.,75.,-164.));
#3573 = VECTOR('',#3574,1.);
#3574 = DIRECTION('',(0.,1.,0.));
#3575 = PCURVE('',#1130,#3576);
#3576 = DEFINITIONAL_REPRESENTATION('',(#3577),#3581);
#3577 = LINE('',#3578,#3579);
#3578 = CARTESIAN_POINT('',(22.,0.));
#3579 = VECTOR('',#3580,1.);
#3580 = DIRECTION('',(0.,1.));
#3581 = ( GEOMETRIC_REPRESENTATION_CONTEXT(2) 
PARAMETRIC_REPRESENTATION_CONTEXT() REPRESENTATION_CONTEXT('2D SPACE',''
  ) );
#3582 = PCURVE('',#3583,#3588);
#3583 = PLANE('',#3584);
#3584 = AXIS2_PLACEMENT_3D('',#3585,#3586,#3587);
#3585 = CARTESIAN_POINT('',(156.,75.,-169.));
#3586 = DIRECTION('',(1.,0.,0.));
#3587 = DIRECTION('',(0.,0.,1.));
#3588 = DEFINITIONAL_REPRESENTATION('',(#3589),#3593);
#3589 = LINE('',#3590,#3591);
#3590 = CARTESIAN_POINT('',(5.,0.));
#3591 = VECTOR('',#3592,1.);
#3592 = DIRECTION('',(0.,-1.));
#3593 = ( GEOMETRIC_REPRESENTATION_CONTEXT(2) 
PARAMETRIC_REPRESENTATION_CONTEXT() REPRESENTATION_CONTEXT('2D SPACE',''
  ) );
#3594 = ORIENTED_EDGE('',*,*,#3595,.F.);
#3595 = EDGE_CURVE('',#3512,#3568,#3596,.T.);
#3596 = SURFACE_CURVE('',#3597,(#3601,#3608),.PCURVE_S1.);
#3597 = LINE('',#3598,#3599);
#3598 = CARTESIAN_POINT('',(134.,91.,-164.));
#3599 = VECTOR('',#3600,1.);
#3600 = DIRECTION('',(1.,0.,0.));
#3601 = PCURVE('',#1130,#3602);
#3602 = DEFINITIONAL_REPRESENTATION('',(#3603),#3607);
#3603 = LINE('',#3604,#3605);
#3604 = CARTESIAN_POINT('',(0.,16.));
#3605 = VECTOR('',#3606,1.);
#3606 = DIRECTION('',(1.,0.));
#3607 = ( GEOMETRIC_REPRESENTATION_CONTEXT(2) 
PARAMETRIC_REPRESENTATION_CONTEXT() REPRESENTATION_CONTEXT('2D SPACE',''
  ) );
#3608 = PCURVE('',#3609,#3614);
#3609 = PLANE('',#3610);
#3610 = AXIS2_PLACEMENT_3D('',#3611,#3612,#3613);
#3611 = CARTESIAN_POINT('',(134.,91.,-169.));
#3612 = DIRECTION('',(0.,1.,0.));
#3613 = DIRECTION('',(0.,0.,1.));
#3614 = DEFINITIONAL_REPRESENTATION('',(#3615),#3619);
#3615 = LINE('',#3616,#3617);
#3616 = CARTESIAN_POINT('',(5.,0.));
#3617 = VECTOR('',#3618,1.);
#3618 = DIRECTION('',(0.,1.));
#3619 = ( GEOMETRIC_REPRESENTATION_CONTEXT(2) 
PARAMETRIC_REPRESENTATION_CONTEXT() REPRESENTATION_CONTEXT('2D SPACE',''
  ) );
#3620 = FACE_BOUND('',#3621,.T.);
#3621 = EDGE_LOOP('',(#3622,#3623,#3624,#3625));
#3622 = ORIENTED_EDGE('',*,*,#1115,.F.);
#3623 = ORIENTED_EDGE('',*,*,#3485,.T.);
#3624 = ORIENTED_EDGE('',*,*,#1650,.T.);
#3625 = ORIENTED_EDGE('',*,*,#1627,.T.);
#3626 = ADVANCED_FACE('',(#3627,#3675,#3706),#1753,.T.);
#3627 = FACE_BOUND('',#3628,.T.);
#3628 = EDGE_LOOP('',(#3629,#3630,#3651,#3652,#3653,#3654,#3673,#3674));
#3629 = ORIENTED_EDGE('',*,*,#3433,.F.);
#3630 = ORIENTED_EDGE('',*,*,#3631,.T.);
#3631 = EDGE_CURVE('',#3342,#2788,#3632,.T.);
#3632 = SURFACE_CURVE('',#3633,(#3637,#3644),.PCURVE_S1.);
#3633 = LINE('',#3634,#3635);
#3634 = CARTESIAN_POINT('',(130.,15.5,-97.));
#3635 = VECTOR('',#3636,1.);
#3636 = DIRECTION('',(0.,0.,1.));
#3637 = PCURVE('',#1753,#3638);
#3638 = DEFINITIONAL_REPRESENTATION('',(#3639),#3643);
#3639 = LINE('',#3640,#3641);
#3640 = CARTESIAN_POINT('',(0.,0.));
#3641 = VECTOR('',#3642,1.);
#3642 = DIRECTION('',(1.,0.));
#3643 = ( GEOMETRIC_REPRESENTATION_CONTEXT(2) 
PARAMETRIC_REPRESENTATION_CONTEXT() REPRESENTATION_CONTEXT('2D SPACE',''
  ) );
#3644 = PCURVE('',#2803,#3645);
#3645 = DEFINITIONAL_REPRESENTATION('',(#3646),#3650);
#3646 = LINE('',#3647,#3648);
#3647 = CARTESIAN_POINT('',(0.,-11.));
#3648 = VECTOR('',#3649,1.);
#3649 = DIRECTION('',(1.,0.));
#3650 = ( GEOMETRIC_REPRESENTATION_CONTEXT(2) 
PARAMETRIC_REPRESENTATION_CONTEXT() REPRESENTATION_CONTEXT('2D SPACE',''
  ) );
#3651 = ORIENTED_EDGE('',*,*,#2893,.T.);
#3652 = ORIENTED_EDGE('',*,*,#1829,.T.);
#3653 = ORIENTED_EDGE('',*,*,#3194,.F.);
#3654 = ORIENTED_EDGE('',*,*,#3655,.T.);
#3655 = EDGE_CURVE('',#3098,#3244,#3656,.T.);
#3656 = SURFACE_CURVE('',#3657,(#3661,#3667),.PCURVE_S1.);
#3657 = LINE('',#3658,#3659);
#3658 = CARTESIAN_POINT('',(137.,15.5,-89.));
#3659 = VECTOR('',#3660,1.);
#3660 = DIRECTION('',(0.,0.,-1.));
#3661 = PCURVE('',#1753,#3662);
#3662 = DEFINITIONAL_REPRESENTATION('',(#3663),#3666);
#3663 = B_SPLINE_CURVE_WITH_KNOTS('',1,(#3664,#3665),.UNSPECIFIED.,.F.,
  .F.,(2,2),(-34.,-8.),.PIECEWISE_BEZIER_KNOTS.);
#3664 = CARTESIAN_POINT('',(42.,7.));
#3665 = CARTESIAN_POINT('',(16.,7.));
#3666 = ( GEOMETRIC_REPRESENTATION_CONTEXT(2) 
PARAMETRIC_REPRESENTATION_CONTEXT() REPRESENTATION_CONTEXT('2D SPACE',''
  ) );
#3667 = PCURVE('',#3113,#3668);
#3668 = DEFINITIONAL_REPRESENTATION('',(#3669),#3672);
#3669 = B_SPLINE_CURVE_WITH_KNOTS('',1,(#3670,#3671),.UNSPECIFIED.,.F.,
  .F.,(2,2),(-34.,-8.),.PIECEWISE_BEZIER_KNOTS.);
#3670 = CARTESIAN_POINT('',(26.,-13.5));
#3671 = CARTESIAN_POINT('',(0.,-13.5));
#3672 = ( GEOMETRIC_REPRESENTATION_CONTEXT(2) 
PARAMETRIC_REPRESENTATION_CONTEXT() REPRESENTATION_CONTEXT('2D SPACE',''
  ) );
#3673 = ORIENTED_EDGE('',*,*,#3317,.T.);
#3674 = ORIENTED_EDGE('',*,*,#1738,.T.);
#3675 = FACE_BOUND('',#3676,.T.);
#3676 = EDGE_LOOP('',(#3677));
#3677 = ORIENTED_EDGE('',*,*,#3678,.F.);
#3678 = EDGE_CURVE('',#3679,#3679,#3681,.T.);
#3679 = VERTEX_POINT('',#3680);
#3680 = CARTESIAN_POINT('',(139.7,15.5,-88.));
#3681 = SURFACE_CURVE('',#3682,(#3687,#3694),.PCURVE_S1.);
#3682 = CIRCLE('',#3683,1.7);
#3683 = AXIS2_PLACEMENT_3D('',#3684,#3685,#3686);
#3684 = CARTESIAN_POINT('',(138.,15.5,-88.));
#3685 = DIRECTION('',(-0.,1.,0.));
#3686 = DIRECTION('',(1.,0.,0.));
#3687 = PCURVE('',#1753,#3688);
#3688 = DEFINITIONAL_REPRESENTATION('',(#3689),#3693);
#3689 = CIRCLE('',#3690,1.7);
#3690 = AXIS2_PLACEMENT_2D('',#3691,#3692);
#3691 = CARTESIAN_POINT('',(9.,8.));
#3692 = DIRECTION('',(0.,1.));
#3693 = ( GEOMETRIC_REPRESENTATION_CONTEXT(2) 
PARAMETRIC_REPRESENTATION_CONTEXT() REPRESENTATION_CONTEXT('2D SPACE',''
  ) );
#3694 = PCURVE('',#3695,#3700);
#3695 = CYLINDRICAL_SURFACE('',#3696,1.7);
#3696 = AXIS2_PLACEMENT_3D('',#3697,#3698,#3699);
#3697 = CARTESIAN_POINT('',(138.,23.,-88.));
#3698 = DIRECTION('',(-0.,1.,-0.));
#3699 = DIRECTION('',(1.,0.,0.));
#3700 = DEFINITIONAL_REPRESENTATION('',(#3701),#3705);
#3701 = LINE('',#3702,#3703);
#3702 = CARTESIAN_POINT('',(-6.28318530718,-7.5));
#3703 = VECTOR('',#3704,1.);
#3704 = DIRECTION('',(1.,-0.));
#3705 = ( GEOMETRIC_REPRESENTATION_CONTEXT(2) 
PARAMETRIC_REPRESENTATION_CONTEXT() REPRESENTATION_CONTEXT('2D SPACE',''
  ) );
#3706 = FACE_BOUND('',#3707,.T.);
#3707 = EDGE_LOOP('',(#3708));
#3708 = ORIENTED_EDGE('',*,*,#3709,.F.);
#3709 = EDGE_CURVE('',#3710,#3710,#3712,.T.);
#3710 = VERTEX_POINT('',#3711);
#3711 = CARTESIAN_POINT('',(139.7,15.5,-48.));
#3712 = SURFACE_CURVE('',#3713,(#3718,#3725),.PCURVE_S1.);
#3713 = CIRCLE('',#3714,1.7);
#3714 = AXIS2_PLACEMENT_3D('',#3715,#3716,#3717);
#3715 = CARTESIAN_POINT('',(138.,15.5,-48.));
#3716 = DIRECTION('',(-0.,1.,0.));
#3717 = DIRECTION('',(1.,0.,0.));
#3718 = PCURVE('',#1753,#3719);
#3719 = DEFINITIONAL_REPRESENTATION('',(#3720),#3724);
#3720 = CIRCLE('',#3721,1.7);
#3721 = AXIS2_PLACEMENT_2D('',#3722,#3723);
#3722 = CARTESIAN_POINT('',(49.,8.));
#3723 = DIRECTION('',(0.,1.));
#3724 = ( GEOMETRIC_REPRESENTATION_CONTEXT(2) 
PARAMETRIC_REPRESENTATION_CONTEXT() REPRESENTATION_CONTEXT('2D SPACE',''
  ) );
#3725 = PCURVE('',#3726,#3731);
#3726 = CYLINDRICAL_SURFACE('',#3727,1.7);
#3727 = AXIS2_PLACEMENT_3D('',#3728,#3729,#3730);
#3728 = CARTESIAN_POINT('',(138.,23.,-48.));
#3729 = DIRECTION('',(-0.,1.,-0.));
#3730 = DIRECTION('',(1.,0.,0.));
#3731 = DEFINITIONAL_REPRESENTATION('',(#3732),#3736);
#3732 = LINE('',#3733,#3734);
#3733 = CARTESIAN_POINT('',(-6.28318530718,-7.5));
#3734 = VECTOR('',#3735,1.);
#3735 = DIRECTION('',(1.,-0.));
#3736 = ( GEOMETRIC_REPRESENTATION_CONTEXT(2) 
PARAMETRIC_REPRESENTATION_CONTEXT() REPRESENTATION_CONTEXT('2D SPACE',''
  ) );
#3737 = ADVANCED_FACE('',(#3738),#2417,.T.);
#3738 = FACE_BOUND('',#3739,.T.);
#3739 = EDGE_LOOP('',(#3740,#3741,#3763,#3790));
#3740 = ORIENTED_EDGE('',*,*,#2400,.T.);
#3741 = ORIENTED_EDGE('',*,*,#3742,.F.);
#3742 = EDGE_CURVE('',#3743,#2377,#3745,.T.);
#3743 = VERTEX_POINT('',#3744);
#3744 = CARTESIAN_POINT('',(146.,77.591549295775,-18.));
#3745 = SURFACE_CURVE('',#3746,(#3750,#3757),.PCURVE_S1.);
#3746 = LINE('',#3747,#3748);
#3747 = CARTESIAN_POINT('',(146.,59.036778554659,-18.));
#3748 = VECTOR('',#3749,1.);
#3749 = DIRECTION('',(0.,-1.,0.));
#3750 = PCURVE('',#2417,#3751);
#3751 = DEFINITIONAL_REPRESENTATION('',(#3752),#3756);
#3752 = LINE('',#3753,#3754);
#3753 = CARTESIAN_POINT('',(1.,-18.96322144534));
#3754 = VECTOR('',#3755,1.);
#3755 = DIRECTION('',(0.,-1.));
#3756 = ( GEOMETRIC_REPRESENTATION_CONTEXT(2) 
PARAMETRIC_REPRESENTATION_CONTEXT() REPRESENTATION_CONTEXT('2D SPACE',''
  ) );
#3757 = PCURVE('',#2507,#3758);
#3758 = DEFINITIONAL_REPRESENTATION('',(#3759),#3762);
#3759 = B_SPLINE_CURVE_WITH_KNOTS('',1,(#3760,#3761),.UNSPECIFIED.,.F.,
  .F.,(2,2),(-20.96322144534,-9.963221445341),.PIECEWISE_BEZIER_KNOTS.);
#3760 = CARTESIAN_POINT('',(30.638150310118,-30.92644289068));
#3761 = CARTESIAN_POINT('',(30.638150310118,-19.92644289068));
#3762 = ( GEOMETRIC_REPRESENTATION_CONTEXT(2) 
PARAMETRIC_REPRESENTATION_CONTEXT() REPRESENTATION_CONTEXT('2D SPACE',''
  ) );
#3763 = ORIENTED_EDGE('',*,*,#3764,.T.);
#3764 = EDGE_CURVE('',#3743,#3765,#3767,.T.);
#3765 = VERTEX_POINT('',#3766);
#3766 = CARTESIAN_POINT('',(141.,77.591549295775,-18.));
#3767 = SURFACE_CURVE('',#3768,(#3772,#3779),.PCURVE_S1.);
#3768 = LINE('',#3769,#3770);
#3769 = CARTESIAN_POINT('',(138.5,77.591549295775,-18.));
#3770 = VECTOR('',#3771,1.);
#3771 = DIRECTION('',(-1.,0.,0.));
#3772 = PCURVE('',#2417,#3773);
#3773 = DEFINITIONAL_REPRESENTATION('',(#3774),#3778);
#3774 = LINE('',#3775,#3776);
#3775 = CARTESIAN_POINT('',(-6.5,-0.408450704225));
#3776 = VECTOR('',#3777,1.);
#3777 = DIRECTION('',(-1.,0.));
#3778 = ( GEOMETRIC_REPRESENTATION_CONTEXT(2) 
PARAMETRIC_REPRESENTATION_CONTEXT() REPRESENTATION_CONTEXT('2D SPACE',''
  ) );
#3779 = PCURVE('',#3780,#3785);
#3780 = PLANE('',#3781);
#3781 = AXIS2_PLACEMENT_3D('',#3782,#3783,#3784);
#3782 = CARTESIAN_POINT('',(141.,23.,-86.));
#3783 = DIRECTION('',(0.,-0.779796144218,0.626033524232));
#3784 = DIRECTION('',(0.,0.626033524232,0.779796144218));
#3785 = DEFINITIONAL_REPRESENTATION('',(#3786),#3789);
#3786 = B_SPLINE_CURVE_WITH_KNOTS('',1,(#3787,#3788),.UNSPECIFIED.,.F.,
  .F.,(2,2),(-7.5,-2.5),.PIECEWISE_BEZIER_KNOTS.);
#3787 = CARTESIAN_POINT('',(87.20227780576,-5.));
#3788 = CARTESIAN_POINT('',(87.20227780576,0.));
#3789 = ( GEOMETRIC_REPRESENTATION_CONTEXT(2) 
PARAMETRIC_REPRESENTATION_CONTEXT() REPRESENTATION_CONTEXT('2D SPACE',''
  ) );
#3790 = ORIENTED_EDGE('',*,*,#3791,.T.);
#3791 = EDGE_CURVE('',#3765,#2401,#3792,.T.);
#3792 = SURFACE_CURVE('',#3793,(#3797,#3804),.PCURVE_S1.);
#3793 = LINE('',#3794,#3795);
#3794 = CARTESIAN_POINT('',(141.,59.036778554659,-18.));
#3795 = VECTOR('',#3796,1.);
#3796 = DIRECTION('',(0.,-1.,0.));
#3797 = PCURVE('',#2417,#3798);
#3798 = DEFINITIONAL_REPRESENTATION('',(#3799),#3803);
#3799 = LINE('',#3800,#3801);
#3800 = CARTESIAN_POINT('',(-4.,-18.96322144534));
#3801 = VECTOR('',#3802,1.);
#3802 = DIRECTION('',(0.,-1.));
#3803 = ( GEOMETRIC_REPRESENTATION_CONTEXT(2) 
PARAMETRIC_REPRESENTATION_CONTEXT() REPRESENTATION_CONTEXT('2D SPACE',''
  ) );
#3804 = PCURVE('',#2557,#3805);
#3805 = DEFINITIONAL_REPRESENTATION('',(#3806),#3809);
#3806 = B_SPLINE_CURVE_WITH_KNOTS('',1,(#3807,#3808),.UNSPECIFIED.,.F.,
  .F.,(2,2),(-20.96322144534,-9.963221445341),.PIECEWISE_BEZIER_KNOTS.);
#3807 = CARTESIAN_POINT('',(30.638150310118,-30.92644289068));
#3808 = CARTESIAN_POINT('',(30.638150310118,-19.92644289068));
#3809 = ( GEOMETRIC_REPRESENTATION_CONTEXT(2) 
PARAMETRIC_REPRESENTATION_CONTEXT() REPRESENTATION_CONTEXT('2D SPACE',''
  ) );
#3810 = ADVANCED_FACE('',(#3811),#2557,.F.);
#3811 = FACE_BOUND('',#3812,.F.);
#3812 = EDGE_LOOP('',(#3813,#3834,#3862,#3883,#3884));
#3813 = ORIENTED_EDGE('',*,*,#3814,.T.);
#3814 = EDGE_CURVE('',#2519,#1938,#3815,.T.);
#3815 = SURFACE_CURVE('',#3816,(#3820,#3827),.PCURVE_S1.);
#3816 = LINE('',#3817,#3818);
#3817 = CARTESIAN_POINT('',(141.,75.,-11.));
#3818 = VECTOR('',#3819,1.);
#3819 = DIRECTION('',(0.,-0.620702944366,-0.784045824462));
#3820 = PCURVE('',#2557,#3821);
#3821 = DEFINITIONAL_REPRESENTATION('',(#3822),#3826);
#3822 = LINE('',#3823,#3824);
#3823 = CARTESIAN_POINT('',(37.638150310118,-25.92644289068));
#3824 = VECTOR('',#3825,1.);
#3825 = DIRECTION('',(-0.784045824462,0.620702944366));
#3826 = ( GEOMETRIC_REPRESENTATION_CONTEXT(2) 
PARAMETRIC_REPRESENTATION_CONTEXT() REPRESENTATION_CONTEXT('2D SPACE',''
  ) );
#3827 = PCURVE('',#2533,#3828);
#3828 = DEFINITIONAL_REPRESENTATION('',(#3829),#3833);
#3829 = LINE('',#3830,#3831);
#3830 = CARTESIAN_POINT('',(0.,0.));
#3831 = VECTOR('',#3832,1.);
#3832 = DIRECTION('',(1.,0.));
#3833 = ( GEOMETRIC_REPRESENTATION_CONTEXT(2) 
PARAMETRIC_REPRESENTATION_CONTEXT() REPRESENTATION_CONTEXT('2D SPACE',''
  ) );
#3834 = ORIENTED_EDGE('',*,*,#3835,.T.);
#3835 = EDGE_CURVE('',#1938,#3836,#3838,.T.);
#3836 = VERTEX_POINT('',#3837);
#3837 = CARTESIAN_POINT('',(141.,23.,-86.));
#3838 = SURFACE_CURVE('',#3839,(#3843,#3850),.PCURVE_S1.);
#3839 = LINE('',#3840,#3841);
#3840 = CARTESIAN_POINT('',(141.,18.,-83.));
#3841 = VECTOR('',#3842,1.);
#3842 = DIRECTION('',(0.,0.857492925713,-0.514495755428));
#3843 = PCURVE('',#2557,#3844);
#3844 = DEFINITIONAL_REPRESENTATION('',(#3845),#3849);
#3845 = LINE('',#3846,#3847);
#3846 = CARTESIAN_POINT('',(-34.36184968988,31.073557109318));
#3847 = VECTOR('',#3848,1.);
#3848 = DIRECTION('',(-0.514495755428,-0.857492925713));
#3849 = ( GEOMETRIC_REPRESENTATION_CONTEXT(2) 
PARAMETRIC_REPRESENTATION_CONTEXT() REPRESENTATION_CONTEXT('2D SPACE',''
  ) );
#3850 = PCURVE('',#3851,#3856);
#3851 = PLANE('',#3852);
#3852 = AXIS2_PLACEMENT_3D('',#3853,#3854,#3855);
#3853 = CARTESIAN_POINT('',(141.,18.,-83.));
#3854 = DIRECTION('',(-0.,0.514495755428,0.857492925713));
#3855 = DIRECTION('',(0.,0.857492925713,-0.514495755428));
#3856 = DEFINITIONAL_REPRESENTATION('',(#3857),#3861);
#3857 = LINE('',#3858,#3859);
#3858 = CARTESIAN_POINT('',(0.,0.));
#3859 = VECTOR('',#3860,1.);
#3860 = DIRECTION('',(1.,0.));
#3861 = ( GEOMETRIC_REPRESENTATION_CONTEXT(2) 
PARAMETRIC_REPRESENTATION_CONTEXT() REPRESENTATION_CONTEXT('2D SPACE',''
  ) );
#3862 = ORIENTED_EDGE('',*,*,#3863,.T.);
#3863 = EDGE_CURVE('',#3836,#3765,#3864,.T.);
#3864 = SURFACE_CURVE('',#3865,(#3869,#3876),.PCURVE_S1.);
#3865 = LINE('',#3866,#3867);
#3866 = CARTESIAN_POINT('',(141.,23.,-86.));
#3867 = VECTOR('',#3868,1.);
#3868 = DIRECTION('',(0.,0.626033524232,0.779796144218));
#3869 = PCURVE('',#2557,#3870);
#3870 = DEFINITIONAL_REPRESENTATION('',(#3871),#3875);
#3871 = LINE('',#3872,#3873);
#3872 = CARTESIAN_POINT('',(-37.36184968988,26.073557109318));
#3873 = VECTOR('',#3874,1.);
#3874 = DIRECTION('',(0.779796144218,-0.626033524232));
#3875 = ( GEOMETRIC_REPRESENTATION_CONTEXT(2) 
PARAMETRIC_REPRESENTATION_CONTEXT() REPRESENTATION_CONTEXT('2D SPACE',''
  ) );
#3876 = PCURVE('',#3780,#3877);
#3877 = DEFINITIONAL_REPRESENTATION('',(#3878),#3882);
#3878 = LINE('',#3879,#3880);
#3879 = CARTESIAN_POINT('',(0.,0.));
#3880 = VECTOR('',#3881,1.);
#3881 = DIRECTION('',(1.,0.));
#3882 = ( GEOMETRIC_REPRESENTATION_CONTEXT(2) 
PARAMETRIC_REPRESENTATION_CONTEXT() REPRESENTATION_CONTEXT('2D SPACE',''
  ) );
#3883 = ORIENTED_EDGE('',*,*,#3791,.T.);
#3884 = ORIENTED_EDGE('',*,*,#2544,.T.);
#3885 = ADVANCED_FACE('',(#3886),#2533,.F.);
#3886 = FACE_BOUND('',#3887,.F.);
#3887 = EDGE_LOOP('',(#3888,#3889,#3890,#3911));
#3888 = ORIENTED_EDGE('',*,*,#3814,.F.);
#3889 = ORIENTED_EDGE('',*,*,#2518,.T.);
#3890 = ORIENTED_EDGE('',*,*,#3891,.T.);
#3891 = EDGE_CURVE('',#2493,#1448,#3892,.T.);
#3892 = SURFACE_CURVE('',#3893,(#3897,#3904),.PCURVE_S1.);
#3893 = LINE('',#3894,#3895);
#3894 = CARTESIAN_POINT('',(146.,75.,-11.));
#3895 = VECTOR('',#3896,1.);
#3896 = DIRECTION('',(0.,-0.620702944366,-0.784045824462));
#3897 = PCURVE('',#2533,#3898);
#3898 = DEFINITIONAL_REPRESENTATION('',(#3899),#3903);
#3899 = LINE('',#3900,#3901);
#3900 = CARTESIAN_POINT('',(0.,-5.));
#3901 = VECTOR('',#3902,1.);
#3902 = DIRECTION('',(1.,0.));
#3903 = ( GEOMETRIC_REPRESENTATION_CONTEXT(2) 
PARAMETRIC_REPRESENTATION_CONTEXT() REPRESENTATION_CONTEXT('2D SPACE',''
  ) );
#3904 = PCURVE('',#2507,#3905);
#3905 = DEFINITIONAL_REPRESENTATION('',(#3906),#3910);
#3906 = LINE('',#3907,#3908);
#3907 = CARTESIAN_POINT('',(37.638150310118,-25.92644289068));
#3908 = VECTOR('',#3909,1.);
#3909 = DIRECTION('',(-0.784045824462,0.620702944366));
#3910 = ( GEOMETRIC_REPRESENTATION_CONTEXT(2) 
PARAMETRIC_REPRESENTATION_CONTEXT() REPRESENTATION_CONTEXT('2D SPACE',''
  ) );
#3911 = ORIENTED_EDGE('',*,*,#2729,.F.);
#3912 = ADVANCED_FACE('',(#3913),#2507,.T.);
#3913 = FACE_BOUND('',#3914,.T.);
#3914 = EDGE_LOOP('',(#3915,#3916,#3939,#3960,#3961));
#3915 = ORIENTED_EDGE('',*,*,#3891,.T.);
#3916 = ORIENTED_EDGE('',*,*,#3917,.T.);
#3917 = EDGE_CURVE('',#1448,#3918,#3920,.T.);
#3918 = VERTEX_POINT('',#3919);
#3919 = CARTESIAN_POINT('',(146.,23.,-86.));
#3920 = SURFACE_CURVE('',#3921,(#3925,#3932),.PCURVE_S1.);
#3921 = LINE('',#3922,#3923);
#3922 = CARTESIAN_POINT('',(146.,18.,-83.));
#3923 = VECTOR('',#3924,1.);
#3924 = DIRECTION('',(0.,0.857492925713,-0.514495755428));
#3925 = PCURVE('',#2507,#3926);
#3926 = DEFINITIONAL_REPRESENTATION('',(#3927),#3931);
#3927 = LINE('',#3928,#3929);
#3928 = CARTESIAN_POINT('',(-34.36184968988,31.073557109318));
#3929 = VECTOR('',#3930,1.);
#3930 = DIRECTION('',(-0.514495755428,-0.857492925713));
#3931 = ( GEOMETRIC_REPRESENTATION_CONTEXT(2) 
PARAMETRIC_REPRESENTATION_CONTEXT() REPRESENTATION_CONTEXT('2D SPACE',''
  ) );
#3932 = PCURVE('',#3851,#3933);
#3933 = DEFINITIONAL_REPRESENTATION('',(#3934),#3938);
#3934 = LINE('',#3935,#3936);
#3935 = CARTESIAN_POINT('',(0.,-5.));
#3936 = VECTOR('',#3937,1.);
#3937 = DIRECTION('',(1.,0.));
#3938 = ( GEOMETRIC_REPRESENTATION_CONTEXT(2) 
PARAMETRIC_REPRESENTATION_CONTEXT() REPRESENTATION_CONTEXT('2D SPACE',''
  ) );
#3939 = ORIENTED_EDGE('',*,*,#3940,.T.);
#3940 = EDGE_CURVE('',#3918,#3743,#3941,.T.);
#3941 = SURFACE_CURVE('',#3942,(#3946,#3953),.PCURVE_S1.);
#3942 = LINE('',#3943,#3944);
#3943 = CARTESIAN_POINT('',(146.,23.,-86.));
#3944 = VECTOR('',#3945,1.);
#3945 = DIRECTION('',(0.,0.626033524232,0.779796144218));
#3946 = PCURVE('',#2507,#3947);
#3947 = DEFINITIONAL_REPRESENTATION('',(#3948),#3952);
#3948 = LINE('',#3949,#3950);
#3949 = CARTESIAN_POINT('',(-37.36184968988,26.073557109318));
#3950 = VECTOR('',#3951,1.);
#3951 = DIRECTION('',(0.779796144218,-0.626033524232));
#3952 = ( GEOMETRIC_REPRESENTATION_CONTEXT(2) 
PARAMETRIC_REPRESENTATION_CONTEXT() REPRESENTATION_CONTEXT('2D SPACE',''
  ) );
#3953 = PCURVE('',#3780,#3954);
#3954 = DEFINITIONAL_REPRESENTATION('',(#3955),#3959);
#3955 = LINE('',#3956,#3957);
#3956 = CARTESIAN_POINT('',(0.,-5.));
#3957 = VECTOR('',#3958,1.);
#3958 = DIRECTION('',(1.,0.));
#3959 = ( GEOMETRIC_REPRESENTATION_CONTEXT(2) 
PARAMETRIC_REPRESENTATION_CONTEXT() REPRESENTATION_CONTEXT('2D SPACE',''
  ) );
#3960 = ORIENTED_EDGE('',*,*,#3742,.T.);
#3961 = ORIENTED_EDGE('',*,*,#2492,.T.);
#3962 = ADVANCED_FACE('',(#3963),#2803,.F.);
#3963 = FACE_BOUND('',#3964,.F.);
#3964 = EDGE_LOOP('',(#3965,#3966,#3987,#4013,#4039,#4065,#4091,#4112,
    #4138,#4164,#4190,#4216,#4242,#4268,#4289,#4315,#4341,#4367,#4393,
    #4412,#4413));
#3965 = ORIENTED_EDGE('',*,*,#2785,.F.);
#3966 = ORIENTED_EDGE('',*,*,#3967,.F.);
#3967 = EDGE_CURVE('',#3968,#2786,#3970,.T.);
#3968 = VERTEX_POINT('',#3969);
#3969 = CARTESIAN_POINT('',(130.,8.31705,-40.));
#3970 = SURFACE_CURVE('',#3971,(#3975,#3981),.PCURVE_S1.);
#3971 = LINE('',#3972,#3973);
#3972 = CARTESIAN_POINT('',(130.,9.169509317162,-66.8483951337));
#3973 = VECTOR('',#3974,1.);
#3974 = DIRECTION('',(0.,-3.173485597322E-02,0.999496322613));
#3975 = PCURVE('',#2803,#3976);
#3976 = DEFINITIONAL_REPRESENTATION('',(#3977),#3980);
#3977 = B_SPLINE_CURVE_WITH_KNOTS('',1,(#3978,#3979),.UNSPECIFIED.,.F.,
  .F.,(2,2),(26.861924877844,27.86242880905),.PIECEWISE_BEZIER_KNOTS.);
#3978 = CARTESIAN_POINT('',(57.,-3.81705));
#3979 = CARTESIAN_POINT('',(58.,-3.785299151843));
#3980 = ( GEOMETRIC_REPRESENTATION_CONTEXT(2) 
PARAMETRIC_REPRESENTATION_CONTEXT() REPRESENTATION_CONTEXT('2D SPACE',''
  ) );
#3981 = PCURVE('',#2830,#3982);
#3982 = DEFINITIONAL_REPRESENTATION('',(#3983),#3986);
#3983 = B_SPLINE_CURVE_WITH_KNOTS('',1,(#3984,#3985),.UNSPECIFIED.,.F.,
  .F.,(2,2),(26.861924877844,27.86242880905),.PIECEWISE_BEZIER_KNOTS.);
#3984 = CARTESIAN_POINT('',(3.126307101244,-98.));
#3985 = CARTESIAN_POINT('',(2.125803170038,-98.));
#3986 = ( GEOMETRIC_REPRESENTATION_CONTEXT(2) 
PARAMETRIC_REPRESENTATION_CONTEXT() REPRESENTATION_CONTEXT('2D SPACE',''
  ) );
#3987 = ORIENTED_EDGE('',*,*,#3988,.F.);
#3988 = EDGE_CURVE('',#3989,#3968,#3991,.T.);
#3989 = VERTEX_POINT('',#3990);
#3990 = CARTESIAN_POINT('',(130.,8.377757778564,-43.22066501823));
#3991 = SURFACE_CURVE('',#3992,(#3996,#4002),.PCURVE_S1.);
#3992 = LINE('',#3993,#3994);
#3993 = CARTESIAN_POINT('',(130.,8.853390786321,-68.45391561372));
#3994 = VECTOR('',#3995,1.);
#3995 = DIRECTION('',(0.,-1.884610671954E-02,0.999822396359));
#3996 = PCURVE('',#2803,#3997);
#3997 = DEFINITIONAL_REPRESENTATION('',(#3998),#4001);
#3998 = B_SPLINE_CURVE_WITH_KNOTS('',1,(#3999,#4000),.UNSPECIFIED.,.F.,
  .F.,(2,2),(25.237732908739,28.458970030411),.PIECEWISE_BEZIER_KNOTS.);
#3999 = CARTESIAN_POINT('',(53.779334981768,-3.877757778564));
#4000 = CARTESIAN_POINT('',(57.,-3.81705));
#4001 = ( GEOMETRIC_REPRESENTATION_CONTEXT(2) 
PARAMETRIC_REPRESENTATION_CONTEXT() REPRESENTATION_CONTEXT('2D SPACE',''
  ) );
#4002 = PCURVE('',#4003,#4008);
#4003 = PLANE('',#4004);
#4004 = AXIS2_PLACEMENT_3D('',#4005,#4006,#4007);
#4005 = CARTESIAN_POINT('',(32.,8.31705,-40.));
#4006 = DIRECTION('',(-0.,0.999822396359,1.884610671954E-02));
#4007 = DIRECTION('',(0.,1.884610671954E-02,-0.999822396359));
#4008 = DEFINITIONAL_REPRESENTATION('',(#4009),#4012);
#4009 = B_SPLINE_CURVE_WITH_KNOTS('',1,(#4010,#4011),.UNSPECIFIED.,.F.,
  .F.,(2,2),(25.237732908739,28.458970030411),.PIECEWISE_BEZIER_KNOTS.);
#4010 = CARTESIAN_POINT('',(3.221237121672,-98.));
#4011 = CARTESIAN_POINT('',(0.,-98.));
#4012 = ( GEOMETRIC_REPRESENTATION_CONTEXT(2) 
PARAMETRIC_REPRESENTATION_CONTEXT() REPRESENTATION_CONTEXT('2D SPACE',''
  ) );
#4013 = ORIENTED_EDGE('',*,*,#4014,.F.);
#4014 = EDGE_CURVE('',#4015,#3989,#4017,.T.);
#4015 = VERTEX_POINT('',#4016);
#4016 = CARTESIAN_POINT('',(130.,8.400727768418,-46.52843498469));
#4017 = SURFACE_CURVE('',#4018,(#4022,#4028),.PCURVE_S1.);
#4018 = LINE('',#4019,#4020);
#4019 = CARTESIAN_POINT('',(130.,8.564383921755,-70.09557246548));
#4020 = VECTOR('',#4021,1.);
#4021 = DIRECTION('',(0.,-6.944085069566E-03,0.999975889551));
#4022 = PCURVE('',#2803,#4023);
#4023 = DEFINITIONAL_REPRESENTATION('',(#4024),#4027);
#4024 = B_SPLINE_CURVE_WITH_KNOTS('',1,(#4025,#4026),.UNSPECIFIED.,.F.,
  .F.,(2,2),(23.567705708765,26.87555542897),.PIECEWISE_BEZIER_KNOTS.);
#4025 = CARTESIAN_POINT('',(50.471565015306,-3.900727768418));
#4026 = CARTESIAN_POINT('',(53.779334981768,-3.877757778564));
#4027 = ( GEOMETRIC_REPRESENTATION_CONTEXT(2) 
PARAMETRIC_REPRESENTATION_CONTEXT() REPRESENTATION_CONTEXT('2D SPACE',''
  ) );
#4028 = PCURVE('',#4029,#4034);
#4029 = PLANE('',#4030);
#4030 = AXIS2_PLACEMENT_3D('',#4031,#4032,#4033);
#4031 = CARTESIAN_POINT('',(32.,8.377757778564,-43.22066501823));
#4032 = DIRECTION('',(-0.,0.999975889551,6.944085069566E-03));
#4033 = DIRECTION('',(0.,6.944085069566E-03,-0.999975889551));
#4034 = DEFINITIONAL_REPRESENTATION('',(#4035),#4038);
#4035 = B_SPLINE_CURVE_WITH_KNOTS('',1,(#4036,#4037),.UNSPECIFIED.,.F.,
  .F.,(2,2),(23.567705708765,26.87555542897),.PIECEWISE_BEZIER_KNOTS.);
#4036 = CARTESIAN_POINT('',(3.307849720205,-98.));
#4037 = CARTESIAN_POINT('',(0.,-98.));
#4038 = ( GEOMETRIC_REPRESENTATION_CONTEXT(2) 
PARAMETRIC_REPRESENTATION_CONTEXT() REPRESENTATION_CONTEXT('2D SPACE',''
  ) );
#4039 = ORIENTED_EDGE('',*,*,#4040,.F.);
#4040 = EDGE_CURVE('',#4041,#4015,#4043,.T.);
#4041 = VERTEX_POINT('',#4042);
#4042 = CARTESIAN_POINT('',(130.,8.387016841114,-49.91424353182));
#4043 = SURFACE_CURVE('',#4044,(#4048,#4054),.PCURVE_S1.);
#4044 = LINE('',#4045,#4046);
#4045 = CARTESIAN_POINT('',(130.,8.298504447596,-71.77170158973));
#4046 = VECTOR('',#4047,1.);
#4047 = DIRECTION('',(-0.,4.049495030438E-03,0.999991800761));
#4048 = PCURVE('',#2803,#4049);
#4049 = DEFINITIONAL_REPRESENTATION('',(#4050),#4053);
#4050 = B_SPLINE_CURVE_WITH_KNOTS('',1,(#4051,#4052),.UNSPECIFIED.,.F.,
  .F.,(2,2),(21.857637273892,25.243473582307),.PIECEWISE_BEZIER_KNOTS.);
#4051 = CARTESIAN_POINT('',(47.085756468171,-3.887016841114));
#4052 = CARTESIAN_POINT('',(50.471565015306,-3.900727768418));
#4053 = ( GEOMETRIC_REPRESENTATION_CONTEXT(2) 
PARAMETRIC_REPRESENTATION_CONTEXT() REPRESENTATION_CONTEXT('2D SPACE',''
  ) );
#4054 = PCURVE('',#4055,#4060);
#4055 = PLANE('',#4056);
#4056 = AXIS2_PLACEMENT_3D('',#4057,#4058,#4059);
#4057 = CARTESIAN_POINT('',(32.,8.400727768418,-46.52843498469));
#4058 = DIRECTION('',(0.,0.999991800761,-4.049495030438E-03));
#4059 = DIRECTION('',(0.,-4.049495030438E-03,-0.999991800761));
#4060 = DEFINITIONAL_REPRESENTATION('',(#4061),#4064);
#4061 = B_SPLINE_CURVE_WITH_KNOTS('',1,(#4062,#4063),.UNSPECIFIED.,.F.,
  .F.,(2,2),(21.857637273892,25.243473582307),.PIECEWISE_BEZIER_KNOTS.);
#4062 = CARTESIAN_POINT('',(3.385836308415,-98.));
#4063 = CARTESIAN_POINT('',(0.,-98.));
#4064 = ( GEOMETRIC_REPRESENTATION_CONTEXT(2) 
PARAMETRIC_REPRESENTATION_CONTEXT() REPRESENTATION_CONTEXT('2D SPACE',''
  ) );
#4065 = ORIENTED_EDGE('',*,*,#4066,.F.);
#4066 = EDGE_CURVE('',#4067,#4041,#4069,.T.);
#4067 = VERTEX_POINT('',#4068);
#4068 = CARTESIAN_POINT('',(130.,8.337947025561,-53.36881039375));
#4069 = SURFACE_CURVE('',#4070,(#4074,#4080),.PCURVE_S1.);
#4070 = LINE('',#4071,#4072);
#4071 = CARTESIAN_POINT('',(130.,8.052281385156,-73.47997331164));
#4072 = VECTOR('',#4073,1.);
#4073 = DIRECTION('',(-0.,1.420289953121E-02,0.999899133735));
#4074 = PCURVE('',#2803,#4075);
#4075 = DEFINITIONAL_REPRESENTATION('',(#4076),#4079);
#4076 = B_SPLINE_CURVE_WITH_KNOTS('',1,(#4077,#4078),.UNSPECIFIED.,.F.,
  .F.,(2,2),(20.113191660407,23.568107006737),.PIECEWISE_BEZIER_KNOTS.);
#4077 = CARTESIAN_POINT('',(43.631189606246,-3.837947025561));
#4078 = CARTESIAN_POINT('',(47.085756468171,-3.887016841114));
#4079 = ( GEOMETRIC_REPRESENTATION_CONTEXT(2) 
PARAMETRIC_REPRESENTATION_CONTEXT() REPRESENTATION_CONTEXT('2D SPACE',''
  ) );
#4080 = PCURVE('',#4081,#4086);
#4081 = PLANE('',#4082);
#4082 = AXIS2_PLACEMENT_3D('',#4083,#4084,#4085);
#4083 = CARTESIAN_POINT('',(32.,8.387016841114,-49.91424353182));
#4084 = DIRECTION('',(0.,0.999899133735,-1.420289953121E-02));
#4085 = DIRECTION('',(0.,-1.420289953121E-02,-0.999899133735));
#4086 = DEFINITIONAL_REPRESENTATION('',(#4087),#4090);
#4087 = B_SPLINE_CURVE_WITH_KNOTS('',1,(#4088,#4089),.UNSPECIFIED.,.F.,
  .F.,(2,2),(20.113191660407,23.568107006737),.PIECEWISE_BEZIER_KNOTS.);
#4088 = CARTESIAN_POINT('',(3.45491534633,-98.));
#4089 = CARTESIAN_POINT('',(0.,-98.));
#4090 = ( GEOMETRIC_REPRESENTATION_CONTEXT(2) 
PARAMETRIC_REPRESENTATION_CONTEXT() REPRESENTATION_CONTEXT('2D SPACE',''
  ) );
#4091 = ORIENTED_EDGE('',*,*,#4092,.F.);
#4092 = EDGE_CURVE('',#4093,#4067,#4095,.T.);
#4093 = VERTEX_POINT('',#4094);
#4094 = CARTESIAN_POINT('',(130.,8.255076571138,-56.88266684282));
#4095 = SURFACE_CURVE('',#4096,(#4100,#4106),.PCURVE_S1.);
#4096 = LINE('',#4097,#4098);
#4097 = CARTESIAN_POINT('',(130.,7.822669387801,-75.21750982614));
#4098 = VECTOR('',#4099,1.);
#4099 = DIRECTION('',(-0.,2.357734840245E-02,0.999722015684));
#4100 = PCURVE('',#2803,#4101);
#4101 = DEFINITIONAL_REPRESENTATION('',(#4102),#4105);
#4102 = B_SPLINE_CURVE_WITH_KNOTS('',1,(#4103,#4104),.UNSPECIFIED.,.F.,
  .F.,(2,2),(18.339941199336,21.854774716999),.PIECEWISE_BEZIER_KNOTS.);
#4103 = CARTESIAN_POINT('',(40.117333157176,-3.755076571138));
#4104 = CARTESIAN_POINT('',(43.631189606246,-3.837947025561));
#4105 = ( GEOMETRIC_REPRESENTATION_CONTEXT(2) 
PARAMETRIC_REPRESENTATION_CONTEXT() REPRESENTATION_CONTEXT('2D SPACE',''
  ) );
#4106 = PCURVE('',#3140,#4107);
#4107 = DEFINITIONAL_REPRESENTATION('',(#4108),#4111);
#4108 = B_SPLINE_CURVE_WITH_KNOTS('',1,(#4109,#4110),.UNSPECIFIED.,.F.,
  .F.,(2,2),(18.339941199336,21.854774716999),.PIECEWISE_BEZIER_KNOTS.);
#4109 = CARTESIAN_POINT('',(3.514833517663,-98.));
#4110 = CARTESIAN_POINT('',(0.,-98.));
#4111 = ( GEOMETRIC_REPRESENTATION_CONTEXT(2) 
PARAMETRIC_REPRESENTATION_CONTEXT() REPRESENTATION_CONTEXT('2D SPACE',''
  ) );
#4112 = ORIENTED_EDGE('',*,*,#4113,.F.);
#4113 = EDGE_CURVE('',#4114,#4093,#4116,.T.);
#4114 = VERTEX_POINT('',#4115);
#4115 = CARTESIAN_POINT('',(130.,8.140167721403,-60.44618164275));
#4116 = SURFACE_CURVE('',#4117,(#4121,#4127),.PCURVE_S1.);
#4117 = LINE('',#4118,#4119);
#4118 = CARTESIAN_POINT('',(130.,7.606987825792,-76.98097816554));
#4119 = VECTOR('',#4120,1.);
#4120 = DIRECTION('',(-0.,3.222917866762E-02,0.999480505084));
#4121 = PCURVE('',#2803,#4122);
#4122 = DEFINITIONAL_REPRESENTATION('',(#4123),#4126);
#4123 = B_SPLINE_CURVE_WITH_KNOTS('',1,(#4124,#4125),.UNSPECIFIED.,.F.,
  .F.,(2,2),(16.543390730175,20.108757720134),.PIECEWISE_BEZIER_KNOTS.);
#4124 = CARTESIAN_POINT('',(36.553818357243,-3.640167721403));
#4125 = CARTESIAN_POINT('',(40.117333157176,-3.755076571138));
#4126 = ( GEOMETRIC_REPRESENTATION_CONTEXT(2) 
PARAMETRIC_REPRESENTATION_CONTEXT() REPRESENTATION_CONTEXT('2D SPACE',''
  ) );
#4127 = PCURVE('',#4128,#4133);
#4128 = PLANE('',#4129);
#4129 = AXIS2_PLACEMENT_3D('',#4130,#4131,#4132);
#4130 = CARTESIAN_POINT('',(32.,8.255076571138,-56.88266684282));
#4131 = DIRECTION('',(0.,0.999480505084,-3.222917866762E-02));
#4132 = DIRECTION('',(0.,-3.222917866762E-02,-0.999480505084));
#4133 = DEFINITIONAL_REPRESENTATION('',(#4134),#4137);
#4134 = B_SPLINE_CURVE_WITH_KNOTS('',1,(#4135,#4136),.UNSPECIFIED.,.F.,
  .F.,(2,2),(16.543390730175,20.108757720134),.PIECEWISE_BEZIER_KNOTS.);
#4135 = CARTESIAN_POINT('',(3.565366989959,-98.));
#4136 = CARTESIAN_POINT('',(0.,-98.));
#4137 = ( GEOMETRIC_REPRESENTATION_CONTEXT(2) 
PARAMETRIC_REPRESENTATION_CONTEXT() REPRESENTATION_CONTEXT('2D SPACE',''
  ) );
#4138 = ORIENTED_EDGE('',*,*,#4139,.F.);
#4139 = EDGE_CURVE('',#4140,#4114,#4142,.T.);
#4140 = VERTEX_POINT('',#4141);
#4141 = CARTESIAN_POINT('',(130.,7.995152522624,-64.04958744718));
#4142 = SURFACE_CURVE('',#4143,(#4147,#4153),.PCURVE_S1.);
#4143 = LINE('',#4144,#4145);
#4144 = CARTESIAN_POINT('',(130.,7.402879462358,-78.76666676811));
#4145 = VECTOR('',#4146,1.);
#4146 = DIRECTION('',(-0.,4.021137715166E-02,0.999191195491));
#4147 = PCURVE('',#2803,#4148);
#4148 = DEFINITIONAL_REPRESENTATION('',(#4149),#4152);
#4149 = B_SPLINE_CURVE_WITH_KNOTS('',1,(#4150,#4151),.UNSPECIFIED.,.F.,
  .F.,(2,2),(14.728992196228,18.335314810645),.PIECEWISE_BEZIER_KNOTS.);
#4150 = CARTESIAN_POINT('',(32.950412552816,-3.495152522624));
#4151 = CARTESIAN_POINT('',(36.553818357243,-3.640167721403));
#4152 = ( GEOMETRIC_REPRESENTATION_CONTEXT(2) 
PARAMETRIC_REPRESENTATION_CONTEXT() REPRESENTATION_CONTEXT('2D SPACE',''
  ) );
#4153 = PCURVE('',#4154,#4159);
#4154 = PLANE('',#4155);
#4155 = AXIS2_PLACEMENT_3D('',#4156,#4157,#4158);
#4156 = CARTESIAN_POINT('',(32.,8.140167721403,-60.44618164275));
#4157 = DIRECTION('',(0.,0.999191195491,-4.021137715166E-02));
#4158 = DIRECTION('',(0.,-4.021137715166E-02,-0.999191195491));
#4159 = DEFINITIONAL_REPRESENTATION('',(#4160),#4163);
#4160 = B_SPLINE_CURVE_WITH_KNOTS('',1,(#4161,#4162),.UNSPECIFIED.,.F.,
  .F.,(2,2),(14.728992196228,18.335314810645),.PIECEWISE_BEZIER_KNOTS.);
#4161 = CARTESIAN_POINT('',(3.606322614417,-98.));
#4162 = CARTESIAN_POINT('',(0.,-98.));
#4163 = ( GEOMETRIC_REPRESENTATION_CONTEXT(2) 
PARAMETRIC_REPRESENTATION_CONTEXT() REPRESENTATION_CONTEXT('2D SPACE',''
  ) );
#4164 = ORIENTED_EDGE('',*,*,#4165,.F.);
#4165 = EDGE_CURVE('',#4166,#4140,#4168,.T.);
#4166 = VERTEX_POINT('',#4167);
#4167 = CARTESIAN_POINT('',(130.,7.82209798814,-67.68300757126));
#4168 = SURFACE_CURVE('',#4169,(#4173,#4179),.PCURVE_S1.);
#4169 = LINE('',#4170,#4171);
#4170 = CARTESIAN_POINT('',(130.,7.208282982824,-80.57055079235));
#4171 = VECTOR('',#4172,1.);
#4172 = DIRECTION('',(-0.,4.757462022794E-02,0.998867686688));
#4173 = PCURVE('',#2803,#4174);
#4174 = DEFINITIONAL_REPRESENTATION('',(#4175),#4178);
#4175 = B_SPLINE_CURVE_WITH_KNOTS('',1,(#4176,#4177),.UNSPECIFIED.,.F.,
  .F.,(2,2),(12.902152500117,16.539691457981),.PIECEWISE_BEZIER_KNOTS.);
#4176 = CARTESIAN_POINT('',(29.316992428736,-3.32209798814));
#4177 = CARTESIAN_POINT('',(32.950412552816,-3.495152522624));
#4178 = ( GEOMETRIC_REPRESENTATION_CONTEXT(2) 
PARAMETRIC_REPRESENTATION_CONTEXT() REPRESENTATION_CONTEXT('2D SPACE',''
  ) );
#4179 = PCURVE('',#4180,#4185);
#4180 = PLANE('',#4181);
#4181 = AXIS2_PLACEMENT_3D('',#4182,#4183,#4184);
#4182 = CARTESIAN_POINT('',(32.,7.995152522624,-64.04958744718));
#4183 = DIRECTION('',(0.,0.998867686688,-4.757462022794E-02));
#4184 = DIRECTION('',(0.,-4.757462022794E-02,-0.998867686688));
#4185 = DEFINITIONAL_REPRESENTATION('',(#4186),#4189);
#4186 = B_SPLINE_CURVE_WITH_KNOTS('',1,(#4187,#4188),.UNSPECIFIED.,.F.,
  .F.,(2,2),(12.902152500117,16.539691457981),.PIECEWISE_BEZIER_KNOTS.);
#4187 = CARTESIAN_POINT('',(3.637538957864,-98.));
#4188 = CARTESIAN_POINT('',(0.,-98.));
#4189 = ( GEOMETRIC_REPRESENTATION_CONTEXT(2) 
PARAMETRIC_REPRESENTATION_CONTEXT() REPRESENTATION_CONTEXT('2D SPACE',''
  ) );
#4190 = ORIENTED_EDGE('',*,*,#4191,.F.);
#4191 = EDGE_CURVE('',#4192,#4166,#4194,.T.);
#4192 = VERTEX_POINT('',#4193);
#4193 = CARTESIAN_POINT('',(130.,7.623171882263,-71.33648306299));
#4194 = SURFACE_CURVE('',#4195,(#4199,#4205),.PCURVE_S1.);
#4195 = LINE('',#4196,#4197);
#4196 = CARTESIAN_POINT('',(130.,7.021414806425,-82.38834937719));
#4197 = VECTOR('',#4198,1.);
#4198 = DIRECTION('',(-0.,5.436792685412E-02,0.998520970501));
#4199 = PCURVE('',#2803,#4200);
#4200 = DEFINITIONAL_REPRESENTATION('',(#4201),#4204);
#4201 = B_SPLINE_CURVE_WITH_KNOTS('',1,(#4202,#4203),.UNSPECIFIED.,.F.,
  .F.,(2,2),(11.068236562586,14.727123656262),.PIECEWISE_BEZIER_KNOTS.);
#4202 = CARTESIAN_POINT('',(25.663516937006,-3.123171882263));
#4203 = CARTESIAN_POINT('',(29.316992428736,-3.32209798814));
#4204 = ( GEOMETRIC_REPRESENTATION_CONTEXT(2) 
PARAMETRIC_REPRESENTATION_CONTEXT() REPRESENTATION_CONTEXT('2D SPACE',''
  ) );
#4205 = PCURVE('',#4206,#4211);
#4206 = PLANE('',#4207);
#4207 = AXIS2_PLACEMENT_3D('',#4208,#4209,#4210);
#4208 = CARTESIAN_POINT('',(32.,7.82209798814,-67.68300757126));
#4209 = DIRECTION('',(0.,0.998520970501,-5.436792685412E-02));
#4210 = DIRECTION('',(0.,-5.436792685412E-02,-0.998520970501));
#4211 = DEFINITIONAL_REPRESENTATION('',(#4212),#4215);
#4212 = B_SPLINE_CURVE_WITH_KNOTS('',1,(#4213,#4214),.UNSPECIFIED.,.F.,
  .F.,(2,2),(11.068236562586,14.727123656262),.PIECEWISE_BEZIER_KNOTS.);
#4213 = CARTESIAN_POINT('',(3.658887093676,-98.));
#4214 = CARTESIAN_POINT('',(0.,-98.));
#4215 = ( GEOMETRIC_REPRESENTATION_CONTEXT(2) 
PARAMETRIC_REPRESENTATION_CONTEXT() REPRESENTATION_CONTEXT('2D SPACE',''
  ) );
#4216 = ORIENTED_EDGE('',*,*,#4217,.F.);
#4217 = EDGE_CURVE('',#4218,#4192,#4220,.T.);
#4218 = VERTEX_POINT('',#4219);
#4219 = CARTESIAN_POINT('',(130.,7.40061028008,-75.));
#4220 = SURFACE_CURVE('',#4221,(#4225,#4231),.PCURVE_S1.);
#4221 = LINE('',#4222,#4223);
#4222 = CARTESIAN_POINT('',(130.,6.840756574679,-84.21557677453));
#4223 = VECTOR('',#4224,1.);
#4224 = DIRECTION('',(-0.,6.063900882683E-02,0.998159762066));
#4225 = PCURVE('',#2803,#4226);
#4226 = DEFINITIONAL_REPRESENTATION('',(#4227),#4230);
#4227 = B_SPLINE_CURVE_WITH_KNOTS('',1,(#4228,#4229),.UNSPECIFIED.,.F.,
  .F.,(2,2),(9.232566894355,12.902838003483),.PIECEWISE_BEZIER_KNOTS.);
#4228 = CARTESIAN_POINT('',(22.,-2.90061028008));
#4229 = CARTESIAN_POINT('',(25.663516937006,-3.123171882263));
#4230 = ( GEOMETRIC_REPRESENTATION_CONTEXT(2) 
PARAMETRIC_REPRESENTATION_CONTEXT() REPRESENTATION_CONTEXT('2D SPACE',''
  ) );
#4231 = PCURVE('',#4232,#4237);
#4232 = PLANE('',#4233);
#4233 = AXIS2_PLACEMENT_3D('',#4234,#4235,#4236);
#4234 = CARTESIAN_POINT('',(32.,7.623171882263,-71.33648306299));
#4235 = DIRECTION('',(0.,0.998159762066,-6.063900882683E-02));
#4236 = DIRECTION('',(0.,-6.063900882683E-02,-0.998159762066));
#4237 = DEFINITIONAL_REPRESENTATION('',(#4238),#4241);
#4238 = B_SPLINE_CURVE_WITH_KNOTS('',1,(#4239,#4240),.UNSPECIFIED.,.F.,
  .F.,(2,2),(9.232566894355,12.902838003483),.PIECEWISE_BEZIER_KNOTS.);
#4239 = CARTESIAN_POINT('',(3.670271109128,-98.));
#4240 = CARTESIAN_POINT('',(0.,-98.));
#4241 = ( GEOMETRIC_REPRESENTATION_CONTEXT(2) 
PARAMETRIC_REPRESENTATION_CONTEXT() REPRESENTATION_CONTEXT('2D SPACE',''
  ) );
#4242 = ORIENTED_EDGE('',*,*,#4243,.F.);
#4243 = EDGE_CURVE('',#4244,#4218,#4246,.T.);
#4244 = VERTEX_POINT('',#4245);
#4245 = CARTESIAN_POINT('',(130.,7.156687907998,-78.663516937));
#4246 = SURFACE_CURVE('',#4247,(#4251,#4257),.PCURVE_S1.);
#4247 = LINE('',#4248,#4249);
#4248 = CARTESIAN_POINT('',(130.,6.66504551218,-86.04758847031));
#4249 = VECTOR('',#4250,1.);
#4250 = DIRECTION('',(-0.,6.643438585429E-02,0.997790795897));
#4251 = PCURVE('',#2803,#4252);
#4252 = DEFINITIONAL_REPRESENTATION('',(#4253),#4256);
#4253 = B_SPLINE_CURVE_WITH_KNOTS('',1,(#4254,#4255),.UNSPECIFIED.,.F.,
  .F.,(2,2),(7.400420572802,11.072048886144),.PIECEWISE_BEZIER_KNOTS.);
#4254 = CARTESIAN_POINT('',(18.336483062994,-2.656687907998));
#4255 = CARTESIAN_POINT('',(22.,-2.90061028008));
#4256 = ( GEOMETRIC_REPRESENTATION_CONTEXT(2) 
PARAMETRIC_REPRESENTATION_CONTEXT() REPRESENTATION_CONTEXT('2D SPACE',''
  ) );
#4257 = PCURVE('',#4258,#4263);
#4258 = PLANE('',#4259);
#4259 = AXIS2_PLACEMENT_3D('',#4260,#4261,#4262);
#4260 = CARTESIAN_POINT('',(32.,7.40061028008,-75.));
#4261 = DIRECTION('',(0.,0.997790795897,-6.643438585429E-02));
#4262 = DIRECTION('',(0.,-6.643438585429E-02,-0.997790795897));
#4263 = DEFINITIONAL_REPRESENTATION('',(#4264),#4267);
#4264 = B_SPLINE_CURVE_WITH_KNOTS('',1,(#4265,#4266),.UNSPECIFIED.,.F.,
  .F.,(2,2),(7.400420572802,11.072048886144),.PIECEWISE_BEZIER_KNOTS.);
#4265 = CARTESIAN_POINT('',(3.671628313342,-98.));
#4266 = CARTESIAN_POINT('',(0.,-98.));
#4267 = ( GEOMETRIC_REPRESENTATION_CONTEXT(2) 
PARAMETRIC_REPRESENTATION_CONTEXT() REPRESENTATION_CONTEXT('2D SPACE',''
  ) );
#4268 = ORIENTED_EDGE('',*,*,#4269,.F.);
#4269 = EDGE_CURVE('',#4270,#4244,#4272,.T.);
#4270 = VERTEX_POINT('',#4271);
#4271 = CARTESIAN_POINT('',(130.,6.893692082141,-82.31699242873));
#4272 = SURFACE_CURVE('',#4273,(#4277,#4283),.PCURVE_S1.);
#4273 = LINE('',#4274,#4275);
#4274 = CARTESIAN_POINT('',(130.,6.493265528531,-87.87962291949));
#4275 = VECTOR('',#4276,1.);
#4276 = DIRECTION('',(-0.,7.179932096371E-02,0.997419098228));
#4277 = PCURVE('',#2803,#4278);
#4278 = DEFINITIONAL_REPRESENTATION('',(#4279),#4282);
#4279 = B_SPLINE_CURVE_WITH_KNOTS('',1,(#4280,#4281),.UNSPECIFIED.,.F.,
  .F.,(2,2),(5.577024242511,9.239953394582),.PIECEWISE_BEZIER_KNOTS.);
#4280 = CARTESIAN_POINT('',(14.683007571264,-2.393692082141));
#4281 = CARTESIAN_POINT('',(18.336483062994,-2.656687907998));
#4282 = ( GEOMETRIC_REPRESENTATION_CONTEXT(2) 
PARAMETRIC_REPRESENTATION_CONTEXT() REPRESENTATION_CONTEXT('2D SPACE',''
  ) );
#4283 = PCURVE('',#3281,#4284);
#4284 = DEFINITIONAL_REPRESENTATION('',(#4285),#4288);
#4285 = B_SPLINE_CURVE_WITH_KNOTS('',1,(#4286,#4287),.UNSPECIFIED.,.F.,
  .F.,(2,2),(5.577024242511,9.239953394582),.PIECEWISE_BEZIER_KNOTS.);
#4286 = CARTESIAN_POINT('',(3.66292915207,-98.));
#4287 = CARTESIAN_POINT('',(0.,-98.));
#4288 = ( GEOMETRIC_REPRESENTATION_CONTEXT(2) 
PARAMETRIC_REPRESENTATION_CONTEXT() REPRESENTATION_CONTEXT('2D SPACE',''
  ) );
#4289 = ORIENTED_EDGE('',*,*,#4290,.F.);
#4290 = EDGE_CURVE('',#4291,#4270,#4293,.T.);
#4291 = VERTEX_POINT('',#4292);
#4292 = CARTESIAN_POINT('',(130.,6.613900846731,-85.95041255281));
#4293 = SURFACE_CURVE('',#4294,(#4298,#4304),.PCURVE_S1.);
#4294 = LINE('',#4295,#4296);
#4295 = CARTESIAN_POINT('',(130.,6.324637499908,-89.70683924706));
#4296 = VECTOR('',#4297,1.);
#4297 = DIRECTION('',(-0.,7.677762269008E-02,0.997048241889));
#4298 = PCURVE('',#2803,#4299);
#4299 = DEFINITIONAL_REPRESENTATION('',(#4300),#4303);
#4300 = B_SPLINE_CURVE_WITH_KNOTS('',1,(#4301,#4302),.UNSPECIFIED.,.F.,
  .F.,(2,2),(3.767547583383,7.411724436046),.PIECEWISE_BEZIER_KNOTS.);
#4301 = CARTESIAN_POINT('',(11.049587447184,-2.113900846731));
#4302 = CARTESIAN_POINT('',(14.683007571264,-2.393692082141));
#4303 = ( GEOMETRIC_REPRESENTATION_CONTEXT(2) 
PARAMETRIC_REPRESENTATION_CONTEXT() REPRESENTATION_CONTEXT('2D SPACE',''
  ) );
#4304 = PCURVE('',#4305,#4310);
#4305 = PLANE('',#4306);
#4306 = AXIS2_PLACEMENT_3D('',#4307,#4308,#4309);
#4307 = CARTESIAN_POINT('',(32.,6.893692082141,-82.31699242873));
#4308 = DIRECTION('',(0.,0.997048241889,-7.677762269008E-02));
#4309 = DIRECTION('',(0.,-7.677762269008E-02,-0.997048241889));
#4310 = DEFINITIONAL_REPRESENTATION('',(#4311),#4314);
#4311 = B_SPLINE_CURVE_WITH_KNOTS('',1,(#4312,#4313),.UNSPECIFIED.,.F.,
  .F.,(2,2),(3.767547583383,7.411724436046),.PIECEWISE_BEZIER_KNOTS.);
#4312 = CARTESIAN_POINT('',(3.644176852663,-98.));
#4313 = CARTESIAN_POINT('',(0.,-98.));
#4314 = ( GEOMETRIC_REPRESENTATION_CONTEXT(2) 
PARAMETRIC_REPRESENTATION_CONTEXT() REPRESENTATION_CONTEXT('2D SPACE',''
  ) );
#4315 = ORIENTED_EDGE('',*,*,#4316,.F.);
#4316 = EDGE_CURVE('',#4317,#4291,#4319,.T.);
#4317 = VERTEX_POINT('',#4318);
#4318 = CARTESIAN_POINT('',(130.,6.319565682663,-89.55381835724));
#4319 = SURFACE_CURVE('',#4320,(#4324,#4330),.PCURVE_S1.);
#4320 = LINE('',#4321,#4322);
#4321 = CARTESIAN_POINT('',(130.,6.158607655492,-91.52435113817));
#4322 = VECTOR('',#4323,1.);
#4323 = DIRECTION('',(-0.,8.141135355662E-02,0.996680586503));
#4324 = PCURVE('',#2803,#4325);
#4325 = DEFINITIONAL_REPRESENTATION('',(#4326),#4329);
#4326 = B_SPLINE_CURVE_WITH_KNOTS('',1,(#4327,#4328),.UNSPECIFIED.,.F.,
  .F.,(2,2),(1.977095578676,5.592502413346),.PIECEWISE_BEZIER_KNOTS.);
#4327 = CARTESIAN_POINT('',(7.446181642757,-1.819565682663));
#4328 = CARTESIAN_POINT('',(11.049587447184,-2.113900846731));
#4329 = ( GEOMETRIC_REPRESENTATION_CONTEXT(2) 
PARAMETRIC_REPRESENTATION_CONTEXT() REPRESENTATION_CONTEXT('2D SPACE',''
  ) );
#4330 = PCURVE('',#4331,#4336);
#4331 = PLANE('',#4332);
#4332 = AXIS2_PLACEMENT_3D('',#4333,#4334,#4335);
#4333 = CARTESIAN_POINT('',(32.,6.613900846731,-85.95041255281));
#4334 = DIRECTION('',(0.,0.996680586503,-8.141135355662E-02));
#4335 = DIRECTION('',(0.,-8.141135355662E-02,-0.996680586503));
#4336 = DEFINITIONAL_REPRESENTATION('',(#4337),#4340);
#4337 = B_SPLINE_CURVE_WITH_KNOTS('',1,(#4338,#4339),.UNSPECIFIED.,.F.,
  .F.,(2,2),(1.977095578676,5.592502413346),.PIECEWISE_BEZIER_KNOTS.);
#4338 = CARTESIAN_POINT('',(3.615406834671,-98.));
#4339 = CARTESIAN_POINT('',(0.,-98.));
#4340 = ( GEOMETRIC_REPRESENTATION_CONTEXT(2) 
PARAMETRIC_REPRESENTATION_CONTEXT() REPRESENTATION_CONTEXT('2D SPACE',''
  ) );
#4341 = ORIENTED_EDGE('',*,*,#4342,.F.);
#4342 = EDGE_CURVE('',#4343,#4317,#4345,.T.);
#4343 = VERTEX_POINT('',#4344);
#4344 = CARTESIAN_POINT('',(130.,6.012898918185,-93.11733315717));
#4345 = SURFACE_CURVE('',#4346,(#4350,#4356),.PCURVE_S1.);
#4346 = LINE('',#4347,#4348);
#4347 = CARTESIAN_POINT('',(130.,5.994833412586,-93.32725710077));
#4348 = VECTOR('',#4349,1.);
#4349 = DIRECTION('',(-0.,8.574047891734E-02,0.996317504752));
#4350 = PCURVE('',#2803,#4351);
#4351 = DEFINITIONAL_REPRESENTATION('',(#4352),#4355);
#4352 = B_SPLINE_CURVE_WITH_KNOTS('',1,(#4353,#4354),.UNSPECIFIED.,.F.,
  .F.,(2,2),(0.210699844777,3.787385773647),.PIECEWISE_BEZIER_KNOTS.);
#4353 = CARTESIAN_POINT('',(3.882666842824,-1.512898918185));
#4354 = CARTESIAN_POINT('',(7.446181642757,-1.819565682663));
#4355 = ( GEOMETRIC_REPRESENTATION_CONTEXT(2) 
PARAMETRIC_REPRESENTATION_CONTEXT() REPRESENTATION_CONTEXT('2D SPACE',''
  ) );
#4356 = PCURVE('',#4357,#4362);
#4357 = PLANE('',#4358);
#4358 = AXIS2_PLACEMENT_3D('',#4359,#4360,#4361);
#4359 = CARTESIAN_POINT('',(32.,6.319565682663,-89.55381835724));
#4360 = DIRECTION('',(0.,0.996317504752,-8.574047891734E-02));
#4361 = DIRECTION('',(0.,-8.574047891734E-02,-0.996317504752));
#4362 = DEFINITIONAL_REPRESENTATION('',(#4363),#4366);
#4363 = B_SPLINE_CURVE_WITH_KNOTS('',1,(#4364,#4365),.UNSPECIFIED.,.F.,
  .F.,(2,2),(0.210699844777,3.787385773647),.PIECEWISE_BEZIER_KNOTS.);
#4364 = CARTESIAN_POINT('',(3.57668592887,-98.));
#4365 = CARTESIAN_POINT('',(0.,-98.));
#4366 = ( GEOMETRIC_REPRESENTATION_CONTEXT(2) 
PARAMETRIC_REPRESENTATION_CONTEXT() REPRESENTATION_CONTEXT('2D SPACE',''
  ) );
#4367 = ORIENTED_EDGE('',*,*,#4368,.F.);
#4368 = EDGE_CURVE('',#4369,#4343,#4371,.T.);
#4369 = VERTEX_POINT('',#4370);
#4370 = CARTESIAN_POINT('',(130.,5.696065739691,-96.63118960624));
#4371 = SURFACE_CURVE('',#4372,(#4376,#4382),.PCURVE_S1.);
#4372 = LINE('',#4373,#4374);
#4373 = CARTESIAN_POINT('',(130.,5.833166365181,-95.11066729435));
#4374 = VECTOR('',#4375,1.);
#4375 = DIRECTION('',(-0.,8.98024858149E-02,0.995959594332));
#4376 = PCURVE('',#2803,#4377);
#4377 = DEFINITIONAL_REPRESENTATION('',(#4378),#4381);
#4378 = B_SPLINE_CURVE_WITH_KNOTS('',1,(#4379,#4380),.UNSPECIFIED.,.F.,
  .F.,(2,2),(-1.526690761901,2.001420688672),.PIECEWISE_BEZIER_KNOTS.);
#4379 = CARTESIAN_POINT('',(0.368810393754,-1.196065739691));
#4380 = CARTESIAN_POINT('',(3.882666842824,-1.512898918185));
#4381 = ( GEOMETRIC_REPRESENTATION_CONTEXT(2) 
PARAMETRIC_REPRESENTATION_CONTEXT() REPRESENTATION_CONTEXT('2D SPACE',''
  ) );
#4382 = PCURVE('',#4383,#4388);
#4383 = PLANE('',#4384);
#4384 = AXIS2_PLACEMENT_3D('',#4385,#4386,#4387);
#4385 = CARTESIAN_POINT('',(32.,6.012898918185,-93.11733315717));
#4386 = DIRECTION('',(0.,0.995959594332,-8.98024858149E-02));
#4387 = DIRECTION('',(0.,-8.98024858149E-02,-0.995959594332));
#4388 = DEFINITIONAL_REPRESENTATION('',(#4389),#4392);
#4389 = B_SPLINE_CURVE_WITH_KNOTS('',1,(#4390,#4391),.UNSPECIFIED.,.F.,
  .F.,(2,2),(-1.526690761901,2.001420688672),.PIECEWISE_BEZIER_KNOTS.);
#4390 = CARTESIAN_POINT('',(3.528111450573,-98.));
#4391 = CARTESIAN_POINT('',(0.,-98.));
#4392 = ( GEOMETRIC_REPRESENTATION_CONTEXT(2) 
PARAMETRIC_REPRESENTATION_CONTEXT() REPRESENTATION_CONTEXT('2D SPACE',''
  ) );
#4393 = ORIENTED_EDGE('',*,*,#4394,.F.);
#4394 = EDGE_CURVE('',#3340,#4369,#4395,.T.);
#4395 = SURFACE_CURVE('',#4396,(#4400,#4406),.PCURVE_S1.);
#4396 = LINE('',#4397,#4398);
#4397 = CARTESIAN_POINT('',(130.,5.67363244054,-96.86972715102));
#4398 = VECTOR('',#4399,1.);
#4399 = DIRECTION('',(-0.,9.363199775946E-02,0.995606874723));
#4400 = PCURVE('',#2803,#4401);
#4401 = DEFINITIONAL_REPRESENTATION('',(#4402),#4405);
#4402 = B_SPLINE_CURVE_WITH_KNOTS('',1,(#4403,#4404),.UNSPECIFIED.,.F.,
  .F.,(2,2),(-0.130847679224,0.239590094075),.PIECEWISE_BEZIER_KNOTS.);
#4403 = CARTESIAN_POINT('',(0.,-1.161380910932));
#4404 = CARTESIAN_POINT('',(0.368810393754,-1.196065739691));
#4405 = ( GEOMETRIC_REPRESENTATION_CONTEXT(2) 
PARAMETRIC_REPRESENTATION_CONTEXT() REPRESENTATION_CONTEXT('2D SPACE',''
  ) );
#4406 = PCURVE('',#3379,#4407);
#4407 = DEFINITIONAL_REPRESENTATION('',(#4408),#4411);
#4408 = B_SPLINE_CURVE_WITH_KNOTS('',1,(#4409,#4410),.UNSPECIFIED.,.F.,
  .F.,(2,2),(-0.130847679224,0.239590094075),.PIECEWISE_BEZIER_KNOTS.);
#4409 = CARTESIAN_POINT('',(0.370437773299,-98.));
#4410 = CARTESIAN_POINT('',(0.,-98.));
#4411 = ( GEOMETRIC_REPRESENTATION_CONTEXT(2) 
PARAMETRIC_REPRESENTATION_CONTEXT() REPRESENTATION_CONTEXT('2D SPACE',''
  ) );
#4412 = ORIENTED_EDGE('',*,*,#3339,.T.);
#4413 = ORIENTED_EDGE('',*,*,#3631,.T.);
#4414 = ADVANCED_FACE('',(#4415),#2857,.T.);
#4415 = FACE_BOUND('',#4416,.T.);
#4416 = EDGE_LOOP('',(#4417,#4418,#4439,#4460,#4481,#4502,#4523,#4544,
    #4570,#4596,#4622,#4648,#4674,#4700,#4721,#4742,#4763,#4784,#4805,
    #4824,#4825));
#4417 = ORIENTED_EDGE('',*,*,#2841,.F.);
#4418 = ORIENTED_EDGE('',*,*,#4419,.F.);
#4419 = EDGE_CURVE('',#4420,#2816,#4422,.T.);
#4420 = VERTEX_POINT('',#4421);
#4421 = CARTESIAN_POINT('',(160.,8.31705,-40.));
#4422 = SURFACE_CURVE('',#4423,(#4427,#4433),.PCURVE_S1.);
#4423 = LINE('',#4424,#4425);
#4424 = CARTESIAN_POINT('',(160.,9.169509317162,-66.8483951337));
#4425 = VECTOR('',#4426,1.);
#4426 = DIRECTION('',(0.,-3.173485597322E-02,0.999496322613));
#4427 = PCURVE('',#2857,#4428);
#4428 = DEFINITIONAL_REPRESENTATION('',(#4429),#4432);
#4429 = B_SPLINE_CURVE_WITH_KNOTS('',1,(#4430,#4431),.UNSPECIFIED.,.F.,
  .F.,(2,2),(26.861924877844,27.86242880905),.PIECEWISE_BEZIER_KNOTS.);
#4430 = CARTESIAN_POINT('',(57.,-3.81705));
#4431 = CARTESIAN_POINT('',(58.,-3.785299151843));
#4432 = ( GEOMETRIC_REPRESENTATION_CONTEXT(2) 
PARAMETRIC_REPRESENTATION_CONTEXT() REPRESENTATION_CONTEXT('2D SPACE',''
  ) );
#4433 = PCURVE('',#2830,#4434);
#4434 = DEFINITIONAL_REPRESENTATION('',(#4435),#4438);
#4435 = B_SPLINE_CURVE_WITH_KNOTS('',1,(#4436,#4437),.UNSPECIFIED.,.F.,
  .F.,(2,2),(26.861924877844,27.86242880905),.PIECEWISE_BEZIER_KNOTS.);
#4436 = CARTESIAN_POINT('',(3.126307101244,-128.));
#4437 = CARTESIAN_POINT('',(2.125803170038,-128.));
#4438 = ( GEOMETRIC_REPRESENTATION_CONTEXT(2) 
PARAMETRIC_REPRESENTATION_CONTEXT() REPRESENTATION_CONTEXT('2D SPACE',''
  ) );
#4439 = ORIENTED_EDGE('',*,*,#4440,.F.);
#4440 = EDGE_CURVE('',#4441,#4420,#4443,.T.);
#4441 = VERTEX_POINT('',#4442);
#4442 = CARTESIAN_POINT('',(160.,8.377757778564,-43.22066501823));
#4443 = SURFACE_CURVE('',#4444,(#4448,#4454),.PCURVE_S1.);
#4444 = LINE('',#4445,#4446);
#4445 = CARTESIAN_POINT('',(160.,8.853390786321,-68.45391561372));
#4446 = VECTOR('',#4447,1.);
#4447 = DIRECTION('',(0.,-1.884610671954E-02,0.999822396359));
#4448 = PCURVE('',#2857,#4449);
#4449 = DEFINITIONAL_REPRESENTATION('',(#4450),#4453);
#4450 = B_SPLINE_CURVE_WITH_KNOTS('',1,(#4451,#4452),.UNSPECIFIED.,.F.,
  .F.,(2,2),(25.237732908739,28.458970030411),.PIECEWISE_BEZIER_KNOTS.);
#4451 = CARTESIAN_POINT('',(53.779334981768,-3.877757778564));
#4452 = CARTESIAN_POINT('',(57.,-3.81705));
#4453 = ( GEOMETRIC_REPRESENTATION_CONTEXT(2) 
PARAMETRIC_REPRESENTATION_CONTEXT() REPRESENTATION_CONTEXT('2D SPACE',''
  ) );
#4454 = PCURVE('',#4003,#4455);
#4455 = DEFINITIONAL_REPRESENTATION('',(#4456),#4459);
#4456 = B_SPLINE_CURVE_WITH_KNOTS('',1,(#4457,#4458),.UNSPECIFIED.,.F.,
  .F.,(2,2),(25.237732908739,28.458970030411),.PIECEWISE_BEZIER_KNOTS.);
#4457 = CARTESIAN_POINT('',(3.221237121672,-128.));
#4458 = CARTESIAN_POINT('',(0.,-128.));
#4459 = ( GEOMETRIC_REPRESENTATION_CONTEXT(2) 
PARAMETRIC_REPRESENTATION_CONTEXT() REPRESENTATION_CONTEXT('2D SPACE',''
  ) );
#4460 = ORIENTED_EDGE('',*,*,#4461,.F.);
#4461 = EDGE_CURVE('',#4462,#4441,#4464,.T.);
#4462 = VERTEX_POINT('',#4463);
#4463 = CARTESIAN_POINT('',(160.,8.400727768418,-46.52843498469));
#4464 = SURFACE_CURVE('',#4465,(#4469,#4475),.PCURVE_S1.);
#4465 = LINE('',#4466,#4467);
#4466 = CARTESIAN_POINT('',(160.,8.564383921755,-70.09557246548));
#4467 = VECTOR('',#4468,1.);
#4468 = DIRECTION('',(0.,-6.944085069566E-03,0.999975889551));
#4469 = PCURVE('',#2857,#4470);
#4470 = DEFINITIONAL_REPRESENTATION('',(#4471),#4474);
#4471 = B_SPLINE_CURVE_WITH_KNOTS('',1,(#4472,#4473),.UNSPECIFIED.,.F.,
  .F.,(2,2),(23.567705708765,26.87555542897),.PIECEWISE_BEZIER_KNOTS.);
#4472 = CARTESIAN_POINT('',(50.471565015306,-3.900727768418));
#4473 = CARTESIAN_POINT('',(53.779334981768,-3.877757778564));
#4474 = ( GEOMETRIC_REPRESENTATION_CONTEXT(2) 
PARAMETRIC_REPRESENTATION_CONTEXT() REPRESENTATION_CONTEXT('2D SPACE',''
  ) );
#4475 = PCURVE('',#4029,#4476);
#4476 = DEFINITIONAL_REPRESENTATION('',(#4477),#4480);
#4477 = B_SPLINE_CURVE_WITH_KNOTS('',1,(#4478,#4479),.UNSPECIFIED.,.F.,
  .F.,(2,2),(23.567705708765,26.87555542897),.PIECEWISE_BEZIER_KNOTS.);
#4478 = CARTESIAN_POINT('',(3.307849720205,-128.));
#4479 = CARTESIAN_POINT('',(0.,-128.));
#4480 = ( GEOMETRIC_REPRESENTATION_CONTEXT(2) 
PARAMETRIC_REPRESENTATION_CONTEXT() REPRESENTATION_CONTEXT('2D SPACE',''
  ) );
#4481 = ORIENTED_EDGE('',*,*,#4482,.F.);
#4482 = EDGE_CURVE('',#4483,#4462,#4485,.T.);
#4483 = VERTEX_POINT('',#4484);
#4484 = CARTESIAN_POINT('',(160.,8.387016841114,-49.91424353182));
#4485 = SURFACE_CURVE('',#4486,(#4490,#4496),.PCURVE_S1.);
#4486 = LINE('',#4487,#4488);
#4487 = CARTESIAN_POINT('',(160.,8.298504447596,-71.77170158973));
#4488 = VECTOR('',#4489,1.);
#4489 = DIRECTION('',(-0.,4.049495030438E-03,0.999991800761));
#4490 = PCURVE('',#2857,#4491);
#4491 = DEFINITIONAL_REPRESENTATION('',(#4492),#4495);
#4492 = B_SPLINE_CURVE_WITH_KNOTS('',1,(#4493,#4494),.UNSPECIFIED.,.F.,
  .F.,(2,2),(21.857637273892,25.243473582307),.PIECEWISE_BEZIER_KNOTS.);
#4493 = CARTESIAN_POINT('',(47.085756468171,-3.887016841114));
#4494 = CARTESIAN_POINT('',(50.471565015306,-3.900727768418));
#4495 = ( GEOMETRIC_REPRESENTATION_CONTEXT(2) 
PARAMETRIC_REPRESENTATION_CONTEXT() REPRESENTATION_CONTEXT('2D SPACE',''
  ) );
#4496 = PCURVE('',#4055,#4497);
#4497 = DEFINITIONAL_REPRESENTATION('',(#4498),#4501);
#4498 = B_SPLINE_CURVE_WITH_KNOTS('',1,(#4499,#4500),.UNSPECIFIED.,.F.,
  .F.,(2,2),(21.857637273892,25.243473582307),.PIECEWISE_BEZIER_KNOTS.);
#4499 = CARTESIAN_POINT('',(3.385836308415,-128.));
#4500 = CARTESIAN_POINT('',(0.,-128.));
#4501 = ( GEOMETRIC_REPRESENTATION_CONTEXT(2) 
PARAMETRIC_REPRESENTATION_CONTEXT() REPRESENTATION_CONTEXT('2D SPACE',''
  ) );
#4502 = ORIENTED_EDGE('',*,*,#4503,.F.);
#4503 = EDGE_CURVE('',#4504,#4483,#4506,.T.);
#4504 = VERTEX_POINT('',#4505);
#4505 = CARTESIAN_POINT('',(160.,8.337947025561,-53.36881039375));
#4506 = SURFACE_CURVE('',#4507,(#4511,#4517),.PCURVE_S1.);
#4507 = LINE('',#4508,#4509);
#4508 = CARTESIAN_POINT('',(160.,8.052281385156,-73.47997331164));
#4509 = VECTOR('',#4510,1.);
#4510 = DIRECTION('',(-0.,1.420289953121E-02,0.999899133735));
#4511 = PCURVE('',#2857,#4512);
#4512 = DEFINITIONAL_REPRESENTATION('',(#4513),#4516);
#4513 = B_SPLINE_CURVE_WITH_KNOTS('',1,(#4514,#4515),.UNSPECIFIED.,.F.,
  .F.,(2,2),(20.113191660407,23.568107006737),.PIECEWISE_BEZIER_KNOTS.);
#4514 = CARTESIAN_POINT('',(43.631189606246,-3.837947025561));
#4515 = CARTESIAN_POINT('',(47.085756468171,-3.887016841114));
#4516 = ( GEOMETRIC_REPRESENTATION_CONTEXT(2) 
PARAMETRIC_REPRESENTATION_CONTEXT() REPRESENTATION_CONTEXT('2D SPACE',''
  ) );
#4517 = PCURVE('',#4081,#4518);
#4518 = DEFINITIONAL_REPRESENTATION('',(#4519),#4522);
#4519 = B_SPLINE_CURVE_WITH_KNOTS('',1,(#4520,#4521),.UNSPECIFIED.,.F.,
  .F.,(2,2),(20.113191660407,23.568107006737),.PIECEWISE_BEZIER_KNOTS.);
#4520 = CARTESIAN_POINT('',(3.45491534633,-128.));
#4521 = CARTESIAN_POINT('',(0.,-128.));
#4522 = ( GEOMETRIC_REPRESENTATION_CONTEXT(2) 
PARAMETRIC_REPRESENTATION_CONTEXT() REPRESENTATION_CONTEXT('2D SPACE',''
  ) );
#4523 = ORIENTED_EDGE('',*,*,#4524,.F.);
#4524 = EDGE_CURVE('',#4525,#4504,#4527,.T.);
#4525 = VERTEX_POINT('',#4526);
#4526 = CARTESIAN_POINT('',(160.,8.255076571138,-56.88266684282));
#4527 = SURFACE_CURVE('',#4528,(#4532,#4538),.PCURVE_S1.);
#4528 = LINE('',#4529,#4530);
#4529 = CARTESIAN_POINT('',(160.,7.822669387801,-75.21750982614));
#4530 = VECTOR('',#4531,1.);
#4531 = DIRECTION('',(-0.,2.357734840245E-02,0.999722015684));
#4532 = PCURVE('',#2857,#4533);
#4533 = DEFINITIONAL_REPRESENTATION('',(#4534),#4537);
#4534 = B_SPLINE_CURVE_WITH_KNOTS('',1,(#4535,#4536),.UNSPECIFIED.,.F.,
  .F.,(2,2),(18.339941199336,21.854774716999),.PIECEWISE_BEZIER_KNOTS.);
#4535 = CARTESIAN_POINT('',(40.117333157176,-3.755076571138));
#4536 = CARTESIAN_POINT('',(43.631189606246,-3.837947025561));
#4537 = ( GEOMETRIC_REPRESENTATION_CONTEXT(2) 
PARAMETRIC_REPRESENTATION_CONTEXT() REPRESENTATION_CONTEXT('2D SPACE',''
  ) );
#4538 = PCURVE('',#3140,#4539);
#4539 = DEFINITIONAL_REPRESENTATION('',(#4540),#4543);
#4540 = B_SPLINE_CURVE_WITH_KNOTS('',1,(#4541,#4542),.UNSPECIFIED.,.F.,
  .F.,(2,2),(18.339941199336,21.854774716999),.PIECEWISE_BEZIER_KNOTS.);
#4541 = CARTESIAN_POINT('',(3.514833517663,-128.));
#4542 = CARTESIAN_POINT('',(0.,-128.));
#4543 = ( GEOMETRIC_REPRESENTATION_CONTEXT(2) 
PARAMETRIC_REPRESENTATION_CONTEXT() REPRESENTATION_CONTEXT('2D SPACE',''
  ) );
#4544 = ORIENTED_EDGE('',*,*,#4545,.F.);
#4545 = EDGE_CURVE('',#4546,#4525,#4548,.T.);
#4546 = VERTEX_POINT('',#4547);
#4547 = CARTESIAN_POINT('',(160.,8.140167721403,-60.44618164275));
#4548 = SURFACE_CURVE('',#4549,(#4553,#4559),.PCURVE_S1.);
#4549 = LINE('',#4550,#4551);
#4550 = CARTESIAN_POINT('',(160.,7.606987825792,-76.98097816554));
#4551 = VECTOR('',#4552,1.);
#4552 = DIRECTION('',(-0.,3.222917866762E-02,0.999480505084));
#4553 = PCURVE('',#2857,#4554);
#4554 = DEFINITIONAL_REPRESENTATION('',(#4555),#4558);
#4555 = B_SPLINE_CURVE_WITH_KNOTS('',1,(#4556,#4557),.UNSPECIFIED.,.F.,
  .F.,(2,2),(16.543390730175,20.108757720134),.PIECEWISE_BEZIER_KNOTS.);
#4556 = CARTESIAN_POINT('',(36.553818357243,-3.640167721403));
#4557 = CARTESIAN_POINT('',(40.117333157176,-3.755076571138));
#4558 = ( GEOMETRIC_REPRESENTATION_CONTEXT(2) 
PARAMETRIC_REPRESENTATION_CONTEXT() REPRESENTATION_CONTEXT('2D SPACE',''
  ) );
#4559 = PCURVE('',#4560,#4565);
#4560 = PLANE('',#4561);
#4561 = AXIS2_PLACEMENT_3D('',#4562,#4563,#4564);
#4562 = CARTESIAN_POINT('',(32.,8.255076571138,-56.88266684282));
#4563 = DIRECTION('',(0.,0.999480505084,-3.222917866762E-02));
#4564 = DIRECTION('',(0.,-3.222917866762E-02,-0.999480505084));
#4565 = DEFINITIONAL_REPRESENTATION('',(#4566),#4569);
#4566 = B_SPLINE_CURVE_WITH_KNOTS('',1,(#4567,#4568),.UNSPECIFIED.,.F.,
  .F.,(2,2),(16.543390730175,20.108757720134),.PIECEWISE_BEZIER_KNOTS.);
#4567 = CARTESIAN_POINT('',(3.565366989959,-128.));
#4568 = CARTESIAN_POINT('',(0.,-128.));
#4569 = ( GEOMETRIC_REPRESENTATION_CONTEXT(2) 
PARAMETRIC_REPRESENTATION_CONTEXT() REPRESENTATION_CONTEXT('2D SPACE',''
  ) );
#4570 = ORIENTED_EDGE('',*,*,#4571,.F.);
#4571 = EDGE_CURVE('',#4572,#4546,#4574,.T.);
#4572 = VERTEX_POINT('',#4573);
#4573 = CARTESIAN_POINT('',(160.,7.995152522624,-64.04958744718));
#4574 = SURFACE_CURVE('',#4575,(#4579,#4585),.PCURVE_S1.);
#4575 = LINE('',#4576,#4577);
#4576 = CARTESIAN_POINT('',(160.,7.402879462358,-78.76666676811));
#4577 = VECTOR('',#4578,1.);
#4578 = DIRECTION('',(-0.,4.021137715166E-02,0.999191195491));
#4579 = PCURVE('',#2857,#4580);
#4580 = DEFINITIONAL_REPRESENTATION('',(#4581),#4584);
#4581 = B_SPLINE_CURVE_WITH_KNOTS('',1,(#4582,#4583),.UNSPECIFIED.,.F.,
  .F.,(2,2),(14.728992196228,18.335314810645),.PIECEWISE_BEZIER_KNOTS.);
#4582 = CARTESIAN_POINT('',(32.950412552816,-3.495152522624));
#4583 = CARTESIAN_POINT('',(36.553818357243,-3.640167721403));
#4584 = ( GEOMETRIC_REPRESENTATION_CONTEXT(2) 
PARAMETRIC_REPRESENTATION_CONTEXT() REPRESENTATION_CONTEXT('2D SPACE',''
  ) );
#4585 = PCURVE('',#4586,#4591);
#4586 = PLANE('',#4587);
#4587 = AXIS2_PLACEMENT_3D('',#4588,#4589,#4590);
#4588 = CARTESIAN_POINT('',(32.,8.140167721403,-60.44618164275));
#4589 = DIRECTION('',(0.,0.999191195491,-4.021137715166E-02));
#4590 = DIRECTION('',(0.,-4.021137715166E-02,-0.999191195491));
#4591 = DEFINITIONAL_REPRESENTATION('',(#4592),#4595);
#4592 = B_SPLINE_CURVE_WITH_KNOTS('',1,(#4593,#4594),.UNSPECIFIED.,.F.,
  .F.,(2,2),(14.728992196228,18.335314810645),.PIECEWISE_BEZIER_KNOTS.);
#4593 = CARTESIAN_POINT('',(3.606322614417,-128.));
#4594 = CARTESIAN_POINT('',(0.,-128.));
#4595 = ( GEOMETRIC_REPRESENTATION_CONTEXT(2) 
PARAMETRIC_REPRESENTATION_CONTEXT() REPRESENTATION_CONTEXT('2D SPACE',''
  ) );
#4596 = ORIENTED_EDGE('',*,*,#4597,.F.);
#4597 = EDGE_CURVE('',#4598,#4572,#4600,.T.);
#4598 = VERTEX_POINT('',#4599);
#4599 = CARTESIAN_POINT('',(160.,7.82209798814,-67.68300757126));
#4600 = SURFACE_CURVE('',#4601,(#4605,#4611),.PCURVE_S1.);
#4601 = LINE('',#4602,#4603);
#4602 = CARTESIAN_POINT('',(160.,7.208282982824,-80.57055079235));
#4603 = VECTOR('',#4604,1.);
#4604 = DIRECTION('',(-0.,4.757462022794E-02,0.998867686688));
#4605 = PCURVE('',#2857,#4606);
#4606 = DEFINITIONAL_REPRESENTATION('',(#4607),#4610);
#4607 = B_SPLINE_CURVE_WITH_KNOTS('',1,(#4608,#4609),.UNSPECIFIED.,.F.,
  .F.,(2,2),(12.902152500117,16.539691457981),.PIECEWISE_BEZIER_KNOTS.);
#4608 = CARTESIAN_POINT('',(29.316992428736,-3.32209798814));
#4609 = CARTESIAN_POINT('',(32.950412552816,-3.495152522624));
#4610 = ( GEOMETRIC_REPRESENTATION_CONTEXT(2) 
PARAMETRIC_REPRESENTATION_CONTEXT() REPRESENTATION_CONTEXT('2D SPACE',''
  ) );
#4611 = PCURVE('',#4612,#4617);
#4612 = PLANE('',#4613);
#4613 = AXIS2_PLACEMENT_3D('',#4614,#4615,#4616);
#4614 = CARTESIAN_POINT('',(32.,7.995152522624,-64.04958744718));
#4615 = DIRECTION('',(0.,0.998867686688,-4.757462022794E-02));
#4616 = DIRECTION('',(0.,-4.757462022794E-02,-0.998867686688));
#4617 = DEFINITIONAL_REPRESENTATION('',(#4618),#4621);
#4618 = B_SPLINE_CURVE_WITH_KNOTS('',1,(#4619,#4620),.UNSPECIFIED.,.F.,
  .F.,(2,2),(12.902152500117,16.539691457981),.PIECEWISE_BEZIER_KNOTS.);
#4619 = CARTESIAN_POINT('',(3.637538957864,-128.));
#4620 = CARTESIAN_POINT('',(0.,-128.));
#4621 = ( GEOMETRIC_REPRESENTATION_CONTEXT(2) 
PARAMETRIC_REPRESENTATION_CONTEXT() REPRESENTATION_CONTEXT('2D SPACE',''
  ) );
#4622 = ORIENTED_EDGE('',*,*,#4623,.F.);
#4623 = EDGE_CURVE('',#4624,#4598,#4626,.T.);
#4624 = VERTEX_POINT('',#4625);
#4625 = CARTESIAN_POINT('',(160.,7.623171882263,-71.33648306299));
#4626 = SURFACE_CURVE('',#4627,(#4631,#4637),.PCURVE_S1.);
#4627 = LINE('',#4628,#4629);
#4628 = CARTESIAN_POINT('',(160.,7.021414806425,-82.38834937719));
#4629 = VECTOR('',#4630,1.);
#4630 = DIRECTION('',(-0.,5.436792685412E-02,0.998520970501));
#4631 = PCURVE('',#2857,#4632);
#4632 = DEFINITIONAL_REPRESENTATION('',(#4633),#4636);
#4633 = B_SPLINE_CURVE_WITH_KNOTS('',1,(#4634,#4635),.UNSPECIFIED.,.F.,
  .F.,(2,2),(11.068236562586,14.727123656262),.PIECEWISE_BEZIER_KNOTS.);
#4634 = CARTESIAN_POINT('',(25.663516937006,-3.123171882263));
#4635 = CARTESIAN_POINT('',(29.316992428736,-3.32209798814));
#4636 = ( GEOMETRIC_REPRESENTATION_CONTEXT(2) 
PARAMETRIC_REPRESENTATION_CONTEXT() REPRESENTATION_CONTEXT('2D SPACE',''
  ) );
#4637 = PCURVE('',#4638,#4643);
#4638 = PLANE('',#4639);
#4639 = AXIS2_PLACEMENT_3D('',#4640,#4641,#4642);
#4640 = CARTESIAN_POINT('',(32.,7.82209798814,-67.68300757126));
#4641 = DIRECTION('',(0.,0.998520970501,-5.436792685412E-02));
#4642 = DIRECTION('',(0.,-5.436792685412E-02,-0.998520970501));
#4643 = DEFINITIONAL_REPRESENTATION('',(#4644),#4647);
#4644 = B_SPLINE_CURVE_WITH_KNOTS('',1,(#4645,#4646),.UNSPECIFIED.,.F.,
  .F.,(2,2),(11.068236562586,14.727123656262),.PIECEWISE_BEZIER_KNOTS.);
#4645 = CARTESIAN_POINT('',(3.658887093676,-128.));
#4646 = CARTESIAN_POINT('',(0.,-128.));
#4647 = ( GEOMETRIC_REPRESENTATION_CONTEXT(2) 
PARAMETRIC_REPRESENTATION_CONTEXT() REPRESENTATION_CONTEXT('2D SPACE',''
  ) );
#4648 = ORIENTED_EDGE('',*,*,#4649,.F.);
#4649 = EDGE_CURVE('',#4650,#4624,#4652,.T.);
#4650 = VERTEX_POINT('',#4651);
#4651 = CARTESIAN_POINT('',(160.,7.40061028008,-75.));
#4652 = SURFACE_CURVE('',#4653,(#4657,#4663),.PCURVE_S1.);
#4653 = LINE('',#4654,#4655);
#4654 = CARTESIAN_POINT('',(160.,6.840756574679,-84.21557677453));
#4655 = VECTOR('',#4656,1.);
#4656 = DIRECTION('',(-0.,6.063900882683E-02,0.998159762066));
#4657 = PCURVE('',#2857,#4658);
#4658 = DEFINITIONAL_REPRESENTATION('',(#4659),#4662);
#4659 = B_SPLINE_CURVE_WITH_KNOTS('',1,(#4660,#4661),.UNSPECIFIED.,.F.,
  .F.,(2,2),(9.232566894355,12.902838003483),.PIECEWISE_BEZIER_KNOTS.);
#4660 = CARTESIAN_POINT('',(22.,-2.90061028008));
#4661 = CARTESIAN_POINT('',(25.663516937006,-3.123171882263));
#4662 = ( GEOMETRIC_REPRESENTATION_CONTEXT(2) 
PARAMETRIC_REPRESENTATION_CONTEXT() REPRESENTATION_CONTEXT('2D SPACE',''
  ) );
#4663 = PCURVE('',#4664,#4669);
#4664 = PLANE('',#4665);
#4665 = AXIS2_PLACEMENT_3D('',#4666,#4667,#4668);
#4666 = CARTESIAN_POINT('',(32.,7.623171882263,-71.33648306299));
#4667 = DIRECTION('',(0.,0.998159762066,-6.063900882683E-02));
#4668 = DIRECTION('',(0.,-6.063900882683E-02,-0.998159762066));
#4669 = DEFINITIONAL_REPRESENTATION('',(#4670),#4673);
#4670 = B_SPLINE_CURVE_WITH_KNOTS('',1,(#4671,#4672),.UNSPECIFIED.,.F.,
  .F.,(2,2),(9.232566894355,12.902838003483),.PIECEWISE_BEZIER_KNOTS.);
#4671 = CARTESIAN_POINT('',(3.670271109128,-128.));
#4672 = CARTESIAN_POINT('',(0.,-128.));
#4673 = ( GEOMETRIC_REPRESENTATION_CONTEXT(2) 
PARAMETRIC_REPRESENTATION_CONTEXT() REPRESENTATION_CONTEXT('2D SPACE',''
  ) );
#4674 = ORIENTED_EDGE('',*,*,#4675,.F.);
#4675 = EDGE_CURVE('',#4676,#4650,#4678,.T.);
#4676 = VERTEX_POINT('',#4677);
#4677 = CARTESIAN_POINT('',(160.,7.156687907998,-78.663516937));
#4678 = SURFACE_CURVE('',#4679,(#4683,#4689),.PCURVE_S1.);
#4679 = LINE('',#4680,#4681);
#4680 = CARTESIAN_POINT('',(160.,6.66504551218,-86.04758847031));
#4681 = VECTOR('',#4682,1.);
#4682 = DIRECTION('',(-0.,6.643438585429E-02,0.997790795897));
#4683 = PCURVE('',#2857,#4684);
#4684 = DEFINITIONAL_REPRESENTATION('',(#4685),#4688);
#4685 = B_SPLINE_CURVE_WITH_KNOTS('',1,(#4686,#4687),.UNSPECIFIED.,.F.,
  .F.,(2,2),(7.400420572802,11.072048886144),.PIECEWISE_BEZIER_KNOTS.);
#4686 = CARTESIAN_POINT('',(18.336483062994,-2.656687907998));
#4687 = CARTESIAN_POINT('',(22.,-2.90061028008));
#4688 = ( GEOMETRIC_REPRESENTATION_CONTEXT(2) 
PARAMETRIC_REPRESENTATION_CONTEXT() REPRESENTATION_CONTEXT('2D SPACE',''
  ) );
#4689 = PCURVE('',#4690,#4695);
#4690 = PLANE('',#4691);
#4691 = AXIS2_PLACEMENT_3D('',#4692,#4693,#4694);
#4692 = CARTESIAN_POINT('',(32.,7.40061028008,-75.));
#4693 = DIRECTION('',(0.,0.997790795897,-6.643438585429E-02));
#4694 = DIRECTION('',(0.,-6.643438585429E-02,-0.997790795897));
#4695 = DEFINITIONAL_REPRESENTATION('',(#4696),#4699);
#4696 = B_SPLINE_CURVE_WITH_KNOTS('',1,(#4697,#4698),.UNSPECIFIED.,.F.,
  .F.,(2,2),(7.400420572802,11.072048886144),.PIECEWISE_BEZIER_KNOTS.);
#4697 = CARTESIAN_POINT('',(3.671628313342,-128.));
#4698 = CARTESIAN_POINT('',(0.,-128.));
#4699 = ( GEOMETRIC_REPRESENTATION_CONTEXT(2) 
PARAMETRIC_REPRESENTATION_CONTEXT() REPRESENTATION_CONTEXT('2D SPACE',''
  ) );
#4700 = ORIENTED_EDGE('',*,*,#4701,.F.);
#4701 = EDGE_CURVE('',#4702,#4676,#4704,.T.);
#4702 = VERTEX_POINT('',#4703);
#4703 = CARTESIAN_POINT('',(160.,6.893692082141,-82.31699242873));
#4704 = SURFACE_CURVE('',#4705,(#4709,#4715),.PCURVE_S1.);
#4705 = LINE('',#4706,#4707);
#4706 = CARTESIAN_POINT('',(160.,6.493265528531,-87.87962291949));
#4707 = VECTOR('',#4708,1.);
#4708 = DIRECTION('',(-0.,7.179932096371E-02,0.997419098228));
#4709 = PCURVE('',#2857,#4710);
#4710 = DEFINITIONAL_REPRESENTATION('',(#4711),#4714);
#4711 = B_SPLINE_CURVE_WITH_KNOTS('',1,(#4712,#4713),.UNSPECIFIED.,.F.,
  .F.,(2,2),(5.577024242511,9.239953394582),.PIECEWISE_BEZIER_KNOTS.);
#4712 = CARTESIAN_POINT('',(14.683007571264,-2.393692082141));
#4713 = CARTESIAN_POINT('',(18.336483062994,-2.656687907998));
#4714 = ( GEOMETRIC_REPRESENTATION_CONTEXT(2) 
PARAMETRIC_REPRESENTATION_CONTEXT() REPRESENTATION_CONTEXT('2D SPACE',''
  ) );
#4715 = PCURVE('',#3281,#4716);
#4716 = DEFINITIONAL_REPRESENTATION('',(#4717),#4720);
#4717 = B_SPLINE_CURVE_WITH_KNOTS('',1,(#4718,#4719),.UNSPECIFIED.,.F.,
  .F.,(2,2),(5.577024242511,9.239953394582),.PIECEWISE_BEZIER_KNOTS.);
#4718 = CARTESIAN_POINT('',(3.66292915207,-128.));
#4719 = CARTESIAN_POINT('',(0.,-128.));
#4720 = ( GEOMETRIC_REPRESENTATION_CONTEXT(2) 
PARAMETRIC_REPRESENTATION_CONTEXT() REPRESENTATION_CONTEXT('2D SPACE',''
  ) );
#4721 = ORIENTED_EDGE('',*,*,#4722,.F.);
#4722 = EDGE_CURVE('',#4723,#4702,#4725,.T.);
#4723 = VERTEX_POINT('',#4724);
#4724 = CARTESIAN_POINT('',(160.,6.613900846731,-85.95041255281));
#4725 = SURFACE_CURVE('',#4726,(#4730,#4736),.PCURVE_S1.);
#4726 = LINE('',#4727,#4728);
#4727 = CARTESIAN_POINT('',(160.,6.324637499908,-89.70683924706));
#4728 = VECTOR('',#4729,1.);
#4729 = DIRECTION('',(-0.,7.677762269008E-02,0.997048241889));
#4730 = PCURVE('',#2857,#4731);
#4731 = DEFINITIONAL_REPRESENTATION('',(#4732),#4735);
#4732 = B_SPLINE_CURVE_WITH_KNOTS('',1,(#4733,#4734),.UNSPECIFIED.,.F.,
  .F.,(2,2),(3.767547583383,7.411724436046),.PIECEWISE_BEZIER_KNOTS.);
#4733 = CARTESIAN_POINT('',(11.049587447184,-2.113900846731));
#4734 = CARTESIAN_POINT('',(14.683007571264,-2.393692082141));
#4735 = ( GEOMETRIC_REPRESENTATION_CONTEXT(2) 
PARAMETRIC_REPRESENTATION_CONTEXT() REPRESENTATION_CONTEXT('2D SPACE',''
  ) );
#4736 = PCURVE('',#4305,#4737);
#4737 = DEFINITIONAL_REPRESENTATION('',(#4738),#4741);
#4738 = B_SPLINE_CURVE_WITH_KNOTS('',1,(#4739,#4740),.UNSPECIFIED.,.F.,
  .F.,(2,2),(3.767547583383,7.411724436046),.PIECEWISE_BEZIER_KNOTS.);
#4739 = CARTESIAN_POINT('',(3.644176852663,-128.));
#4740 = CARTESIAN_POINT('',(0.,-128.));
#4741 = ( GEOMETRIC_REPRESENTATION_CONTEXT(2) 
PARAMETRIC_REPRESENTATION_CONTEXT() REPRESENTATION_CONTEXT('2D SPACE',''
  ) );
#4742 = ORIENTED_EDGE('',*,*,#4743,.F.);
#4743 = EDGE_CURVE('',#4744,#4723,#4746,.T.);
#4744 = VERTEX_POINT('',#4745);
#4745 = CARTESIAN_POINT('',(160.,6.319565682663,-89.55381835724));
#4746 = SURFACE_CURVE('',#4747,(#4751,#4757),.PCURVE_S1.);
#4747 = LINE('',#4748,#4749);
#4748 = CARTESIAN_POINT('',(160.,6.158607655492,-91.52435113817));
#4749 = VECTOR('',#4750,1.);
#4750 = DIRECTION('',(-0.,8.141135355662E-02,0.996680586503));
#4751 = PCURVE('',#2857,#4752);
#4752 = DEFINITIONAL_REPRESENTATION('',(#4753),#4756);
#4753 = B_SPLINE_CURVE_WITH_KNOTS('',1,(#4754,#4755),.UNSPECIFIED.,.F.,
  .F.,(2,2),(1.977095578676,5.592502413346),.PIECEWISE_BEZIER_KNOTS.);
#4754 = CARTESIAN_POINT('',(7.446181642757,-1.819565682663));
#4755 = CARTESIAN_POINT('',(11.049587447184,-2.113900846731));
#4756 = ( GEOMETRIC_REPRESENTATION_CONTEXT(2) 
PARAMETRIC_REPRESENTATION_CONTEXT() REPRESENTATION_CONTEXT('2D SPACE',''
  ) );
#4757 = PCURVE('',#4331,#4758);
#4758 = DEFINITIONAL_REPRESENTATION('',(#4759),#4762);
#4759 = B_SPLINE_CURVE_WITH_KNOTS('',1,(#4760,#4761),.UNSPECIFIED.,.F.,
  .F.,(2,2),(1.977095578676,5.592502413346),.PIECEWISE_BEZIER_KNOTS.);
#4760 = CARTESIAN_POINT('',(3.615406834671,-128.));
#4761 = CARTESIAN_POINT('',(0.,-128.));
#4762 = ( GEOMETRIC_REPRESENTATION_CONTEXT(2) 
PARAMETRIC_REPRESENTATION_CONTEXT() REPRESENTATION_CONTEXT('2D SPACE',''
  ) );
#4763 = ORIENTED_EDGE('',*,*,#4764,.F.);
#4764 = EDGE_CURVE('',#4765,#4744,#4767,.T.);
#4765 = VERTEX_POINT('',#4766);
#4766 = CARTESIAN_POINT('',(160.,6.012898918185,-93.11733315717));
#4767 = SURFACE_CURVE('',#4768,(#4772,#4778),.PCURVE_S1.);
#4768 = LINE('',#4769,#4770);
#4769 = CARTESIAN_POINT('',(160.,5.994833412586,-93.32725710077));
#4770 = VECTOR('',#4771,1.);
#4771 = DIRECTION('',(-0.,8.574047891734E-02,0.996317504752));
#4772 = PCURVE('',#2857,#4773);
#4773 = DEFINITIONAL_REPRESENTATION('',(#4774),#4777);
#4774 = B_SPLINE_CURVE_WITH_KNOTS('',1,(#4775,#4776),.UNSPECIFIED.,.F.,
  .F.,(2,2),(0.210699844777,3.787385773647),.PIECEWISE_BEZIER_KNOTS.);
#4775 = CARTESIAN_POINT('',(3.882666842824,-1.512898918185));
#4776 = CARTESIAN_POINT('',(7.446181642757,-1.819565682663));
#4777 = ( GEOMETRIC_REPRESENTATION_CONTEXT(2) 
PARAMETRIC_REPRESENTATION_CONTEXT() REPRESENTATION_CONTEXT('2D SPACE',''
  ) );
#4778 = PCURVE('',#4357,#4779);
#4779 = DEFINITIONAL_REPRESENTATION('',(#4780),#4783);
#4780 = B_SPLINE_CURVE_WITH_KNOTS('',1,(#4781,#4782),.UNSPECIFIED.,.F.,
  .F.,(2,2),(0.210699844777,3.787385773647),.PIECEWISE_BEZIER_KNOTS.);
#4781 = CARTESIAN_POINT('',(3.57668592887,-128.));
#4782 = CARTESIAN_POINT('',(0.,-128.));
#4783 = ( GEOMETRIC_REPRESENTATION_CONTEXT(2) 
PARAMETRIC_REPRESENTATION_CONTEXT() REPRESENTATION_CONTEXT('2D SPACE',''
  ) );
#4784 = ORIENTED_EDGE('',*,*,#4785,.F.);
#4785 = EDGE_CURVE('',#4786,#4765,#4788,.T.);
#4786 = VERTEX_POINT('',#4787);
#4787 = CARTESIAN_POINT('',(160.,5.696065739691,-96.63118960624));
#4788 = SURFACE_CURVE('',#4789,(#4793,#4799),.PCURVE_S1.);
#4789 = LINE('',#4790,#4791);
#4790 = CARTESIAN_POINT('',(160.,5.833166365181,-95.11066729435));
#4791 = VECTOR('',#4792,1.);
#4792 = DIRECTION('',(-0.,8.98024858149E-02,0.995959594332));
#4793 = PCURVE('',#2857,#4794);
#4794 = DEFINITIONAL_REPRESENTATION('',(#4795),#4798);
#4795 = B_SPLINE_CURVE_WITH_KNOTS('',1,(#4796,#4797),.UNSPECIFIED.,.F.,
  .F.,(2,2),(-1.526690761901,2.001420688672),.PIECEWISE_BEZIER_KNOTS.);
#4796 = CARTESIAN_POINT('',(0.368810393754,-1.196065739691));
#4797 = CARTESIAN_POINT('',(3.882666842824,-1.512898918185));
#4798 = ( GEOMETRIC_REPRESENTATION_CONTEXT(2) 
PARAMETRIC_REPRESENTATION_CONTEXT() REPRESENTATION_CONTEXT('2D SPACE',''
  ) );
#4799 = PCURVE('',#4383,#4800);
#4800 = DEFINITIONAL_REPRESENTATION('',(#4801),#4804);
#4801 = B_SPLINE_CURVE_WITH_KNOTS('',1,(#4802,#4803),.UNSPECIFIED.,.F.,
  .F.,(2,2),(-1.526690761901,2.001420688672),.PIECEWISE_BEZIER_KNOTS.);
#4802 = CARTESIAN_POINT('',(3.528111450573,-128.));
#4803 = CARTESIAN_POINT('',(0.,-128.));
#4804 = ( GEOMETRIC_REPRESENTATION_CONTEXT(2) 
PARAMETRIC_REPRESENTATION_CONTEXT() REPRESENTATION_CONTEXT('2D SPACE',''
  ) );
#4805 = ORIENTED_EDGE('',*,*,#4806,.F.);
#4806 = EDGE_CURVE('',#3365,#4786,#4807,.T.);
#4807 = SURFACE_CURVE('',#4808,(#4812,#4818),.PCURVE_S1.);
#4808 = LINE('',#4809,#4810);
#4809 = CARTESIAN_POINT('',(160.,5.67363244054,-96.86972715102));
#4810 = VECTOR('',#4811,1.);
#4811 = DIRECTION('',(-0.,9.363199775946E-02,0.995606874723));
#4812 = PCURVE('',#2857,#4813);
#4813 = DEFINITIONAL_REPRESENTATION('',(#4814),#4817);
#4814 = B_SPLINE_CURVE_WITH_KNOTS('',1,(#4815,#4816),.UNSPECIFIED.,.F.,
  .F.,(2,2),(-0.130847679224,0.239590094075),.PIECEWISE_BEZIER_KNOTS.);
#4815 = CARTESIAN_POINT('',(0.,-1.161380910932));
#4816 = CARTESIAN_POINT('',(0.368810393754,-1.196065739691));
#4817 = ( GEOMETRIC_REPRESENTATION_CONTEXT(2) 
PARAMETRIC_REPRESENTATION_CONTEXT() REPRESENTATION_CONTEXT('2D SPACE',''
  ) );
#4818 = PCURVE('',#3379,#4819);
#4819 = DEFINITIONAL_REPRESENTATION('',(#4820),#4823);
#4820 = B_SPLINE_CURVE_WITH_KNOTS('',1,(#4821,#4822),.UNSPECIFIED.,.F.,
  .F.,(2,2),(-0.130847679224,0.239590094075),.PIECEWISE_BEZIER_KNOTS.);
#4821 = CARTESIAN_POINT('',(0.370437773299,-128.));
#4822 = CARTESIAN_POINT('',(0.,-128.));
#4823 = ( GEOMETRIC_REPRESENTATION_CONTEXT(2) 
PARAMETRIC_REPRESENTATION_CONTEXT() REPRESENTATION_CONTEXT('2D SPACE',''
  ) );
#4824 = ORIENTED_EDGE('',*,*,#3390,.T.);
#4825 = ORIENTED_EDGE('',*,*,#3009,.T.);
#4826 = ADVANCED_FACE('',(#4827),#2830,.F.);
#4827 = FACE_BOUND('',#4828,.F.);
#4828 = EDGE_LOOP('',(#4829,#4850,#4851,#4852));
#4829 = ORIENTED_EDGE('',*,*,#4830,.F.);
#4830 = EDGE_CURVE('',#3968,#4420,#4831,.T.);
#4831 = SURFACE_CURVE('',#4832,(#4836,#4843),.PCURVE_S1.);
#4832 = LINE('',#4833,#4834);
#4833 = CARTESIAN_POINT('',(32.,8.31705,-40.));
#4834 = VECTOR('',#4835,1.);
#4835 = DIRECTION('',(1.,0.,0.));
#4836 = PCURVE('',#2830,#4837);
#4837 = DEFINITIONAL_REPRESENTATION('',(#4838),#4842);
#4838 = LINE('',#4839,#4840);
#4839 = CARTESIAN_POINT('',(3.126307101244,0.));
#4840 = VECTOR('',#4841,1.);
#4841 = DIRECTION('',(0.,-1.));
#4842 = ( GEOMETRIC_REPRESENTATION_CONTEXT(2) 
PARAMETRIC_REPRESENTATION_CONTEXT() REPRESENTATION_CONTEXT('2D SPACE',''
  ) );
#4843 = PCURVE('',#4003,#4844);
#4844 = DEFINITIONAL_REPRESENTATION('',(#4845),#4849);
#4845 = LINE('',#4846,#4847);
#4846 = CARTESIAN_POINT('',(0.,0.));
#4847 = VECTOR('',#4848,1.);
#4848 = DIRECTION('',(0.,-1.));
#4849 = ( GEOMETRIC_REPRESENTATION_CONTEXT(2) 
PARAMETRIC_REPRESENTATION_CONTEXT() REPRESENTATION_CONTEXT('2D SPACE',''
  ) );
#4850 = ORIENTED_EDGE('',*,*,#3967,.T.);
#4851 = ORIENTED_EDGE('',*,*,#2815,.F.);
#4852 = ORIENTED_EDGE('',*,*,#4419,.F.);
#4853 = ADVANCED_FACE('',(#4854),#2977,.F.);
#4854 = FACE_BOUND('',#4855,.F.);
#4855 = EDGE_LOOP('',(#4856,#4857,#4878,#4899,#4920,#4941,#4962,#4983,
    #5004,#5023,#5024));
#4856 = ORIENTED_EDGE('',*,*,#3151,.F.);
#4857 = ORIENTED_EDGE('',*,*,#4858,.T.);
#4858 = EDGE_CURVE('',#3126,#4859,#4861,.T.);
#4859 = VERTEX_POINT('',#4860);
#4860 = CARTESIAN_POINT('',(153.,8.255076571138,-56.88266684282));
#4861 = SURFACE_CURVE('',#4862,(#4866,#4872),.PCURVE_S1.);
#4862 = LINE('',#4863,#4864);
#4863 = CARTESIAN_POINT('',(153.,8.010540877759,-67.25142044983));
#4864 = VECTOR('',#4865,1.);
#4865 = DIRECTION('',(0.,-2.357734840245E-02,-0.999722015684));
#4866 = PCURVE('',#2977,#4867);
#4867 = DEFINITIONAL_REPRESENTATION('',(#4868),#4871);
#4868 = B_SPLINE_CURVE_WITH_KNOTS('',1,(#4869,#4870),.UNSPECIFIED.,.F.,
  .F.,(2,2),(-12.25482709957,-10.37163675937),.PIECEWISE_BEZIER_KNOTS.);
#4869 = CARTESIAN_POINT('',(26.,-6.299477205897));
#4870 = CARTESIAN_POINT('',(24.117333157176,-6.255076571138));
#4871 = ( GEOMETRIC_REPRESENTATION_CONTEXT(2) 
PARAMETRIC_REPRESENTATION_CONTEXT() REPRESENTATION_CONTEXT('2D SPACE',''
  ) );
#4872 = PCURVE('',#3140,#4873);
#4873 = DEFINITIONAL_REPRESENTATION('',(#4874),#4877);
#4874 = B_SPLINE_CURVE_WITH_KNOTS('',1,(#4875,#4876),.UNSPECIFIED.,.F.,
  .F.,(2,2),(-12.25482709957,-10.37163675937),.PIECEWISE_BEZIER_KNOTS.);
#4875 = CARTESIAN_POINT('',(1.63164317746,-121.));
#4876 = CARTESIAN_POINT('',(3.514833517663,-121.));
#4877 = ( GEOMETRIC_REPRESENTATION_CONTEXT(2) 
PARAMETRIC_REPRESENTATION_CONTEXT() REPRESENTATION_CONTEXT('2D SPACE',''
  ) );
#4878 = ORIENTED_EDGE('',*,*,#4879,.T.);
#4879 = EDGE_CURVE('',#4859,#4880,#4882,.T.);
#4880 = VERTEX_POINT('',#4881);
#4881 = CARTESIAN_POINT('',(153.,8.140167721403,-60.44618164275));
#4882 = SURFACE_CURVE('',#4883,(#4887,#4893),.PCURVE_S1.);
#4883 = LINE('',#4884,#4885);
#4884 = CARTESIAN_POINT('',(153.,7.86338891203,-69.02955346992));
#4885 = VECTOR('',#4886,1.);
#4886 = DIRECTION('',(0.,-3.222917866762E-02,-0.999480505084));
#4887 = PCURVE('',#2977,#4888);
#4888 = DEFINITIONAL_REPRESENTATION('',(#4889),#4892);
#4889 = B_SPLINE_CURVE_WITH_KNOTS('',1,(#4890,#4891),.UNSPECIFIED.,.F.,
  .F.,(2,2),(-12.15320015279,-8.58783316284),.PIECEWISE_BEZIER_KNOTS.);
#4890 = CARTESIAN_POINT('',(24.117333157176,-6.255076571138));
#4891 = CARTESIAN_POINT('',(20.553818357243,-6.140167721403));
#4892 = ( GEOMETRIC_REPRESENTATION_CONTEXT(2) 
PARAMETRIC_REPRESENTATION_CONTEXT() REPRESENTATION_CONTEXT('2D SPACE',''
  ) );
#4893 = PCURVE('',#4560,#4894);
#4894 = DEFINITIONAL_REPRESENTATION('',(#4895),#4898);
#4895 = B_SPLINE_CURVE_WITH_KNOTS('',1,(#4896,#4897),.UNSPECIFIED.,.F.,
  .F.,(2,2),(-12.15320015279,-8.58783316284),.PIECEWISE_BEZIER_KNOTS.);
#4896 = CARTESIAN_POINT('',(0.,-121.));
#4897 = CARTESIAN_POINT('',(3.565366989959,-121.));
#4898 = ( GEOMETRIC_REPRESENTATION_CONTEXT(2) 
PARAMETRIC_REPRESENTATION_CONTEXT() REPRESENTATION_CONTEXT('2D SPACE',''
  ) );
#4899 = ORIENTED_EDGE('',*,*,#4900,.T.);
#4900 = EDGE_CURVE('',#4880,#4901,#4903,.T.);
#4901 = VERTEX_POINT('',#4902);
#4902 = CARTESIAN_POINT('',(153.,7.995152522624,-64.04958744718));
#4903 = SURFACE_CURVE('',#4904,(#4908,#4914),.PCURVE_S1.);
#4904 = LINE('',#4905,#4906);
#4905 = CARTESIAN_POINT('',(153.,7.722289100861,-70.82982597444));
#4906 = VECTOR('',#4907,1.);
#4907 = DIRECTION('',(0.,-4.021137715166E-02,-0.999191195491));
#4908 = PCURVE('',#2977,#4909);
#4909 = DEFINITIONAL_REPRESENTATION('',(#4910),#4913);
#4910 = B_SPLINE_CURVE_WITH_KNOTS('',1,(#4911,#4912),.UNSPECIFIED.,.F.,
  .F.,(2,2),(-10.39204946815,-6.785726853737),.PIECEWISE_BEZIER_KNOTS.);
#4911 = CARTESIAN_POINT('',(20.553818357243,-6.140167721403));
#4912 = CARTESIAN_POINT('',(16.950412552816,-5.995152522624));
#4913 = ( GEOMETRIC_REPRESENTATION_CONTEXT(2) 
PARAMETRIC_REPRESENTATION_CONTEXT() REPRESENTATION_CONTEXT('2D SPACE',''
  ) );
#4914 = PCURVE('',#4586,#4915);
#4915 = DEFINITIONAL_REPRESENTATION('',(#4916),#4919);
#4916 = B_SPLINE_CURVE_WITH_KNOTS('',1,(#4917,#4918),.UNSPECIFIED.,.F.,
  .F.,(2,2),(-10.39204946815,-6.785726853737),.PIECEWISE_BEZIER_KNOTS.);
#4917 = CARTESIAN_POINT('',(0.,-121.));
#4918 = CARTESIAN_POINT('',(3.606322614417,-121.));
#4919 = ( GEOMETRIC_REPRESENTATION_CONTEXT(2) 
PARAMETRIC_REPRESENTATION_CONTEXT() REPRESENTATION_CONTEXT('2D SPACE',''
  ) );
#4920 = ORIENTED_EDGE('',*,*,#4921,.T.);
#4921 = EDGE_CURVE('',#4901,#4922,#4924,.T.);
#4922 = VERTEX_POINT('',#4923);
#4923 = CARTESIAN_POINT('',(153.,7.82209798814,-67.68300757126));
#4924 = SURFACE_CURVE('',#4925,(#4929,#4935),.PCURVE_S1.);
#4925 = LINE('',#4926,#4927);
#4926 = CARTESIAN_POINT('',(153.,7.585619809029,-72.64805848684));
#4927 = VECTOR('',#4928,1.);
#4928 = DIRECTION('',(0.,-4.757462022794E-02,-0.998867686688));
#4929 = PCURVE('',#2977,#4930);
#4930 = DEFINITIONAL_REPRESENTATION('',(#4931),#4934);
#4931 = B_SPLINE_CURVE_WITH_KNOTS('',1,(#4932,#4933),.UNSPECIFIED.,.F.,
  .F.,(2,2),(-8.608218239759,-4.970679281895),.PIECEWISE_BEZIER_KNOTS.);
#4932 = CARTESIAN_POINT('',(16.950412552816,-5.995152522624));
#4933 = CARTESIAN_POINT('',(13.316992428736,-5.82209798814));
#4934 = ( GEOMETRIC_REPRESENTATION_CONTEXT(2) 
PARAMETRIC_REPRESENTATION_CONTEXT() REPRESENTATION_CONTEXT('2D SPACE',''
  ) );
#4935 = PCURVE('',#4612,#4936);
#4936 = DEFINITIONAL_REPRESENTATION('',(#4937),#4940);
#4937 = B_SPLINE_CURVE_WITH_KNOTS('',1,(#4938,#4939),.UNSPECIFIED.,.F.,
  .F.,(2,2),(-8.608218239759,-4.970679281895),.PIECEWISE_BEZIER_KNOTS.);
#4938 = CARTESIAN_POINT('',(0.,-121.));
#4939 = CARTESIAN_POINT('',(3.637538957864,-121.));
#4940 = ( GEOMETRIC_REPRESENTATION_CONTEXT(2) 
PARAMETRIC_REPRESENTATION_CONTEXT() REPRESENTATION_CONTEXT('2D SPACE',''
  ) );
#4941 = ORIENTED_EDGE('',*,*,#4942,.T.);
#4942 = EDGE_CURVE('',#4922,#4943,#4945,.T.);
#4943 = VERTEX_POINT('',#4944);
#4944 = CARTESIAN_POINT('',(153.,7.623171882263,-71.33648306299));
#4945 = SURFACE_CURVE('',#4946,(#4950,#4956),.PCURVE_S1.);
#4946 = LINE('',#4947,#4948);
#4947 = CARTESIAN_POINT('',(153.,7.452020087778,-74.47985574281));
#4948 = VECTOR('',#4949,1.);
#4949 = DIRECTION('',(0.,-5.436792685412E-02,-0.998520970501));
#4950 = PCURVE('',#2977,#4951);
#4951 = DEFINITIONAL_REPRESENTATION('',(#4952),#4955);
#4952 = B_SPLINE_CURVE_WITH_KNOTS('',1,(#4953,#4954),.UNSPECIFIED.,.F.,
  .F.,(2,2),(-6.806915800824,-3.148028707148),.PIECEWISE_BEZIER_KNOTS.);
#4953 = CARTESIAN_POINT('',(13.316992428736,-5.82209798814));
#4954 = CARTESIAN_POINT('',(9.663516937006,-5.623171882263));
#4955 = ( GEOMETRIC_REPRESENTATION_CONTEXT(2) 
PARAMETRIC_REPRESENTATION_CONTEXT() REPRESENTATION_CONTEXT('2D SPACE',''
  ) );
#4956 = PCURVE('',#4638,#4957);
#4957 = DEFINITIONAL_REPRESENTATION('',(#4958),#4961);
#4958 = B_SPLINE_CURVE_WITH_KNOTS('',1,(#4959,#4960),.UNSPECIFIED.,.F.,
  .F.,(2,2),(-6.806915800824,-3.148028707148),.PIECEWISE_BEZIER_KNOTS.);
#4959 = CARTESIAN_POINT('',(0.,-121.));
#4960 = CARTESIAN_POINT('',(3.658887093676,-121.));
#4961 = ( GEOMETRIC_REPRESENTATION_CONTEXT(2) 
PARAMETRIC_REPRESENTATION_CONTEXT() REPRESENTATION_CONTEXT('2D SPACE',''
  ) );
#4962 = ORIENTED_EDGE('',*,*,#4963,.T.);
#4963 = EDGE_CURVE('',#4943,#4964,#4966,.T.);
#4964 = VERTEX_POINT('',#4965);
#4965 = CARTESIAN_POINT('',(153.,7.40061028008,-75.));
#4966 = SURFACE_CURVE('',#4967,(#4971,#4977),.PCURVE_S1.);
#4967 = LINE('',#4968,#4969);
#4968 = CARTESIAN_POINT('',(153.,7.32037956192,-76.32065276294));
#4969 = VECTOR('',#4970,1.);
#4970 = DIRECTION('',(0.,-6.063900882683E-02,-0.998159762066));
#4971 = PCURVE('',#2977,#4972);
#4972 = DEFINITIONAL_REPRESENTATION('',(#4973),#4976);
#4973 = B_SPLINE_CURVE_WITH_KNOTS('',1,(#4974,#4975),.UNSPECIFIED.,.F.,
  .F.,(2,2),(-4.993358667985,-1.323087558858),.PIECEWISE_BEZIER_KNOTS.);
#4974 = CARTESIAN_POINT('',(9.663516937006,-5.623171882263));
#4975 = CARTESIAN_POINT('',(6.,-5.40061028008));
#4976 = ( GEOMETRIC_REPRESENTATION_CONTEXT(2) 
PARAMETRIC_REPRESENTATION_CONTEXT() REPRESENTATION_CONTEXT('2D SPACE',''
  ) );
#4977 = PCURVE('',#4664,#4978);
#4978 = DEFINITIONAL_REPRESENTATION('',(#4979),#4982);
#4979 = B_SPLINE_CURVE_WITH_KNOTS('',1,(#4980,#4981),.UNSPECIFIED.,.F.,
  .F.,(2,2),(-4.993358667985,-1.323087558858),.PIECEWISE_BEZIER_KNOTS.);
#4980 = CARTESIAN_POINT('',(0.,-121.));
#4981 = CARTESIAN_POINT('',(3.670271109128,-121.));
#4982 = ( GEOMETRIC_REPRESENTATION_CONTEXT(2) 
PARAMETRIC_REPRESENTATION_CONTEXT() REPRESENTATION_CONTEXT('2D SPACE',''
  ) );
#4983 = ORIENTED_EDGE('',*,*,#4984,.T.);
#4984 = EDGE_CURVE('',#4964,#4985,#4987,.T.);
#4985 = VERTEX_POINT('',#4986);
#4986 = CARTESIAN_POINT('',(153.,7.156687907998,-78.663516937));
#4987 = SURFACE_CURVE('',#4988,(#4992,#4998),.PCURVE_S1.);
#4988 = LINE('',#4989,#4990);
#4989 = CARTESIAN_POINT('',(153.,7.189829552542,-78.16575621472));
#4990 = VECTOR('',#4991,1.);
#4991 = DIRECTION('',(0.,-6.643438585429E-02,-0.997790795897));
#4992 = PCURVE('',#2977,#4993);
#4993 = DEFINITIONAL_REPRESENTATION('',(#4994),#4997);
#4994 = B_SPLINE_CURVE_WITH_KNOTS('',1,(#4995,#4996),.UNSPECIFIED.,.F.,
  .F.,(2,2),(-3.172765501288,0.498862812054),.PIECEWISE_BEZIER_KNOTS.);
#4995 = CARTESIAN_POINT('',(6.,-5.40061028008));
#4996 = CARTESIAN_POINT('',(2.336483062994,-5.156687907998));
#4997 = ( GEOMETRIC_REPRESENTATION_CONTEXT(2) 
PARAMETRIC_REPRESENTATION_CONTEXT() REPRESENTATION_CONTEXT('2D SPACE',''
  ) );
#4998 = PCURVE('',#4690,#4999);
#4999 = DEFINITIONAL_REPRESENTATION('',(#5000),#5003);
#5000 = B_SPLINE_CURVE_WITH_KNOTS('',1,(#5001,#5002),.UNSPECIFIED.,.F.,
  .F.,(2,2),(-3.172765501288,0.498862812054),.PIECEWISE_BEZIER_KNOTS.);
#5001 = CARTESIAN_POINT('',(0.,-121.));
#5002 = CARTESIAN_POINT('',(3.671628313342,-121.));
#5003 = ( GEOMETRIC_REPRESENTATION_CONTEXT(2) 
PARAMETRIC_REPRESENTATION_CONTEXT() REPRESENTATION_CONTEXT('2D SPACE',''
  ) );
#5004 = ORIENTED_EDGE('',*,*,#5005,.T.);
#5005 = EDGE_CURVE('',#4985,#3267,#5006,.T.);
#5006 = SURFACE_CURVE('',#5007,(#5011,#5017),.PCURVE_S1.);
#5007 = LINE('',#5008,#5009);
#5008 = CARTESIAN_POINT('',(153.,7.059733712169,-80.01038157688));
#5009 = VECTOR('',#5010,1.);
#5010 = DIRECTION('',(0.,-7.179932096371E-02,-0.997419098228));
#5011 = PCURVE('',#2977,#5012);
#5012 = DEFINITIONAL_REPRESENTATION('',(#5013),#5016);
#5013 = B_SPLINE_CURVE_WITH_KNOTS('',1,(#5014,#5015),.UNSPECIFIED.,.F.,
  .F.,(2,2),(-1.350349759966,0.992179140018),.PIECEWISE_BEZIER_KNOTS.);
#5014 = CARTESIAN_POINT('',(2.336483062994,-5.156687907998));
#5015 = CARTESIAN_POINT('',(-2.22044604925E-16,-4.988495923641));
#5016 = ( GEOMETRIC_REPRESENTATION_CONTEXT(2) 
PARAMETRIC_REPRESENTATION_CONTEXT() REPRESENTATION_CONTEXT('2D SPACE',''
  ) );
#5017 = PCURVE('',#3281,#5018);
#5018 = DEFINITIONAL_REPRESENTATION('',(#5019),#5022);
#5019 = B_SPLINE_CURVE_WITH_KNOTS('',1,(#5020,#5021),.UNSPECIFIED.,.F.,
  .F.,(2,2),(-1.350349759966,0.992179140018),.PIECEWISE_BEZIER_KNOTS.);
#5020 = CARTESIAN_POINT('',(0.,-121.));
#5021 = CARTESIAN_POINT('',(2.342528899984,-121.));
#5022 = ( GEOMETRIC_REPRESENTATION_CONTEXT(2) 
PARAMETRIC_REPRESENTATION_CONTEXT() REPRESENTATION_CONTEXT('2D SPACE',''
  ) );
#5023 = ORIENTED_EDGE('',*,*,#3292,.T.);
#5024 = ORIENTED_EDGE('',*,*,#2962,.F.);
#5025 = ADVANCED_FACE('',(#5026),#3049,.F.);
#5026 = FACE_BOUND('',#5027,.T.);
#5027 = EDGE_LOOP('',(#5028,#5029,#5052,#5089,#5117,#5152));
#5028 = ORIENTED_EDGE('',*,*,#3032,.T.);
#5029 = ORIENTED_EDGE('',*,*,#5030,.T.);
#5030 = EDGE_CURVE('',#3033,#5031,#5033,.T.);
#5031 = VERTEX_POINT('',#5032);
#5032 = CARTESIAN_POINT('',(153.7,6.446485437454,-88.));
#5033 = SEAM_CURVE('',#5034,(#5038,#5045),.PCURVE_S1.);
#5034 = LINE('',#5035,#5036);
#5035 = CARTESIAN_POINT('',(153.7,23.,-88.));
#5036 = VECTOR('',#5037,1.);
#5037 = DIRECTION('',(0.,-1.,0.));
#5038 = PCURVE('',#3049,#5039);
#5039 = DEFINITIONAL_REPRESENTATION('',(#5040),#5044);
#5040 = LINE('',#5041,#5042);
#5041 = CARTESIAN_POINT('',(-6.28318530718,0.));
#5042 = VECTOR('',#5043,1.);
#5043 = DIRECTION('',(-0.,-1.));
#5044 = ( GEOMETRIC_REPRESENTATION_CONTEXT(2) 
PARAMETRIC_REPRESENTATION_CONTEXT() REPRESENTATION_CONTEXT('2D SPACE',''
  ) );
#5045 = PCURVE('',#3049,#5046);
#5046 = DEFINITIONAL_REPRESENTATION('',(#5047),#5051);
#5047 = LINE('',#5048,#5049);
#5048 = CARTESIAN_POINT('',(-0.,0.));
#5049 = VECTOR('',#5050,1.);
#5050 = DIRECTION('',(-0.,-1.));
#5051 = ( GEOMETRIC_REPRESENTATION_CONTEXT(2) 
PARAMETRIC_REPRESENTATION_CONTEXT() REPRESENTATION_CONTEXT('2D SPACE',''
  ) );
#5052 = ORIENTED_EDGE('',*,*,#5053,.F.);
#5053 = EDGE_CURVE('',#5054,#5031,#5056,.T.);
#5054 = VERTEX_POINT('',#5055);
#5055 = CARTESIAN_POINT('',(151.31032724231,6.319565682663,
    -89.55381835724));
#5056 = SURFACE_CURVE('',#5057,(#5062,#5082),.PCURVE_S1.);
#5057 = ELLIPSE('',#5058,1.705661796789,1.7);
#5058 = AXIS2_PLACEMENT_3D('',#5059,#5060,#5061);
#5059 = CARTESIAN_POINT('',(152.,6.446485437454,-88.));
#5060 = DIRECTION('',(0.,0.996680586503,-8.141135355662E-02));
#5061 = DIRECTION('',(0.,8.141135355662E-02,0.996680586503));
#5062 = PCURVE('',#3049,#5063);
#5063 = DEFINITIONAL_REPRESENTATION('',(#5064),#5081);
#5064 = B_SPLINE_CURVE_WITH_KNOTS('',8,(#5065,#5066,#5067,#5068,#5069,
    #5070,#5071,#5072,#5073,#5074,#5075,#5076,#5077,#5078,#5079,#5080),
  .UNSPECIFIED.,.F.,.F.,(9,7,9),(1.570796326795,4.712388980385,
    7.853981633974),.UNSPECIFIED.);
#5065 = CARTESIAN_POINT('',(-6.28318530718,-16.55351456254));
#5066 = CARTESIAN_POINT('',(-5.890486225481,-16.60804484954));
#5067 = CARTESIAN_POINT('',(-5.497787143783,-16.66257557134));
#5068 = CARTESIAN_POINT('',(-5.105088062084,-16.70428752423));
#5069 = CARTESIAN_POINT('',(-4.712388980382,-16.72039659178));
#5070 = CARTESIAN_POINT('',(-4.319689898684,-16.70428752424));
#5071 = CARTESIAN_POINT('',(-3.926990816988,-16.66257557134));
#5072 = CARTESIAN_POINT('',(-3.534291735289,-16.60804484954));
#5073 = CARTESIAN_POINT('',(-2.748893571891,-16.49898427554));
#5074 = CARTESIAN_POINT('',(-2.356194490194,-16.44445355374));
#5075 = CARTESIAN_POINT('',(-1.963495408513,-16.4027416008));
#5076 = CARTESIAN_POINT('',(-1.570796326795,-16.38663253324));
#5077 = CARTESIAN_POINT('',(-1.178097245123,-16.40274160081));
#5078 = CARTESIAN_POINT('',(-0.785398163397,-16.44445355375));
#5079 = CARTESIAN_POINT('',(-0.392699081699,-16.49898427554));
#5080 = CARTESIAN_POINT('',(-1.68753899743E-14,-16.55351456254));
#5081 = ( GEOMETRIC_REPRESENTATION_CONTEXT(2) 
PARAMETRIC_REPRESENTATION_CONTEXT() REPRESENTATION_CONTEXT('2D SPACE',''
  ) );
#5082 = PCURVE('',#4331,#5083);
#5083 = DEFINITIONAL_REPRESENTATION('',(#5084),#5088);
#5084 = ELLIPSE('',#5085,1.705661796789,1.7);
#5085 = AXIS2_PLACEMENT_2D('',#5086,#5087);
#5086 = CARTESIAN_POINT('',(2.056413534024,-120.));
#5087 = DIRECTION('',(-1.,0.));
#5088 = ( GEOMETRIC_REPRESENTATION_CONTEXT(2) 
PARAMETRIC_REPRESENTATION_CONTEXT() REPRESENTATION_CONTEXT('2D SPACE',''
  ) );
#5089 = ORIENTED_EDGE('',*,*,#5090,.F.);
#5090 = EDGE_CURVE('',#5091,#5054,#5093,.T.);
#5091 = VERTEX_POINT('',#5092);
#5092 = CARTESIAN_POINT('',(152.68967275768,6.319565682663,
    -89.55381835724));
#5093 = SURFACE_CURVE('',#5094,(#5099,#5110),.PCURVE_S1.);
#5094 = ELLIPSE('',#5095,1.70628338044,1.7);
#5095 = AXIS2_PLACEMENT_3D('',#5096,#5097,#5098);
#5096 = CARTESIAN_POINT('',(152.,6.453283226985,-88.));
#5097 = DIRECTION('',(0.,0.996317504752,-8.574047891734E-02));
#5098 = DIRECTION('',(0.,8.574047891734E-02,0.996317504752));
#5099 = PCURVE('',#3049,#5100);
#5100 = DEFINITIONAL_REPRESENTATION('',(#5101),#5109);
#5101 = B_SPLINE_CURVE_WITH_KNOTS('',6,(#5102,#5103,#5104,#5105,#5106,
    #5107,#5108),.UNSPECIFIED.,.F.,.F.,(7,7),(2.352362937851,
    3.930822369328),.PIECEWISE_BEZIER_KNOTS.);
#5102 = CARTESIAN_POINT('',(-5.501618696123,-16.64976764088));
#5103 = CARTESIAN_POINT('',(-5.23854212421,-16.67708645885));
#5104 = CARTESIAN_POINT('',(-4.975465552298,-16.6958464971));
#5105 = CARTESIAN_POINT('',(-4.712388980385,-16.70264741523));
#5106 = CARTESIAN_POINT('',(-4.449312408472,-16.6958464971));
#5107 = CARTESIAN_POINT('',(-4.186235836559,-16.67708645885));
#5108 = CARTESIAN_POINT('',(-3.923159264646,-16.64976764088));
#5109 = ( GEOMETRIC_REPRESENTATION_CONTEXT(2) 
PARAMETRIC_REPRESENTATION_CONTEXT() REPRESENTATION_CONTEXT('2D SPACE',''
  ) );
#5110 = PCURVE('',#4357,#5111);
#5111 = DEFINITIONAL_REPRESENTATION('',(#5112),#5116);
#5112 = ELLIPSE('',#5113,1.70628338044,1.7);
#5113 = AXIS2_PLACEMENT_2D('',#5114,#5115);
#5114 = CARTESIAN_POINT('',(-1.559561434816,-120.));
#5115 = DIRECTION('',(-1.,0.));
#5116 = ( GEOMETRIC_REPRESENTATION_CONTEXT(2) 
PARAMETRIC_REPRESENTATION_CONTEXT() REPRESENTATION_CONTEXT('2D SPACE',''
  ) );
#5117 = ORIENTED_EDGE('',*,*,#5118,.F.);
#5118 = EDGE_CURVE('',#5031,#5091,#5119,.T.);
#5119 = SURFACE_CURVE('',#5120,(#5125,#5145),.PCURVE_S1.);
#5120 = ELLIPSE('',#5121,1.705661796789,1.7);
#5121 = AXIS2_PLACEMENT_3D('',#5122,#5123,#5124);
#5122 = CARTESIAN_POINT('',(152.,6.446485437454,-88.));
#5123 = DIRECTION('',(0.,0.996680586503,-8.141135355662E-02));
#5124 = DIRECTION('',(0.,8.141135355662E-02,0.996680586503));
#5125 = PCURVE('',#3049,#5126);
#5126 = DEFINITIONAL_REPRESENTATION('',(#5127),#5144);
#5127 = B_SPLINE_CURVE_WITH_KNOTS('',8,(#5128,#5129,#5130,#5131,#5132,
    #5133,#5134,#5135,#5136,#5137,#5138,#5139,#5140,#5141,#5142,#5143),
  .UNSPECIFIED.,.F.,.F.,(9,7,9),(1.570796326795,4.712388980385,
    7.853981633974),.UNSPECIFIED.);
#5128 = CARTESIAN_POINT('',(-6.28318530718,-16.55351456254));
#5129 = CARTESIAN_POINT('',(-5.890486225481,-16.60804484954));
#5130 = CARTESIAN_POINT('',(-5.497787143783,-16.66257557134));
#5131 = CARTESIAN_POINT('',(-5.105088062084,-16.70428752423));
#5132 = CARTESIAN_POINT('',(-4.712388980382,-16.72039659178));
#5133 = CARTESIAN_POINT('',(-4.319689898684,-16.70428752424));
#5134 = CARTESIAN_POINT('',(-3.926990816988,-16.66257557134));
#5135 = CARTESIAN_POINT('',(-3.534291735289,-16.60804484954));
#5136 = CARTESIAN_POINT('',(-2.748893571891,-16.49898427554));
#5137 = CARTESIAN_POINT('',(-2.356194490194,-16.44445355374));
#5138 = CARTESIAN_POINT('',(-1.963495408513,-16.4027416008));
#5139 = CARTESIAN_POINT('',(-1.570796326795,-16.38663253324));
#5140 = CARTESIAN_POINT('',(-1.178097245123,-16.40274160081));
#5141 = CARTESIAN_POINT('',(-0.785398163397,-16.44445355375));
#5142 = CARTESIAN_POINT('',(-0.392699081699,-16.49898427554));
#5143 = CARTESIAN_POINT('',(-1.68753899743E-14,-16.55351456254));
#5144 = ( GEOMETRIC_REPRESENTATION_CONTEXT(2) 
PARAMETRIC_REPRESENTATION_CONTEXT() REPRESENTATION_CONTEXT('2D SPACE',''
  ) );
#5145 = PCURVE('',#4331,#5146);
#5146 = DEFINITIONAL_REPRESENTATION('',(#5147),#5151);
#5147 = ELLIPSE('',#5148,1.705661796789,1.7);
#5148 = AXIS2_PLACEMENT_2D('',#5149,#5150);
#5149 = CARTESIAN_POINT('',(2.056413534024,-120.));
#5150 = DIRECTION('',(-1.,0.));
#5151 = ( GEOMETRIC_REPRESENTATION_CONTEXT(2) 
PARAMETRIC_REPRESENTATION_CONTEXT() REPRESENTATION_CONTEXT('2D SPACE',''
  ) );
#5152 = ORIENTED_EDGE('',*,*,#5030,.F.);
#5153 = ADVANCED_FACE('',(#5154),#3080,.F.);
#5154 = FACE_BOUND('',#5155,.T.);
#5155 = EDGE_LOOP('',(#5156,#5157,#5180,#5217,#5245,#5280));
#5156 = ORIENTED_EDGE('',*,*,#3063,.T.);
#5157 = ORIENTED_EDGE('',*,*,#5158,.T.);
#5158 = EDGE_CURVE('',#3064,#5159,#5161,.T.);
#5159 = VERTEX_POINT('',#5160);
#5160 = CARTESIAN_POINT('',(153.7,8.394768624342,-48.));
#5161 = SEAM_CURVE('',#5162,(#5166,#5173),.PCURVE_S1.);
#5162 = LINE('',#5163,#5164);
#5163 = CARTESIAN_POINT('',(153.7,23.,-48.));
#5164 = VECTOR('',#5165,1.);
#5165 = DIRECTION('',(0.,-1.,0.));
#5166 = PCURVE('',#3080,#5167);
#5167 = DEFINITIONAL_REPRESENTATION('',(#5168),#5172);
#5168 = LINE('',#5169,#5170);
#5169 = CARTESIAN_POINT('',(-6.28318530718,0.));
#5170 = VECTOR('',#5171,1.);
#5171 = DIRECTION('',(-0.,-1.));
#5172 = ( GEOMETRIC_REPRESENTATION_CONTEXT(2) 
PARAMETRIC_REPRESENTATION_CONTEXT() REPRESENTATION_CONTEXT('2D SPACE',''
  ) );
#5173 = PCURVE('',#3080,#5174);
#5174 = DEFINITIONAL_REPRESENTATION('',(#5175),#5179);
#5175 = LINE('',#5176,#5177);
#5176 = CARTESIAN_POINT('',(-0.,0.));
#5177 = VECTOR('',#5178,1.);
#5178 = DIRECTION('',(-0.,-1.));
#5179 = ( GEOMETRIC_REPRESENTATION_CONTEXT(2) 
PARAMETRIC_REPRESENTATION_CONTEXT() REPRESENTATION_CONTEXT('2D SPACE',''
  ) );
#5180 = ORIENTED_EDGE('',*,*,#5181,.F.);
#5181 = EDGE_CURVE('',#5182,#5159,#5184,.T.);
#5182 = VERTEX_POINT('',#5183);
#5183 = CARTESIAN_POINT('',(152.85117354618,8.400727768418,
    -46.52843498469));
#5184 = SURFACE_CURVE('',#5185,(#5190,#5210),.PCURVE_S1.);
#5185 = ELLIPSE('',#5186,1.70001393882,1.7);
#5186 = AXIS2_PLACEMENT_3D('',#5187,#5188,#5189);
#5187 = CARTESIAN_POINT('',(152.,8.394768624342,-48.));
#5188 = DIRECTION('',(0.,0.999991800761,-4.049495030438E-03));
#5189 = DIRECTION('',(0.,4.049495030438E-03,0.999991800761));
#5190 = PCURVE('',#3080,#5191);
#5191 = DEFINITIONAL_REPRESENTATION('',(#5192),#5209);
#5192 = B_SPLINE_CURVE_WITH_KNOTS('',8,(#5193,#5194,#5195,#5196,#5197,
    #5198,#5199,#5200,#5201,#5202,#5203,#5204,#5205,#5206,#5207,#5208),
  .UNSPECIFIED.,.F.,.F.,(9,7,9),(1.570796326795,4.712388980385,
    7.853981633974),.UNSPECIFIED.);
#5193 = CARTESIAN_POINT('',(-6.28318530718,-14.60523137565));
#5194 = CARTESIAN_POINT('',(-5.890486225481,-14.60793479389));
#5195 = CARTESIAN_POINT('',(-5.497787143784,-14.61063823366));
#5196 = CARTESIAN_POINT('',(-5.105088062077,-14.61270616433));
#5197 = CARTESIAN_POINT('',(-4.712388980404,-14.61350479474));
#5198 = CARTESIAN_POINT('',(-4.31968989868,-14.61270616434));
#5199 = CARTESIAN_POINT('',(-3.92699081699,-14.61063823366));
#5200 = CARTESIAN_POINT('',(-3.534291735289,-14.60793479389));
#5201 = CARTESIAN_POINT('',(-2.748893571891,-14.60252795742));
#5202 = CARTESIAN_POINT('',(-2.356194490196,-14.59982451762));
#5203 = CARTESIAN_POINT('',(-1.963495408506,-14.59775658696));
#5204 = CARTESIAN_POINT('',(-1.570796326795,-14.59695795645));
#5205 = CARTESIAN_POINT('',(-1.178097245115,-14.59775658694));
#5206 = CARTESIAN_POINT('',(-0.785398163399,-14.59982451763));
#5207 = CARTESIAN_POINT('',(-0.392699081699,-14.60252795742));
#5208 = CARTESIAN_POINT('',(-1.68753899743E-14,-14.60523137565));
#5209 = ( GEOMETRIC_REPRESENTATION_CONTEXT(2) 
PARAMETRIC_REPRESENTATION_CONTEXT() REPRESENTATION_CONTEXT('2D SPACE',''
  ) );
#5210 = PCURVE('',#4055,#5211);
#5211 = DEFINITIONAL_REPRESENTATION('',(#5212),#5216);
#5212 = ELLIPSE('',#5213,1.70001393882,1.7);
#5213 = AXIS2_PLACEMENT_2D('',#5214,#5215);
#5214 = CARTESIAN_POINT('',(1.471577081118,-120.));
#5215 = DIRECTION('',(-1.,0.));
#5216 = ( GEOMETRIC_REPRESENTATION_CONTEXT(2) 
PARAMETRIC_REPRESENTATION_CONTEXT() REPRESENTATION_CONTEXT('2D SPACE',''
  ) );
#5217 = ORIENTED_EDGE('',*,*,#5218,.F.);
#5218 = EDGE_CURVE('',#5219,#5182,#5221,.T.);
#5219 = VERTEX_POINT('',#5220);
#5220 = CARTESIAN_POINT('',(151.14882645381,8.400727768418,
    -46.52843498469));
#5221 = SURFACE_CURVE('',#5222,(#5227,#5238),.PCURVE_S1.);
#5222 = ELLIPSE('',#5223,1.700040988752,1.7);
#5223 = AXIS2_PLACEMENT_3D('',#5224,#5225,#5226);
#5224 = CARTESIAN_POINT('',(152.,8.410946687453,-48.));
#5225 = DIRECTION('',(0.,0.999975889551,6.944085069566E-03));
#5226 = DIRECTION('',(0.,6.944085069566E-03,-0.999975889551));
#5227 = PCURVE('',#3080,#5228);
#5228 = DEFINITIONAL_REPRESENTATION('',(#5229),#5237);
#5229 = B_SPLINE_CURVE_WITH_KNOTS('',6,(#5230,#5231,#5232,#5233,#5234,
    #5235,#5236),.UNSPECIFIED.,.F.,.F.,(7,7),(2.306422819661,
    3.976762487518),.PIECEWISE_BEZIER_KNOTS.);
#5230 = CARTESIAN_POINT('',(-2.405966160724,-14.59697523259));
#5231 = CARTESIAN_POINT('',(-2.127576216081,-14.59941184637));
#5232 = CARTESIAN_POINT('',(-1.849186271438,-14.60111167604));
#5233 = CARTESIAN_POINT('',(-1.570796326795,-14.60173518265));
#5234 = CARTESIAN_POINT('',(-1.292406382152,-14.60111167604));
#5235 = CARTESIAN_POINT('',(-1.014016437509,-14.59941184637));
#5236 = CARTESIAN_POINT('',(-0.735626492866,-14.59697523259));
#5237 = ( GEOMETRIC_REPRESENTATION_CONTEXT(2) 
PARAMETRIC_REPRESENTATION_CONTEXT() REPRESENTATION_CONTEXT('2D SPACE',''
  ) );
#5238 = PCURVE('',#4029,#5239);
#5239 = DEFINITIONAL_REPRESENTATION('',(#5240),#5244);
#5240 = ELLIPSE('',#5241,1.700040988752,1.7);
#5241 = AXIS2_PLACEMENT_2D('',#5242,#5243);
#5242 = CARTESIAN_POINT('',(4.779450216461,-120.));
#5243 = DIRECTION('',(1.,0.));
#5244 = ( GEOMETRIC_REPRESENTATION_CONTEXT(2) 
PARAMETRIC_REPRESENTATION_CONTEXT() REPRESENTATION_CONTEXT('2D SPACE',''
  ) );
#5245 = ORIENTED_EDGE('',*,*,#5246,.F.);
#5246 = EDGE_CURVE('',#5159,#5219,#5247,.T.);
#5247 = SURFACE_CURVE('',#5248,(#5253,#5273),.PCURVE_S1.);
#5248 = ELLIPSE('',#5249,1.70001393882,1.7);
#5249 = AXIS2_PLACEMENT_3D('',#5250,#5251,#5252);
#5250 = CARTESIAN_POINT('',(152.,8.394768624342,-48.));
#5251 = DIRECTION('',(0.,0.999991800761,-4.049495030438E-03));
#5252 = DIRECTION('',(0.,4.049495030438E-03,0.999991800761));
#5253 = PCURVE('',#3080,#5254);
#5254 = DEFINITIONAL_REPRESENTATION('',(#5255),#5272);
#5255 = B_SPLINE_CURVE_WITH_KNOTS('',8,(#5256,#5257,#5258,#5259,#5260,
    #5261,#5262,#5263,#5264,#5265,#5266,#5267,#5268,#5269,#5270,#5271),
  .UNSPECIFIED.,.F.,.F.,(9,7,9),(1.570796326795,4.712388980385,
    7.853981633974),.UNSPECIFIED.);
#5256 = CARTESIAN_POINT('',(-6.28318530718,-14.60523137565));
#5257 = CARTESIAN_POINT('',(-5.890486225481,-14.60793479389));
#5258 = CARTESIAN_POINT('',(-5.497787143784,-14.61063823366));
#5259 = CARTESIAN_POINT('',(-5.105088062077,-14.61270616433));
#5260 = CARTESIAN_POINT('',(-4.712388980404,-14.61350479474));
#5261 = CARTESIAN_POINT('',(-4.31968989868,-14.61270616434));
#5262 = CARTESIAN_POINT('',(-3.92699081699,-14.61063823366));
#5263 = CARTESIAN_POINT('',(-3.534291735289,-14.60793479389));
#5264 = CARTESIAN_POINT('',(-2.748893571891,-14.60252795742));
#5265 = CARTESIAN_POINT('',(-2.356194490196,-14.59982451762));
#5266 = CARTESIAN_POINT('',(-1.963495408506,-14.59775658696));
#5267 = CARTESIAN_POINT('',(-1.570796326795,-14.59695795645));
#5268 = CARTESIAN_POINT('',(-1.178097245115,-14.59775658694));
#5269 = CARTESIAN_POINT('',(-0.785398163399,-14.59982451763));
#5270 = CARTESIAN_POINT('',(-0.392699081699,-14.60252795742));
#5271 = CARTESIAN_POINT('',(-1.68753899743E-14,-14.60523137565));
#5272 = ( GEOMETRIC_REPRESENTATION_CONTEXT(2) 
PARAMETRIC_REPRESENTATION_CONTEXT() REPRESENTATION_CONTEXT('2D SPACE',''
  ) );
#5273 = PCURVE('',#4055,#5274);
#5274 = DEFINITIONAL_REPRESENTATION('',(#5275),#5279);
#5275 = ELLIPSE('',#5276,1.70001393882,1.7);
#5276 = AXIS2_PLACEMENT_2D('',#5277,#5278);
#5277 = CARTESIAN_POINT('',(1.471577081118,-120.));
#5278 = DIRECTION('',(-1.,0.));
#5279 = ( GEOMETRIC_REPRESENTATION_CONTEXT(2) 
PARAMETRIC_REPRESENTATION_CONTEXT() REPRESENTATION_CONTEXT('2D SPACE',''
  ) );
#5280 = ORIENTED_EDGE('',*,*,#5158,.F.);
#5281 = ADVANCED_FACE('',(#5282),#3113,.T.);
#5282 = FACE_BOUND('',#5283,.T.);
#5283 = EDGE_LOOP('',(#5284,#5285,#5306,#5327,#5348,#5369,#5390,#5411,
    #5432,#5451,#5452));
#5284 = ORIENTED_EDGE('',*,*,#3095,.F.);
#5285 = ORIENTED_EDGE('',*,*,#5286,.T.);
#5286 = EDGE_CURVE('',#3096,#5287,#5289,.T.);
#5287 = VERTEX_POINT('',#5288);
#5288 = CARTESIAN_POINT('',(137.,8.255076571138,-56.88266684282));
#5289 = SURFACE_CURVE('',#5290,(#5294,#5300),.PCURVE_S1.);
#5290 = LINE('',#5291,#5292);
#5291 = CARTESIAN_POINT('',(137.,8.010540877759,-67.25142044983));
#5292 = VECTOR('',#5293,1.);
#5293 = DIRECTION('',(0.,-2.357734840245E-02,-0.999722015684));
#5294 = PCURVE('',#3113,#5295);
#5295 = DEFINITIONAL_REPRESENTATION('',(#5296),#5299);
#5296 = B_SPLINE_CURVE_WITH_KNOTS('',1,(#5297,#5298),.UNSPECIFIED.,.F.,
  .F.,(2,2),(-12.25482709957,-10.37163675937),.PIECEWISE_BEZIER_KNOTS.);
#5297 = CARTESIAN_POINT('',(26.,-6.299477205897));
#5298 = CARTESIAN_POINT('',(24.117333157176,-6.255076571138));
#5299 = ( GEOMETRIC_REPRESENTATION_CONTEXT(2) 
PARAMETRIC_REPRESENTATION_CONTEXT() REPRESENTATION_CONTEXT('2D SPACE',''
  ) );
#5300 = PCURVE('',#3140,#5301);
#5301 = DEFINITIONAL_REPRESENTATION('',(#5302),#5305);
#5302 = B_SPLINE_CURVE_WITH_KNOTS('',1,(#5303,#5304),.UNSPECIFIED.,.F.,
  .F.,(2,2),(-12.25482709957,-10.37163675937),.PIECEWISE_BEZIER_KNOTS.);
#5303 = CARTESIAN_POINT('',(1.63164317746,-105.));
#5304 = CARTESIAN_POINT('',(3.514833517663,-105.));
#5305 = ( GEOMETRIC_REPRESENTATION_CONTEXT(2) 
PARAMETRIC_REPRESENTATION_CONTEXT() REPRESENTATION_CONTEXT('2D SPACE',''
  ) );
#5306 = ORIENTED_EDGE('',*,*,#5307,.T.);
#5307 = EDGE_CURVE('',#5287,#5308,#5310,.T.);
#5308 = VERTEX_POINT('',#5309);
#5309 = CARTESIAN_POINT('',(137.,8.140167721403,-60.44618164275));
#5310 = SURFACE_CURVE('',#5311,(#5315,#5321),.PCURVE_S1.);
#5311 = LINE('',#5312,#5313);
#5312 = CARTESIAN_POINT('',(137.,7.86338891203,-69.02955346992));
#5313 = VECTOR('',#5314,1.);
#5314 = DIRECTION('',(0.,-3.222917866762E-02,-0.999480505084));
#5315 = PCURVE('',#3113,#5316);
#5316 = DEFINITIONAL_REPRESENTATION('',(#5317),#5320);
#5317 = B_SPLINE_CURVE_WITH_KNOTS('',1,(#5318,#5319),.UNSPECIFIED.,.F.,
  .F.,(2,2),(-12.15320015279,-8.58783316284),.PIECEWISE_BEZIER_KNOTS.);
#5318 = CARTESIAN_POINT('',(24.117333157176,-6.255076571138));
#5319 = CARTESIAN_POINT('',(20.553818357243,-6.140167721403));
#5320 = ( GEOMETRIC_REPRESENTATION_CONTEXT(2) 
PARAMETRIC_REPRESENTATION_CONTEXT() REPRESENTATION_CONTEXT('2D SPACE',''
  ) );
#5321 = PCURVE('',#4128,#5322);
#5322 = DEFINITIONAL_REPRESENTATION('',(#5323),#5326);
#5323 = B_SPLINE_CURVE_WITH_KNOTS('',1,(#5324,#5325),.UNSPECIFIED.,.F.,
  .F.,(2,2),(-12.15320015279,-8.58783316284),.PIECEWISE_BEZIER_KNOTS.);
#5324 = CARTESIAN_POINT('',(0.,-105.));
#5325 = CARTESIAN_POINT('',(3.565366989959,-105.));
#5326 = ( GEOMETRIC_REPRESENTATION_CONTEXT(2) 
PARAMETRIC_REPRESENTATION_CONTEXT() REPRESENTATION_CONTEXT('2D SPACE',''
  ) );
#5327 = ORIENTED_EDGE('',*,*,#5328,.T.);
#5328 = EDGE_CURVE('',#5308,#5329,#5331,.T.);
#5329 = VERTEX_POINT('',#5330);
#5330 = CARTESIAN_POINT('',(137.,7.995152522624,-64.04958744718));
#5331 = SURFACE_CURVE('',#5332,(#5336,#5342),.PCURVE_S1.);
#5332 = LINE('',#5333,#5334);
#5333 = CARTESIAN_POINT('',(137.,7.722289100861,-70.82982597444));
#5334 = VECTOR('',#5335,1.);
#5335 = DIRECTION('',(0.,-4.021137715166E-02,-0.999191195491));
#5336 = PCURVE('',#3113,#5337);
#5337 = DEFINITIONAL_REPRESENTATION('',(#5338),#5341);
#5338 = B_SPLINE_CURVE_WITH_KNOTS('',1,(#5339,#5340),.UNSPECIFIED.,.F.,
  .F.,(2,2),(-10.39204946815,-6.785726853737),.PIECEWISE_BEZIER_KNOTS.);
#5339 = CARTESIAN_POINT('',(20.553818357243,-6.140167721403));
#5340 = CARTESIAN_POINT('',(16.950412552816,-5.995152522624));
#5341 = ( GEOMETRIC_REPRESENTATION_CONTEXT(2) 
PARAMETRIC_REPRESENTATION_CONTEXT() REPRESENTATION_CONTEXT('2D SPACE',''
  ) );
#5342 = PCURVE('',#4154,#5343);
#5343 = DEFINITIONAL_REPRESENTATION('',(#5344),#5347);
#5344 = B_SPLINE_CURVE_WITH_KNOTS('',1,(#5345,#5346),.UNSPECIFIED.,.F.,
  .F.,(2,2),(-10.39204946815,-6.785726853737),.PIECEWISE_BEZIER_KNOTS.);
#5345 = CARTESIAN_POINT('',(0.,-105.));
#5346 = CARTESIAN_POINT('',(3.606322614417,-105.));
#5347 = ( GEOMETRIC_REPRESENTATION_CONTEXT(2) 
PARAMETRIC_REPRESENTATION_CONTEXT() REPRESENTATION_CONTEXT('2D SPACE',''
  ) );
#5348 = ORIENTED_EDGE('',*,*,#5349,.T.);
#5349 = EDGE_CURVE('',#5329,#5350,#5352,.T.);
#5350 = VERTEX_POINT('',#5351);
#5351 = CARTESIAN_POINT('',(137.,7.82209798814,-67.68300757126));
#5352 = SURFACE_CURVE('',#5353,(#5357,#5363),.PCURVE_S1.);
#5353 = LINE('',#5354,#5355);
#5354 = CARTESIAN_POINT('',(137.,7.585619809029,-72.64805848684));
#5355 = VECTOR('',#5356,1.);
#5356 = DIRECTION('',(0.,-4.757462022794E-02,-0.998867686688));
#5357 = PCURVE('',#3113,#5358);
#5358 = DEFINITIONAL_REPRESENTATION('',(#5359),#5362);
#5359 = B_SPLINE_CURVE_WITH_KNOTS('',1,(#5360,#5361),.UNSPECIFIED.,.F.,
  .F.,(2,2),(-8.608218239759,-4.970679281895),.PIECEWISE_BEZIER_KNOTS.);
#5360 = CARTESIAN_POINT('',(16.950412552816,-5.995152522624));
#5361 = CARTESIAN_POINT('',(13.316992428736,-5.82209798814));
#5362 = ( GEOMETRIC_REPRESENTATION_CONTEXT(2) 
PARAMETRIC_REPRESENTATION_CONTEXT() REPRESENTATION_CONTEXT('2D SPACE',''
  ) );
#5363 = PCURVE('',#4180,#5364);
#5364 = DEFINITIONAL_REPRESENTATION('',(#5365),#5368);
#5365 = B_SPLINE_CURVE_WITH_KNOTS('',1,(#5366,#5367),.UNSPECIFIED.,.F.,
  .F.,(2,2),(-8.608218239759,-4.970679281895),.PIECEWISE_BEZIER_KNOTS.);
#5366 = CARTESIAN_POINT('',(0.,-105.));
#5367 = CARTESIAN_POINT('',(3.637538957864,-105.));
#5368 = ( GEOMETRIC_REPRESENTATION_CONTEXT(2) 
PARAMETRIC_REPRESENTATION_CONTEXT() REPRESENTATION_CONTEXT('2D SPACE',''
  ) );
#5369 = ORIENTED_EDGE('',*,*,#5370,.T.);
#5370 = EDGE_CURVE('',#5350,#5371,#5373,.T.);
#5371 = VERTEX_POINT('',#5372);
#5372 = CARTESIAN_POINT('',(137.,7.623171882263,-71.33648306299));
#5373 = SURFACE_CURVE('',#5374,(#5378,#5384),.PCURVE_S1.);
#5374 = LINE('',#5375,#5376);
#5375 = CARTESIAN_POINT('',(137.,7.452020087778,-74.47985574281));
#5376 = VECTOR('',#5377,1.);
#5377 = DIRECTION('',(0.,-5.436792685412E-02,-0.998520970501));
#5378 = PCURVE('',#3113,#5379);
#5379 = DEFINITIONAL_REPRESENTATION('',(#5380),#5383);
#5380 = B_SPLINE_CURVE_WITH_KNOTS('',1,(#5381,#5382),.UNSPECIFIED.,.F.,
  .F.,(2,2),(-6.806915800824,-3.148028707148),.PIECEWISE_BEZIER_KNOTS.);
#5381 = CARTESIAN_POINT('',(13.316992428736,-5.82209798814));
#5382 = CARTESIAN_POINT('',(9.663516937006,-5.623171882263));
#5383 = ( GEOMETRIC_REPRESENTATION_CONTEXT(2) 
PARAMETRIC_REPRESENTATION_CONTEXT() REPRESENTATION_CONTEXT('2D SPACE',''
  ) );
#5384 = PCURVE('',#4206,#5385);
#5385 = DEFINITIONAL_REPRESENTATION('',(#5386),#5389);
#5386 = B_SPLINE_CURVE_WITH_KNOTS('',1,(#5387,#5388),.UNSPECIFIED.,.F.,
  .F.,(2,2),(-6.806915800824,-3.148028707148),.PIECEWISE_BEZIER_KNOTS.);
#5387 = CARTESIAN_POINT('',(0.,-105.));
#5388 = CARTESIAN_POINT('',(3.658887093676,-105.));
#5389 = ( GEOMETRIC_REPRESENTATION_CONTEXT(2) 
PARAMETRIC_REPRESENTATION_CONTEXT() REPRESENTATION_CONTEXT('2D SPACE',''
  ) );
#5390 = ORIENTED_EDGE('',*,*,#5391,.T.);
#5391 = EDGE_CURVE('',#5371,#5392,#5394,.T.);
#5392 = VERTEX_POINT('',#5393);
#5393 = CARTESIAN_POINT('',(137.,7.40061028008,-75.));
#5394 = SURFACE_CURVE('',#5395,(#5399,#5405),.PCURVE_S1.);
#5395 = LINE('',#5396,#5397);
#5396 = CARTESIAN_POINT('',(137.,7.32037956192,-76.32065276294));
#5397 = VECTOR('',#5398,1.);
#5398 = DIRECTION('',(0.,-6.063900882683E-02,-0.998159762066));
#5399 = PCURVE('',#3113,#5400);
#5400 = DEFINITIONAL_REPRESENTATION('',(#5401),#5404);
#5401 = B_SPLINE_CURVE_WITH_KNOTS('',1,(#5402,#5403),.UNSPECIFIED.,.F.,
  .F.,(2,2),(-4.993358667985,-1.323087558858),.PIECEWISE_BEZIER_KNOTS.);
#5402 = CARTESIAN_POINT('',(9.663516937006,-5.623171882263));
#5403 = CARTESIAN_POINT('',(6.,-5.40061028008));
#5404 = ( GEOMETRIC_REPRESENTATION_CONTEXT(2) 
PARAMETRIC_REPRESENTATION_CONTEXT() REPRESENTATION_CONTEXT('2D SPACE',''
  ) );
#5405 = PCURVE('',#4232,#5406);
#5406 = DEFINITIONAL_REPRESENTATION('',(#5407),#5410);
#5407 = B_SPLINE_CURVE_WITH_KNOTS('',1,(#5408,#5409),.UNSPECIFIED.,.F.,
  .F.,(2,2),(-4.993358667985,-1.323087558858),.PIECEWISE_BEZIER_KNOTS.);
#5408 = CARTESIAN_POINT('',(0.,-105.));
#5409 = CARTESIAN_POINT('',(3.670271109128,-105.));
#5410 = ( GEOMETRIC_REPRESENTATION_CONTEXT(2) 
PARAMETRIC_REPRESENTATION_CONTEXT() REPRESENTATION_CONTEXT('2D SPACE',''
  ) );
#5411 = ORIENTED_EDGE('',*,*,#5412,.T.);
#5412 = EDGE_CURVE('',#5392,#5413,#5415,.T.);
#5413 = VERTEX_POINT('',#5414);
#5414 = CARTESIAN_POINT('',(137.,7.156687907998,-78.663516937));
#5415 = SURFACE_CURVE('',#5416,(#5420,#5426),.PCURVE_S1.);
#5416 = LINE('',#5417,#5418);
#5417 = CARTESIAN_POINT('',(137.,7.189829552542,-78.16575621472));
#5418 = VECTOR('',#5419,1.);
#5419 = DIRECTION('',(0.,-6.643438585429E-02,-0.997790795897));
#5420 = PCURVE('',#3113,#5421);
#5421 = DEFINITIONAL_REPRESENTATION('',(#5422),#5425);
#5422 = B_SPLINE_CURVE_WITH_KNOTS('',1,(#5423,#5424),.UNSPECIFIED.,.F.,
  .F.,(2,2),(-3.172765501288,0.498862812054),.PIECEWISE_BEZIER_KNOTS.);
#5423 = CARTESIAN_POINT('',(6.,-5.40061028008));
#5424 = CARTESIAN_POINT('',(2.336483062994,-5.156687907998));
#5425 = ( GEOMETRIC_REPRESENTATION_CONTEXT(2) 
PARAMETRIC_REPRESENTATION_CONTEXT() REPRESENTATION_CONTEXT('2D SPACE',''
  ) );
#5426 = PCURVE('',#4258,#5427);
#5427 = DEFINITIONAL_REPRESENTATION('',(#5428),#5431);
#5428 = B_SPLINE_CURVE_WITH_KNOTS('',1,(#5429,#5430),.UNSPECIFIED.,.F.,
  .F.,(2,2),(-3.172765501288,0.498862812054),.PIECEWISE_BEZIER_KNOTS.);
#5429 = CARTESIAN_POINT('',(0.,-105.));
#5430 = CARTESIAN_POINT('',(3.671628313342,-105.));
#5431 = ( GEOMETRIC_REPRESENTATION_CONTEXT(2) 
PARAMETRIC_REPRESENTATION_CONTEXT() REPRESENTATION_CONTEXT('2D SPACE',''
  ) );
#5432 = ORIENTED_EDGE('',*,*,#5433,.T.);
#5433 = EDGE_CURVE('',#5413,#3242,#5434,.T.);
#5434 = SURFACE_CURVE('',#5435,(#5439,#5445),.PCURVE_S1.);
#5435 = LINE('',#5436,#5437);
#5436 = CARTESIAN_POINT('',(137.,7.059733712169,-80.01038157688));
#5437 = VECTOR('',#5438,1.);
#5438 = DIRECTION('',(0.,-7.179932096371E-02,-0.997419098228));
#5439 = PCURVE('',#3113,#5440);
#5440 = DEFINITIONAL_REPRESENTATION('',(#5441),#5444);
#5441 = B_SPLINE_CURVE_WITH_KNOTS('',1,(#5442,#5443),.UNSPECIFIED.,.F.,
  .F.,(2,2),(-1.350349759966,0.992179140018),.PIECEWISE_BEZIER_KNOTS.);
#5442 = CARTESIAN_POINT('',(2.336483062994,-5.156687907998));
#5443 = CARTESIAN_POINT('',(-2.22044604925E-16,-4.988495923641));
#5444 = ( GEOMETRIC_REPRESENTATION_CONTEXT(2) 
PARAMETRIC_REPRESENTATION_CONTEXT() REPRESENTATION_CONTEXT('2D SPACE',''
  ) );
#5445 = PCURVE('',#3281,#5446);
#5446 = DEFINITIONAL_REPRESENTATION('',(#5447),#5450);
#5447 = B_SPLINE_CURVE_WITH_KNOTS('',1,(#5448,#5449),.UNSPECIFIED.,.F.,
  .F.,(2,2),(-1.350349759966,0.992179140018),.PIECEWISE_BEZIER_KNOTS.);
#5448 = CARTESIAN_POINT('',(0.,-105.));
#5449 = CARTESIAN_POINT('',(2.342528899984,-105.));
#5450 = ( GEOMETRIC_REPRESENTATION_CONTEXT(2) 
PARAMETRIC_REPRESENTATION_CONTEXT() REPRESENTATION_CONTEXT('2D SPACE',''
  ) );
#5451 = ORIENTED_EDGE('',*,*,#3241,.T.);
#5452 = ORIENTED_EDGE('',*,*,#3655,.F.);
#5453 = ADVANCED_FACE('',(#5454),#3140,.F.);
#5454 = FACE_BOUND('',#5455,.F.);
#5455 = EDGE_LOOP('',(#5456,#5477,#5478,#5499,#5500,#5521,#5522,#5523));
#5456 = ORIENTED_EDGE('',*,*,#5457,.F.);
#5457 = EDGE_CURVE('',#4093,#5287,#5458,.T.);
#5458 = SURFACE_CURVE('',#5459,(#5463,#5470),.PCURVE_S1.);
#5459 = LINE('',#5460,#5461);
#5460 = CARTESIAN_POINT('',(32.,8.255076571138,-56.88266684282));
#5461 = VECTOR('',#5462,1.);
#5462 = DIRECTION('',(1.,0.,0.));
#5463 = PCURVE('',#3140,#5464);
#5464 = DEFINITIONAL_REPRESENTATION('',(#5465),#5469);
#5465 = LINE('',#5466,#5467);
#5466 = CARTESIAN_POINT('',(3.514833517663,0.));
#5467 = VECTOR('',#5468,1.);
#5468 = DIRECTION('',(0.,-1.));
#5469 = ( GEOMETRIC_REPRESENTATION_CONTEXT(2) 
PARAMETRIC_REPRESENTATION_CONTEXT() REPRESENTATION_CONTEXT('2D SPACE',''
  ) );
#5470 = PCURVE('',#4128,#5471);
#5471 = DEFINITIONAL_REPRESENTATION('',(#5472),#5476);
#5472 = LINE('',#5473,#5474);
#5473 = CARTESIAN_POINT('',(0.,0.));
#5474 = VECTOR('',#5475,1.);
#5475 = DIRECTION('',(0.,-1.));
#5476 = ( GEOMETRIC_REPRESENTATION_CONTEXT(2) 
PARAMETRIC_REPRESENTATION_CONTEXT() REPRESENTATION_CONTEXT('2D SPACE',''
  ) );
#5477 = ORIENTED_EDGE('',*,*,#4092,.T.);
#5478 = ORIENTED_EDGE('',*,*,#5479,.T.);
#5479 = EDGE_CURVE('',#4067,#4504,#5480,.T.);
#5480 = SURFACE_CURVE('',#5481,(#5485,#5492),.PCURVE_S1.);
#5481 = LINE('',#5482,#5483);
#5482 = CARTESIAN_POINT('',(32.,8.337947025561,-53.36881039375));
#5483 = VECTOR('',#5484,1.);
#5484 = DIRECTION('',(1.,0.,0.));
#5485 = PCURVE('',#3140,#5486);
#5486 = DEFINITIONAL_REPRESENTATION('',(#5487),#5491);
#5487 = LINE('',#5488,#5489);
#5488 = CARTESIAN_POINT('',(0.,0.));
#5489 = VECTOR('',#5490,1.);
#5490 = DIRECTION('',(0.,-1.));
#5491 = ( GEOMETRIC_REPRESENTATION_CONTEXT(2) 
PARAMETRIC_REPRESENTATION_CONTEXT() REPRESENTATION_CONTEXT('2D SPACE',''
  ) );
#5492 = PCURVE('',#4081,#5493);
#5493 = DEFINITIONAL_REPRESENTATION('',(#5494),#5498);
#5494 = LINE('',#5495,#5496);
#5495 = CARTESIAN_POINT('',(3.45491534633,0.));
#5496 = VECTOR('',#5497,1.);
#5497 = DIRECTION('',(0.,-1.));
#5498 = ( GEOMETRIC_REPRESENTATION_CONTEXT(2) 
PARAMETRIC_REPRESENTATION_CONTEXT() REPRESENTATION_CONTEXT('2D SPACE',''
  ) );
#5499 = ORIENTED_EDGE('',*,*,#4524,.F.);
#5500 = ORIENTED_EDGE('',*,*,#5501,.F.);
#5501 = EDGE_CURVE('',#4859,#4525,#5502,.T.);
#5502 = SURFACE_CURVE('',#5503,(#5507,#5514),.PCURVE_S1.);
#5503 = LINE('',#5504,#5505);
#5504 = CARTESIAN_POINT('',(32.,8.255076571138,-56.88266684282));
#5505 = VECTOR('',#5506,1.);
#5506 = DIRECTION('',(1.,0.,0.));
#5507 = PCURVE('',#3140,#5508);
#5508 = DEFINITIONAL_REPRESENTATION('',(#5509),#5513);
#5509 = LINE('',#5510,#5511);
#5510 = CARTESIAN_POINT('',(3.514833517663,0.));
#5511 = VECTOR('',#5512,1.);
#5512 = DIRECTION('',(0.,-1.));
#5513 = ( GEOMETRIC_REPRESENTATION_CONTEXT(2) 
PARAMETRIC_REPRESENTATION_CONTEXT() REPRESENTATION_CONTEXT('2D SPACE',''
  ) );
#5514 = PCURVE('',#4560,#5515);
#5515 = DEFINITIONAL_REPRESENTATION('',(#5516),#5520);
#5516 = LINE('',#5517,#5518);
#5517 = CARTESIAN_POINT('',(0.,0.));
#5518 = VECTOR('',#5519,1.);
#5519 = DIRECTION('',(0.,-1.));
#5520 = ( GEOMETRIC_REPRESENTATION_CONTEXT(2) 
PARAMETRIC_REPRESENTATION_CONTEXT() REPRESENTATION_CONTEXT('2D SPACE',''
  ) );
#5521 = ORIENTED_EDGE('',*,*,#4858,.F.);
#5522 = ORIENTED_EDGE('',*,*,#3125,.F.);
#5523 = ORIENTED_EDGE('',*,*,#5286,.T.);
#5524 = ADVANCED_FACE('',(#5525),#3281,.F.);
#5525 = FACE_BOUND('',#5526,.F.);
#5526 = EDGE_LOOP('',(#5527,#5548,#5549,#5570,#5571,#5572,#5573,#5594));
#5527 = ORIENTED_EDGE('',*,*,#5528,.F.);
#5528 = EDGE_CURVE('',#4270,#4702,#5529,.T.);
#5529 = SURFACE_CURVE('',#5530,(#5534,#5541),.PCURVE_S1.);
#5530 = LINE('',#5531,#5532);
#5531 = CARTESIAN_POINT('',(32.,6.893692082141,-82.31699242873));
#5532 = VECTOR('',#5533,1.);
#5533 = DIRECTION('',(1.,0.,0.));
#5534 = PCURVE('',#3281,#5535);
#5535 = DEFINITIONAL_REPRESENTATION('',(#5536),#5540);
#5536 = LINE('',#5537,#5538);
#5537 = CARTESIAN_POINT('',(3.66292915207,0.));
#5538 = VECTOR('',#5539,1.);
#5539 = DIRECTION('',(0.,-1.));
#5540 = ( GEOMETRIC_REPRESENTATION_CONTEXT(2) 
PARAMETRIC_REPRESENTATION_CONTEXT() REPRESENTATION_CONTEXT('2D SPACE',''
  ) );
#5541 = PCURVE('',#4305,#5542);
#5542 = DEFINITIONAL_REPRESENTATION('',(#5543),#5547);
#5543 = LINE('',#5544,#5545);
#5544 = CARTESIAN_POINT('',(0.,0.));
#5545 = VECTOR('',#5546,1.);
#5546 = DIRECTION('',(0.,-1.));
#5547 = ( GEOMETRIC_REPRESENTATION_CONTEXT(2) 
PARAMETRIC_REPRESENTATION_CONTEXT() REPRESENTATION_CONTEXT('2D SPACE',''
  ) );
#5548 = ORIENTED_EDGE('',*,*,#4269,.T.);
#5549 = ORIENTED_EDGE('',*,*,#5550,.T.);
#5550 = EDGE_CURVE('',#4244,#5413,#5551,.T.);
#5551 = SURFACE_CURVE('',#5552,(#5556,#5563),.PCURVE_S1.);
#5552 = LINE('',#5553,#5554);
#5553 = CARTESIAN_POINT('',(32.,7.156687907998,-78.663516937));
#5554 = VECTOR('',#5555,1.);
#5555 = DIRECTION('',(1.,0.,0.));
#5556 = PCURVE('',#3281,#5557);
#5557 = DEFINITIONAL_REPRESENTATION('',(#5558),#5562);
#5558 = LINE('',#5559,#5560);
#5559 = CARTESIAN_POINT('',(0.,0.));
#5560 = VECTOR('',#5561,1.);
#5561 = DIRECTION('',(0.,-1.));
#5562 = ( GEOMETRIC_REPRESENTATION_CONTEXT(2) 
PARAMETRIC_REPRESENTATION_CONTEXT() REPRESENTATION_CONTEXT('2D SPACE',''
  ) );
#5563 = PCURVE('',#4258,#5564);
#5564 = DEFINITIONAL_REPRESENTATION('',(#5565),#5569);
#5565 = LINE('',#5566,#5567);
#5566 = CARTESIAN_POINT('',(3.671628313342,0.));
#5567 = VECTOR('',#5568,1.);
#5568 = DIRECTION('',(0.,-1.));
#5569 = ( GEOMETRIC_REPRESENTATION_CONTEXT(2) 
PARAMETRIC_REPRESENTATION_CONTEXT() REPRESENTATION_CONTEXT('2D SPACE',''
  ) );
#5570 = ORIENTED_EDGE('',*,*,#5433,.T.);
#5571 = ORIENTED_EDGE('',*,*,#3266,.T.);
#5572 = ORIENTED_EDGE('',*,*,#5005,.F.);
#5573 = ORIENTED_EDGE('',*,*,#5574,.T.);
#5574 = EDGE_CURVE('',#4985,#4676,#5575,.T.);
#5575 = SURFACE_CURVE('',#5576,(#5580,#5587),.PCURVE_S1.);
#5576 = LINE('',#5577,#5578);
#5577 = CARTESIAN_POINT('',(32.,7.156687907998,-78.663516937));
#5578 = VECTOR('',#5579,1.);
#5579 = DIRECTION('',(1.,0.,0.));
#5580 = PCURVE('',#3281,#5581);
#5581 = DEFINITIONAL_REPRESENTATION('',(#5582),#5586);
#5582 = LINE('',#5583,#5584);
#5583 = CARTESIAN_POINT('',(0.,0.));
#5584 = VECTOR('',#5585,1.);
#5585 = DIRECTION('',(0.,-1.));
#5586 = ( GEOMETRIC_REPRESENTATION_CONTEXT(2) 
PARAMETRIC_REPRESENTATION_CONTEXT() REPRESENTATION_CONTEXT('2D SPACE',''
  ) );
#5587 = PCURVE('',#4690,#5588);
#5588 = DEFINITIONAL_REPRESENTATION('',(#5589),#5593);
#5589 = LINE('',#5590,#5591);
#5590 = CARTESIAN_POINT('',(3.671628313342,0.));
#5591 = VECTOR('',#5592,1.);
#5592 = DIRECTION('',(0.,-1.));
#5593 = ( GEOMETRIC_REPRESENTATION_CONTEXT(2) 
PARAMETRIC_REPRESENTATION_CONTEXT() REPRESENTATION_CONTEXT('2D SPACE',''
  ) );
#5594 = ORIENTED_EDGE('',*,*,#4701,.F.);
#5595 = ADVANCED_FACE('',(#5596),#3379,.F.);
#5596 = FACE_BOUND('',#5597,.F.);
#5597 = EDGE_LOOP('',(#5598,#5599,#5620,#5621));
#5598 = ORIENTED_EDGE('',*,*,#4394,.T.);
#5599 = ORIENTED_EDGE('',*,*,#5600,.T.);
#5600 = EDGE_CURVE('',#4369,#4786,#5601,.T.);
#5601 = SURFACE_CURVE('',#5602,(#5606,#5613),.PCURVE_S1.);
#5602 = LINE('',#5603,#5604);
#5603 = CARTESIAN_POINT('',(32.,5.696065739691,-96.63118960624));
#5604 = VECTOR('',#5605,1.);
#5605 = DIRECTION('',(1.,0.,0.));
#5606 = PCURVE('',#3379,#5607);
#5607 = DEFINITIONAL_REPRESENTATION('',(#5608),#5612);
#5608 = LINE('',#5609,#5610);
#5609 = CARTESIAN_POINT('',(0.,0.));
#5610 = VECTOR('',#5611,1.);
#5611 = DIRECTION('',(0.,-1.));
#5612 = ( GEOMETRIC_REPRESENTATION_CONTEXT(2) 
PARAMETRIC_REPRESENTATION_CONTEXT() REPRESENTATION_CONTEXT('2D SPACE',''
  ) );
#5613 = PCURVE('',#4383,#5614);
#5614 = DEFINITIONAL_REPRESENTATION('',(#5615),#5619);
#5615 = LINE('',#5616,#5617);
#5616 = CARTESIAN_POINT('',(3.528111450573,0.));
#5617 = VECTOR('',#5618,1.);
#5618 = DIRECTION('',(0.,-1.));
#5619 = ( GEOMETRIC_REPRESENTATION_CONTEXT(2) 
PARAMETRIC_REPRESENTATION_CONTEXT() REPRESENTATION_CONTEXT('2D SPACE',''
  ) );
#5620 = ORIENTED_EDGE('',*,*,#4806,.F.);
#5621 = ORIENTED_EDGE('',*,*,#3364,.T.);
#5622 = ADVANCED_FACE('',(#5623),#3527,.F.);
#5623 = FACE_BOUND('',#5624,.F.);
#5624 = EDGE_LOOP('',(#5625,#5648,#5676,#5697));
#5625 = ORIENTED_EDGE('',*,*,#5626,.F.);
#5626 = EDGE_CURVE('',#5627,#3510,#5629,.T.);
#5627 = VERTEX_POINT('',#5628);
#5628 = CARTESIAN_POINT('',(134.,75.,-169.));
#5629 = SURFACE_CURVE('',#5630,(#5634,#5641),.PCURVE_S1.);
#5630 = LINE('',#5631,#5632);
#5631 = CARTESIAN_POINT('',(134.,75.,-169.));
#5632 = VECTOR('',#5633,1.);
#5633 = DIRECTION('',(0.,0.,1.));
#5634 = PCURVE('',#3527,#5635);
#5635 = DEFINITIONAL_REPRESENTATION('',(#5636),#5640);
#5636 = LINE('',#5637,#5638);
#5637 = CARTESIAN_POINT('',(0.,0.));
#5638 = VECTOR('',#5639,1.);
#5639 = DIRECTION('',(1.,0.));
#5640 = ( GEOMETRIC_REPRESENTATION_CONTEXT(2) 
PARAMETRIC_REPRESENTATION_CONTEXT() REPRESENTATION_CONTEXT('2D SPACE',''
  ) );
#5641 = PCURVE('',#3555,#5642);
#5642 = DEFINITIONAL_REPRESENTATION('',(#5643),#5647);
#5643 = LINE('',#5644,#5645);
#5644 = CARTESIAN_POINT('',(0.,0.));
#5645 = VECTOR('',#5646,1.);
#5646 = DIRECTION('',(1.,0.));
#5647 = ( GEOMETRIC_REPRESENTATION_CONTEXT(2) 
PARAMETRIC_REPRESENTATION_CONTEXT() REPRESENTATION_CONTEXT('2D SPACE',''
  ) );
#5648 = ORIENTED_EDGE('',*,*,#5649,.T.);
#5649 = EDGE_CURVE('',#5627,#5650,#5652,.T.);
#5650 = VERTEX_POINT('',#5651);
#5651 = CARTESIAN_POINT('',(134.,91.,-169.));
#5652 = SURFACE_CURVE('',#5653,(#5657,#5664),.PCURVE_S1.);
#5653 = LINE('',#5654,#5655);
#5654 = CARTESIAN_POINT('',(134.,75.,-169.));
#5655 = VECTOR('',#5656,1.);
#5656 = DIRECTION('',(0.,1.,0.));
#5657 = PCURVE('',#3527,#5658);
#5658 = DEFINITIONAL_REPRESENTATION('',(#5659),#5663);
#5659 = LINE('',#5660,#5661);
#5660 = CARTESIAN_POINT('',(0.,0.));
#5661 = VECTOR('',#5662,1.);
#5662 = DIRECTION('',(0.,-1.));
#5663 = ( GEOMETRIC_REPRESENTATION_CONTEXT(2) 
PARAMETRIC_REPRESENTATION_CONTEXT() REPRESENTATION_CONTEXT('2D SPACE',''
  ) );
#5664 = PCURVE('',#5665,#5670);
#5665 = PLANE('',#5666);
#5666 = AXIS2_PLACEMENT_3D('',#5667,#5668,#5669);
#5667 = CARTESIAN_POINT('',(134.,75.,-169.));
#5668 = DIRECTION('',(0.,0.,1.));
#5669 = DIRECTION('',(1.,0.,0.));
#5670 = DEFINITIONAL_REPRESENTATION('',(#5671),#5675);
#5671 = LINE('',#5672,#5673);
#5672 = CARTESIAN_POINT('',(0.,0.));
#5673 = VECTOR('',#5674,1.);
#5674 = DIRECTION('',(0.,1.));
#5675 = ( GEOMETRIC_REPRESENTATION_CONTEXT(2) 
PARAMETRIC_REPRESENTATION_CONTEXT() REPRESENTATION_CONTEXT('2D SPACE',''
  ) );
#5676 = ORIENTED_EDGE('',*,*,#5677,.T.);
#5677 = EDGE_CURVE('',#5650,#3512,#5678,.T.);
#5678 = SURFACE_CURVE('',#5679,(#5683,#5690),.PCURVE_S1.);
#5679 = LINE('',#5680,#5681);
#5680 = CARTESIAN_POINT('',(134.,91.,-169.));
#5681 = VECTOR('',#5682,1.);
#5682 = DIRECTION('',(0.,0.,1.));
#5683 = PCURVE('',#3527,#5684);
#5684 = DEFINITIONAL_REPRESENTATION('',(#5685),#5689);
#5685 = LINE('',#5686,#5687);
#5686 = CARTESIAN_POINT('',(0.,-16.));
#5687 = VECTOR('',#5688,1.);
#5688 = DIRECTION('',(1.,0.));
#5689 = ( GEOMETRIC_REPRESENTATION_CONTEXT(2) 
PARAMETRIC_REPRESENTATION_CONTEXT() REPRESENTATION_CONTEXT('2D SPACE',''
  ) );
#5690 = PCURVE('',#3609,#5691);
#5691 = DEFINITIONAL_REPRESENTATION('',(#5692),#5696);
#5692 = LINE('',#5693,#5694);
#5693 = CARTESIAN_POINT('',(0.,0.));
#5694 = VECTOR('',#5695,1.);
#5695 = DIRECTION('',(1.,0.));
#5696 = ( GEOMETRIC_REPRESENTATION_CONTEXT(2) 
PARAMETRIC_REPRESENTATION_CONTEXT() REPRESENTATION_CONTEXT('2D SPACE',''
  ) );
#5697 = ORIENTED_EDGE('',*,*,#3509,.F.);
#5698 = ADVANCED_FACE('',(#5699),#3609,.T.);
#5699 = FACE_BOUND('',#5700,.T.);
#5700 = EDGE_LOOP('',(#5701,#5724,#5725,#5726));
#5701 = ORIENTED_EDGE('',*,*,#5702,.F.);
#5702 = EDGE_CURVE('',#5650,#5703,#5705,.T.);
#5703 = VERTEX_POINT('',#5704);
#5704 = CARTESIAN_POINT('',(156.,91.,-169.));
#5705 = SURFACE_CURVE('',#5706,(#5710,#5717),.PCURVE_S1.);
#5706 = LINE('',#5707,#5708);
#5707 = CARTESIAN_POINT('',(134.,91.,-169.));
#5708 = VECTOR('',#5709,1.);
#5709 = DIRECTION('',(1.,0.,0.));
#5710 = PCURVE('',#3609,#5711);
#5711 = DEFINITIONAL_REPRESENTATION('',(#5712),#5716);
#5712 = LINE('',#5713,#5714);
#5713 = CARTESIAN_POINT('',(0.,0.));
#5714 = VECTOR('',#5715,1.);
#5715 = DIRECTION('',(0.,1.));
#5716 = ( GEOMETRIC_REPRESENTATION_CONTEXT(2) 
PARAMETRIC_REPRESENTATION_CONTEXT() REPRESENTATION_CONTEXT('2D SPACE',''
  ) );
#5717 = PCURVE('',#5665,#5718);
#5718 = DEFINITIONAL_REPRESENTATION('',(#5719),#5723);
#5719 = LINE('',#5720,#5721);
#5720 = CARTESIAN_POINT('',(0.,16.));
#5721 = VECTOR('',#5722,1.);
#5722 = DIRECTION('',(1.,0.));
#5723 = ( GEOMETRIC_REPRESENTATION_CONTEXT(2) 
PARAMETRIC_REPRESENTATION_CONTEXT() REPRESENTATION_CONTEXT('2D SPACE',''
  ) );
#5724 = ORIENTED_EDGE('',*,*,#5677,.T.);
#5725 = ORIENTED_EDGE('',*,*,#3595,.T.);
#5726 = ORIENTED_EDGE('',*,*,#5727,.F.);
#5727 = EDGE_CURVE('',#5703,#3568,#5728,.T.);
#5728 = SURFACE_CURVE('',#5729,(#5733,#5740),.PCURVE_S1.);
#5729 = LINE('',#5730,#5731);
#5730 = CARTESIAN_POINT('',(156.,91.,-169.));
#5731 = VECTOR('',#5732,1.);
#5732 = DIRECTION('',(0.,0.,1.));
#5733 = PCURVE('',#3609,#5734);
#5734 = DEFINITIONAL_REPRESENTATION('',(#5735),#5739);
#5735 = LINE('',#5736,#5737);
#5736 = CARTESIAN_POINT('',(0.,22.));
#5737 = VECTOR('',#5738,1.);
#5738 = DIRECTION('',(1.,0.));
#5739 = ( GEOMETRIC_REPRESENTATION_CONTEXT(2) 
PARAMETRIC_REPRESENTATION_CONTEXT() REPRESENTATION_CONTEXT('2D SPACE',''
  ) );
#5740 = PCURVE('',#3583,#5741);
#5741 = DEFINITIONAL_REPRESENTATION('',(#5742),#5746);
#5742 = LINE('',#5743,#5744);
#5743 = CARTESIAN_POINT('',(0.,-16.));
#5744 = VECTOR('',#5745,1.);
#5745 = DIRECTION('',(1.,0.));
#5746 = ( GEOMETRIC_REPRESENTATION_CONTEXT(2) 
PARAMETRIC_REPRESENTATION_CONTEXT() REPRESENTATION_CONTEXT('2D SPACE',''
  ) );
#5747 = ADVANCED_FACE('',(#5748),#3555,.F.);
#5748 = FACE_BOUND('',#5749,.F.);
#5749 = EDGE_LOOP('',(#5750,#5773,#5774,#5775));
#5750 = ORIENTED_EDGE('',*,*,#5751,.F.);
#5751 = EDGE_CURVE('',#5627,#5752,#5754,.T.);
#5752 = VERTEX_POINT('',#5753);
#5753 = CARTESIAN_POINT('',(156.,75.,-169.));
#5754 = SURFACE_CURVE('',#5755,(#5759,#5766),.PCURVE_S1.);
#5755 = LINE('',#5756,#5757);
#5756 = CARTESIAN_POINT('',(134.,75.,-169.));
#5757 = VECTOR('',#5758,1.);
#5758 = DIRECTION('',(1.,0.,0.));
#5759 = PCURVE('',#3555,#5760);
#5760 = DEFINITIONAL_REPRESENTATION('',(#5761),#5765);
#5761 = LINE('',#5762,#5763);
#5762 = CARTESIAN_POINT('',(0.,0.));
#5763 = VECTOR('',#5764,1.);
#5764 = DIRECTION('',(0.,1.));
#5765 = ( GEOMETRIC_REPRESENTATION_CONTEXT(2) 
PARAMETRIC_REPRESENTATION_CONTEXT() REPRESENTATION_CONTEXT('2D SPACE',''
  ) );
#5766 = PCURVE('',#5665,#5767);
#5767 = DEFINITIONAL_REPRESENTATION('',(#5768),#5772);
#5768 = LINE('',#5769,#5770);
#5769 = CARTESIAN_POINT('',(0.,0.));
#5770 = VECTOR('',#5771,1.);
#5771 = DIRECTION('',(1.,0.));
#5772 = ( GEOMETRIC_REPRESENTATION_CONTEXT(2) 
PARAMETRIC_REPRESENTATION_CONTEXT() REPRESENTATION_CONTEXT('2D SPACE',''
  ) );
#5773 = ORIENTED_EDGE('',*,*,#5626,.T.);
#5774 = ORIENTED_EDGE('',*,*,#3539,.T.);
#5775 = ORIENTED_EDGE('',*,*,#5776,.F.);
#5776 = EDGE_CURVE('',#5752,#3540,#5777,.T.);
#5777 = SURFACE_CURVE('',#5778,(#5782,#5789),.PCURVE_S1.);
#5778 = LINE('',#5779,#5780);
#5779 = CARTESIAN_POINT('',(156.,75.,-169.));
#5780 = VECTOR('',#5781,1.);
#5781 = DIRECTION('',(0.,0.,1.));
#5782 = PCURVE('',#3555,#5783);
#5783 = DEFINITIONAL_REPRESENTATION('',(#5784),#5788);
#5784 = LINE('',#5785,#5786);
#5785 = CARTESIAN_POINT('',(0.,22.));
#5786 = VECTOR('',#5787,1.);
#5787 = DIRECTION('',(1.,0.));
#5788 = ( GEOMETRIC_REPRESENTATION_CONTEXT(2) 
PARAMETRIC_REPRESENTATION_CONTEXT() REPRESENTATION_CONTEXT('2D SPACE',''
  ) );
#5789 = PCURVE('',#3583,#5790);
#5790 = DEFINITIONAL_REPRESENTATION('',(#5791),#5795);
#5791 = LINE('',#5792,#5793);
#5792 = CARTESIAN_POINT('',(0.,0.));
#5793 = VECTOR('',#5794,1.);
#5794 = DIRECTION('',(1.,0.));
#5795 = ( GEOMETRIC_REPRESENTATION_CONTEXT(2) 
PARAMETRIC_REPRESENTATION_CONTEXT() REPRESENTATION_CONTEXT('2D SPACE',''
  ) );
#5796 = ADVANCED_FACE('',(#5797),#3583,.T.);
#5797 = FACE_BOUND('',#5798,.T.);
#5798 = EDGE_LOOP('',(#5799,#5800,#5821,#5822));
#5799 = ORIENTED_EDGE('',*,*,#5776,.F.);
#5800 = ORIENTED_EDGE('',*,*,#5801,.T.);
#5801 = EDGE_CURVE('',#5752,#5703,#5802,.T.);
#5802 = SURFACE_CURVE('',#5803,(#5807,#5814),.PCURVE_S1.);
#5803 = LINE('',#5804,#5805);
#5804 = CARTESIAN_POINT('',(156.,75.,-169.));
#5805 = VECTOR('',#5806,1.);
#5806 = DIRECTION('',(0.,1.,0.));
#5807 = PCURVE('',#3583,#5808);
#5808 = DEFINITIONAL_REPRESENTATION('',(#5809),#5813);
#5809 = LINE('',#5810,#5811);
#5810 = CARTESIAN_POINT('',(0.,0.));
#5811 = VECTOR('',#5812,1.);
#5812 = DIRECTION('',(0.,-1.));
#5813 = ( GEOMETRIC_REPRESENTATION_CONTEXT(2) 
PARAMETRIC_REPRESENTATION_CONTEXT() REPRESENTATION_CONTEXT('2D SPACE',''
  ) );
#5814 = PCURVE('',#5665,#5815);
#5815 = DEFINITIONAL_REPRESENTATION('',(#5816),#5820);
#5816 = LINE('',#5817,#5818);
#5817 = CARTESIAN_POINT('',(22.,0.));
#5818 = VECTOR('',#5819,1.);
#5819 = DIRECTION('',(0.,1.));
#5820 = ( GEOMETRIC_REPRESENTATION_CONTEXT(2) 
PARAMETRIC_REPRESENTATION_CONTEXT() REPRESENTATION_CONTEXT('2D SPACE',''
  ) );
#5821 = ORIENTED_EDGE('',*,*,#5727,.T.);
#5822 = ORIENTED_EDGE('',*,*,#3567,.F.);
#5823 = ADVANCED_FACE('',(#5824),#3695,.F.);
#5824 = FACE_BOUND('',#5825,.T.);
#5825 = EDGE_LOOP('',(#5826,#5827,#5850,#5887,#5915,#5950));
#5826 = ORIENTED_EDGE('',*,*,#3678,.T.);
#5827 = ORIENTED_EDGE('',*,*,#5828,.T.);
#5828 = EDGE_CURVE('',#3679,#5829,#5831,.T.);
#5829 = VERTEX_POINT('',#5830);
#5830 = CARTESIAN_POINT('',(139.7,6.446485437454,-88.));
#5831 = SEAM_CURVE('',#5832,(#5836,#5843),.PCURVE_S1.);
#5832 = LINE('',#5833,#5834);
#5833 = CARTESIAN_POINT('',(139.7,23.,-88.));
#5834 = VECTOR('',#5835,1.);
#5835 = DIRECTION('',(0.,-1.,0.));
#5836 = PCURVE('',#3695,#5837);
#5837 = DEFINITIONAL_REPRESENTATION('',(#5838),#5842);
#5838 = LINE('',#5839,#5840);
#5839 = CARTESIAN_POINT('',(-6.28318530718,0.));
#5840 = VECTOR('',#5841,1.);
#5841 = DIRECTION('',(-0.,-1.));
#5842 = ( GEOMETRIC_REPRESENTATION_CONTEXT(2) 
PARAMETRIC_REPRESENTATION_CONTEXT() REPRESENTATION_CONTEXT('2D SPACE',''
  ) );
#5843 = PCURVE('',#3695,#5844);
#5844 = DEFINITIONAL_REPRESENTATION('',(#5845),#5849);
#5845 = LINE('',#5846,#5847);
#5846 = CARTESIAN_POINT('',(-0.,0.));
#5847 = VECTOR('',#5848,1.);
#5848 = DIRECTION('',(-0.,-1.));
#5849 = ( GEOMETRIC_REPRESENTATION_CONTEXT(2) 
PARAMETRIC_REPRESENTATION_CONTEXT() REPRESENTATION_CONTEXT('2D SPACE',''
  ) );
#5850 = ORIENTED_EDGE('',*,*,#5851,.F.);
#5851 = EDGE_CURVE('',#5852,#5829,#5854,.T.);
#5852 = VERTEX_POINT('',#5853);
#5853 = CARTESIAN_POINT('',(137.31032724231,6.319565682663,
    -89.55381835724));
#5854 = SURFACE_CURVE('',#5855,(#5860,#5880),.PCURVE_S1.);
#5855 = ELLIPSE('',#5856,1.705661796789,1.7);
#5856 = AXIS2_PLACEMENT_3D('',#5857,#5858,#5859);
#5857 = CARTESIAN_POINT('',(138.,6.446485437454,-88.));
#5858 = DIRECTION('',(0.,0.996680586503,-8.141135355662E-02));
#5859 = DIRECTION('',(0.,8.141135355662E-02,0.996680586503));
#5860 = PCURVE('',#3695,#5861);
#5861 = DEFINITIONAL_REPRESENTATION('',(#5862),#5879);
#5862 = B_SPLINE_CURVE_WITH_KNOTS('',8,(#5863,#5864,#5865,#5866,#5867,
    #5868,#5869,#5870,#5871,#5872,#5873,#5874,#5875,#5876,#5877,#5878),
  .UNSPECIFIED.,.F.,.F.,(9,7,9),(1.570796326795,4.712388980385,
    7.853981633974),.UNSPECIFIED.);
#5863 = CARTESIAN_POINT('',(-6.28318530718,-16.55351456254));
#5864 = CARTESIAN_POINT('',(-5.890486225481,-16.60804484954));
#5865 = CARTESIAN_POINT('',(-5.497787143783,-16.66257557134));
#5866 = CARTESIAN_POINT('',(-5.105088062084,-16.70428752423));
#5867 = CARTESIAN_POINT('',(-4.712388980382,-16.72039659178));
#5868 = CARTESIAN_POINT('',(-4.319689898684,-16.70428752424));
#5869 = CARTESIAN_POINT('',(-3.926990816988,-16.66257557134));
#5870 = CARTESIAN_POINT('',(-3.534291735289,-16.60804484954));
#5871 = CARTESIAN_POINT('',(-2.748893571891,-16.49898427554));
#5872 = CARTESIAN_POINT('',(-2.356194490194,-16.44445355374));
#5873 = CARTESIAN_POINT('',(-1.963495408513,-16.4027416008));
#5874 = CARTESIAN_POINT('',(-1.570796326795,-16.38663253324));
#5875 = CARTESIAN_POINT('',(-1.178097245123,-16.40274160081));
#5876 = CARTESIAN_POINT('',(-0.785398163397,-16.44445355375));
#5877 = CARTESIAN_POINT('',(-0.392699081699,-16.49898427554));
#5878 = CARTESIAN_POINT('',(-1.68753899743E-14,-16.55351456254));
#5879 = ( GEOMETRIC_REPRESENTATION_CONTEXT(2) 
PARAMETRIC_REPRESENTATION_CONTEXT() REPRESENTATION_CONTEXT('2D SPACE',''
  ) );
#5880 = PCURVE('',#4331,#5881);
#5881 = DEFINITIONAL_REPRESENTATION('',(#5882),#5886);
#5882 = ELLIPSE('',#5883,1.705661796789,1.7);
#5883 = AXIS2_PLACEMENT_2D('',#5884,#5885);
#5884 = CARTESIAN_POINT('',(2.056413534024,-106.));
#5885 = DIRECTION('',(-1.,0.));
#5886 = ( GEOMETRIC_REPRESENTATION_CONTEXT(2) 
PARAMETRIC_REPRESENTATION_CONTEXT() REPRESENTATION_CONTEXT('2D SPACE',''
  ) );
#5887 = ORIENTED_EDGE('',*,*,#5888,.F.);
#5888 = EDGE_CURVE('',#5889,#5852,#5891,.T.);
#5889 = VERTEX_POINT('',#5890);
#5890 = CARTESIAN_POINT('',(138.68967275768,6.319565682663,
    -89.55381835724));
#5891 = SURFACE_CURVE('',#5892,(#5897,#5908),.PCURVE_S1.);
#5892 = ELLIPSE('',#5893,1.70628338044,1.7);
#5893 = AXIS2_PLACEMENT_3D('',#5894,#5895,#5896);
#5894 = CARTESIAN_POINT('',(138.,6.453283226985,-88.));
#5895 = DIRECTION('',(0.,0.996317504752,-8.574047891734E-02));
#5896 = DIRECTION('',(0.,8.574047891734E-02,0.996317504752));
#5897 = PCURVE('',#3695,#5898);
#5898 = DEFINITIONAL_REPRESENTATION('',(#5899),#5907);
#5899 = B_SPLINE_CURVE_WITH_KNOTS('',6,(#5900,#5901,#5902,#5903,#5904,
    #5905,#5906),.UNSPECIFIED.,.F.,.F.,(7,7),(2.352362937852,
    3.930822369328),.PIECEWISE_BEZIER_KNOTS.);
#5900 = CARTESIAN_POINT('',(-5.501618696123,-16.64976764088));
#5901 = CARTESIAN_POINT('',(-5.23854212421,-16.67708645885));
#5902 = CARTESIAN_POINT('',(-4.975465552297,-16.6958464971));
#5903 = CARTESIAN_POINT('',(-4.712388980385,-16.70264741523));
#5904 = CARTESIAN_POINT('',(-4.449312408472,-16.6958464971));
#5905 = CARTESIAN_POINT('',(-4.186235836559,-16.67708645885));
#5906 = CARTESIAN_POINT('',(-3.923159264646,-16.64976764088));
#5907 = ( GEOMETRIC_REPRESENTATION_CONTEXT(2) 
PARAMETRIC_REPRESENTATION_CONTEXT() REPRESENTATION_CONTEXT('2D SPACE',''
  ) );
#5908 = PCURVE('',#4357,#5909);
#5909 = DEFINITIONAL_REPRESENTATION('',(#5910),#5914);
#5910 = ELLIPSE('',#5911,1.70628338044,1.7);
#5911 = AXIS2_PLACEMENT_2D('',#5912,#5913);
#5912 = CARTESIAN_POINT('',(-1.559561434816,-106.));
#5913 = DIRECTION('',(-1.,0.));
#5914 = ( GEOMETRIC_REPRESENTATION_CONTEXT(2) 
PARAMETRIC_REPRESENTATION_CONTEXT() REPRESENTATION_CONTEXT('2D SPACE',''
  ) );
#5915 = ORIENTED_EDGE('',*,*,#5916,.F.);
#5916 = EDGE_CURVE('',#5829,#5889,#5917,.T.);
#5917 = SURFACE_CURVE('',#5918,(#5923,#5943),.PCURVE_S1.);
#5918 = ELLIPSE('',#5919,1.705661796789,1.7);
#5919 = AXIS2_PLACEMENT_3D('',#5920,#5921,#5922);
#5920 = CARTESIAN_POINT('',(138.,6.446485437454,-88.));
#5921 = DIRECTION('',(0.,0.996680586503,-8.141135355662E-02));
#5922 = DIRECTION('',(0.,8.141135355662E-02,0.996680586503));
#5923 = PCURVE('',#3695,#5924);
#5924 = DEFINITIONAL_REPRESENTATION('',(#5925),#5942);
#5925 = B_SPLINE_CURVE_WITH_KNOTS('',8,(#5926,#5927,#5928,#5929,#5930,
    #5931,#5932,#5933,#5934,#5935,#5936,#5937,#5938,#5939,#5940,#5941),
  .UNSPECIFIED.,.F.,.F.,(9,7,9),(1.570796326795,4.712388980385,
    7.853981633974),.UNSPECIFIED.);
#5926 = CARTESIAN_POINT('',(-6.28318530718,-16.55351456254));
#5927 = CARTESIAN_POINT('',(-5.890486225481,-16.60804484954));
#5928 = CARTESIAN_POINT('',(-5.497787143783,-16.66257557134));
#5929 = CARTESIAN_POINT('',(-5.105088062084,-16.70428752423));
#5930 = CARTESIAN_POINT('',(-4.712388980382,-16.72039659178));
#5931 = CARTESIAN_POINT('',(-4.319689898684,-16.70428752424));
#5932 = CARTESIAN_POINT('',(-3.926990816988,-16.66257557134));
#5933 = CARTESIAN_POINT('',(-3.534291735289,-16.60804484954));
#5934 = CARTESIAN_POINT('',(-2.748893571891,-16.49898427554));
#5935 = CARTESIAN_POINT('',(-2.356194490194,-16.44445355374));
#5936 = CARTESIAN_POINT('',(-1.963495408513,-16.4027416008));
#5937 = CARTESIAN_POINT('',(-1.570796326795,-16.38663253324));
#5938 = CARTESIAN_POINT('',(-1.178097245123,-16.40274160081));
#5939 = CARTESIAN_POINT('',(-0.785398163397,-16.44445355375));
#5940 = CARTESIAN_POINT('',(-0.392699081699,-16.49898427554));
#5941 = CARTESIAN_POINT('',(-1.68753899743E-14,-16.55351456254));
#5942 = ( GEOMETRIC_REPRESENTATION_CONTEXT(2) 
PARAMETRIC_REPRESENTATION_CONTEXT() REPRESENTATION_CONTEXT('2D SPACE',''
  ) );
#5943 = PCURVE('',#4331,#5944);
#5944 = DEFINITIONAL_REPRESENTATION('',(#5945),#5949);
#5945 = ELLIPSE('',#5946,1.705661796789,1.7);
#5946 = AXIS2_PLACEMENT_2D('',#5947,#5948);
#5947 = CARTESIAN_POINT('',(2.056413534024,-106.));
#5948 = DIRECTION('',(-1.,0.));
#5949 = ( GEOMETRIC_REPRESENTATION_CONTEXT(2) 
PARAMETRIC_REPRESENTATION_CONTEXT() REPRESENTATION_CONTEXT('2D SPACE',''
  ) );
#5950 = ORIENTED_EDGE('',*,*,#5828,.F.);
#5951 = ADVANCED_FACE('',(#5952),#3726,.F.);
#5952 = FACE_BOUND('',#5953,.T.);
#5953 = EDGE_LOOP('',(#5954,#5955,#5978,#6015,#6043,#6078));
#5954 = ORIENTED_EDGE('',*,*,#3709,.T.);
#5955 = ORIENTED_EDGE('',*,*,#5956,.T.);
#5956 = EDGE_CURVE('',#3710,#5957,#5959,.T.);
#5957 = VERTEX_POINT('',#5958);
#5958 = CARTESIAN_POINT('',(139.7,8.394768624342,-48.));
#5959 = SEAM_CURVE('',#5960,(#5964,#5971),.PCURVE_S1.);
#5960 = LINE('',#5961,#5962);
#5961 = CARTESIAN_POINT('',(139.7,23.,-48.));
#5962 = VECTOR('',#5963,1.);
#5963 = DIRECTION('',(0.,-1.,0.));
#5964 = PCURVE('',#3726,#5965);
#5965 = DEFINITIONAL_REPRESENTATION('',(#5966),#5970);
#5966 = LINE('',#5967,#5968);
#5967 = CARTESIAN_POINT('',(-6.28318530718,0.));
#5968 = VECTOR('',#5969,1.);
#5969 = DIRECTION('',(-0.,-1.));
#5970 = ( GEOMETRIC_REPRESENTATION_CONTEXT(2) 
PARAMETRIC_REPRESENTATION_CONTEXT() REPRESENTATION_CONTEXT('2D SPACE',''
  ) );
#5971 = PCURVE('',#3726,#5972);
#5972 = DEFINITIONAL_REPRESENTATION('',(#5973),#5977);
#5973 = LINE('',#5974,#5975);
#5974 = CARTESIAN_POINT('',(-0.,0.));
#5975 = VECTOR('',#5976,1.);
#5976 = DIRECTION('',(-0.,-1.));
#5977 = ( GEOMETRIC_REPRESENTATION_CONTEXT(2) 
PARAMETRIC_REPRESENTATION_CONTEXT() REPRESENTATION_CONTEXT('2D SPACE',''
  ) );
#5978 = ORIENTED_EDGE('',*,*,#5979,.F.);
#5979 = EDGE_CURVE('',#5980,#5957,#5982,.T.);
#5980 = VERTEX_POINT('',#5981);
#5981 = CARTESIAN_POINT('',(138.85117354618,8.400727768418,
    -46.52843498469));
#5982 = SURFACE_CURVE('',#5983,(#5988,#6008),.PCURVE_S1.);
#5983 = ELLIPSE('',#5984,1.70001393882,1.7);
#5984 = AXIS2_PLACEMENT_3D('',#5985,#5986,#5987);
#5985 = CARTESIAN_POINT('',(138.,8.394768624342,-48.));
#5986 = DIRECTION('',(0.,0.999991800761,-4.049495030438E-03));
#5987 = DIRECTION('',(0.,4.049495030438E-03,0.999991800761));
#5988 = PCURVE('',#3726,#5989);
#5989 = DEFINITIONAL_REPRESENTATION('',(#5990),#6007);
#5990 = B_SPLINE_CURVE_WITH_KNOTS('',8,(#5991,#5992,#5993,#5994,#5995,
    #5996,#5997,#5998,#5999,#6000,#6001,#6002,#6003,#6004,#6005,#6006),
  .UNSPECIFIED.,.F.,.F.,(9,7,9),(1.570796326795,4.712388980385,
    7.853981633974),.UNSPECIFIED.);
#5991 = CARTESIAN_POINT('',(-6.28318530718,-14.60523137565));
#5992 = CARTESIAN_POINT('',(-5.890486225481,-14.60793479389));
#5993 = CARTESIAN_POINT('',(-5.497787143784,-14.61063823366));
#5994 = CARTESIAN_POINT('',(-5.105088062077,-14.61270616433));
#5995 = CARTESIAN_POINT('',(-4.712388980404,-14.61350479474));
#5996 = CARTESIAN_POINT('',(-4.31968989868,-14.61270616434));
#5997 = CARTESIAN_POINT('',(-3.92699081699,-14.61063823366));
#5998 = CARTESIAN_POINT('',(-3.534291735289,-14.60793479389));
#5999 = CARTESIAN_POINT('',(-2.748893571891,-14.60252795742));
#6000 = CARTESIAN_POINT('',(-2.356194490196,-14.59982451762));
#6001 = CARTESIAN_POINT('',(-1.963495408506,-14.59775658696));
#6002 = CARTESIAN_POINT('',(-1.570796326795,-14.59695795645));
#6003 = CARTESIAN_POINT('',(-1.178097245115,-14.59775658694));
#6004 = CARTESIAN_POINT('',(-0.785398163399,-14.59982451763));
#6005 = CARTESIAN_POINT('',(-0.392699081699,-14.60252795742));
#6006 = CARTESIAN_POINT('',(-1.68753899743E-14,-14.60523137565));
#6007 = ( GEOMETRIC_REPRESENTATION_CONTEXT(2) 
PARAMETRIC_REPRESENTATION_CONTEXT() REPRESENTATION_CONTEXT('2D SPACE',''
  ) );
#6008 = PCURVE('',#4055,#6009);
#6009 = DEFINITIONAL_REPRESENTATION('',(#6010),#6014);
#6010 = ELLIPSE('',#6011,1.70001393882,1.7);
#6011 = AXIS2_PLACEMENT_2D('',#6012,#6013);
#6012 = CARTESIAN_POINT('',(1.471577081118,-106.));
#6013 = DIRECTION('',(-1.,0.));
#6014 = ( GEOMETRIC_REPRESENTATION_CONTEXT(2) 
PARAMETRIC_REPRESENTATION_CONTEXT() REPRESENTATION_CONTEXT('2D SPACE',''
  ) );
#6015 = ORIENTED_EDGE('',*,*,#6016,.F.);
#6016 = EDGE_CURVE('',#6017,#5980,#6019,.T.);
#6017 = VERTEX_POINT('',#6018);
#6018 = CARTESIAN_POINT('',(137.14882645381,8.400727768418,
    -46.52843498469));
#6019 = SURFACE_CURVE('',#6020,(#6025,#6036),.PCURVE_S1.);
#6020 = ELLIPSE('',#6021,1.700040988752,1.7);
#6021 = AXIS2_PLACEMENT_3D('',#6022,#6023,#6024);
#6022 = CARTESIAN_POINT('',(138.,8.410946687453,-48.));
#6023 = DIRECTION('',(0.,0.999975889551,6.944085069566E-03));
#6024 = DIRECTION('',(0.,6.944085069566E-03,-0.999975889551));
#6025 = PCURVE('',#3726,#6026);
#6026 = DEFINITIONAL_REPRESENTATION('',(#6027),#6035);
#6027 = B_SPLINE_CURVE_WITH_KNOTS('',6,(#6028,#6029,#6030,#6031,#6032,
    #6033,#6034),.UNSPECIFIED.,.F.,.F.,(7,7),(2.306422819662,
    3.976762487518),.PIECEWISE_BEZIER_KNOTS.);
#6028 = CARTESIAN_POINT('',(-2.405966160723,-14.59697523259));
#6029 = CARTESIAN_POINT('',(-2.12757621608,-14.59941184637));
#6030 = CARTESIAN_POINT('',(-1.849186271438,-14.60111167604));
#6031 = CARTESIAN_POINT('',(-1.570796326795,-14.60173518265));
#6032 = CARTESIAN_POINT('',(-1.292406382152,-14.60111167604));
#6033 = CARTESIAN_POINT('',(-1.01401643751,-14.59941184637));
#6034 = CARTESIAN_POINT('',(-0.735626492867,-14.59697523259));
#6035 = ( GEOMETRIC_REPRESENTATION_CONTEXT(2) 
PARAMETRIC_REPRESENTATION_CONTEXT() REPRESENTATION_CONTEXT('2D SPACE',''
  ) );
#6036 = PCURVE('',#4029,#6037);
#6037 = DEFINITIONAL_REPRESENTATION('',(#6038),#6042);
#6038 = ELLIPSE('',#6039,1.700040988752,1.7);
#6039 = AXIS2_PLACEMENT_2D('',#6040,#6041);
#6040 = CARTESIAN_POINT('',(4.779450216461,-106.));
#6041 = DIRECTION('',(1.,0.));
#6042 = ( GEOMETRIC_REPRESENTATION_CONTEXT(2) 
PARAMETRIC_REPRESENTATION_CONTEXT() REPRESENTATION_CONTEXT('2D SPACE',''
  ) );
#6043 = ORIENTED_EDGE('',*,*,#6044,.F.);
#6044 = EDGE_CURVE('',#5957,#6017,#6045,.T.);
#6045 = SURFACE_CURVE('',#6046,(#6051,#6071),.PCURVE_S1.);
#6046 = ELLIPSE('',#6047,1.70001393882,1.7);
#6047 = AXIS2_PLACEMENT_3D('',#6048,#6049,#6050);
#6048 = CARTESIAN_POINT('',(138.,8.394768624342,-48.));
#6049 = DIRECTION('',(0.,0.999991800761,-4.049495030438E-03));
#6050 = DIRECTION('',(0.,4.049495030438E-03,0.999991800761));
#6051 = PCURVE('',#3726,#6052);
#6052 = DEFINITIONAL_REPRESENTATION('',(#6053),#6070);
#6053 = B_SPLINE_CURVE_WITH_KNOTS('',8,(#6054,#6055,#6056,#6057,#6058,
    #6059,#6060,#6061,#6062,#6063,#6064,#6065,#6066,#6067,#6068,#6069),
  .UNSPECIFIED.,.F.,.F.,(9,7,9),(1.570796326795,4.712388980385,
    7.853981633974),.UNSPECIFIED.);
#6054 = CARTESIAN_POINT('',(-6.28318530718,-14.60523137565));
#6055 = CARTESIAN_POINT('',(-5.890486225481,-14.60793479389));
#6056 = CARTESIAN_POINT('',(-5.497787143784,-14.61063823366));
#6057 = CARTESIAN_POINT('',(-5.105088062077,-14.61270616433));
#6058 = CARTESIAN_POINT('',(-4.712388980404,-14.61350479474));
#6059 = CARTESIAN_POINT('',(-4.31968989868,-14.61270616434));
#6060 = CARTESIAN_POINT('',(-3.92699081699,-14.61063823366));
#6061 = CARTESIAN_POINT('',(-3.534291735289,-14.60793479389));
#6062 = CARTESIAN_POINT('',(-2.748893571891,-14.60252795742));
#6063 = CARTESIAN_POINT('',(-2.356194490196,-14.59982451762));
#6064 = CARTESIAN_POINT('',(-1.963495408506,-14.59775658696));
#6065 = CARTESIAN_POINT('',(-1.570796326795,-14.59695795645));
#6066 = CARTESIAN_POINT('',(-1.178097245115,-14.59775658694));
#6067 = CARTESIAN_POINT('',(-0.785398163399,-14.59982451763));
#6068 = CARTESIAN_POINT('',(-0.392699081699,-14.60252795742));
#6069 = CARTESIAN_POINT('',(-1.68753899743E-14,-14.60523137565));
#6070 = ( GEOMETRIC_REPRESENTATION_CONTEXT(2) 
PARAMETRIC_REPRESENTATION_CONTEXT() REPRESENTATION_CONTEXT('2D SPACE',''
  ) );
#6071 = PCURVE('',#4055,#6072);
#6072 = DEFINITIONAL_REPRESENTATION('',(#6073),#6077);
#6073 = ELLIPSE('',#6074,1.70001393882,1.7);
#6074 = AXIS2_PLACEMENT_2D('',#6075,#6076);
#6075 = CARTESIAN_POINT('',(1.471577081118,-106.));
#6076 = DIRECTION('',(-1.,0.));
#6077 = ( GEOMETRIC_REPRESENTATION_CONTEXT(2) 
PARAMETRIC_REPRESENTATION_CONTEXT() REPRESENTATION_CONTEXT('2D SPACE',''
  ) );
#6078 = ORIENTED_EDGE('',*,*,#5956,.F.);
#6079 = ADVANCED_FACE('',(#6080),#3780,.F.);
#6080 = FACE_BOUND('',#6081,.F.);
#6081 = EDGE_LOOP('',(#6082,#6083,#6104,#6105));
#6082 = ORIENTED_EDGE('',*,*,#3863,.F.);
#6083 = ORIENTED_EDGE('',*,*,#6084,.T.);
#6084 = EDGE_CURVE('',#3836,#3918,#6085,.T.);
#6085 = SURFACE_CURVE('',#6086,(#6090,#6097),.PCURVE_S1.);
#6086 = LINE('',#6087,#6088);
#6087 = CARTESIAN_POINT('',(141.,23.,-86.));
#6088 = VECTOR('',#6089,1.);
#6089 = DIRECTION('',(1.,0.,0.));
#6090 = PCURVE('',#3780,#6091);
#6091 = DEFINITIONAL_REPRESENTATION('',(#6092),#6096);
#6092 = LINE('',#6093,#6094);
#6093 = CARTESIAN_POINT('',(0.,0.));
#6094 = VECTOR('',#6095,1.);
#6095 = DIRECTION('',(0.,-1.));
#6096 = ( GEOMETRIC_REPRESENTATION_CONTEXT(2) 
PARAMETRIC_REPRESENTATION_CONTEXT() REPRESENTATION_CONTEXT('2D SPACE',''
  ) );
#6097 = PCURVE('',#3851,#6098);
#6098 = DEFINITIONAL_REPRESENTATION('',(#6099),#6103);
#6099 = LINE('',#6100,#6101);
#6100 = CARTESIAN_POINT('',(5.830951894845,0.));
#6101 = VECTOR('',#6102,1.);
#6102 = DIRECTION('',(0.,-1.));
#6103 = ( GEOMETRIC_REPRESENTATION_CONTEXT(2) 
PARAMETRIC_REPRESENTATION_CONTEXT() REPRESENTATION_CONTEXT('2D SPACE',''
  ) );
#6104 = ORIENTED_EDGE('',*,*,#3940,.T.);
#6105 = ORIENTED_EDGE('',*,*,#3764,.T.);
#6106 = ADVANCED_FACE('',(#6107),#3851,.F.);
#6107 = FACE_BOUND('',#6108,.F.);
#6108 = EDGE_LOOP('',(#6109,#6110,#6111,#6112));
#6109 = ORIENTED_EDGE('',*,*,#2729,.T.);
#6110 = ORIENTED_EDGE('',*,*,#3917,.T.);
#6111 = ORIENTED_EDGE('',*,*,#6084,.F.);
#6112 = ORIENTED_EDGE('',*,*,#3835,.F.);
#6113 = ADVANCED_FACE('',(#6114),#4383,.F.);
#6114 = FACE_BOUND('',#6115,.F.);
#6115 = EDGE_LOOP('',(#6116,#6117,#6138,#6139));
#6116 = ORIENTED_EDGE('',*,*,#4368,.T.);
#6117 = ORIENTED_EDGE('',*,*,#6118,.T.);
#6118 = EDGE_CURVE('',#4343,#4765,#6119,.T.);
#6119 = SURFACE_CURVE('',#6120,(#6124,#6131),.PCURVE_S1.);
#6120 = LINE('',#6121,#6122);
#6121 = CARTESIAN_POINT('',(32.,6.012898918185,-93.11733315717));
#6122 = VECTOR('',#6123,1.);
#6123 = DIRECTION('',(1.,0.,0.));
#6124 = PCURVE('',#4383,#6125);
#6125 = DEFINITIONAL_REPRESENTATION('',(#6126),#6130);
#6126 = LINE('',#6127,#6128);
#6127 = CARTESIAN_POINT('',(0.,0.));
#6128 = VECTOR('',#6129,1.);
#6129 = DIRECTION('',(0.,-1.));
#6130 = ( GEOMETRIC_REPRESENTATION_CONTEXT(2) 
PARAMETRIC_REPRESENTATION_CONTEXT() REPRESENTATION_CONTEXT('2D SPACE',''
  ) );
#6131 = PCURVE('',#4357,#6132);
#6132 = DEFINITIONAL_REPRESENTATION('',(#6133),#6137);
#6133 = LINE('',#6134,#6135);
#6134 = CARTESIAN_POINT('',(3.57668592887,0.));
#6135 = VECTOR('',#6136,1.);
#6136 = DIRECTION('',(0.,-1.));
#6137 = ( GEOMETRIC_REPRESENTATION_CONTEXT(2) 
PARAMETRIC_REPRESENTATION_CONTEXT() REPRESENTATION_CONTEXT('2D SPACE',''
  ) );
#6138 = ORIENTED_EDGE('',*,*,#4785,.F.);
#6139 = ORIENTED_EDGE('',*,*,#5600,.F.);
#6140 = ADVANCED_FACE('',(#6141),#4357,.F.);
#6141 = FACE_BOUND('',#6142,.F.);
#6142 = EDGE_LOOP('',(#6143,#6144,#6145,#6166,#6167,#6188,#6189,#6210));
#6143 = ORIENTED_EDGE('',*,*,#6118,.F.);
#6144 = ORIENTED_EDGE('',*,*,#4342,.T.);
#6145 = ORIENTED_EDGE('',*,*,#6146,.T.);
#6146 = EDGE_CURVE('',#4317,#5852,#6147,.T.);
#6147 = SURFACE_CURVE('',#6148,(#6152,#6159),.PCURVE_S1.);
#6148 = LINE('',#6149,#6150);
#6149 = CARTESIAN_POINT('',(32.,6.319565682663,-89.55381835724));
#6150 = VECTOR('',#6151,1.);
#6151 = DIRECTION('',(1.,0.,0.));
#6152 = PCURVE('',#4357,#6153);
#6153 = DEFINITIONAL_REPRESENTATION('',(#6154),#6158);
#6154 = LINE('',#6155,#6156);
#6155 = CARTESIAN_POINT('',(0.,0.));
#6156 = VECTOR('',#6157,1.);
#6157 = DIRECTION('',(0.,-1.));
#6158 = ( GEOMETRIC_REPRESENTATION_CONTEXT(2) 
PARAMETRIC_REPRESENTATION_CONTEXT() REPRESENTATION_CONTEXT('2D SPACE',''
  ) );
#6159 = PCURVE('',#4331,#6160);
#6160 = DEFINITIONAL_REPRESENTATION('',(#6161),#6165);
#6161 = LINE('',#6162,#6163);
#6162 = CARTESIAN_POINT('',(3.615406834671,0.));
#6163 = VECTOR('',#6164,1.);
#6164 = DIRECTION('',(0.,-1.));
#6165 = ( GEOMETRIC_REPRESENTATION_CONTEXT(2) 
PARAMETRIC_REPRESENTATION_CONTEXT() REPRESENTATION_CONTEXT('2D SPACE',''
  ) );
#6166 = ORIENTED_EDGE('',*,*,#5888,.F.);
#6167 = ORIENTED_EDGE('',*,*,#6168,.T.);
#6168 = EDGE_CURVE('',#5889,#5054,#6169,.T.);
#6169 = SURFACE_CURVE('',#6170,(#6174,#6181),.PCURVE_S1.);
#6170 = LINE('',#6171,#6172);
#6171 = CARTESIAN_POINT('',(32.,6.319565682663,-89.55381835724));
#6172 = VECTOR('',#6173,1.);
#6173 = DIRECTION('',(1.,0.,0.));
#6174 = PCURVE('',#4357,#6175);
#6175 = DEFINITIONAL_REPRESENTATION('',(#6176),#6180);
#6176 = LINE('',#6177,#6178);
#6177 = CARTESIAN_POINT('',(0.,0.));
#6178 = VECTOR('',#6179,1.);
#6179 = DIRECTION('',(0.,-1.));
#6180 = ( GEOMETRIC_REPRESENTATION_CONTEXT(2) 
PARAMETRIC_REPRESENTATION_CONTEXT() REPRESENTATION_CONTEXT('2D SPACE',''
  ) );
#6181 = PCURVE('',#4331,#6182);
#6182 = DEFINITIONAL_REPRESENTATION('',(#6183),#6187);
#6183 = LINE('',#6184,#6185);
#6184 = CARTESIAN_POINT('',(3.615406834671,0.));
#6185 = VECTOR('',#6186,1.);
#6186 = DIRECTION('',(0.,-1.));
#6187 = ( GEOMETRIC_REPRESENTATION_CONTEXT(2) 
PARAMETRIC_REPRESENTATION_CONTEXT() REPRESENTATION_CONTEXT('2D SPACE',''
  ) );
#6188 = ORIENTED_EDGE('',*,*,#5090,.F.);
#6189 = ORIENTED_EDGE('',*,*,#6190,.T.);
#6190 = EDGE_CURVE('',#5091,#4744,#6191,.T.);
#6191 = SURFACE_CURVE('',#6192,(#6196,#6203),.PCURVE_S1.);
#6192 = LINE('',#6193,#6194);
#6193 = CARTESIAN_POINT('',(32.,6.319565682663,-89.55381835724));
#6194 = VECTOR('',#6195,1.);
#6195 = DIRECTION('',(1.,0.,0.));
#6196 = PCURVE('',#4357,#6197);
#6197 = DEFINITIONAL_REPRESENTATION('',(#6198),#6202);
#6198 = LINE('',#6199,#6200);
#6199 = CARTESIAN_POINT('',(0.,0.));
#6200 = VECTOR('',#6201,1.);
#6201 = DIRECTION('',(0.,-1.));
#6202 = ( GEOMETRIC_REPRESENTATION_CONTEXT(2) 
PARAMETRIC_REPRESENTATION_CONTEXT() REPRESENTATION_CONTEXT('2D SPACE',''
  ) );
#6203 = PCURVE('',#4331,#6204);
#6204 = DEFINITIONAL_REPRESENTATION('',(#6205),#6209);
#6205 = LINE('',#6206,#6207);
#6206 = CARTESIAN_POINT('',(3.615406834671,0.));
#6207 = VECTOR('',#6208,1.);
#6208 = DIRECTION('',(0.,-1.));
#6209 = ( GEOMETRIC_REPRESENTATION_CONTEXT(2) 
PARAMETRIC_REPRESENTATION_CONTEXT() REPRESENTATION_CONTEXT('2D SPACE',''
  ) );
#6210 = ORIENTED_EDGE('',*,*,#4764,.F.);
#6211 = ADVANCED_FACE('',(#6212),#4331,.F.);
#6212 = FACE_BOUND('',#6213,.F.);
#6213 = EDGE_LOOP('',(#6214,#6215,#6216,#6237,#6238,#6239,#6240,#6241,
    #6242,#6243));
#6214 = ORIENTED_EDGE('',*,*,#6146,.F.);
#6215 = ORIENTED_EDGE('',*,*,#4316,.T.);
#6216 = ORIENTED_EDGE('',*,*,#6217,.T.);
#6217 = EDGE_CURVE('',#4291,#4723,#6218,.T.);
#6218 = SURFACE_CURVE('',#6219,(#6223,#6230),.PCURVE_S1.);
#6219 = LINE('',#6220,#6221);
#6220 = CARTESIAN_POINT('',(32.,6.613900846731,-85.95041255281));
#6221 = VECTOR('',#6222,1.);
#6222 = DIRECTION('',(1.,0.,0.));
#6223 = PCURVE('',#4331,#6224);
#6224 = DEFINITIONAL_REPRESENTATION('',(#6225),#6229);
#6225 = LINE('',#6226,#6227);
#6226 = CARTESIAN_POINT('',(0.,0.));
#6227 = VECTOR('',#6228,1.);
#6228 = DIRECTION('',(0.,-1.));
#6229 = ( GEOMETRIC_REPRESENTATION_CONTEXT(2) 
PARAMETRIC_REPRESENTATION_CONTEXT() REPRESENTATION_CONTEXT('2D SPACE',''
  ) );
#6230 = PCURVE('',#4305,#6231);
#6231 = DEFINITIONAL_REPRESENTATION('',(#6232),#6236);
#6232 = LINE('',#6233,#6234);
#6233 = CARTESIAN_POINT('',(3.644176852663,0.));
#6234 = VECTOR('',#6235,1.);
#6235 = DIRECTION('',(0.,-1.));
#6236 = ( GEOMETRIC_REPRESENTATION_CONTEXT(2) 
PARAMETRIC_REPRESENTATION_CONTEXT() REPRESENTATION_CONTEXT('2D SPACE',''
  ) );
#6237 = ORIENTED_EDGE('',*,*,#4743,.F.);
#6238 = ORIENTED_EDGE('',*,*,#6190,.F.);
#6239 = ORIENTED_EDGE('',*,*,#5118,.F.);
#6240 = ORIENTED_EDGE('',*,*,#5053,.F.);
#6241 = ORIENTED_EDGE('',*,*,#6168,.F.);
#6242 = ORIENTED_EDGE('',*,*,#5916,.F.);
#6243 = ORIENTED_EDGE('',*,*,#5851,.F.);
#6244 = ADVANCED_FACE('',(#6245),#4305,.F.);
#6245 = FACE_BOUND('',#6246,.F.);
#6246 = EDGE_LOOP('',(#6247,#6248,#6249,#6250));
#6247 = ORIENTED_EDGE('',*,*,#4290,.T.);
#6248 = ORIENTED_EDGE('',*,*,#5528,.T.);
#6249 = ORIENTED_EDGE('',*,*,#4722,.F.);
#6250 = ORIENTED_EDGE('',*,*,#6217,.F.);
#6251 = ADVANCED_FACE('',(#6252),#4258,.F.);
#6252 = FACE_BOUND('',#6253,.F.);
#6253 = EDGE_LOOP('',(#6254,#6255,#6256,#6277));
#6254 = ORIENTED_EDGE('',*,*,#5550,.F.);
#6255 = ORIENTED_EDGE('',*,*,#4243,.T.);
#6256 = ORIENTED_EDGE('',*,*,#6257,.T.);
#6257 = EDGE_CURVE('',#4218,#5392,#6258,.T.);
#6258 = SURFACE_CURVE('',#6259,(#6263,#6270),.PCURVE_S1.);
#6259 = LINE('',#6260,#6261);
#6260 = CARTESIAN_POINT('',(32.,7.40061028008,-75.));
#6261 = VECTOR('',#6262,1.);
#6262 = DIRECTION('',(1.,0.,0.));
#6263 = PCURVE('',#4258,#6264);
#6264 = DEFINITIONAL_REPRESENTATION('',(#6265),#6269);
#6265 = LINE('',#6266,#6267);
#6266 = CARTESIAN_POINT('',(0.,0.));
#6267 = VECTOR('',#6268,1.);
#6268 = DIRECTION('',(0.,-1.));
#6269 = ( GEOMETRIC_REPRESENTATION_CONTEXT(2) 
PARAMETRIC_REPRESENTATION_CONTEXT() REPRESENTATION_CONTEXT('2D SPACE',''
  ) );
#6270 = PCURVE('',#4232,#6271);
#6271 = DEFINITIONAL_REPRESENTATION('',(#6272),#6276);
#6272 = LINE('',#6273,#6274);
#6273 = CARTESIAN_POINT('',(3.670271109128,0.));
#6274 = VECTOR('',#6275,1.);
#6275 = DIRECTION('',(0.,-1.));
#6276 = ( GEOMETRIC_REPRESENTATION_CONTEXT(2) 
PARAMETRIC_REPRESENTATION_CONTEXT() REPRESENTATION_CONTEXT('2D SPACE',''
  ) );
#6277 = ORIENTED_EDGE('',*,*,#5412,.T.);
#6278 = ADVANCED_FACE('',(#6279),#4232,.F.);
#6279 = FACE_BOUND('',#6280,.F.);
#6280 = EDGE_LOOP('',(#6281,#6282,#6283,#6304));
#6281 = ORIENTED_EDGE('',*,*,#6257,.F.);
#6282 = ORIENTED_EDGE('',*,*,#4217,.T.);
#6283 = ORIENTED_EDGE('',*,*,#6284,.T.);
#6284 = EDGE_CURVE('',#4192,#5371,#6285,.T.);
#6285 = SURFACE_CURVE('',#6286,(#6290,#6297),.PCURVE_S1.);
#6286 = LINE('',#6287,#6288);
#6287 = CARTESIAN_POINT('',(32.,7.623171882263,-71.33648306299));
#6288 = VECTOR('',#6289,1.);
#6289 = DIRECTION('',(1.,0.,0.));
#6290 = PCURVE('',#4232,#6291);
#6291 = DEFINITIONAL_REPRESENTATION('',(#6292),#6296);
#6292 = LINE('',#6293,#6294);
#6293 = CARTESIAN_POINT('',(0.,0.));
#6294 = VECTOR('',#6295,1.);
#6295 = DIRECTION('',(0.,-1.));
#6296 = ( GEOMETRIC_REPRESENTATION_CONTEXT(2) 
PARAMETRIC_REPRESENTATION_CONTEXT() REPRESENTATION_CONTEXT('2D SPACE',''
  ) );
#6297 = PCURVE('',#4206,#6298);
#6298 = DEFINITIONAL_REPRESENTATION('',(#6299),#6303);
#6299 = LINE('',#6300,#6301);
#6300 = CARTESIAN_POINT('',(3.658887093676,0.));
#6301 = VECTOR('',#6302,1.);
#6302 = DIRECTION('',(0.,-1.));
#6303 = ( GEOMETRIC_REPRESENTATION_CONTEXT(2) 
PARAMETRIC_REPRESENTATION_CONTEXT() REPRESENTATION_CONTEXT('2D SPACE',''
  ) );
#6304 = ORIENTED_EDGE('',*,*,#5391,.T.);
#6305 = ADVANCED_FACE('',(#6306),#4206,.F.);
#6306 = FACE_BOUND('',#6307,.F.);
#6307 = EDGE_LOOP('',(#6308,#6309,#6310,#6331));
#6308 = ORIENTED_EDGE('',*,*,#6284,.F.);
#6309 = ORIENTED_EDGE('',*,*,#4191,.T.);
#6310 = ORIENTED_EDGE('',*,*,#6311,.T.);
#6311 = EDGE_CURVE('',#4166,#5350,#6312,.T.);
#6312 = SURFACE_CURVE('',#6313,(#6317,#6324),.PCURVE_S1.);
#6313 = LINE('',#6314,#6315);
#6314 = CARTESIAN_POINT('',(32.,7.82209798814,-67.68300757126));
#6315 = VECTOR('',#6316,1.);
#6316 = DIRECTION('',(1.,0.,0.));
#6317 = PCURVE('',#4206,#6318);
#6318 = DEFINITIONAL_REPRESENTATION('',(#6319),#6323);
#6319 = LINE('',#6320,#6321);
#6320 = CARTESIAN_POINT('',(0.,0.));
#6321 = VECTOR('',#6322,1.);
#6322 = DIRECTION('',(0.,-1.));
#6323 = ( GEOMETRIC_REPRESENTATION_CONTEXT(2) 
PARAMETRIC_REPRESENTATION_CONTEXT() REPRESENTATION_CONTEXT('2D SPACE',''
  ) );
#6324 = PCURVE('',#4180,#6325);
#6325 = DEFINITIONAL_REPRESENTATION('',(#6326),#6330);
#6326 = LINE('',#6327,#6328);
#6327 = CARTESIAN_POINT('',(3.637538957864,0.));
#6328 = VECTOR('',#6329,1.);
#6329 = DIRECTION('',(0.,-1.));
#6330 = ( GEOMETRIC_REPRESENTATION_CONTEXT(2) 
PARAMETRIC_REPRESENTATION_CONTEXT() REPRESENTATION_CONTEXT('2D SPACE',''
  ) );
#6331 = ORIENTED_EDGE('',*,*,#5370,.T.);
#6332 = ADVANCED_FACE('',(#6333),#4180,.F.);
#6333 = FACE_BOUND('',#6334,.F.);
#6334 = EDGE_LOOP('',(#6335,#6336,#6337,#6358));
#6335 = ORIENTED_EDGE('',*,*,#6311,.F.);
#6336 = ORIENTED_EDGE('',*,*,#4165,.T.);
#6337 = ORIENTED_EDGE('',*,*,#6338,.T.);
#6338 = EDGE_CURVE('',#4140,#5329,#6339,.T.);
#6339 = SURFACE_CURVE('',#6340,(#6344,#6351),.PCURVE_S1.);
#6340 = LINE('',#6341,#6342);
#6341 = CARTESIAN_POINT('',(32.,7.995152522624,-64.04958744718));
#6342 = VECTOR('',#6343,1.);
#6343 = DIRECTION('',(1.,0.,0.));
#6344 = PCURVE('',#4180,#6345);
#6345 = DEFINITIONAL_REPRESENTATION('',(#6346),#6350);
#6346 = LINE('',#6347,#6348);
#6347 = CARTESIAN_POINT('',(0.,0.));
#6348 = VECTOR('',#6349,1.);
#6349 = DIRECTION('',(0.,-1.));
#6350 = ( GEOMETRIC_REPRESENTATION_CONTEXT(2) 
PARAMETRIC_REPRESENTATION_CONTEXT() REPRESENTATION_CONTEXT('2D SPACE',''
  ) );
#6351 = PCURVE('',#4154,#6352);
#6352 = DEFINITIONAL_REPRESENTATION('',(#6353),#6357);
#6353 = LINE('',#6354,#6355);
#6354 = CARTESIAN_POINT('',(3.606322614417,0.));
#6355 = VECTOR('',#6356,1.);
#6356 = DIRECTION('',(0.,-1.));
#6357 = ( GEOMETRIC_REPRESENTATION_CONTEXT(2) 
PARAMETRIC_REPRESENTATION_CONTEXT() REPRESENTATION_CONTEXT('2D SPACE',''
  ) );
#6358 = ORIENTED_EDGE('',*,*,#5349,.T.);
#6359 = ADVANCED_FACE('',(#6360),#4154,.F.);
#6360 = FACE_BOUND('',#6361,.F.);
#6361 = EDGE_LOOP('',(#6362,#6363,#6364,#6385));
#6362 = ORIENTED_EDGE('',*,*,#6338,.F.);
#6363 = ORIENTED_EDGE('',*,*,#4139,.T.);
#6364 = ORIENTED_EDGE('',*,*,#6365,.T.);
#6365 = EDGE_CURVE('',#4114,#5308,#6366,.T.);
#6366 = SURFACE_CURVE('',#6367,(#6371,#6378),.PCURVE_S1.);
#6367 = LINE('',#6368,#6369);
#6368 = CARTESIAN_POINT('',(32.,8.140167721403,-60.44618164275));
#6369 = VECTOR('',#6370,1.);
#6370 = DIRECTION('',(1.,0.,0.));
#6371 = PCURVE('',#4154,#6372);
#6372 = DEFINITIONAL_REPRESENTATION('',(#6373),#6377);
#6373 = LINE('',#6374,#6375);
#6374 = CARTESIAN_POINT('',(0.,0.));
#6375 = VECTOR('',#6376,1.);
#6376 = DIRECTION('',(0.,-1.));
#6377 = ( GEOMETRIC_REPRESENTATION_CONTEXT(2) 
PARAMETRIC_REPRESENTATION_CONTEXT() REPRESENTATION_CONTEXT('2D SPACE',''
  ) );
#6378 = PCURVE('',#4128,#6379);
#6379 = DEFINITIONAL_REPRESENTATION('',(#6380),#6384);
#6380 = LINE('',#6381,#6382);
#6381 = CARTESIAN_POINT('',(3.565366989959,0.));
#6382 = VECTOR('',#6383,1.);
#6383 = DIRECTION('',(0.,-1.));
#6384 = ( GEOMETRIC_REPRESENTATION_CONTEXT(2) 
PARAMETRIC_REPRESENTATION_CONTEXT() REPRESENTATION_CONTEXT('2D SPACE',''
  ) );
#6385 = ORIENTED_EDGE('',*,*,#5328,.T.);
#6386 = ADVANCED_FACE('',(#6387),#4128,.F.);
#6387 = FACE_BOUND('',#6388,.F.);
#6388 = EDGE_LOOP('',(#6389,#6390,#6391,#6392));
#6389 = ORIENTED_EDGE('',*,*,#6365,.F.);
#6390 = ORIENTED_EDGE('',*,*,#4113,.T.);
#6391 = ORIENTED_EDGE('',*,*,#5457,.T.);
#6392 = ORIENTED_EDGE('',*,*,#5307,.T.);
#6393 = ADVANCED_FACE('',(#6394),#4081,.F.);
#6394 = FACE_BOUND('',#6395,.F.);
#6395 = EDGE_LOOP('',(#6396,#6397,#6418,#6419));
#6396 = ORIENTED_EDGE('',*,*,#4066,.T.);
#6397 = ORIENTED_EDGE('',*,*,#6398,.T.);
#6398 = EDGE_CURVE('',#4041,#4483,#6399,.T.);
#6399 = SURFACE_CURVE('',#6400,(#6404,#6411),.PCURVE_S1.);
#6400 = LINE('',#6401,#6402);
#6401 = CARTESIAN_POINT('',(32.,8.387016841114,-49.91424353182));
#6402 = VECTOR('',#6403,1.);
#6403 = DIRECTION('',(1.,0.,0.));
#6404 = PCURVE('',#4081,#6405);
#6405 = DEFINITIONAL_REPRESENTATION('',(#6406),#6410);
#6406 = LINE('',#6407,#6408);
#6407 = CARTESIAN_POINT('',(0.,0.));
#6408 = VECTOR('',#6409,1.);
#6409 = DIRECTION('',(0.,-1.));
#6410 = ( GEOMETRIC_REPRESENTATION_CONTEXT(2) 
PARAMETRIC_REPRESENTATION_CONTEXT() REPRESENTATION_CONTEXT('2D SPACE',''
  ) );
#6411 = PCURVE('',#4055,#6412);
#6412 = DEFINITIONAL_REPRESENTATION('',(#6413),#6417);
#6413 = LINE('',#6414,#6415);
#6414 = CARTESIAN_POINT('',(3.385836308415,0.));
#6415 = VECTOR('',#6416,1.);
#6416 = DIRECTION('',(0.,-1.));
#6417 = ( GEOMETRIC_REPRESENTATION_CONTEXT(2) 
PARAMETRIC_REPRESENTATION_CONTEXT() REPRESENTATION_CONTEXT('2D SPACE',''
  ) );
#6418 = ORIENTED_EDGE('',*,*,#4503,.F.);
#6419 = ORIENTED_EDGE('',*,*,#5479,.F.);
#6420 = ADVANCED_FACE('',(#6421),#4055,.F.);
#6421 = FACE_BOUND('',#6422,.F.);
#6422 = EDGE_LOOP('',(#6423,#6424,#6425,#6446,#6447,#6448,#6469,#6470,
    #6471,#6492));
#6423 = ORIENTED_EDGE('',*,*,#6398,.F.);
#6424 = ORIENTED_EDGE('',*,*,#4040,.T.);
#6425 = ORIENTED_EDGE('',*,*,#6426,.T.);
#6426 = EDGE_CURVE('',#4015,#6017,#6427,.T.);
#6427 = SURFACE_CURVE('',#6428,(#6432,#6439),.PCURVE_S1.);
#6428 = LINE('',#6429,#6430);
#6429 = CARTESIAN_POINT('',(32.,8.400727768418,-46.52843498469));
#6430 = VECTOR('',#6431,1.);
#6431 = DIRECTION('',(1.,0.,0.));
#6432 = PCURVE('',#4055,#6433);
#6433 = DEFINITIONAL_REPRESENTATION('',(#6434),#6438);
#6434 = LINE('',#6435,#6436);
#6435 = CARTESIAN_POINT('',(0.,0.));
#6436 = VECTOR('',#6437,1.);
#6437 = DIRECTION('',(0.,-1.));
#6438 = ( GEOMETRIC_REPRESENTATION_CONTEXT(2) 
PARAMETRIC_REPRESENTATION_CONTEXT() REPRESENTATION_CONTEXT('2D SPACE',''
  ) );
#6439 = PCURVE('',#4029,#6440);
#6440 = DEFINITIONAL_REPRESENTATION('',(#6441),#6445);
#6441 = LINE('',#6442,#6443);
#6442 = CARTESIAN_POINT('',(3.307849720205,0.));
#6443 = VECTOR('',#6444,1.);
#6444 = DIRECTION('',(0.,-1.));
#6445 = ( GEOMETRIC_REPRESENTATION_CONTEXT(2) 
PARAMETRIC_REPRESENTATION_CONTEXT() REPRESENTATION_CONTEXT('2D SPACE',''
  ) );
#6446 = ORIENTED_EDGE('',*,*,#6044,.F.);
#6447 = ORIENTED_EDGE('',*,*,#5979,.F.);
#6448 = ORIENTED_EDGE('',*,*,#6449,.T.);
#6449 = EDGE_CURVE('',#5980,#5219,#6450,.T.);
#6450 = SURFACE_CURVE('',#6451,(#6455,#6462),.PCURVE_S1.);
#6451 = LINE('',#6452,#6453);
#6452 = CARTESIAN_POINT('',(32.,8.400727768418,-46.52843498469));
#6453 = VECTOR('',#6454,1.);
#6454 = DIRECTION('',(1.,0.,0.));
#6455 = PCURVE('',#4055,#6456);
#6456 = DEFINITIONAL_REPRESENTATION('',(#6457),#6461);
#6457 = LINE('',#6458,#6459);
#6458 = CARTESIAN_POINT('',(0.,0.));
#6459 = VECTOR('',#6460,1.);
#6460 = DIRECTION('',(0.,-1.));
#6461 = ( GEOMETRIC_REPRESENTATION_CONTEXT(2) 
PARAMETRIC_REPRESENTATION_CONTEXT() REPRESENTATION_CONTEXT('2D SPACE',''
  ) );
#6462 = PCURVE('',#4029,#6463);
#6463 = DEFINITIONAL_REPRESENTATION('',(#6464),#6468);
#6464 = LINE('',#6465,#6466);
#6465 = CARTESIAN_POINT('',(3.307849720205,0.));
#6466 = VECTOR('',#6467,1.);
#6467 = DIRECTION('',(0.,-1.));
#6468 = ( GEOMETRIC_REPRESENTATION_CONTEXT(2) 
PARAMETRIC_REPRESENTATION_CONTEXT() REPRESENTATION_CONTEXT('2D SPACE',''
  ) );
#6469 = ORIENTED_EDGE('',*,*,#5246,.F.);
#6470 = ORIENTED_EDGE('',*,*,#5181,.F.);
#6471 = ORIENTED_EDGE('',*,*,#6472,.T.);
#6472 = EDGE_CURVE('',#5182,#4462,#6473,.T.);
#6473 = SURFACE_CURVE('',#6474,(#6478,#6485),.PCURVE_S1.);
#6474 = LINE('',#6475,#6476);
#6475 = CARTESIAN_POINT('',(32.,8.400727768418,-46.52843498469));
#6476 = VECTOR('',#6477,1.);
#6477 = DIRECTION('',(1.,0.,0.));
#6478 = PCURVE('',#4055,#6479);
#6479 = DEFINITIONAL_REPRESENTATION('',(#6480),#6484);
#6480 = LINE('',#6481,#6482);
#6481 = CARTESIAN_POINT('',(0.,0.));
#6482 = VECTOR('',#6483,1.);
#6483 = DIRECTION('',(0.,-1.));
#6484 = ( GEOMETRIC_REPRESENTATION_CONTEXT(2) 
PARAMETRIC_REPRESENTATION_CONTEXT() REPRESENTATION_CONTEXT('2D SPACE',''
  ) );
#6485 = PCURVE('',#4029,#6486);
#6486 = DEFINITIONAL_REPRESENTATION('',(#6487),#6491);
#6487 = LINE('',#6488,#6489);
#6488 = CARTESIAN_POINT('',(3.307849720205,0.));
#6489 = VECTOR('',#6490,1.);
#6490 = DIRECTION('',(0.,-1.));
#6491 = ( GEOMETRIC_REPRESENTATION_CONTEXT(2) 
PARAMETRIC_REPRESENTATION_CONTEXT() REPRESENTATION_CONTEXT('2D SPACE',''
  ) );
#6492 = ORIENTED_EDGE('',*,*,#4482,.F.);
#6493 = ADVANCED_FACE('',(#6494),#4029,.F.);
#6494 = FACE_BOUND('',#6495,.F.);
#6495 = EDGE_LOOP('',(#6496,#6497,#6498,#6519,#6520,#6521,#6522,#6523));
#6496 = ORIENTED_EDGE('',*,*,#6426,.F.);
#6497 = ORIENTED_EDGE('',*,*,#4014,.T.);
#6498 = ORIENTED_EDGE('',*,*,#6499,.T.);
#6499 = EDGE_CURVE('',#3989,#4441,#6500,.T.);
#6500 = SURFACE_CURVE('',#6501,(#6505,#6512),.PCURVE_S1.);
#6501 = LINE('',#6502,#6503);
#6502 = CARTESIAN_POINT('',(32.,8.377757778564,-43.22066501823));
#6503 = VECTOR('',#6504,1.);
#6504 = DIRECTION('',(1.,0.,0.));
#6505 = PCURVE('',#4029,#6506);
#6506 = DEFINITIONAL_REPRESENTATION('',(#6507),#6511);
#6507 = LINE('',#6508,#6509);
#6508 = CARTESIAN_POINT('',(0.,0.));
#6509 = VECTOR('',#6510,1.);
#6510 = DIRECTION('',(0.,-1.));
#6511 = ( GEOMETRIC_REPRESENTATION_CONTEXT(2) 
PARAMETRIC_REPRESENTATION_CONTEXT() REPRESENTATION_CONTEXT('2D SPACE',''
  ) );
#6512 = PCURVE('',#4003,#6513);
#6513 = DEFINITIONAL_REPRESENTATION('',(#6514),#6518);
#6514 = LINE('',#6515,#6516);
#6515 = CARTESIAN_POINT('',(3.221237121672,0.));
#6516 = VECTOR('',#6517,1.);
#6517 = DIRECTION('',(0.,-1.));
#6518 = ( GEOMETRIC_REPRESENTATION_CONTEXT(2) 
PARAMETRIC_REPRESENTATION_CONTEXT() REPRESENTATION_CONTEXT('2D SPACE',''
  ) );
#6519 = ORIENTED_EDGE('',*,*,#4461,.F.);
#6520 = ORIENTED_EDGE('',*,*,#6472,.F.);
#6521 = ORIENTED_EDGE('',*,*,#5218,.F.);
#6522 = ORIENTED_EDGE('',*,*,#6449,.F.);
#6523 = ORIENTED_EDGE('',*,*,#6016,.F.);
#6524 = ADVANCED_FACE('',(#6525),#4003,.F.);
#6525 = FACE_BOUND('',#6526,.F.);
#6526 = EDGE_LOOP('',(#6527,#6528,#6529,#6530));
#6527 = ORIENTED_EDGE('',*,*,#3988,.T.);
#6528 = ORIENTED_EDGE('',*,*,#4830,.T.);
#6529 = ORIENTED_EDGE('',*,*,#4440,.F.);
#6530 = ORIENTED_EDGE('',*,*,#6499,.F.);
#6531 = ADVANCED_FACE('',(#6532),#4690,.F.);
#6532 = FACE_BOUND('',#6533,.F.);
#6533 = EDGE_LOOP('',(#6534,#6535,#6536,#6557));
#6534 = ORIENTED_EDGE('',*,*,#5574,.F.);
#6535 = ORIENTED_EDGE('',*,*,#4984,.F.);
#6536 = ORIENTED_EDGE('',*,*,#6537,.T.);
#6537 = EDGE_CURVE('',#4964,#4650,#6538,.T.);
#6538 = SURFACE_CURVE('',#6539,(#6543,#6550),.PCURVE_S1.);
#6539 = LINE('',#6540,#6541);
#6540 = CARTESIAN_POINT('',(32.,7.40061028008,-75.));
#6541 = VECTOR('',#6542,1.);
#6542 = DIRECTION('',(1.,0.,0.));
#6543 = PCURVE('',#4690,#6544);
#6544 = DEFINITIONAL_REPRESENTATION('',(#6545),#6549);
#6545 = LINE('',#6546,#6547);
#6546 = CARTESIAN_POINT('',(0.,0.));
#6547 = VECTOR('',#6548,1.);
#6548 = DIRECTION('',(0.,-1.));
#6549 = ( GEOMETRIC_REPRESENTATION_CONTEXT(2) 
PARAMETRIC_REPRESENTATION_CONTEXT() REPRESENTATION_CONTEXT('2D SPACE',''
  ) );
#6550 = PCURVE('',#4664,#6551);
#6551 = DEFINITIONAL_REPRESENTATION('',(#6552),#6556);
#6552 = LINE('',#6553,#6554);
#6553 = CARTESIAN_POINT('',(3.670271109128,0.));
#6554 = VECTOR('',#6555,1.);
#6555 = DIRECTION('',(0.,-1.));
#6556 = ( GEOMETRIC_REPRESENTATION_CONTEXT(2) 
PARAMETRIC_REPRESENTATION_CONTEXT() REPRESENTATION_CONTEXT('2D SPACE',''
  ) );
#6557 = ORIENTED_EDGE('',*,*,#4675,.F.);
#6558 = ADVANCED_FACE('',(#6559),#4664,.F.);
#6559 = FACE_BOUND('',#6560,.F.);
#6560 = EDGE_LOOP('',(#6561,#6562,#6563,#6584));
#6561 = ORIENTED_EDGE('',*,*,#6537,.F.);
#6562 = ORIENTED_EDGE('',*,*,#4963,.F.);
#6563 = ORIENTED_EDGE('',*,*,#6564,.T.);
#6564 = EDGE_CURVE('',#4943,#4624,#6565,.T.);
#6565 = SURFACE_CURVE('',#6566,(#6570,#6577),.PCURVE_S1.);
#6566 = LINE('',#6567,#6568);
#6567 = CARTESIAN_POINT('',(32.,7.623171882263,-71.33648306299));
#6568 = VECTOR('',#6569,1.);
#6569 = DIRECTION('',(1.,0.,0.));
#6570 = PCURVE('',#4664,#6571);
#6571 = DEFINITIONAL_REPRESENTATION('',(#6572),#6576);
#6572 = LINE('',#6573,#6574);
#6573 = CARTESIAN_POINT('',(0.,0.));
#6574 = VECTOR('',#6575,1.);
#6575 = DIRECTION('',(0.,-1.));
#6576 = ( GEOMETRIC_REPRESENTATION_CONTEXT(2) 
PARAMETRIC_REPRESENTATION_CONTEXT() REPRESENTATION_CONTEXT('2D SPACE',''
  ) );
#6577 = PCURVE('',#4638,#6578);
#6578 = DEFINITIONAL_REPRESENTATION('',(#6579),#6583);
#6579 = LINE('',#6580,#6581);
#6580 = CARTESIAN_POINT('',(3.658887093676,0.));
#6581 = VECTOR('',#6582,1.);
#6582 = DIRECTION('',(0.,-1.));
#6583 = ( GEOMETRIC_REPRESENTATION_CONTEXT(2) 
PARAMETRIC_REPRESENTATION_CONTEXT() REPRESENTATION_CONTEXT('2D SPACE',''
  ) );
#6584 = ORIENTED_EDGE('',*,*,#4649,.F.);
#6585 = ADVANCED_FACE('',(#6586),#4638,.F.);
#6586 = FACE_BOUND('',#6587,.F.);
#6587 = EDGE_LOOP('',(#6588,#6589,#6590,#6611));
#6588 = ORIENTED_EDGE('',*,*,#6564,.F.);
#6589 = ORIENTED_EDGE('',*,*,#4942,.F.);
#6590 = ORIENTED_EDGE('',*,*,#6591,.T.);
#6591 = EDGE_CURVE('',#4922,#4598,#6592,.T.);
#6592 = SURFACE_CURVE('',#6593,(#6597,#6604),.PCURVE_S1.);
#6593 = LINE('',#6594,#6595);
#6594 = CARTESIAN_POINT('',(32.,7.82209798814,-67.68300757126));
#6595 = VECTOR('',#6596,1.);
#6596 = DIRECTION('',(1.,0.,0.));
#6597 = PCURVE('',#4638,#6598);
#6598 = DEFINITIONAL_REPRESENTATION('',(#6599),#6603);
#6599 = LINE('',#6600,#6601);
#6600 = CARTESIAN_POINT('',(0.,0.));
#6601 = VECTOR('',#6602,1.);
#6602 = DIRECTION('',(0.,-1.));
#6603 = ( GEOMETRIC_REPRESENTATION_CONTEXT(2) 
PARAMETRIC_REPRESENTATION_CONTEXT() REPRESENTATION_CONTEXT('2D SPACE',''
  ) );
#6604 = PCURVE('',#4612,#6605);
#6605 = DEFINITIONAL_REPRESENTATION('',(#6606),#6610);
#6606 = LINE('',#6607,#6608);
#6607 = CARTESIAN_POINT('',(3.637538957864,0.));
#6608 = VECTOR('',#6609,1.);
#6609 = DIRECTION('',(0.,-1.));
#6610 = ( GEOMETRIC_REPRESENTATION_CONTEXT(2) 
PARAMETRIC_REPRESENTATION_CONTEXT() REPRESENTATION_CONTEXT('2D SPACE',''
  ) );
#6611 = ORIENTED_EDGE('',*,*,#4623,.F.);
#6612 = ADVANCED_FACE('',(#6613),#4612,.F.);
#6613 = FACE_BOUND('',#6614,.F.);
#6614 = EDGE_LOOP('',(#6615,#6616,#6617,#6638));
#6615 = ORIENTED_EDGE('',*,*,#6591,.F.);
#6616 = ORIENTED_EDGE('',*,*,#4921,.F.);
#6617 = ORIENTED_EDGE('',*,*,#6618,.T.);
#6618 = EDGE_CURVE('',#4901,#4572,#6619,.T.);
#6619 = SURFACE_CURVE('',#6620,(#6624,#6631),.PCURVE_S1.);
#6620 = LINE('',#6621,#6622);
#6621 = CARTESIAN_POINT('',(32.,7.995152522624,-64.04958744718));
#6622 = VECTOR('',#6623,1.);
#6623 = DIRECTION('',(1.,0.,0.));
#6624 = PCURVE('',#4612,#6625);
#6625 = DEFINITIONAL_REPRESENTATION('',(#6626),#6630);
#6626 = LINE('',#6627,#6628);
#6627 = CARTESIAN_POINT('',(0.,0.));
#6628 = VECTOR('',#6629,1.);
#6629 = DIRECTION('',(0.,-1.));
#6630 = ( GEOMETRIC_REPRESENTATION_CONTEXT(2) 
PARAMETRIC_REPRESENTATION_CONTEXT() REPRESENTATION_CONTEXT('2D SPACE',''
  ) );
#6631 = PCURVE('',#4586,#6632);
#6632 = DEFINITIONAL_REPRESENTATION('',(#6633),#6637);
#6633 = LINE('',#6634,#6635);
#6634 = CARTESIAN_POINT('',(3.606322614417,0.));
#6635 = VECTOR('',#6636,1.);
#6636 = DIRECTION('',(0.,-1.));
#6637 = ( GEOMETRIC_REPRESENTATION_CONTEXT(2) 
PARAMETRIC_REPRESENTATION_CONTEXT() REPRESENTATION_CONTEXT('2D SPACE',''
  ) );
#6638 = ORIENTED_EDGE('',*,*,#4597,.F.);
#6639 = ADVANCED_FACE('',(#6640),#4586,.F.);
#6640 = FACE_BOUND('',#6641,.F.);
#6641 = EDGE_LOOP('',(#6642,#6643,#6644,#6665));
#6642 = ORIENTED_EDGE('',*,*,#6618,.F.);
#6643 = ORIENTED_EDGE('',*,*,#4900,.F.);
#6644 = ORIENTED_EDGE('',*,*,#6645,.T.);
#6645 = EDGE_CURVE('',#4880,#4546,#6646,.T.);
#6646 = SURFACE_CURVE('',#6647,(#6651,#6658),.PCURVE_S1.);
#6647 = LINE('',#6648,#6649);
#6648 = CARTESIAN_POINT('',(32.,8.140167721403,-60.44618164275));
#6649 = VECTOR('',#6650,1.);
#6650 = DIRECTION('',(1.,0.,0.));
#6651 = PCURVE('',#4586,#6652);
#6652 = DEFINITIONAL_REPRESENTATION('',(#6653),#6657);
#6653 = LINE('',#6654,#6655);
#6654 = CARTESIAN_POINT('',(0.,0.));
#6655 = VECTOR('',#6656,1.);
#6656 = DIRECTION('',(0.,-1.));
#6657 = ( GEOMETRIC_REPRESENTATION_CONTEXT(2) 
PARAMETRIC_REPRESENTATION_CONTEXT() REPRESENTATION_CONTEXT('2D SPACE',''
  ) );
#6658 = PCURVE('',#4560,#6659);
#6659 = DEFINITIONAL_REPRESENTATION('',(#6660),#6664);
#6660 = LINE('',#6661,#6662);
#6661 = CARTESIAN_POINT('',(3.565366989959,0.));
#6662 = VECTOR('',#6663,1.);
#6663 = DIRECTION('',(0.,-1.));
#6664 = ( GEOMETRIC_REPRESENTATION_CONTEXT(2) 
PARAMETRIC_REPRESENTATION_CONTEXT() REPRESENTATION_CONTEXT('2D SPACE',''
  ) );
#6665 = ORIENTED_EDGE('',*,*,#4571,.F.);
#6666 = ADVANCED_FACE('',(#6667),#4560,.F.);
#6667 = FACE_BOUND('',#6668,.F.);
#6668 = EDGE_LOOP('',(#6669,#6670,#6671,#6672));
#6669 = ORIENTED_EDGE('',*,*,#6645,.F.);
#6670 = ORIENTED_EDGE('',*,*,#4879,.F.);
#6671 = ORIENTED_EDGE('',*,*,#5501,.T.);
#6672 = ORIENTED_EDGE('',*,*,#4545,.F.);
#6673 = ADVANCED_FACE('',(#6674),#5665,.F.);
#6674 = FACE_BOUND('',#6675,.F.);
#6675 = EDGE_LOOP('',(#6676,#6677,#6678,#6679));
#6676 = ORIENTED_EDGE('',*,*,#5649,.F.);
#6677 = ORIENTED_EDGE('',*,*,#5751,.T.);
#6678 = ORIENTED_EDGE('',*,*,#5801,.T.);
#6679 = ORIENTED_EDGE('',*,*,#5702,.F.);
#6680 = ( GEOMETRIC_REPRESENTATION_CONTEXT(3) 
GLOBAL_UNCERTAINTY_ASSIGNED_CONTEXT((#6684)) 
GLOBAL_UNIT_ASSIGNED_CONTEXT((#6681,#6682,#6683)) REPRESENTATION_CONTEXT
('Context #1','3D Context with UNIT and UNCERTAINTY') );
#6681 = ( LENGTH_UNIT() NAMED_UNIT(*) SI_UNIT(.MILLI.,.METRE.) );
#6682 = ( NAMED_UNIT(*) PLANE_ANGLE_UNIT() SI_UNIT($,.RADIAN.) );
#6683 = ( NAMED_UNIT(*) SI_UNIT($,.STERADIAN.) SOLID_ANGLE_UNIT() );
#6684 = UNCERTAINTY_MEASURE_WITH_UNIT(LENGTH_MEASURE(1.E-07),#6681,
  'distance_accuracy_value','confusion accuracy');
#6685 = PRODUCT_RELATED_PRODUCT_CATEGORY('part',$,(#7));
ENDSEC;
END-ISO-10303-21;
