ISO-10303-21;
HEADER;
FILE_DESCRIPTION(('Open CASCADE Model'),'2;1');
FILE_NAME('Open CASCADE Shape Model','2026-09-10T13:55:36',('Author'),(
    'Open CASCADE'),'Open CASCADE STEP processor 7.9','Open CASCADE 7.9'
  ,'Unknown');
FILE_SCHEMA(('AUTOMOTIVE_DESIGN { 1 0 10303 214 1 1 1 1 }'));
ENDSEC;
DATA;
#1 = APPLICATION_PROTOCOL_DEFINITION('international standard',
  'automotive_design',2000,#2);
#2 = APPLICATION_CONTEXT(
  'core data for automotive mechanical design processes');
#3 = SHAPE_DEFINITION_REPRESENTATION(#4,#10);
#4 = PRODUCT_DEFINITION_SHAPE('','',#5);
#5 = PRODUCT_DEFINITION('design','',#6,#9);
#6 = PRODUCT_DEFINITION_FORMATION('','',#7);
#7 = PRODUCT('Open CASCADE STEP translator 7.9 1',
  'Open CASCADE STEP translator 7.9 1','',(#8));
#8 = PRODUCT_CONTEXT('',#2,'mechanical');
#9 = PRODUCT_DEFINITION_CONTEXT('part definition',#2,'design');
#10 = ADVANCED_BREP_SHAPE_REPRESENTATION('',(#11,#15),#7009);
#11 = AXIS2_PLACEMENT_3D('',#12,#13,#14);
#12 = CARTESIAN_POINT('',(0.,0.,0.));
#13 = DIRECTION('',(0.,0.,1.));
#14 = DIRECTION('',(1.,0.,-0.));
#15 = MANIFOLD_SOLID_BREP('',#16);
#16 = CLOSED_SHELL('',(#17,#113,#507,#646,#824,#901,#949,#1026,#1075,
    #1612,#1661,#2105,#2153,#2257,#2305,#2388,#2557,#2679,#2706,#2733,
    #2759,#2787,#2814,#2841,#2848,#2875,#3009,#3201,#3328,#3355,#3457,
    #3579,#3606,#3633,#3754,#3875,#3951,#4026,#4053,#4103,#4591,#5039,
    #5066,#5254,#5403,#5552,#5740,#5811,#5882,#5909,#5985,#6034,#6083,
    #6110,#6259,#6408,#6435,#6442,#6469,#6540,#6573,#6580,#6607,#6634,
    #6661,#6688,#6715,#6722,#6749,#6822,#6853,#6860,#6887,#6914,#6941,
    #6968,#6995,#7002));
#17 = ADVANCED_FACE('',(#18),#31,.T.);
#18 = FACE_BOUND('',#19,.F.);
#19 = EDGE_LOOP('',(#20,#58,#81,#112));
#20 = ORIENTED_EDGE('',*,*,#21,.T.);
#21 = EDGE_CURVE('',#22,#22,#24,.T.);
#22 = VERTEX_POINT('',#23);
#23 = CARTESIAN_POINT('',(-163.,78.,12.));
#24 = SURFACE_CURVE('',#25,(#30,#42),.PCURVE_S1.);
#25 = CIRCLE('',#26,18.);
#26 = AXIS2_PLACEMENT_3D('',#27,#28,#29);
#27 = CARTESIAN_POINT('',(-145.,78.,12.));
#28 = DIRECTION('',(0.,0.,-1.));
#29 = DIRECTION('',(-1.,-0.,-0.));
#30 = PCURVE('',#31,#36);
#31 = CYLINDRICAL_SURFACE('',#32,18.);
#32 = AXIS2_PLACEMENT_3D('',#33,#34,#35);
#33 = CARTESIAN_POINT('',(-145.,78.,12.));
#34 = DIRECTION('',(0.,-0.,-1.));
#35 = DIRECTION('',(-1.,-0.,-0.));
#36 = DEFINITIONAL_REPRESENTATION('',(#37),#41);
#37 = LINE('',#38,#39);
#38 = CARTESIAN_POINT('',(-6.28318530718,0.));
#39 = VECTOR('',#40,1.);
#40 = DIRECTION('',(1.,-0.));
#41 = ( GEOMETRIC_REPRESENTATION_CONTEXT(2) 
PARAMETRIC_REPRESENTATION_CONTEXT() REPRESENTATION_CONTEXT('2D SPACE',''
  ) );
#42 = PCURVE('',#43,#48);
#43 = PLANE('',#44);
#44 = AXIS2_PLACEMENT_3D('',#45,#46,#47);
#45 = CARTESIAN_POINT('',(-145.,78.,12.));
#46 = DIRECTION('',(-0.,-0.,1.));
#47 = DIRECTION('',(1.,0.,0.));
#48 = DEFINITIONAL_REPRESENTATION('',(#49),#57);
#49 = ( BOUNDED_CURVE() B_SPLINE_CURVE(2,(#50,#51,#52,#53,#54,#55,#56),
.UNSPECIFIED.,.T.,.F.) B_SPLINE_CURVE_WITH_KNOTS((1,2,2,2,2,1),(
    -2.094395102393,0.,2.094395102393,4.188790204786,6.28318530718,
8.377580409573),.UNSPECIFIED.) CURVE() GEOMETRIC_REPRESENTATION_ITEM() 
RATIONAL_B_SPLINE_CURVE((1.,0.5,1.,0.5,1.,0.5,1.)) REPRESENTATION_ITEM(
  '') );
#50 = CARTESIAN_POINT('',(-18.,0.));
#51 = CARTESIAN_POINT('',(-18.,31.17691453624));
#52 = CARTESIAN_POINT('',(9.,15.58845726812));
#53 = CARTESIAN_POINT('',(36.,4.40872847693E-15));
#54 = CARTESIAN_POINT('',(9.,-15.58845726812));
#55 = CARTESIAN_POINT('',(-18.,-31.17691453624));
#56 = CARTESIAN_POINT('',(-18.,0.));
#57 = ( GEOMETRIC_REPRESENTATION_CONTEXT(2) 
PARAMETRIC_REPRESENTATION_CONTEXT() REPRESENTATION_CONTEXT('2D SPACE',''
  ) );
#58 = ORIENTED_EDGE('',*,*,#59,.T.);
#59 = EDGE_CURVE('',#22,#60,#62,.T.);
#60 = VERTEX_POINT('',#61);
#61 = CARTESIAN_POINT('',(-163.,78.,17.));
#62 = SEAM_CURVE('',#63,(#67,#74),.PCURVE_S1.);
#63 = LINE('',#64,#65);
#64 = CARTESIAN_POINT('',(-163.,78.,12.));
#65 = VECTOR('',#66,1.);
#66 = DIRECTION('',(-0.,-0.,1.));
#67 = PCURVE('',#31,#68);
#68 = DEFINITIONAL_REPRESENTATION('',(#69),#73);
#69 = LINE('',#70,#71);
#70 = CARTESIAN_POINT('',(4.138911435803E-13,-0.));
#71 = VECTOR('',#72,1.);
#72 = DIRECTION('',(-0.,-1.));
#73 = ( GEOMETRIC_REPRESENTATION_CONTEXT(2) 
PARAMETRIC_REPRESENTATION_CONTEXT() REPRESENTATION_CONTEXT('2D SPACE',''
  ) );
#74 = PCURVE('',#31,#75);
#75 = DEFINITIONAL_REPRESENTATION('',(#76),#80);
#76 = LINE('',#77,#78);
#77 = CARTESIAN_POINT('',(-6.28318530718,0.));
#78 = VECTOR('',#79,1.);
#79 = DIRECTION('',(-0.,-1.));
#80 = ( GEOMETRIC_REPRESENTATION_CONTEXT(2) 
PARAMETRIC_REPRESENTATION_CONTEXT() REPRESENTATION_CONTEXT('2D SPACE',''
  ) );
#81 = ORIENTED_EDGE('',*,*,#82,.F.);
#82 = EDGE_CURVE('',#60,#60,#83,.T.);
#83 = SURFACE_CURVE('',#84,(#89,#96),.PCURVE_S1.);
#84 = CIRCLE('',#85,18.);
#85 = AXIS2_PLACEMENT_3D('',#86,#87,#88);
#86 = CARTESIAN_POINT('',(-145.,78.,17.));
#87 = DIRECTION('',(0.,0.,-1.));
#88 = DIRECTION('',(-1.,-0.,-0.));
#89 = PCURVE('',#31,#90);
#90 = DEFINITIONAL_REPRESENTATION('',(#91),#95);
#91 = LINE('',#92,#93);
#92 = CARTESIAN_POINT('',(-6.28318530718,-5.));
#93 = VECTOR('',#94,1.);
#94 = DIRECTION('',(1.,-0.));
#95 = ( GEOMETRIC_REPRESENTATION_CONTEXT(2) 
PARAMETRIC_REPRESENTATION_CONTEXT() REPRESENTATION_CONTEXT('2D SPACE',''
  ) );
#96 = PCURVE('',#97,#102);
#97 = PLANE('',#98);
#98 = AXIS2_PLACEMENT_3D('',#99,#100,#101);
#99 = CARTESIAN_POINT('',(-145.,78.,17.));
#100 = DIRECTION('',(-0.,-0.,1.));
#101 = DIRECTION('',(1.,0.,0.));
#102 = DEFINITIONAL_REPRESENTATION('',(#103),#111);
#103 = ( BOUNDED_CURVE() B_SPLINE_CURVE(2,(#104,#105,#106,#107,#108,#109
,#110),.UNSPECIFIED.,.T.,.F.) B_SPLINE_CURVE_WITH_KNOTS((1,2,2,2,2,1),(
    -2.094395102393,0.,2.094395102393,4.188790204786,6.28318530718,
8.377580409573),.UNSPECIFIED.) CURVE() GEOMETRIC_REPRESENTATION_ITEM() 
RATIONAL_B_SPLINE_CURVE((1.,0.5,1.,0.5,1.,0.5,1.)) REPRESENTATION_ITEM(
  '') );
#104 = CARTESIAN_POINT('',(-18.,0.));
#105 = CARTESIAN_POINT('',(-18.,31.17691453624));
#106 = CARTESIAN_POINT('',(9.,15.58845726812));
#107 = CARTESIAN_POINT('',(36.,4.40872847693E-15));
#108 = CARTESIAN_POINT('',(9.,-15.58845726812));
#109 = CARTESIAN_POINT('',(-18.,-31.17691453624));
#110 = CARTESIAN_POINT('',(-18.,0.));
#111 = ( GEOMETRIC_REPRESENTATION_CONTEXT(2) 
PARAMETRIC_REPRESENTATION_CONTEXT() REPRESENTATION_CONTEXT('2D SPACE',''
  ) );
#112 = ORIENTED_EDGE('',*,*,#59,.F.);
#113 = ADVANCED_FACE('',(#114,#117),#43,.F.);
#114 = FACE_BOUND('',#115,.T.);
#115 = EDGE_LOOP('',(#116));
#116 = ORIENTED_EDGE('',*,*,#21,.T.);
#117 = FACE_BOUND('',#118,.T.);
#118 = EDGE_LOOP('',(#119,#149,#178,#206,#235,#263,#291,#319,#347,#375,
    #404,#428,#456,#485));
#119 = ORIENTED_EDGE('',*,*,#120,.F.);
#120 = EDGE_CURVE('',#121,#123,#125,.T.);
#121 = VERTEX_POINT('',#122);
#122 = CARTESIAN_POINT('',(-138.3747727084,69.,12.));
#123 = VERTEX_POINT('',#124);
#124 = CARTESIAN_POINT('',(-151.6252272915,69.,12.));
#125 = SURFACE_CURVE('',#126,(#130,#137),.PCURVE_S1.);
#126 = LINE('',#127,#128);
#127 = CARTESIAN_POINT('',(-136.,69.,12.));
#128 = VECTOR('',#129,1.);
#129 = DIRECTION('',(-1.,-0.,-0.));
#130 = PCURVE('',#43,#131);
#131 = DEFINITIONAL_REPRESENTATION('',(#132),#136);
#132 = LINE('',#133,#134);
#133 = CARTESIAN_POINT('',(9.,-9.));
#134 = VECTOR('',#135,1.);
#135 = DIRECTION('',(-1.,0.));
#136 = ( GEOMETRIC_REPRESENTATION_CONTEXT(2) 
PARAMETRIC_REPRESENTATION_CONTEXT() REPRESENTATION_CONTEXT('2D SPACE',''
  ) );
#137 = PCURVE('',#138,#143);
#138 = PLANE('',#139);
#139 = AXIS2_PLACEMENT_3D('',#140,#141,#142);
#140 = CARTESIAN_POINT('',(-136.,69.,-18.));
#141 = DIRECTION('',(-0.,1.,-0.));
#142 = DIRECTION('',(0.,0.,-1.));
#143 = DEFINITIONAL_REPRESENTATION('',(#144),#148);
#144 = LINE('',#145,#146);
#145 = CARTESIAN_POINT('',(-30.,-0.));
#146 = VECTOR('',#147,1.);
#147 = DIRECTION('',(-0.,1.));
#148 = ( GEOMETRIC_REPRESENTATION_CONTEXT(2) 
PARAMETRIC_REPRESENTATION_CONTEXT() REPRESENTATION_CONTEXT('2D SPACE',''
  ) );
#149 = ORIENTED_EDGE('',*,*,#150,.T.);
#150 = EDGE_CURVE('',#121,#151,#153,.T.);
#151 = VERTEX_POINT('',#152);
#152 = CARTESIAN_POINT('',(-136.,71.374772708487,12.));
#153 = SURFACE_CURVE('',#154,(#159,#166),.PCURVE_S1.);
#154 = CIRCLE('',#155,1.7);
#155 = AXIS2_PLACEMENT_3D('',#156,#157,#158);
#156 = CARTESIAN_POINT('',(-137.,70.,12.));
#157 = DIRECTION('',(0.,0.,1.));
#158 = DIRECTION('',(-1.,-0.,-0.));
#159 = PCURVE('',#43,#160);
#160 = DEFINITIONAL_REPRESENTATION('',(#161),#165);
#161 = CIRCLE('',#162,1.7);
#162 = AXIS2_PLACEMENT_2D('',#163,#164);
#163 = CARTESIAN_POINT('',(8.,-8.));
#164 = DIRECTION('',(-1.,0.));
#165 = ( GEOMETRIC_REPRESENTATION_CONTEXT(2) 
PARAMETRIC_REPRESENTATION_CONTEXT() REPRESENTATION_CONTEXT('2D SPACE',''
  ) );
#166 = PCURVE('',#167,#172);
#167 = CYLINDRICAL_SURFACE('',#168,1.7);
#168 = AXIS2_PLACEMENT_3D('',#169,#170,#171);
#169 = CARTESIAN_POINT('',(-137.,70.,-18.));
#170 = DIRECTION('',(0.,-0.,-1.));
#171 = DIRECTION('',(-1.,-0.,-0.));
#172 = DEFINITIONAL_REPRESENTATION('',(#173),#177);
#173 = LINE('',#174,#175);
#174 = CARTESIAN_POINT('',(4.138911435803E-13,-30.));
#175 = VECTOR('',#176,1.);
#176 = DIRECTION('',(-1.,-0.));
#177 = ( GEOMETRIC_REPRESENTATION_CONTEXT(2) 
PARAMETRIC_REPRESENTATION_CONTEXT() REPRESENTATION_CONTEXT('2D SPACE',''
  ) );
#178 = ORIENTED_EDGE('',*,*,#179,.T.);
#179 = EDGE_CURVE('',#151,#180,#182,.T.);
#180 = VERTEX_POINT('',#181);
#181 = CARTESIAN_POINT('',(-136.,84.625227291513,12.));
#182 = SURFACE_CURVE('',#183,(#187,#194),.PCURVE_S1.);
#183 = LINE('',#184,#185);
#184 = CARTESIAN_POINT('',(-136.,69.,12.));
#185 = VECTOR('',#186,1.);
#186 = DIRECTION('',(-0.,1.,-0.));
#187 = PCURVE('',#43,#188);
#188 = DEFINITIONAL_REPRESENTATION('',(#189),#193);
#189 = LINE('',#190,#191);
#190 = CARTESIAN_POINT('',(9.,-9.));
#191 = VECTOR('',#192,1.);
#192 = DIRECTION('',(-0.,1.));
#193 = ( GEOMETRIC_REPRESENTATION_CONTEXT(2) 
PARAMETRIC_REPRESENTATION_CONTEXT() REPRESENTATION_CONTEXT('2D SPACE',''
  ) );
#194 = PCURVE('',#195,#200);
#195 = PLANE('',#196);
#196 = AXIS2_PLACEMENT_3D('',#197,#198,#199);
#197 = CARTESIAN_POINT('',(-136.,69.,-18.));
#198 = DIRECTION('',(-1.,-0.,-0.));
#199 = DIRECTION('',(0.,0.,-1.));
#200 = DEFINITIONAL_REPRESENTATION('',(#201),#205);
#201 = LINE('',#202,#203);
#202 = CARTESIAN_POINT('',(-30.,-0.));
#203 = VECTOR('',#204,1.);
#204 = DIRECTION('',(-0.,-1.));
#205 = ( GEOMETRIC_REPRESENTATION_CONTEXT(2) 
PARAMETRIC_REPRESENTATION_CONTEXT() REPRESENTATION_CONTEXT('2D SPACE',''
  ) );
#206 = ORIENTED_EDGE('',*,*,#207,.T.);
#207 = EDGE_CURVE('',#180,#208,#210,.T.);
#208 = VERTEX_POINT('',#209);
#209 = CARTESIAN_POINT('',(-138.3747727084,87.,12.));
#210 = SURFACE_CURVE('',#211,(#216,#223),.PCURVE_S1.);
#211 = CIRCLE('',#212,1.7);
#212 = AXIS2_PLACEMENT_3D('',#213,#214,#215);
#213 = CARTESIAN_POINT('',(-137.,86.,12.));
#214 = DIRECTION('',(0.,0.,1.));
#215 = DIRECTION('',(-1.,-0.,-0.));
#216 = PCURVE('',#43,#217);
#217 = DEFINITIONAL_REPRESENTATION('',(#218),#222);
#218 = CIRCLE('',#219,1.7);
#219 = AXIS2_PLACEMENT_2D('',#220,#221);
#220 = CARTESIAN_POINT('',(8.,8.));
#221 = DIRECTION('',(-1.,0.));
#222 = ( GEOMETRIC_REPRESENTATION_CONTEXT(2) 
PARAMETRIC_REPRESENTATION_CONTEXT() REPRESENTATION_CONTEXT('2D SPACE',''
  ) );
#223 = PCURVE('',#224,#229);
#224 = CYLINDRICAL_SURFACE('',#225,1.7);
#225 = AXIS2_PLACEMENT_3D('',#226,#227,#228);
#226 = CARTESIAN_POINT('',(-137.,86.,-18.));
#227 = DIRECTION('',(0.,-0.,-1.));
#228 = DIRECTION('',(-1.,-0.,-0.));
#229 = DEFINITIONAL_REPRESENTATION('',(#230),#234);
#230 = LINE('',#231,#232);
#231 = CARTESIAN_POINT('',(4.138911435803E-13,-30.));
#232 = VECTOR('',#233,1.);
#233 = DIRECTION('',(-1.,-0.));
#234 = ( GEOMETRIC_REPRESENTATION_CONTEXT(2) 
PARAMETRIC_REPRESENTATION_CONTEXT() REPRESENTATION_CONTEXT('2D SPACE',''
  ) );
#235 = ORIENTED_EDGE('',*,*,#236,.T.);
#236 = EDGE_CURVE('',#208,#237,#239,.T.);
#237 = VERTEX_POINT('',#238);
#238 = CARTESIAN_POINT('',(-141.,87.,12.));
#239 = SURFACE_CURVE('',#240,(#244,#251),.PCURVE_S1.);
#240 = LINE('',#241,#242);
#241 = CARTESIAN_POINT('',(-136.,87.,12.));
#242 = VECTOR('',#243,1.);
#243 = DIRECTION('',(-1.,-0.,-0.));
#244 = PCURVE('',#43,#245);
#245 = DEFINITIONAL_REPRESENTATION('',(#246),#250);
#246 = LINE('',#247,#248);
#247 = CARTESIAN_POINT('',(9.,9.));
#248 = VECTOR('',#249,1.);
#249 = DIRECTION('',(-1.,0.));
#250 = ( GEOMETRIC_REPRESENTATION_CONTEXT(2) 
PARAMETRIC_REPRESENTATION_CONTEXT() REPRESENTATION_CONTEXT('2D SPACE',''
  ) );
#251 = PCURVE('',#252,#257);
#252 = PLANE('',#253);
#253 = AXIS2_PLACEMENT_3D('',#254,#255,#256);
#254 = CARTESIAN_POINT('',(-136.,87.,-18.));
#255 = DIRECTION('',(-0.,1.,-0.));
#256 = DIRECTION('',(0.,0.,-1.));
#257 = DEFINITIONAL_REPRESENTATION('',(#258),#262);
#258 = LINE('',#259,#260);
#259 = CARTESIAN_POINT('',(-30.,-0.));
#260 = VECTOR('',#261,1.);
#261 = DIRECTION('',(-0.,1.));
#262 = ( GEOMETRIC_REPRESENTATION_CONTEXT(2) 
PARAMETRIC_REPRESENTATION_CONTEXT() REPRESENTATION_CONTEXT('2D SPACE',''
  ) );
#263 = ORIENTED_EDGE('',*,*,#264,.T.);
#264 = EDGE_CURVE('',#237,#265,#267,.T.);
#265 = VERTEX_POINT('',#266);
#266 = CARTESIAN_POINT('',(-141.,89.,12.));
#267 = SURFACE_CURVE('',#268,(#272,#279),.PCURVE_S1.);
#268 = LINE('',#269,#270);
#269 = CARTESIAN_POINT('',(-141.,70.,12.));
#270 = VECTOR('',#271,1.);
#271 = DIRECTION('',(-0.,1.,-0.));
#272 = PCURVE('',#43,#273);
#273 = DEFINITIONAL_REPRESENTATION('',(#274),#278);
#274 = LINE('',#275,#276);
#275 = CARTESIAN_POINT('',(4.,-8.));
#276 = VECTOR('',#277,1.);
#277 = DIRECTION('',(-0.,1.));
#278 = ( GEOMETRIC_REPRESENTATION_CONTEXT(2) 
PARAMETRIC_REPRESENTATION_CONTEXT() REPRESENTATION_CONTEXT('2D SPACE',''
  ) );
#279 = PCURVE('',#280,#285);
#280 = PLANE('',#281);
#281 = AXIS2_PLACEMENT_3D('',#282,#283,#284);
#282 = CARTESIAN_POINT('',(-141.,58.563854719247,-74.55285237335));
#283 = DIRECTION('',(1.,-0.,-0.));
#284 = DIRECTION('',(0.,0.,1.));
#285 = DEFINITIONAL_REPRESENTATION('',(#286),#290);
#286 = LINE('',#287,#288);
#287 = CARTESIAN_POINT('',(86.55285237335,-11.43614528075));
#288 = VECTOR('',#289,1.);
#289 = DIRECTION('',(-0.,-1.));
#290 = ( GEOMETRIC_REPRESENTATION_CONTEXT(2) 
PARAMETRIC_REPRESENTATION_CONTEXT() REPRESENTATION_CONTEXT('2D SPACE',''
  ) );
#291 = ORIENTED_EDGE('',*,*,#292,.T.);
#292 = EDGE_CURVE('',#265,#293,#295,.T.);
#293 = VERTEX_POINT('',#294);
#294 = CARTESIAN_POINT('',(-146.,89.,12.));
#295 = SURFACE_CURVE('',#296,(#300,#307),.PCURVE_S1.);
#296 = LINE('',#297,#298);
#297 = CARTESIAN_POINT('',(-141.,89.,12.));
#298 = VECTOR('',#299,1.);
#299 = DIRECTION('',(-1.,-0.,-0.));
#300 = PCURVE('',#43,#301);
#301 = DEFINITIONAL_REPRESENTATION('',(#302),#306);
#302 = LINE('',#303,#304);
#303 = CARTESIAN_POINT('',(4.,11.));
#304 = VECTOR('',#305,1.);
#305 = DIRECTION('',(-1.,0.));
#306 = ( GEOMETRIC_REPRESENTATION_CONTEXT(2) 
PARAMETRIC_REPRESENTATION_CONTEXT() REPRESENTATION_CONTEXT('2D SPACE',''
  ) );
#307 = PCURVE('',#308,#313);
#308 = PLANE('',#309);
#309 = AXIS2_PLACEMENT_3D('',#310,#311,#312);
#310 = CARTESIAN_POINT('',(-141.,89.,12.));
#311 = DIRECTION('',(-0.,1.,-0.));
#312 = DIRECTION('',(0.,0.,1.));
#313 = DEFINITIONAL_REPRESENTATION('',(#314),#318);
#314 = LINE('',#315,#316);
#315 = CARTESIAN_POINT('',(0.,-0.));
#316 = VECTOR('',#317,1.);
#317 = DIRECTION('',(-0.,-1.));
#318 = ( GEOMETRIC_REPRESENTATION_CONTEXT(2) 
PARAMETRIC_REPRESENTATION_CONTEXT() REPRESENTATION_CONTEXT('2D SPACE',''
  ) );
#319 = ORIENTED_EDGE('',*,*,#320,.F.);
#320 = EDGE_CURVE('',#321,#293,#323,.T.);
#321 = VERTEX_POINT('',#322);
#322 = CARTESIAN_POINT('',(-146.,87.,12.));
#323 = SURFACE_CURVE('',#324,(#328,#335),.PCURVE_S1.);
#324 = LINE('',#325,#326);
#325 = CARTESIAN_POINT('',(-146.,70.,12.));
#326 = VECTOR('',#327,1.);
#327 = DIRECTION('',(-0.,1.,-0.));
#328 = PCURVE('',#43,#329);
#329 = DEFINITIONAL_REPRESENTATION('',(#330),#334);
#330 = LINE('',#331,#332);
#331 = CARTESIAN_POINT('',(-1.,-8.));
#332 = VECTOR('',#333,1.);
#333 = DIRECTION('',(-0.,1.));
#334 = ( GEOMETRIC_REPRESENTATION_CONTEXT(2) 
PARAMETRIC_REPRESENTATION_CONTEXT() REPRESENTATION_CONTEXT('2D SPACE',''
  ) );
#335 = PCURVE('',#336,#341);
#336 = PLANE('',#337);
#337 = AXIS2_PLACEMENT_3D('',#338,#339,#340);
#338 = CARTESIAN_POINT('',(-146.,58.563854719247,-74.55285237335));
#339 = DIRECTION('',(1.,-0.,-0.));
#340 = DIRECTION('',(0.,0.,1.));
#341 = DEFINITIONAL_REPRESENTATION('',(#342),#346);
#342 = LINE('',#343,#344);
#343 = CARTESIAN_POINT('',(86.55285237335,-11.43614528075));
#344 = VECTOR('',#345,1.);
#345 = DIRECTION('',(-0.,-1.));
#346 = ( GEOMETRIC_REPRESENTATION_CONTEXT(2) 
PARAMETRIC_REPRESENTATION_CONTEXT() REPRESENTATION_CONTEXT('2D SPACE',''
  ) );
#347 = ORIENTED_EDGE('',*,*,#348,.T.);
#348 = EDGE_CURVE('',#321,#349,#351,.T.);
#349 = VERTEX_POINT('',#350);
#350 = CARTESIAN_POINT('',(-151.6252272915,87.,12.));
#351 = SURFACE_CURVE('',#352,(#356,#363),.PCURVE_S1.);
#352 = LINE('',#353,#354);
#353 = CARTESIAN_POINT('',(-136.,87.,12.));
#354 = VECTOR('',#355,1.);
#355 = DIRECTION('',(-1.,-0.,-0.));
#356 = PCURVE('',#43,#357);
#357 = DEFINITIONAL_REPRESENTATION('',(#358),#362);
#358 = LINE('',#359,#360);
#359 = CARTESIAN_POINT('',(9.,9.));
#360 = VECTOR('',#361,1.);
#361 = DIRECTION('',(-1.,0.));
#362 = ( GEOMETRIC_REPRESENTATION_CONTEXT(2) 
PARAMETRIC_REPRESENTATION_CONTEXT() REPRESENTATION_CONTEXT('2D SPACE',''
  ) );
#363 = PCURVE('',#364,#369);
#364 = PLANE('',#365);
#365 = AXIS2_PLACEMENT_3D('',#366,#367,#368);
#366 = CARTESIAN_POINT('',(-136.,87.,-18.));
#367 = DIRECTION('',(-0.,1.,-0.));
#368 = DIRECTION('',(0.,0.,-1.));
#369 = DEFINITIONAL_REPRESENTATION('',(#370),#374);
#370 = LINE('',#371,#372);
#371 = CARTESIAN_POINT('',(-30.,-0.));
#372 = VECTOR('',#373,1.);
#373 = DIRECTION('',(-0.,1.));
#374 = ( GEOMETRIC_REPRESENTATION_CONTEXT(2) 
PARAMETRIC_REPRESENTATION_CONTEXT() REPRESENTATION_CONTEXT('2D SPACE',''
  ) );
#375 = ORIENTED_EDGE('',*,*,#376,.T.);
#376 = EDGE_CURVE('',#349,#377,#379,.T.);
#377 = VERTEX_POINT('',#378);
#378 = CARTESIAN_POINT('',(-154.7,86.,12.));
#379 = SURFACE_CURVE('',#380,(#385,#392),.PCURVE_S1.);
#380 = CIRCLE('',#381,1.7);
#381 = AXIS2_PLACEMENT_3D('',#382,#383,#384);
#382 = CARTESIAN_POINT('',(-153.,86.,12.));
#383 = DIRECTION('',(0.,0.,1.));
#384 = DIRECTION('',(-1.,-0.,-0.));
#385 = PCURVE('',#43,#386);
#386 = DEFINITIONAL_REPRESENTATION('',(#387),#391);
#387 = CIRCLE('',#388,1.7);
#388 = AXIS2_PLACEMENT_2D('',#389,#390);
#389 = CARTESIAN_POINT('',(-8.,8.));
#390 = DIRECTION('',(-1.,0.));
#391 = ( GEOMETRIC_REPRESENTATION_CONTEXT(2) 
PARAMETRIC_REPRESENTATION_CONTEXT() REPRESENTATION_CONTEXT('2D SPACE',''
  ) );
#392 = PCURVE('',#393,#398);
#393 = CYLINDRICAL_SURFACE('',#394,1.7);
#394 = AXIS2_PLACEMENT_3D('',#395,#396,#397);
#395 = CARTESIAN_POINT('',(-153.,86.,-18.));
#396 = DIRECTION('',(0.,-0.,-1.));
#397 = DIRECTION('',(-1.,-0.,-0.));
#398 = DEFINITIONAL_REPRESENTATION('',(#399),#403);
#399 = LINE('',#400,#401);
#400 = CARTESIAN_POINT('',(4.138911435803E-13,-30.));
#401 = VECTOR('',#402,1.);
#402 = DIRECTION('',(-1.,-0.));
#403 = ( GEOMETRIC_REPRESENTATION_CONTEXT(2) 
PARAMETRIC_REPRESENTATION_CONTEXT() REPRESENTATION_CONTEXT('2D SPACE',''
  ) );
#404 = ORIENTED_EDGE('',*,*,#405,.T.);
#405 = EDGE_CURVE('',#377,#406,#408,.T.);
#406 = VERTEX_POINT('',#407);
#407 = CARTESIAN_POINT('',(-154.,84.625227291513,12.));
#408 = SURFACE_CURVE('',#409,(#414,#421),.PCURVE_S1.);
#409 = CIRCLE('',#410,1.7);
#410 = AXIS2_PLACEMENT_3D('',#411,#412,#413);
#411 = CARTESIAN_POINT('',(-153.,86.,12.));
#412 = DIRECTION('',(0.,0.,1.));
#413 = DIRECTION('',(-1.,-0.,-0.));
#414 = PCURVE('',#43,#415);
#415 = DEFINITIONAL_REPRESENTATION('',(#416),#420);
#416 = CIRCLE('',#417,1.7);
#417 = AXIS2_PLACEMENT_2D('',#418,#419);
#418 = CARTESIAN_POINT('',(-8.,8.));
#419 = DIRECTION('',(-1.,0.));
#420 = ( GEOMETRIC_REPRESENTATION_CONTEXT(2) 
PARAMETRIC_REPRESENTATION_CONTEXT() REPRESENTATION_CONTEXT('2D SPACE',''
  ) );
#421 = PCURVE('',#393,#422);
#422 = DEFINITIONAL_REPRESENTATION('',(#423),#427);
#423 = LINE('',#424,#425);
#424 = CARTESIAN_POINT('',(4.138911435803E-13,-30.));
#425 = VECTOR('',#426,1.);
#426 = DIRECTION('',(-1.,-0.));
#427 = ( GEOMETRIC_REPRESENTATION_CONTEXT(2) 
PARAMETRIC_REPRESENTATION_CONTEXT() REPRESENTATION_CONTEXT('2D SPACE',''
  ) );
#428 = ORIENTED_EDGE('',*,*,#429,.F.);
#429 = EDGE_CURVE('',#430,#406,#432,.T.);
#430 = VERTEX_POINT('',#431);
#431 = CARTESIAN_POINT('',(-154.,71.374772708487,12.));
#432 = SURFACE_CURVE('',#433,(#437,#444),.PCURVE_S1.);
#433 = LINE('',#434,#435);
#434 = CARTESIAN_POINT('',(-154.,69.,12.));
#435 = VECTOR('',#436,1.);
#436 = DIRECTION('',(-0.,1.,-0.));
#437 = PCURVE('',#43,#438);
#438 = DEFINITIONAL_REPRESENTATION('',(#439),#443);
#439 = LINE('',#440,#441);
#440 = CARTESIAN_POINT('',(-9.,-9.));
#441 = VECTOR('',#442,1.);
#442 = DIRECTION('',(-0.,1.));
#443 = ( GEOMETRIC_REPRESENTATION_CONTEXT(2) 
PARAMETRIC_REPRESENTATION_CONTEXT() REPRESENTATION_CONTEXT('2D SPACE',''
  ) );
#444 = PCURVE('',#445,#450);
#445 = PLANE('',#446);
#446 = AXIS2_PLACEMENT_3D('',#447,#448,#449);
#447 = CARTESIAN_POINT('',(-154.,69.,-18.));
#448 = DIRECTION('',(-1.,-0.,-0.));
#449 = DIRECTION('',(0.,0.,-1.));
#450 = DEFINITIONAL_REPRESENTATION('',(#451),#455);
#451 = LINE('',#452,#453);
#452 = CARTESIAN_POINT('',(-30.,-0.));
#453 = VECTOR('',#454,1.);
#454 = DIRECTION('',(-0.,-1.));
#455 = ( GEOMETRIC_REPRESENTATION_CONTEXT(2) 
PARAMETRIC_REPRESENTATION_CONTEXT() REPRESENTATION_CONTEXT('2D SPACE',''
  ) );
#456 = ORIENTED_EDGE('',*,*,#457,.T.);
#457 = EDGE_CURVE('',#430,#458,#460,.T.);
#458 = VERTEX_POINT('',#459);
#459 = CARTESIAN_POINT('',(-154.7,70.,12.));
#460 = SURFACE_CURVE('',#461,(#466,#473),.PCURVE_S1.);
#461 = CIRCLE('',#462,1.7);
#462 = AXIS2_PLACEMENT_3D('',#463,#464,#465);
#463 = CARTESIAN_POINT('',(-153.,70.,12.));
#464 = DIRECTION('',(0.,0.,1.));
#465 = DIRECTION('',(-1.,-0.,-0.));
#466 = PCURVE('',#43,#467);
#467 = DEFINITIONAL_REPRESENTATION('',(#468),#472);
#468 = CIRCLE('',#469,1.7);
#469 = AXIS2_PLACEMENT_2D('',#470,#471);
#470 = CARTESIAN_POINT('',(-8.,-8.));
#471 = DIRECTION('',(-1.,0.));
#472 = ( GEOMETRIC_REPRESENTATION_CONTEXT(2) 
PARAMETRIC_REPRESENTATION_CONTEXT() REPRESENTATION_CONTEXT('2D SPACE',''
  ) );
#473 = PCURVE('',#474,#479);
#474 = CYLINDRICAL_SURFACE('',#475,1.7);
#475 = AXIS2_PLACEMENT_3D('',#476,#477,#478);
#476 = CARTESIAN_POINT('',(-153.,70.,-18.));
#477 = DIRECTION('',(0.,-0.,-1.));
#478 = DIRECTION('',(-1.,-0.,-0.));
#479 = DEFINITIONAL_REPRESENTATION('',(#480),#484);
#480 = LINE('',#481,#482);
#481 = CARTESIAN_POINT('',(4.138911435803E-13,-30.));
#482 = VECTOR('',#483,1.);
#483 = DIRECTION('',(-1.,-0.));
#484 = ( GEOMETRIC_REPRESENTATION_CONTEXT(2) 
PARAMETRIC_REPRESENTATION_CONTEXT() REPRESENTATION_CONTEXT('2D SPACE',''
  ) );
#485 = ORIENTED_EDGE('',*,*,#486,.T.);
#486 = EDGE_CURVE('',#458,#123,#487,.T.);
#487 = SURFACE_CURVE('',#488,(#493,#500),.PCURVE_S1.);
#488 = CIRCLE('',#489,1.7);
#489 = AXIS2_PLACEMENT_3D('',#490,#491,#492);
#490 = CARTESIAN_POINT('',(-153.,70.,12.));
#491 = DIRECTION('',(0.,0.,1.));
#492 = DIRECTION('',(-1.,-0.,-0.));
#493 = PCURVE('',#43,#494);
#494 = DEFINITIONAL_REPRESENTATION('',(#495),#499);
#495 = CIRCLE('',#496,1.7);
#496 = AXIS2_PLACEMENT_2D('',#497,#498);
#497 = CARTESIAN_POINT('',(-8.,-8.));
#498 = DIRECTION('',(-1.,0.));
#499 = ( GEOMETRIC_REPRESENTATION_CONTEXT(2) 
PARAMETRIC_REPRESENTATION_CONTEXT() REPRESENTATION_CONTEXT('2D SPACE',''
  ) );
#500 = PCURVE('',#474,#501);
#501 = DEFINITIONAL_REPRESENTATION('',(#502),#506);
#502 = LINE('',#503,#504);
#503 = CARTESIAN_POINT('',(4.138911435803E-13,-30.));
#504 = VECTOR('',#505,1.);
#505 = DIRECTION('',(-1.,-0.));
#506 = ( GEOMETRIC_REPRESENTATION_CONTEXT(2) 
PARAMETRIC_REPRESENTATION_CONTEXT() REPRESENTATION_CONTEXT('2D SPACE',''
  ) );
#507 = ADVANCED_FACE('',(#508,#511,#537,#563,#589,#620),#97,.T.);
#508 = FACE_BOUND('',#509,.F.);
#509 = EDGE_LOOP('',(#510));
#510 = ORIENTED_EDGE('',*,*,#82,.T.);
#511 = FACE_BOUND('',#512,.F.);
#512 = EDGE_LOOP('',(#513));
#513 = ORIENTED_EDGE('',*,*,#514,.T.);
#514 = EDGE_CURVE('',#515,#515,#517,.T.);
#515 = VERTEX_POINT('',#516);
#516 = CARTESIAN_POINT('',(-138.7,70.,17.));
#517 = SURFACE_CURVE('',#518,(#523,#530),.PCURVE_S1.);
#518 = CIRCLE('',#519,1.7);
#519 = AXIS2_PLACEMENT_3D('',#520,#521,#522);
#520 = CARTESIAN_POINT('',(-137.,70.,17.));
#521 = DIRECTION('',(0.,0.,1.));
#522 = DIRECTION('',(-1.,-0.,-0.));
#523 = PCURVE('',#97,#524);
#524 = DEFINITIONAL_REPRESENTATION('',(#525),#529);
#525 = CIRCLE('',#526,1.7);
#526 = AXIS2_PLACEMENT_2D('',#527,#528);
#527 = CARTESIAN_POINT('',(8.,-8.));
#528 = DIRECTION('',(-1.,0.));
#529 = ( GEOMETRIC_REPRESENTATION_CONTEXT(2) 
PARAMETRIC_REPRESENTATION_CONTEXT() REPRESENTATION_CONTEXT('2D SPACE',''
  ) );
#530 = PCURVE('',#167,#531);
#531 = DEFINITIONAL_REPRESENTATION('',(#532),#536);
#532 = LINE('',#533,#534);
#533 = CARTESIAN_POINT('',(4.138911435803E-13,-35.));
#534 = VECTOR('',#535,1.);
#535 = DIRECTION('',(-1.,-0.));
#536 = ( GEOMETRIC_REPRESENTATION_CONTEXT(2) 
PARAMETRIC_REPRESENTATION_CONTEXT() REPRESENTATION_CONTEXT('2D SPACE',''
  ) );
#537 = FACE_BOUND('',#538,.F.);
#538 = EDGE_LOOP('',(#539));
#539 = ORIENTED_EDGE('',*,*,#540,.T.);
#540 = EDGE_CURVE('',#541,#541,#543,.T.);
#541 = VERTEX_POINT('',#542);
#542 = CARTESIAN_POINT('',(-154.7,70.,17.));
#543 = SURFACE_CURVE('',#544,(#549,#556),.PCURVE_S1.);
#544 = CIRCLE('',#545,1.7);
#545 = AXIS2_PLACEMENT_3D('',#546,#547,#548);
#546 = CARTESIAN_POINT('',(-153.,70.,17.));
#547 = DIRECTION('',(0.,0.,1.));
#548 = DIRECTION('',(-1.,-0.,-0.));
#549 = PCURVE('',#97,#550);
#550 = DEFINITIONAL_REPRESENTATION('',(#551),#555);
#551 = CIRCLE('',#552,1.7);
#552 = AXIS2_PLACEMENT_2D('',#553,#554);
#553 = CARTESIAN_POINT('',(-8.,-8.));
#554 = DIRECTION('',(-1.,0.));
#555 = ( GEOMETRIC_REPRESENTATION_CONTEXT(2) 
PARAMETRIC_REPRESENTATION_CONTEXT() REPRESENTATION_CONTEXT('2D SPACE',''
  ) );
#556 = PCURVE('',#474,#557);
#557 = DEFINITIONAL_REPRESENTATION('',(#558),#562);
#558 = LINE('',#559,#560);
#559 = CARTESIAN_POINT('',(4.138911435803E-13,-35.));
#560 = VECTOR('',#561,1.);
#561 = DIRECTION('',(-1.,-0.));
#562 = ( GEOMETRIC_REPRESENTATION_CONTEXT(2) 
PARAMETRIC_REPRESENTATION_CONTEXT() REPRESENTATION_CONTEXT('2D SPACE',''
  ) );
#563 = FACE_BOUND('',#564,.F.);
#564 = EDGE_LOOP('',(#565));
#565 = ORIENTED_EDGE('',*,*,#566,.T.);
#566 = EDGE_CURVE('',#567,#567,#569,.T.);
#567 = VERTEX_POINT('',#568);
#568 = CARTESIAN_POINT('',(-138.7,86.,17.));
#569 = SURFACE_CURVE('',#570,(#575,#582),.PCURVE_S1.);
#570 = CIRCLE('',#571,1.7);
#571 = AXIS2_PLACEMENT_3D('',#572,#573,#574);
#572 = CARTESIAN_POINT('',(-137.,86.,17.));
#573 = DIRECTION('',(0.,0.,1.));
#574 = DIRECTION('',(-1.,-0.,-0.));
#575 = PCURVE('',#97,#576);
#576 = DEFINITIONAL_REPRESENTATION('',(#577),#581);
#577 = CIRCLE('',#578,1.7);
#578 = AXIS2_PLACEMENT_2D('',#579,#580);
#579 = CARTESIAN_POINT('',(8.,8.));
#580 = DIRECTION('',(-1.,0.));
#581 = ( GEOMETRIC_REPRESENTATION_CONTEXT(2) 
PARAMETRIC_REPRESENTATION_CONTEXT() REPRESENTATION_CONTEXT('2D SPACE',''
  ) );
#582 = PCURVE('',#224,#583);
#583 = DEFINITIONAL_REPRESENTATION('',(#584),#588);
#584 = LINE('',#585,#586);
#585 = CARTESIAN_POINT('',(4.138911435803E-13,-35.));
#586 = VECTOR('',#587,1.);
#587 = DIRECTION('',(-1.,-0.));
#588 = ( GEOMETRIC_REPRESENTATION_CONTEXT(2) 
PARAMETRIC_REPRESENTATION_CONTEXT() REPRESENTATION_CONTEXT('2D SPACE',''
  ) );
#589 = FACE_BOUND('',#590,.F.);
#590 = EDGE_LOOP('',(#591));
#591 = ORIENTED_EDGE('',*,*,#592,.T.);
#592 = EDGE_CURVE('',#593,#593,#595,.T.);
#593 = VERTEX_POINT('',#594);
#594 = CARTESIAN_POINT('',(-149.5,78.,17.));
#595 = SURFACE_CURVE('',#596,(#601,#608),.PCURVE_S1.);
#596 = CIRCLE('',#597,4.5);
#597 = AXIS2_PLACEMENT_3D('',#598,#599,#600);
#598 = CARTESIAN_POINT('',(-145.,78.,17.));
#599 = DIRECTION('',(0.,0.,1.));
#600 = DIRECTION('',(-1.,-0.,-0.));
#601 = PCURVE('',#97,#602);
#602 = DEFINITIONAL_REPRESENTATION('',(#603),#607);
#603 = CIRCLE('',#604,4.5);
#604 = AXIS2_PLACEMENT_2D('',#605,#606);
#605 = CARTESIAN_POINT('',(0.,0.));
#606 = DIRECTION('',(-1.,0.));
#607 = ( GEOMETRIC_REPRESENTATION_CONTEXT(2) 
PARAMETRIC_REPRESENTATION_CONTEXT() REPRESENTATION_CONTEXT('2D SPACE',''
  ) );
#608 = PCURVE('',#609,#614);
#609 = CYLINDRICAL_SURFACE('',#610,4.5);
#610 = AXIS2_PLACEMENT_3D('',#611,#612,#613);
#611 = CARTESIAN_POINT('',(-145.,78.,-18.));
#612 = DIRECTION('',(0.,-0.,-1.));
#613 = DIRECTION('',(-1.,-0.,-0.));
#614 = DEFINITIONAL_REPRESENTATION('',(#615),#619);
#615 = LINE('',#616,#617);
#616 = CARTESIAN_POINT('',(4.138911435803E-13,-35.));
#617 = VECTOR('',#618,1.);
#618 = DIRECTION('',(-1.,-0.));
#619 = ( GEOMETRIC_REPRESENTATION_CONTEXT(2) 
PARAMETRIC_REPRESENTATION_CONTEXT() REPRESENTATION_CONTEXT('2D SPACE',''
  ) );
#620 = FACE_BOUND('',#621,.F.);
#621 = EDGE_LOOP('',(#622));
#622 = ORIENTED_EDGE('',*,*,#623,.T.);
#623 = EDGE_CURVE('',#624,#624,#626,.T.);
#624 = VERTEX_POINT('',#625);
#625 = CARTESIAN_POINT('',(-154.7,86.,17.));
#626 = SURFACE_CURVE('',#627,(#632,#639),.PCURVE_S1.);
#627 = CIRCLE('',#628,1.7);
#628 = AXIS2_PLACEMENT_3D('',#629,#630,#631);
#629 = CARTESIAN_POINT('',(-153.,86.,17.));
#630 = DIRECTION('',(0.,0.,1.));
#631 = DIRECTION('',(-1.,-0.,-0.));
#632 = PCURVE('',#97,#633);
#633 = DEFINITIONAL_REPRESENTATION('',(#634),#638);
#634 = CIRCLE('',#635,1.7);
#635 = AXIS2_PLACEMENT_2D('',#636,#637);
#636 = CARTESIAN_POINT('',(-8.,8.));
#637 = DIRECTION('',(-1.,0.));
#638 = ( GEOMETRIC_REPRESENTATION_CONTEXT(2) 
PARAMETRIC_REPRESENTATION_CONTEXT() REPRESENTATION_CONTEXT('2D SPACE',''
  ) );
#639 = PCURVE('',#393,#640);
#640 = DEFINITIONAL_REPRESENTATION('',(#641),#645);
#641 = LINE('',#642,#643);
#642 = CARTESIAN_POINT('',(4.138911435803E-13,-35.));
#643 = VECTOR('',#644,1.);
#644 = DIRECTION('',(-1.,-0.));
#645 = ( GEOMETRIC_REPRESENTATION_CONTEXT(2) 
PARAMETRIC_REPRESENTATION_CONTEXT() REPRESENTATION_CONTEXT('2D SPACE',''
  ) );
#646 = ADVANCED_FACE('',(#647,#720),#138,.F.);
#647 = FACE_BOUND('',#648,.T.);
#648 = EDGE_LOOP('',(#649,#679,#699,#700));
#649 = ORIENTED_EDGE('',*,*,#650,.F.);
#650 = EDGE_CURVE('',#651,#653,#655,.T.);
#651 = VERTEX_POINT('',#652);
#652 = CARTESIAN_POINT('',(-138.3747727084,69.,-18.));
#653 = VERTEX_POINT('',#654);
#654 = CARTESIAN_POINT('',(-151.6252272915,69.,-18.));
#655 = SURFACE_CURVE('',#656,(#660,#667),.PCURVE_S1.);
#656 = LINE('',#657,#658);
#657 = CARTESIAN_POINT('',(-136.,69.,-18.));
#658 = VECTOR('',#659,1.);
#659 = DIRECTION('',(-1.,-0.,-0.));
#660 = PCURVE('',#138,#661);
#661 = DEFINITIONAL_REPRESENTATION('',(#662),#666);
#662 = LINE('',#663,#664);
#663 = CARTESIAN_POINT('',(-0.,-0.));
#664 = VECTOR('',#665,1.);
#665 = DIRECTION('',(-0.,1.));
#666 = ( GEOMETRIC_REPRESENTATION_CONTEXT(2) 
PARAMETRIC_REPRESENTATION_CONTEXT() REPRESENTATION_CONTEXT('2D SPACE',''
  ) );
#667 = PCURVE('',#668,#673);
#668 = PLANE('',#669);
#669 = AXIS2_PLACEMENT_3D('',#670,#671,#672);
#670 = CARTESIAN_POINT('',(-136.,69.,-18.));
#671 = DIRECTION('',(-0.,-0.,1.));
#672 = DIRECTION('',(1.,0.,0.));
#673 = DEFINITIONAL_REPRESENTATION('',(#674),#678);
#674 = LINE('',#675,#676);
#675 = CARTESIAN_POINT('',(0.,-0.));
#676 = VECTOR('',#677,1.);
#677 = DIRECTION('',(-1.,0.));
#678 = ( GEOMETRIC_REPRESENTATION_CONTEXT(2) 
PARAMETRIC_REPRESENTATION_CONTEXT() REPRESENTATION_CONTEXT('2D SPACE',''
  ) );
#679 = ORIENTED_EDGE('',*,*,#680,.F.);
#680 = EDGE_CURVE('',#121,#651,#681,.T.);
#681 = SURFACE_CURVE('',#682,(#686,#693),.PCURVE_S1.);
#682 = LINE('',#683,#684);
#683 = CARTESIAN_POINT('',(-138.3747727084,69.,-18.));
#684 = VECTOR('',#685,1.);
#685 = DIRECTION('',(0.,-0.,-1.));
#686 = PCURVE('',#138,#687);
#687 = DEFINITIONAL_REPRESENTATION('',(#688),#692);
#688 = LINE('',#689,#690);
#689 = CARTESIAN_POINT('',(-0.,2.37477270848));
#690 = VECTOR('',#691,1.);
#691 = DIRECTION('',(1.,-0.));
#692 = ( GEOMETRIC_REPRESENTATION_CONTEXT(2) 
PARAMETRIC_REPRESENTATION_CONTEXT() REPRESENTATION_CONTEXT('2D SPACE',''
  ) );
#693 = PCURVE('',#167,#694);
#694 = DEFINITIONAL_REPRESENTATION('',(#695),#698);
#695 = B_SPLINE_CURVE_WITH_KNOTS('',1,(#696,#697),.UNSPECIFIED.,.F.,.F.,
  (2,2),(-33.,5.999999999062E-07),.PIECEWISE_BEZIER_KNOTS.);
#696 = CARTESIAN_POINT('',(-0.628874925495,-33.));
#697 = CARTESIAN_POINT('',(-0.628874925495,5.999999999062E-07));
#698 = ( GEOMETRIC_REPRESENTATION_CONTEXT(2) 
PARAMETRIC_REPRESENTATION_CONTEXT() REPRESENTATION_CONTEXT('2D SPACE',''
  ) );
#699 = ORIENTED_EDGE('',*,*,#120,.T.);
#700 = ORIENTED_EDGE('',*,*,#701,.T.);
#701 = EDGE_CURVE('',#123,#653,#702,.T.);
#702 = SURFACE_CURVE('',#703,(#707,#714),.PCURVE_S1.);
#703 = LINE('',#704,#705);
#704 = CARTESIAN_POINT('',(-151.6252272915,69.,-18.));
#705 = VECTOR('',#706,1.);
#706 = DIRECTION('',(0.,-0.,-1.));
#707 = PCURVE('',#138,#708);
#708 = DEFINITIONAL_REPRESENTATION('',(#709),#713);
#709 = LINE('',#710,#711);
#710 = CARTESIAN_POINT('',(-0.,15.62522729151));
#711 = VECTOR('',#712,1.);
#712 = DIRECTION('',(1.,-0.));
#713 = ( GEOMETRIC_REPRESENTATION_CONTEXT(2) 
PARAMETRIC_REPRESENTATION_CONTEXT() REPRESENTATION_CONTEXT('2D SPACE',''
  ) );
#714 = PCURVE('',#474,#715);
#715 = DEFINITIONAL_REPRESENTATION('',(#716),#719);
#716 = B_SPLINE_CURVE_WITH_KNOTS('',1,(#717,#718),.UNSPECIFIED.,.F.,.F.,
  (2,2),(-33.,5.999999999062E-07),.PIECEWISE_BEZIER_KNOTS.);
#717 = CARTESIAN_POINT('',(-2.512717728095,-33.));
#718 = CARTESIAN_POINT('',(-2.512717728095,5.999999999062E-07));
#719 = ( GEOMETRIC_REPRESENTATION_CONTEXT(2) 
PARAMETRIC_REPRESENTATION_CONTEXT() REPRESENTATION_CONTEXT('2D SPACE',''
  ) );
#720 = FACE_BOUND('',#721,.T.);
#721 = EDGE_LOOP('',(#722,#747,#775,#798));
#722 = ORIENTED_EDGE('',*,*,#723,.F.);
#723 = EDGE_CURVE('',#724,#726,#728,.T.);
#724 = VERTEX_POINT('',#725);
#725 = CARTESIAN_POINT('',(-146.,69.,11.196721311475));
#726 = VERTEX_POINT('',#727);
#727 = CARTESIAN_POINT('',(-146.,69.,-4.526315789474));
#728 = SURFACE_CURVE('',#729,(#733,#740),.PCURVE_S1.);
#729 = LINE('',#730,#731);
#730 = CARTESIAN_POINT('',(-146.,69.,-46.27642618667));
#731 = VECTOR('',#732,1.);
#732 = DIRECTION('',(-0.,-0.,-1.));
#733 = PCURVE('',#138,#734);
#734 = DEFINITIONAL_REPRESENTATION('',(#735),#739);
#735 = LINE('',#736,#737);
#736 = CARTESIAN_POINT('',(28.27642618667,10.));
#737 = VECTOR('',#738,1.);
#738 = DIRECTION('',(1.,-0.));
#739 = ( GEOMETRIC_REPRESENTATION_CONTEXT(2) 
PARAMETRIC_REPRESENTATION_CONTEXT() REPRESENTATION_CONTEXT('2D SPACE',''
  ) );
#740 = PCURVE('',#336,#741);
#741 = DEFINITIONAL_REPRESENTATION('',(#742),#746);
#742 = LINE('',#743,#744);
#743 = CARTESIAN_POINT('',(28.27642618668,-10.43614528075));
#744 = VECTOR('',#745,1.);
#745 = DIRECTION('',(-1.,0.));
#746 = ( GEOMETRIC_REPRESENTATION_CONTEXT(2) 
PARAMETRIC_REPRESENTATION_CONTEXT() REPRESENTATION_CONTEXT('2D SPACE',''
  ) );
#747 = ORIENTED_EDGE('',*,*,#748,.T.);
#748 = EDGE_CURVE('',#724,#749,#751,.T.);
#749 = VERTEX_POINT('',#750);
#750 = CARTESIAN_POINT('',(-141.,69.,11.196721311475));
#751 = SURFACE_CURVE('',#752,(#756,#763),.PCURVE_S1.);
#752 = LINE('',#753,#754);
#753 = CARTESIAN_POINT('',(-138.5,69.,11.196721311475));
#754 = VECTOR('',#755,1.);
#755 = DIRECTION('',(1.,-0.,-0.));
#756 = PCURVE('',#138,#757);
#757 = DEFINITIONAL_REPRESENTATION('',(#758),#762);
#758 = LINE('',#759,#760);
#759 = CARTESIAN_POINT('',(-29.19672131147,2.5));
#760 = VECTOR('',#761,1.);
#761 = DIRECTION('',(-0.,-1.));
#762 = ( GEOMETRIC_REPRESENTATION_CONTEXT(2) 
PARAMETRIC_REPRESENTATION_CONTEXT() REPRESENTATION_CONTEXT('2D SPACE',''
  ) );
#763 = PCURVE('',#764,#769);
#764 = PLANE('',#765);
#765 = AXIS2_PLACEMENT_3D('',#766,#767,#768);
#766 = CARTESIAN_POINT('',(-141.,9.,-37.));
#767 = DIRECTION('',(-0.,-0.626252420424,0.77962036012));
#768 = DIRECTION('',(0.,-0.77962036012,-0.626252420424));
#769 = DEFINITIONAL_REPRESENTATION('',(#770),#774);
#770 = LINE('',#771,#772);
#771 = CARTESIAN_POINT('',(-76.96053498499,2.5));
#772 = VECTOR('',#773,1.);
#773 = DIRECTION('',(-0.,1.));
#774 = ( GEOMETRIC_REPRESENTATION_CONTEXT(2) 
PARAMETRIC_REPRESENTATION_CONTEXT() REPRESENTATION_CONTEXT('2D SPACE',''
  ) );
#775 = ORIENTED_EDGE('',*,*,#776,.T.);
#776 = EDGE_CURVE('',#749,#777,#779,.T.);
#777 = VERTEX_POINT('',#778);
#778 = CARTESIAN_POINT('',(-141.,69.,-4.526315789474));
#779 = SURFACE_CURVE('',#780,(#784,#791),.PCURVE_S1.);
#780 = LINE('',#781,#782);
#781 = CARTESIAN_POINT('',(-141.,69.,-46.27642618667));
#782 = VECTOR('',#783,1.);
#783 = DIRECTION('',(-0.,-0.,-1.));
#784 = PCURVE('',#138,#785);
#785 = DEFINITIONAL_REPRESENTATION('',(#786),#790);
#786 = LINE('',#787,#788);
#787 = CARTESIAN_POINT('',(28.27642618667,5.));
#788 = VECTOR('',#789,1.);
#789 = DIRECTION('',(1.,-0.));
#790 = ( GEOMETRIC_REPRESENTATION_CONTEXT(2) 
PARAMETRIC_REPRESENTATION_CONTEXT() REPRESENTATION_CONTEXT('2D SPACE',''
  ) );
#791 = PCURVE('',#280,#792);
#792 = DEFINITIONAL_REPRESENTATION('',(#793),#797);
#793 = LINE('',#794,#795);
#794 = CARTESIAN_POINT('',(28.27642618668,-10.43614528075));
#795 = VECTOR('',#796,1.);
#796 = DIRECTION('',(-1.,0.));
#797 = ( GEOMETRIC_REPRESENTATION_CONTEXT(2) 
PARAMETRIC_REPRESENTATION_CONTEXT() REPRESENTATION_CONTEXT('2D SPACE',''
  ) );
#798 = ORIENTED_EDGE('',*,*,#799,.F.);
#799 = EDGE_CURVE('',#726,#777,#800,.T.);
#800 = SURFACE_CURVE('',#801,(#805,#812),.PCURVE_S1.);
#801 = LINE('',#802,#803);
#802 = CARTESIAN_POINT('',(-137.5,69.,-4.526315789474));
#803 = VECTOR('',#804,1.);
#804 = DIRECTION('',(1.,-0.,-0.));
#805 = PCURVE('',#138,#806);
#806 = DEFINITIONAL_REPRESENTATION('',(#807),#811);
#807 = LINE('',#808,#809);
#808 = CARTESIAN_POINT('',(-13.47368421052,1.5));
#809 = VECTOR('',#810,1.);
#810 = DIRECTION('',(-0.,-1.));
#811 = ( GEOMETRIC_REPRESENTATION_CONTEXT(2) 
PARAMETRIC_REPRESENTATION_CONTEXT() REPRESENTATION_CONTEXT('2D SPACE',''
  ) );
#812 = PCURVE('',#813,#818);
#813 = PLANE('',#814);
#814 = AXIS2_PLACEMENT_3D('',#815,#816,#817);
#815 = CARTESIAN_POINT('',(-139.,18.,-43.));
#816 = DIRECTION('',(-0.,-0.602238533698,0.798316195833));
#817 = DIRECTION('',(0.,-0.798316195833,-0.602238533698));
#818 = DEFINITIONAL_REPRESENTATION('',(#819),#823);
#819 = LINE('',#820,#821);
#820 = CARTESIAN_POINT('',(-63.88446115239,1.5));
#821 = VECTOR('',#822,1.);
#822 = DIRECTION('',(-0.,1.));
#823 = ( GEOMETRIC_REPRESENTATION_CONTEXT(2) 
PARAMETRIC_REPRESENTATION_CONTEXT() REPRESENTATION_CONTEXT('2D SPACE',''
  ) );
#824 = ADVANCED_FACE('',(#825),#474,.F.);
#825 = FACE_BOUND('',#826,.T.);
#826 = EDGE_LOOP('',(#827,#849,#875,#876,#877,#898,#899,#900));
#827 = ORIENTED_EDGE('',*,*,#828,.T.);
#828 = EDGE_CURVE('',#430,#829,#831,.T.);
#829 = VERTEX_POINT('',#830);
#830 = CARTESIAN_POINT('',(-154.,71.374772708487,-18.));
#831 = SURFACE_CURVE('',#832,(#836,#842),.PCURVE_S1.);
#832 = LINE('',#833,#834);
#833 = CARTESIAN_POINT('',(-154.,71.374772708487,-18.));
#834 = VECTOR('',#835,1.);
#835 = DIRECTION('',(0.,-0.,-1.));
#836 = PCURVE('',#474,#837);
#837 = DEFINITIONAL_REPRESENTATION('',(#838),#841);
#838 = B_SPLINE_CURVE_WITH_KNOTS('',1,(#839,#840),.UNSPECIFIED.,.F.,.F.,
  (2,2),(-33.,5.999999999062E-07),.PIECEWISE_BEZIER_KNOTS.);
#839 = CARTESIAN_POINT('',(-5.34126390588,-33.));
#840 = CARTESIAN_POINT('',(-5.34126390588,5.999999999062E-07));
#841 = ( GEOMETRIC_REPRESENTATION_CONTEXT(2) 
PARAMETRIC_REPRESENTATION_CONTEXT() REPRESENTATION_CONTEXT('2D SPACE',''
  ) );
#842 = PCURVE('',#445,#843);
#843 = DEFINITIONAL_REPRESENTATION('',(#844),#848);
#844 = LINE('',#845,#846);
#845 = CARTESIAN_POINT('',(-0.,-2.374772708487));
#846 = VECTOR('',#847,1.);
#847 = DIRECTION('',(1.,-0.));
#848 = ( GEOMETRIC_REPRESENTATION_CONTEXT(2) 
PARAMETRIC_REPRESENTATION_CONTEXT() REPRESENTATION_CONTEXT('2D SPACE',''
  ) );
#849 = ORIENTED_EDGE('',*,*,#850,.T.);
#850 = EDGE_CURVE('',#829,#653,#851,.T.);
#851 = SURFACE_CURVE('',#852,(#857,#864),.PCURVE_S1.);
#852 = CIRCLE('',#853,1.7);
#853 = AXIS2_PLACEMENT_3D('',#854,#855,#856);
#854 = CARTESIAN_POINT('',(-153.,70.,-18.));
#855 = DIRECTION('',(0.,0.,-1.));
#856 = DIRECTION('',(-1.,-0.,-0.));
#857 = PCURVE('',#474,#858);
#858 = DEFINITIONAL_REPRESENTATION('',(#859),#863);
#859 = LINE('',#860,#861);
#860 = CARTESIAN_POINT('',(-6.28318530718,0.));
#861 = VECTOR('',#862,1.);
#862 = DIRECTION('',(1.,-0.));
#863 = ( GEOMETRIC_REPRESENTATION_CONTEXT(2) 
PARAMETRIC_REPRESENTATION_CONTEXT() REPRESENTATION_CONTEXT('2D SPACE',''
  ) );
#864 = PCURVE('',#668,#865);
#865 = DEFINITIONAL_REPRESENTATION('',(#866),#874);
#866 = ( BOUNDED_CURVE() B_SPLINE_CURVE(2,(#867,#868,#869,#870,#871,#872
,#873),.UNSPECIFIED.,.T.,.F.) B_SPLINE_CURVE_WITH_KNOTS((1,2,2,2,2,1),(
    -2.094395102393,0.,2.094395102393,4.188790204786,6.28318530718,
8.377580409573),.UNSPECIFIED.) CURVE() GEOMETRIC_REPRESENTATION_ITEM() 
RATIONAL_B_SPLINE_CURVE((1.,0.5,1.,0.5,1.,0.5,1.)) REPRESENTATION_ITEM(
  '') );
#867 = CARTESIAN_POINT('',(-18.7,1.));
#868 = CARTESIAN_POINT('',(-18.7,3.944486372867));
#869 = CARTESIAN_POINT('',(-16.15,2.472243186434));
#870 = CARTESIAN_POINT('',(-13.6,1.));
#871 = CARTESIAN_POINT('',(-16.15,-0.472243186434));
#872 = CARTESIAN_POINT('',(-18.7,-1.944486372867));
#873 = CARTESIAN_POINT('',(-18.7,1.));
#874 = ( GEOMETRIC_REPRESENTATION_CONTEXT(2) 
PARAMETRIC_REPRESENTATION_CONTEXT() REPRESENTATION_CONTEXT('2D SPACE',''
  ) );
#875 = ORIENTED_EDGE('',*,*,#701,.F.);
#876 = ORIENTED_EDGE('',*,*,#486,.F.);
#877 = ORIENTED_EDGE('',*,*,#878,.T.);
#878 = EDGE_CURVE('',#458,#541,#879,.T.);
#879 = SEAM_CURVE('',#880,(#884,#891),.PCURVE_S1.);
#880 = LINE('',#881,#882);
#881 = CARTESIAN_POINT('',(-154.7,70.,-18.));
#882 = VECTOR('',#883,1.);
#883 = DIRECTION('',(-0.,-0.,1.));
#884 = PCURVE('',#474,#885);
#885 = DEFINITIONAL_REPRESENTATION('',(#886),#890);
#886 = LINE('',#887,#888);
#887 = CARTESIAN_POINT('',(4.138911435803E-13,-0.));
#888 = VECTOR('',#889,1.);
#889 = DIRECTION('',(-0.,-1.));
#890 = ( GEOMETRIC_REPRESENTATION_CONTEXT(2) 
PARAMETRIC_REPRESENTATION_CONTEXT() REPRESENTATION_CONTEXT('2D SPACE',''
  ) );
#891 = PCURVE('',#474,#892);
#892 = DEFINITIONAL_REPRESENTATION('',(#893),#897);
#893 = LINE('',#894,#895);
#894 = CARTESIAN_POINT('',(-6.28318530718,0.));
#895 = VECTOR('',#896,1.);
#896 = DIRECTION('',(-0.,-1.));
#897 = ( GEOMETRIC_REPRESENTATION_CONTEXT(2) 
PARAMETRIC_REPRESENTATION_CONTEXT() REPRESENTATION_CONTEXT('2D SPACE',''
  ) );
#898 = ORIENTED_EDGE('',*,*,#540,.T.);
#899 = ORIENTED_EDGE('',*,*,#878,.F.);
#900 = ORIENTED_EDGE('',*,*,#457,.F.);
#901 = ADVANCED_FACE('',(#902),#445,.T.);
#902 = FACE_BOUND('',#903,.F.);
#903 = EDGE_LOOP('',(#904,#905,#906,#929));
#904 = ORIENTED_EDGE('',*,*,#429,.F.);
#905 = ORIENTED_EDGE('',*,*,#828,.T.);
#906 = ORIENTED_EDGE('',*,*,#907,.T.);
#907 = EDGE_CURVE('',#829,#908,#910,.T.);
#908 = VERTEX_POINT('',#909);
#909 = CARTESIAN_POINT('',(-154.,84.625227291513,-18.));
#910 = SURFACE_CURVE('',#911,(#915,#922),.PCURVE_S1.);
#911 = LINE('',#912,#913);
#912 = CARTESIAN_POINT('',(-154.,69.,-18.));
#913 = VECTOR('',#914,1.);
#914 = DIRECTION('',(-0.,1.,-0.));
#915 = PCURVE('',#445,#916);
#916 = DEFINITIONAL_REPRESENTATION('',(#917),#921);
#917 = LINE('',#918,#919);
#918 = CARTESIAN_POINT('',(-0.,-0.));
#919 = VECTOR('',#920,1.);
#920 = DIRECTION('',(-0.,-1.));
#921 = ( GEOMETRIC_REPRESENTATION_CONTEXT(2) 
PARAMETRIC_REPRESENTATION_CONTEXT() REPRESENTATION_CONTEXT('2D SPACE',''
  ) );
#922 = PCURVE('',#668,#923);
#923 = DEFINITIONAL_REPRESENTATION('',(#924),#928);
#924 = LINE('',#925,#926);
#925 = CARTESIAN_POINT('',(-18.,0.));
#926 = VECTOR('',#927,1.);
#927 = DIRECTION('',(-0.,1.));
#928 = ( GEOMETRIC_REPRESENTATION_CONTEXT(2) 
PARAMETRIC_REPRESENTATION_CONTEXT() REPRESENTATION_CONTEXT('2D SPACE',''
  ) );
#929 = ORIENTED_EDGE('',*,*,#930,.F.);
#930 = EDGE_CURVE('',#406,#908,#931,.T.);
#931 = SURFACE_CURVE('',#932,(#936,#943),.PCURVE_S1.);
#932 = LINE('',#933,#934);
#933 = CARTESIAN_POINT('',(-154.,84.625227291513,-18.));
#934 = VECTOR('',#935,1.);
#935 = DIRECTION('',(0.,-0.,-1.));
#936 = PCURVE('',#445,#937);
#937 = DEFINITIONAL_REPRESENTATION('',(#938),#942);
#938 = LINE('',#939,#940);
#939 = CARTESIAN_POINT('',(-0.,-15.62522729151));
#940 = VECTOR('',#941,1.);
#941 = DIRECTION('',(1.,-0.));
#942 = ( GEOMETRIC_REPRESENTATION_CONTEXT(2) 
PARAMETRIC_REPRESENTATION_CONTEXT() REPRESENTATION_CONTEXT('2D SPACE',''
  ) );
#943 = PCURVE('',#393,#944);
#944 = DEFINITIONAL_REPRESENTATION('',(#945),#948);
#945 = B_SPLINE_CURVE_WITH_KNOTS('',1,(#946,#947),.UNSPECIFIED.,.F.,.F.,
  (2,2),(-33.,5.999999999062E-07),.PIECEWISE_BEZIER_KNOTS.);
#946 = CARTESIAN_POINT('',(-0.9419214013,-33.));
#947 = CARTESIAN_POINT('',(-0.9419214013,5.999999999062E-07));
#948 = ( GEOMETRIC_REPRESENTATION_CONTEXT(2) 
PARAMETRIC_REPRESENTATION_CONTEXT() REPRESENTATION_CONTEXT('2D SPACE',''
  ) );
#949 = ADVANCED_FACE('',(#950),#393,.F.);
#950 = FACE_BOUND('',#951,.T.);
#951 = EDGE_LOOP('',(#952,#974,#1000,#1001,#1002,#1023,#1024,#1025));
#952 = ORIENTED_EDGE('',*,*,#953,.T.);
#953 = EDGE_CURVE('',#349,#954,#956,.T.);
#954 = VERTEX_POINT('',#955);
#955 = CARTESIAN_POINT('',(-151.6252272915,87.,-18.));
#956 = SURFACE_CURVE('',#957,(#961,#967),.PCURVE_S1.);
#957 = LINE('',#958,#959);
#958 = CARTESIAN_POINT('',(-151.6252272915,87.,-18.));
#959 = VECTOR('',#960,1.);
#960 = DIRECTION('',(0.,-0.,-1.));
#961 = PCURVE('',#393,#962);
#962 = DEFINITIONAL_REPRESENTATION('',(#963),#966);
#963 = B_SPLINE_CURVE_WITH_KNOTS('',1,(#964,#965),.UNSPECIFIED.,.F.,.F.,
  (2,2),(-33.,5.999999999062E-07),.PIECEWISE_BEZIER_KNOTS.);
#964 = CARTESIAN_POINT('',(-3.770467579085,-33.));
#965 = CARTESIAN_POINT('',(-3.770467579085,5.999999999062E-07));
#966 = ( GEOMETRIC_REPRESENTATION_CONTEXT(2) 
PARAMETRIC_REPRESENTATION_CONTEXT() REPRESENTATION_CONTEXT('2D SPACE',''
  ) );
#967 = PCURVE('',#364,#968);
#968 = DEFINITIONAL_REPRESENTATION('',(#969),#973);
#969 = LINE('',#970,#971);
#970 = CARTESIAN_POINT('',(-0.,15.62522729151));
#971 = VECTOR('',#972,1.);
#972 = DIRECTION('',(1.,-0.));
#973 = ( GEOMETRIC_REPRESENTATION_CONTEXT(2) 
PARAMETRIC_REPRESENTATION_CONTEXT() REPRESENTATION_CONTEXT('2D SPACE',''
  ) );
#974 = ORIENTED_EDGE('',*,*,#975,.T.);
#975 = EDGE_CURVE('',#954,#908,#976,.T.);
#976 = SURFACE_CURVE('',#977,(#982,#989),.PCURVE_S1.);
#977 = CIRCLE('',#978,1.7);
#978 = AXIS2_PLACEMENT_3D('',#979,#980,#981);
#979 = CARTESIAN_POINT('',(-153.,86.,-18.));
#980 = DIRECTION('',(0.,0.,-1.));
#981 = DIRECTION('',(-1.,-0.,-0.));
#982 = PCURVE('',#393,#983);
#983 = DEFINITIONAL_REPRESENTATION('',(#984),#988);
#984 = LINE('',#985,#986);
#985 = CARTESIAN_POINT('',(-6.28318530718,0.));
#986 = VECTOR('',#987,1.);
#987 = DIRECTION('',(1.,-0.));
#988 = ( GEOMETRIC_REPRESENTATION_CONTEXT(2) 
PARAMETRIC_REPRESENTATION_CONTEXT() REPRESENTATION_CONTEXT('2D SPACE',''
  ) );
#989 = PCURVE('',#668,#990);
#990 = DEFINITIONAL_REPRESENTATION('',(#991),#999);
#991 = ( BOUNDED_CURVE() B_SPLINE_CURVE(2,(#992,#993,#994,#995,#996,#997
,#998),.UNSPECIFIED.,.T.,.F.) B_SPLINE_CURVE_WITH_KNOTS((1,2,2,2,2,1),(
    -2.094395102393,0.,2.094395102393,4.188790204786,6.28318530718,
8.377580409573),.UNSPECIFIED.) CURVE() GEOMETRIC_REPRESENTATION_ITEM() 
RATIONAL_B_SPLINE_CURVE((1.,0.5,1.,0.5,1.,0.5,1.)) REPRESENTATION_ITEM(
  '') );
#992 = CARTESIAN_POINT('',(-18.7,17.));
#993 = CARTESIAN_POINT('',(-18.7,19.944486372867));
#994 = CARTESIAN_POINT('',(-16.15,18.472243186434));
#995 = CARTESIAN_POINT('',(-13.6,17.));
#996 = CARTESIAN_POINT('',(-16.15,15.527756813566));
#997 = CARTESIAN_POINT('',(-18.7,14.055513627133));
#998 = CARTESIAN_POINT('',(-18.7,17.));
#999 = ( GEOMETRIC_REPRESENTATION_CONTEXT(2) 
PARAMETRIC_REPRESENTATION_CONTEXT() REPRESENTATION_CONTEXT('2D SPACE',''
  ) );
#1000 = ORIENTED_EDGE('',*,*,#930,.F.);
#1001 = ORIENTED_EDGE('',*,*,#405,.F.);
#1002 = ORIENTED_EDGE('',*,*,#1003,.T.);
#1003 = EDGE_CURVE('',#377,#624,#1004,.T.);
#1004 = SEAM_CURVE('',#1005,(#1009,#1016),.PCURVE_S1.);
#1005 = LINE('',#1006,#1007);
#1006 = CARTESIAN_POINT('',(-154.7,86.,-18.));
#1007 = VECTOR('',#1008,1.);
#1008 = DIRECTION('',(-0.,-0.,1.));
#1009 = PCURVE('',#393,#1010);
#1010 = DEFINITIONAL_REPRESENTATION('',(#1011),#1015);
#1011 = LINE('',#1012,#1013);
#1012 = CARTESIAN_POINT('',(4.138911435803E-13,-0.));
#1013 = VECTOR('',#1014,1.);
#1014 = DIRECTION('',(-0.,-1.));
#1015 = ( GEOMETRIC_REPRESENTATION_CONTEXT(2) 
PARAMETRIC_REPRESENTATION_CONTEXT() REPRESENTATION_CONTEXT('2D SPACE',''
  ) );
#1016 = PCURVE('',#393,#1017);
#1017 = DEFINITIONAL_REPRESENTATION('',(#1018),#1022);
#1018 = LINE('',#1019,#1020);
#1019 = CARTESIAN_POINT('',(-6.28318530718,0.));
#1020 = VECTOR('',#1021,1.);
#1021 = DIRECTION('',(-0.,-1.));
#1022 = ( GEOMETRIC_REPRESENTATION_CONTEXT(2) 
PARAMETRIC_REPRESENTATION_CONTEXT() REPRESENTATION_CONTEXT('2D SPACE',''
  ) );
#1023 = ORIENTED_EDGE('',*,*,#623,.T.);
#1024 = ORIENTED_EDGE('',*,*,#1003,.F.);
#1025 = ORIENTED_EDGE('',*,*,#376,.F.);
#1026 = ADVANCED_FACE('',(#1027),#364,.T.);
#1027 = FACE_BOUND('',#1028,.F.);
#1028 = EDGE_LOOP('',(#1029,#1052,#1073,#1074));
#1029 = ORIENTED_EDGE('',*,*,#1030,.F.);
#1030 = EDGE_CURVE('',#1031,#954,#1033,.T.);
#1031 = VERTEX_POINT('',#1032);
#1032 = CARTESIAN_POINT('',(-146.,87.,-18.));
#1033 = SURFACE_CURVE('',#1034,(#1038,#1045),.PCURVE_S1.);
#1034 = LINE('',#1035,#1036);
#1035 = CARTESIAN_POINT('',(-136.,87.,-18.));
#1036 = VECTOR('',#1037,1.);
#1037 = DIRECTION('',(-1.,-0.,-0.));
#1038 = PCURVE('',#364,#1039);
#1039 = DEFINITIONAL_REPRESENTATION('',(#1040),#1044);
#1040 = LINE('',#1041,#1042);
#1041 = CARTESIAN_POINT('',(-0.,-0.));
#1042 = VECTOR('',#1043,1.);
#1043 = DIRECTION('',(-0.,1.));
#1044 = ( GEOMETRIC_REPRESENTATION_CONTEXT(2) 
PARAMETRIC_REPRESENTATION_CONTEXT() REPRESENTATION_CONTEXT('2D SPACE',''
  ) );
#1045 = PCURVE('',#668,#1046);
#1046 = DEFINITIONAL_REPRESENTATION('',(#1047),#1051);
#1047 = LINE('',#1048,#1049);
#1048 = CARTESIAN_POINT('',(0.,18.));
#1049 = VECTOR('',#1050,1.);
#1050 = DIRECTION('',(-1.,0.));
#1051 = ( GEOMETRIC_REPRESENTATION_CONTEXT(2) 
PARAMETRIC_REPRESENTATION_CONTEXT() REPRESENTATION_CONTEXT('2D SPACE',''
  ) );
#1052 = ORIENTED_EDGE('',*,*,#1053,.F.);
#1053 = EDGE_CURVE('',#321,#1031,#1054,.T.);
#1054 = SURFACE_CURVE('',#1055,(#1059,#1066),.PCURVE_S1.);
#1055 = LINE('',#1056,#1057);
#1056 = CARTESIAN_POINT('',(-146.,87.,-46.27642618667));
#1057 = VECTOR('',#1058,1.);
#1058 = DIRECTION('',(-0.,-0.,-1.));
#1059 = PCURVE('',#364,#1060);
#1060 = DEFINITIONAL_REPRESENTATION('',(#1061),#1065);
#1061 = LINE('',#1062,#1063);
#1062 = CARTESIAN_POINT('',(28.27642618667,10.));
#1063 = VECTOR('',#1064,1.);
#1064 = DIRECTION('',(1.,-0.));
#1065 = ( GEOMETRIC_REPRESENTATION_CONTEXT(2) 
PARAMETRIC_REPRESENTATION_CONTEXT() REPRESENTATION_CONTEXT('2D SPACE',''
  ) );
#1066 = PCURVE('',#336,#1067);
#1067 = DEFINITIONAL_REPRESENTATION('',(#1068),#1072);
#1068 = LINE('',#1069,#1070);
#1069 = CARTESIAN_POINT('',(28.27642618668,-28.43614528075));
#1070 = VECTOR('',#1071,1.);
#1071 = DIRECTION('',(-1.,0.));
#1072 = ( GEOMETRIC_REPRESENTATION_CONTEXT(2) 
PARAMETRIC_REPRESENTATION_CONTEXT() REPRESENTATION_CONTEXT('2D SPACE',''
  ) );
#1073 = ORIENTED_EDGE('',*,*,#348,.T.);
#1074 = ORIENTED_EDGE('',*,*,#953,.T.);
#1075 = ADVANCED_FACE('',(#1076),#336,.F.);
#1076 = FACE_BOUND('',#1077,.T.);
#1077 = EDGE_LOOP('',(#1078,#1101,#1129,#1157,#1185,#1213,#1241,#1269,
    #1297,#1325,#1348,#1376,#1404,#1425,#1426,#1449,#1477,#1505,#1533,
    #1561,#1589,#1610,#1611));
#1078 = ORIENTED_EDGE('',*,*,#1079,.T.);
#1079 = EDGE_CURVE('',#293,#1080,#1082,.T.);
#1080 = VERTEX_POINT('',#1081);
#1081 = CARTESIAN_POINT('',(-146.,89.,-164.));
#1082 = SURFACE_CURVE('',#1083,(#1087,#1094),.PCURVE_S1.);
#1083 = LINE('',#1084,#1085);
#1084 = CARTESIAN_POINT('',(-146.,89.,12.));
#1085 = VECTOR('',#1086,1.);
#1086 = DIRECTION('',(-0.,-0.,-1.));
#1087 = PCURVE('',#336,#1088);
#1088 = DEFINITIONAL_REPRESENTATION('',(#1089),#1093);
#1089 = LINE('',#1090,#1091);
#1090 = CARTESIAN_POINT('',(86.55285237335,-30.43614528075));
#1091 = VECTOR('',#1092,1.);
#1092 = DIRECTION('',(-1.,0.));
#1093 = ( GEOMETRIC_REPRESENTATION_CONTEXT(2) 
PARAMETRIC_REPRESENTATION_CONTEXT() REPRESENTATION_CONTEXT('2D SPACE',''
  ) );
#1094 = PCURVE('',#308,#1095);
#1095 = DEFINITIONAL_REPRESENTATION('',(#1096),#1100);
#1096 = LINE('',#1097,#1098);
#1097 = CARTESIAN_POINT('',(-0.,-5.));
#1098 = VECTOR('',#1099,1.);
#1099 = DIRECTION('',(-1.,0.));
#1100 = ( GEOMETRIC_REPRESENTATION_CONTEXT(2) 
PARAMETRIC_REPRESENTATION_CONTEXT() REPRESENTATION_CONTEXT('2D SPACE',''
  ) );
#1101 = ORIENTED_EDGE('',*,*,#1102,.F.);
#1102 = EDGE_CURVE('',#1103,#1080,#1105,.T.);
#1103 = VERTEX_POINT('',#1104);
#1104 = CARTESIAN_POINT('',(-146.,75.953846153846,-164.));
#1105 = SURFACE_CURVE('',#1106,(#1110,#1117),.PCURVE_S1.);
#1106 = LINE('',#1107,#1108);
#1107 = CARTESIAN_POINT('',(-146.,66.781927359623,-164.));
#1108 = VECTOR('',#1109,1.);
#1109 = DIRECTION('',(-0.,1.,-0.));
#1110 = PCURVE('',#336,#1111);
#1111 = DEFINITIONAL_REPRESENTATION('',(#1112),#1116);
#1112 = LINE('',#1113,#1114);
#1113 = CARTESIAN_POINT('',(-89.44714762665,-8.218072640376));
#1114 = VECTOR('',#1115,1.);
#1115 = DIRECTION('',(-0.,-1.));
#1116 = ( GEOMETRIC_REPRESENTATION_CONTEXT(2) 
PARAMETRIC_REPRESENTATION_CONTEXT() REPRESENTATION_CONTEXT('2D SPACE',''
  ) );
#1117 = PCURVE('',#1118,#1123);
#1118 = PLANE('',#1119);
#1119 = AXIS2_PLACEMENT_3D('',#1120,#1121,#1122);
#1120 = CARTESIAN_POINT('',(-134.,75.,-164.));
#1121 = DIRECTION('',(-0.,-0.,1.));
#1122 = DIRECTION('',(1.,0.,0.));
#1123 = DEFINITIONAL_REPRESENTATION('',(#1124),#1128);
#1124 = LINE('',#1125,#1126);
#1125 = CARTESIAN_POINT('',(-12.,-8.218072640377));
#1126 = VECTOR('',#1127,1.);
#1127 = DIRECTION('',(-0.,1.));
#1128 = ( GEOMETRIC_REPRESENTATION_CONTEXT(2) 
PARAMETRIC_REPRESENTATION_CONTEXT() REPRESENTATION_CONTEXT('2D SPACE',''
  ) );
#1129 = ORIENTED_EDGE('',*,*,#1130,.T.);
#1130 = EDGE_CURVE('',#1103,#1131,#1133,.T.);
#1131 = VERTEX_POINT('',#1132);
#1132 = CARTESIAN_POINT('',(-146.,9.,-100.));
#1133 = SURFACE_CURVE('',#1134,(#1138,#1145),.PCURVE_S1.);
#1134 = LINE('',#1135,#1136);
#1135 = CARTESIAN_POINT('',(-146.,77.,-165.));
#1136 = VECTOR('',#1137,1.);
#1137 = DIRECTION('',(-0.,-0.722872686114,0.69098124408));
#1138 = PCURVE('',#336,#1139);
#1139 = DEFINITIONAL_REPRESENTATION('',(#1140),#1144);
#1140 = LINE('',#1141,#1142);
#1141 = CARTESIAN_POINT('',(-90.44714762665,-18.43614528075));
#1142 = VECTOR('',#1143,1.);
#1143 = DIRECTION('',(0.69098124408,0.722872686114));
#1144 = ( GEOMETRIC_REPRESENTATION_CONTEXT(2) 
PARAMETRIC_REPRESENTATION_CONTEXT() REPRESENTATION_CONTEXT('2D SPACE',''
  ) );
#1145 = PCURVE('',#1146,#1151);
#1146 = PLANE('',#1147);
#1147 = AXIS2_PLACEMENT_3D('',#1148,#1149,#1150);
#1148 = CARTESIAN_POINT('',(-141.,77.,-165.));
#1149 = DIRECTION('',(-0.,-0.69098124408,-0.722872686114));
#1150 = DIRECTION('',(0.,0.722872686114,-0.69098124408));
#1151 = DEFINITIONAL_REPRESENTATION('',(#1152),#1156);
#1152 = LINE('',#1153,#1154);
#1153 = CARTESIAN_POINT('',(-0.,-5.));
#1154 = VECTOR('',#1155,1.);
#1155 = DIRECTION('',(-1.,0.));
#1156 = ( GEOMETRIC_REPRESENTATION_CONTEXT(2) 
PARAMETRIC_REPRESENTATION_CONTEXT() REPRESENTATION_CONTEXT('2D SPACE',''
  ) );
#1157 = ORIENTED_EDGE('',*,*,#1158,.T.);
#1158 = EDGE_CURVE('',#1131,#1159,#1161,.T.);
#1159 = VERTEX_POINT('',#1160);
#1160 = CARTESIAN_POINT('',(-146.,9.,-97.));
#1161 = SURFACE_CURVE('',#1162,(#1166,#1173),.PCURVE_S1.);
#1162 = LINE('',#1163,#1164);
#1163 = CARTESIAN_POINT('',(-146.,9.,-100.));
#1164 = VECTOR('',#1165,1.);
#1165 = DIRECTION('',(-0.,-0.,1.));
#1166 = PCURVE('',#336,#1167);
#1167 = DEFINITIONAL_REPRESENTATION('',(#1168),#1172);
#1168 = LINE('',#1169,#1170);
#1169 = CARTESIAN_POINT('',(-25.44714762665,49.563854719247));
#1170 = VECTOR('',#1171,1.);
#1171 = DIRECTION('',(1.,-0.));
#1172 = ( GEOMETRIC_REPRESENTATION_CONTEXT(2) 
PARAMETRIC_REPRESENTATION_CONTEXT() REPRESENTATION_CONTEXT('2D SPACE',''
  ) );
#1173 = PCURVE('',#1174,#1179);
#1174 = PLANE('',#1175);
#1175 = AXIS2_PLACEMENT_3D('',#1176,#1177,#1178);
#1176 = CARTESIAN_POINT('',(-141.,9.,-100.));
#1177 = DIRECTION('',(-0.,-1.,-0.));
#1178 = DIRECTION('',(0.,0.,-1.));
#1179 = DEFINITIONAL_REPRESENTATION('',(#1180),#1184);
#1180 = LINE('',#1181,#1182);
#1181 = CARTESIAN_POINT('',(-0.,-5.));
#1182 = VECTOR('',#1183,1.);
#1183 = DIRECTION('',(-1.,0.));
#1184 = ( GEOMETRIC_REPRESENTATION_CONTEXT(2) 
PARAMETRIC_REPRESENTATION_CONTEXT() REPRESENTATION_CONTEXT('2D SPACE',''
  ) );
#1185 = ORIENTED_EDGE('',*,*,#1186,.T.);
#1186 = EDGE_CURVE('',#1159,#1187,#1189,.T.);
#1187 = VERTEX_POINT('',#1188);
#1188 = CARTESIAN_POINT('',(-146.,15.5,-97.));
#1189 = SURFACE_CURVE('',#1190,(#1194,#1201),.PCURVE_S1.);
#1190 = LINE('',#1191,#1192);
#1191 = CARTESIAN_POINT('',(-146.,31.531927359623,-97.));
#1192 = VECTOR('',#1193,1.);
#1193 = DIRECTION('',(-0.,1.,-0.));
#1194 = PCURVE('',#336,#1195);
#1195 = DEFINITIONAL_REPRESENTATION('',(#1196),#1200);
#1196 = LINE('',#1197,#1198);
#1197 = CARTESIAN_POINT('',(-22.44714762665,27.031927359624));
#1198 = VECTOR('',#1199,1.);
#1199 = DIRECTION('',(-0.,-1.));
#1200 = ( GEOMETRIC_REPRESENTATION_CONTEXT(2) 
PARAMETRIC_REPRESENTATION_CONTEXT() REPRESENTATION_CONTEXT('2D SPACE',''
  ) );
#1201 = PCURVE('',#1202,#1207);
#1202 = PLANE('',#1203);
#1203 = AXIS2_PLACEMENT_3D('',#1204,#1205,#1206);
#1204 = CARTESIAN_POINT('',(-130.,4.5,-97.));
#1205 = DIRECTION('',(-0.,-0.,1.));
#1206 = DIRECTION('',(1.,0.,0.));
#1207 = DEFINITIONAL_REPRESENTATION('',(#1208),#1212);
#1208 = LINE('',#1209,#1210);
#1209 = CARTESIAN_POINT('',(-16.,27.031927359623));
#1210 = VECTOR('',#1211,1.);
#1211 = DIRECTION('',(-0.,1.));
#1212 = ( GEOMETRIC_REPRESENTATION_CONTEXT(2) 
PARAMETRIC_REPRESENTATION_CONTEXT() REPRESENTATION_CONTEXT('2D SPACE',''
  ) );
#1213 = ORIENTED_EDGE('',*,*,#1214,.F.);
#1214 = EDGE_CURVE('',#1215,#1187,#1217,.T.);
#1215 = VERTEX_POINT('',#1216);
#1216 = CARTESIAN_POINT('',(-146.,15.5,-81.));
#1217 = SURFACE_CURVE('',#1218,(#1222,#1229),.PCURVE_S1.);
#1218 = LINE('',#1219,#1220);
#1219 = CARTESIAN_POINT('',(-146.,15.5,-85.77642618667));
#1220 = VECTOR('',#1221,1.);
#1221 = DIRECTION('',(-0.,-0.,-1.));
#1222 = PCURVE('',#336,#1223);
#1223 = DEFINITIONAL_REPRESENTATION('',(#1224),#1228);
#1224 = LINE('',#1225,#1226);
#1225 = CARTESIAN_POINT('',(-11.22357381332,43.063854719247));
#1226 = VECTOR('',#1227,1.);
#1227 = DIRECTION('',(-1.,0.));
#1228 = ( GEOMETRIC_REPRESENTATION_CONTEXT(2) 
PARAMETRIC_REPRESENTATION_CONTEXT() REPRESENTATION_CONTEXT('2D SPACE',''
  ) );
#1229 = PCURVE('',#1230,#1235);
#1230 = PLANE('',#1231);
#1231 = AXIS2_PLACEMENT_3D('',#1232,#1233,#1234);
#1232 = CARTESIAN_POINT('',(-130.,15.5,-97.));
#1233 = DIRECTION('',(-0.,1.,-0.));
#1234 = DIRECTION('',(0.,0.,-1.));
#1235 = DEFINITIONAL_REPRESENTATION('',(#1236),#1240);
#1236 = LINE('',#1237,#1238);
#1237 = CARTESIAN_POINT('',(-11.22357381333,16.));
#1238 = VECTOR('',#1239,1.);
#1239 = DIRECTION('',(1.,-0.));
#1240 = ( GEOMETRIC_REPRESENTATION_CONTEXT(2) 
PARAMETRIC_REPRESENTATION_CONTEXT() REPRESENTATION_CONTEXT('2D SPACE',''
  ) );
#1241 = ORIENTED_EDGE('',*,*,#1242,.F.);
#1242 = EDGE_CURVE('',#1243,#1215,#1245,.T.);
#1243 = VERTEX_POINT('',#1244);
#1244 = CARTESIAN_POINT('',(-146.,9.,-81.));
#1245 = SURFACE_CURVE('',#1246,(#1250,#1257),.PCURVE_S1.);
#1246 = LINE('',#1247,#1248);
#1247 = CARTESIAN_POINT('',(-146.,30.281927359623,-81.));
#1248 = VECTOR('',#1249,1.);
#1249 = DIRECTION('',(-0.,1.,-0.));
#1250 = PCURVE('',#336,#1251);
#1251 = DEFINITIONAL_REPRESENTATION('',(#1252),#1256);
#1252 = LINE('',#1253,#1254);
#1253 = CARTESIAN_POINT('',(-6.44714762665,28.281927359624));
#1254 = VECTOR('',#1255,1.);
#1255 = DIRECTION('',(-0.,-1.));
#1256 = ( GEOMETRIC_REPRESENTATION_CONTEXT(2) 
PARAMETRIC_REPRESENTATION_CONTEXT() REPRESENTATION_CONTEXT('2D SPACE',''
  ) );
#1257 = PCURVE('',#1258,#1263);
#1258 = PLANE('',#1259);
#1259 = AXIS2_PLACEMENT_3D('',#1260,#1261,#1262);
#1260 = CARTESIAN_POINT('',(-137.,2.,-81.));
#1261 = DIRECTION('',(-0.,-0.,1.));
#1262 = DIRECTION('',(1.,0.,0.));
#1263 = DEFINITIONAL_REPRESENTATION('',(#1264),#1268);
#1264 = LINE('',#1265,#1266);
#1265 = CARTESIAN_POINT('',(-9.,28.281927359623));
#1266 = VECTOR('',#1267,1.);
#1267 = DIRECTION('',(-0.,1.));
#1268 = ( GEOMETRIC_REPRESENTATION_CONTEXT(2) 
PARAMETRIC_REPRESENTATION_CONTEXT() REPRESENTATION_CONTEXT('2D SPACE',''
  ) );
#1269 = ORIENTED_EDGE('',*,*,#1270,.T.);
#1270 = EDGE_CURVE('',#1243,#1271,#1273,.T.);
#1271 = VERTEX_POINT('',#1272);
#1272 = CARTESIAN_POINT('',(-146.,9.,-55.));
#1273 = SURFACE_CURVE('',#1274,(#1278,#1285),.PCURVE_S1.);
#1274 = LINE('',#1275,#1276);
#1275 = CARTESIAN_POINT('',(-146.,9.,-100.));
#1276 = VECTOR('',#1277,1.);
#1277 = DIRECTION('',(-0.,-0.,1.));
#1278 = PCURVE('',#336,#1279);
#1279 = DEFINITIONAL_REPRESENTATION('',(#1280),#1284);
#1280 = LINE('',#1281,#1282);
#1281 = CARTESIAN_POINT('',(-25.44714762665,49.563854719247));
#1282 = VECTOR('',#1283,1.);
#1283 = DIRECTION('',(1.,-0.));
#1284 = ( GEOMETRIC_REPRESENTATION_CONTEXT(2) 
PARAMETRIC_REPRESENTATION_CONTEXT() REPRESENTATION_CONTEXT('2D SPACE',''
  ) );
#1285 = PCURVE('',#1286,#1291);
#1286 = PLANE('',#1287);
#1287 = AXIS2_PLACEMENT_3D('',#1288,#1289,#1290);
#1288 = CARTESIAN_POINT('',(-141.,9.,-100.));
#1289 = DIRECTION('',(-0.,-1.,-0.));
#1290 = DIRECTION('',(0.,0.,-1.));
#1291 = DEFINITIONAL_REPRESENTATION('',(#1292),#1296);
#1292 = LINE('',#1293,#1294);
#1293 = CARTESIAN_POINT('',(-0.,-5.));
#1294 = VECTOR('',#1295,1.);
#1295 = DIRECTION('',(-1.,0.));
#1296 = ( GEOMETRIC_REPRESENTATION_CONTEXT(2) 
PARAMETRIC_REPRESENTATION_CONTEXT() REPRESENTATION_CONTEXT('2D SPACE',''
  ) );
#1297 = ORIENTED_EDGE('',*,*,#1298,.T.);
#1298 = EDGE_CURVE('',#1271,#1299,#1301,.T.);
#1299 = VERTEX_POINT('',#1300);
#1300 = CARTESIAN_POINT('',(-146.,15.5,-55.));
#1301 = SURFACE_CURVE('',#1302,(#1306,#1313),.PCURVE_S1.);
#1302 = LINE('',#1303,#1304);
#1303 = CARTESIAN_POINT('',(-146.,30.281927359623,-55.));
#1304 = VECTOR('',#1305,1.);
#1305 = DIRECTION('',(-0.,1.,-0.));
#1306 = PCURVE('',#336,#1307);
#1307 = DEFINITIONAL_REPRESENTATION('',(#1308),#1312);
#1308 = LINE('',#1309,#1310);
#1309 = CARTESIAN_POINT('',(19.55285237335,28.281927359624));
#1310 = VECTOR('',#1311,1.);
#1311 = DIRECTION('',(-0.,-1.));
#1312 = ( GEOMETRIC_REPRESENTATION_CONTEXT(2) 
PARAMETRIC_REPRESENTATION_CONTEXT() REPRESENTATION_CONTEXT('2D SPACE',''
  ) );
#1313 = PCURVE('',#1314,#1319);
#1314 = PLANE('',#1315);
#1315 = AXIS2_PLACEMENT_3D('',#1316,#1317,#1318);
#1316 = CARTESIAN_POINT('',(-137.,2.,-55.));
#1317 = DIRECTION('',(-0.,-0.,1.));
#1318 = DIRECTION('',(1.,0.,0.));
#1319 = DEFINITIONAL_REPRESENTATION('',(#1320),#1324);
#1320 = LINE('',#1321,#1322);
#1321 = CARTESIAN_POINT('',(-9.,28.281927359623));
#1322 = VECTOR('',#1323,1.);
#1323 = DIRECTION('',(-0.,1.));
#1324 = ( GEOMETRIC_REPRESENTATION_CONTEXT(2) 
PARAMETRIC_REPRESENTATION_CONTEXT() REPRESENTATION_CONTEXT('2D SPACE',''
  ) );
#1325 = ORIENTED_EDGE('',*,*,#1326,.F.);
#1326 = EDGE_CURVE('',#1327,#1299,#1329,.T.);
#1327 = VERTEX_POINT('',#1328);
#1328 = CARTESIAN_POINT('',(-146.,15.5,-39.));
#1329 = SURFACE_CURVE('',#1330,(#1334,#1341),.PCURVE_S1.);
#1330 = LINE('',#1331,#1332);
#1331 = CARTESIAN_POINT('',(-146.,15.5,-85.77642618667));
#1332 = VECTOR('',#1333,1.);
#1333 = DIRECTION('',(-0.,-0.,-1.));
#1334 = PCURVE('',#336,#1335);
#1335 = DEFINITIONAL_REPRESENTATION('',(#1336),#1340);
#1336 = LINE('',#1337,#1338);
#1337 = CARTESIAN_POINT('',(-11.22357381332,43.063854719247));
#1338 = VECTOR('',#1339,1.);
#1339 = DIRECTION('',(-1.,0.));
#1340 = ( GEOMETRIC_REPRESENTATION_CONTEXT(2) 
PARAMETRIC_REPRESENTATION_CONTEXT() REPRESENTATION_CONTEXT('2D SPACE',''
  ) );
#1341 = PCURVE('',#1230,#1342);
#1342 = DEFINITIONAL_REPRESENTATION('',(#1343),#1347);
#1343 = LINE('',#1344,#1345);
#1344 = CARTESIAN_POINT('',(-11.22357381333,16.));
#1345 = VECTOR('',#1346,1.);
#1346 = DIRECTION('',(1.,-0.));
#1347 = ( GEOMETRIC_REPRESENTATION_CONTEXT(2) 
PARAMETRIC_REPRESENTATION_CONTEXT() REPRESENTATION_CONTEXT('2D SPACE',''
  ) );
#1348 = ORIENTED_EDGE('',*,*,#1349,.F.);
#1349 = EDGE_CURVE('',#1350,#1327,#1352,.T.);
#1350 = VERTEX_POINT('',#1351);
#1351 = CARTESIAN_POINT('',(-146.,9.,-39.));
#1352 = SURFACE_CURVE('',#1353,(#1357,#1364),.PCURVE_S1.);
#1353 = LINE('',#1354,#1355);
#1354 = CARTESIAN_POINT('',(-146.,31.531927359623,-39.));
#1355 = VECTOR('',#1356,1.);
#1356 = DIRECTION('',(-0.,1.,-0.));
#1357 = PCURVE('',#336,#1358);
#1358 = DEFINITIONAL_REPRESENTATION('',(#1359),#1363);
#1359 = LINE('',#1360,#1361);
#1360 = CARTESIAN_POINT('',(35.55285237335,27.031927359624));
#1361 = VECTOR('',#1362,1.);
#1362 = DIRECTION('',(-0.,-1.));
#1363 = ( GEOMETRIC_REPRESENTATION_CONTEXT(2) 
PARAMETRIC_REPRESENTATION_CONTEXT() REPRESENTATION_CONTEXT('2D SPACE',''
  ) );
#1364 = PCURVE('',#1365,#1370);
#1365 = PLANE('',#1366);
#1366 = AXIS2_PLACEMENT_3D('',#1367,#1368,#1369);
#1367 = CARTESIAN_POINT('',(-130.,4.5,-39.));
#1368 = DIRECTION('',(-0.,-0.,1.));
#1369 = DIRECTION('',(1.,0.,0.));
#1370 = DEFINITIONAL_REPRESENTATION('',(#1371),#1375);
#1371 = LINE('',#1372,#1373);
#1372 = CARTESIAN_POINT('',(-16.,27.031927359623));
#1373 = VECTOR('',#1374,1.);
#1374 = DIRECTION('',(-0.,1.));
#1375 = ( GEOMETRIC_REPRESENTATION_CONTEXT(2) 
PARAMETRIC_REPRESENTATION_CONTEXT() REPRESENTATION_CONTEXT('2D SPACE',''
  ) );
#1376 = ORIENTED_EDGE('',*,*,#1377,.T.);
#1377 = EDGE_CURVE('',#1350,#1378,#1380,.T.);
#1378 = VERTEX_POINT('',#1379);
#1379 = CARTESIAN_POINT('',(-146.,9.,-37.));
#1380 = SURFACE_CURVE('',#1381,(#1385,#1392),.PCURVE_S1.);
#1381 = LINE('',#1382,#1383);
#1382 = CARTESIAN_POINT('',(-146.,9.,-100.));
#1383 = VECTOR('',#1384,1.);
#1384 = DIRECTION('',(-0.,-0.,1.));
#1385 = PCURVE('',#336,#1386);
#1386 = DEFINITIONAL_REPRESENTATION('',(#1387),#1391);
#1387 = LINE('',#1388,#1389);
#1388 = CARTESIAN_POINT('',(-25.44714762665,49.563854719247));
#1389 = VECTOR('',#1390,1.);
#1390 = DIRECTION('',(1.,-0.));
#1391 = ( GEOMETRIC_REPRESENTATION_CONTEXT(2) 
PARAMETRIC_REPRESENTATION_CONTEXT() REPRESENTATION_CONTEXT('2D SPACE',''
  ) );
#1392 = PCURVE('',#1393,#1398);
#1393 = PLANE('',#1394);
#1394 = AXIS2_PLACEMENT_3D('',#1395,#1396,#1397);
#1395 = CARTESIAN_POINT('',(-141.,9.,-100.));
#1396 = DIRECTION('',(-0.,-1.,-0.));
#1397 = DIRECTION('',(0.,0.,-1.));
#1398 = DEFINITIONAL_REPRESENTATION('',(#1399),#1403);
#1399 = LINE('',#1400,#1401);
#1400 = CARTESIAN_POINT('',(-0.,-5.));
#1401 = VECTOR('',#1402,1.);
#1402 = DIRECTION('',(-1.,0.));
#1403 = ( GEOMETRIC_REPRESENTATION_CONTEXT(2) 
PARAMETRIC_REPRESENTATION_CONTEXT() REPRESENTATION_CONTEXT('2D SPACE',''
  ) );
#1404 = ORIENTED_EDGE('',*,*,#1405,.T.);
#1405 = EDGE_CURVE('',#1378,#724,#1406,.T.);
#1406 = SURFACE_CURVE('',#1407,(#1411,#1418),.PCURVE_S1.);
#1407 = LINE('',#1408,#1409);
#1408 = CARTESIAN_POINT('',(-146.,9.,-37.));
#1409 = VECTOR('',#1410,1.);
#1410 = DIRECTION('',(-0.,0.77962036012,0.626252420424));
#1411 = PCURVE('',#336,#1412);
#1412 = DEFINITIONAL_REPRESENTATION('',(#1413),#1417);
#1413 = LINE('',#1414,#1415);
#1414 = CARTESIAN_POINT('',(37.55285237335,49.563854719247));
#1415 = VECTOR('',#1416,1.);
#1416 = DIRECTION('',(0.626252420424,-0.77962036012));
#1417 = ( GEOMETRIC_REPRESENTATION_CONTEXT(2) 
PARAMETRIC_REPRESENTATION_CONTEXT() REPRESENTATION_CONTEXT('2D SPACE',''
  ) );
#1418 = PCURVE('',#764,#1419);
#1419 = DEFINITIONAL_REPRESENTATION('',(#1420),#1424);
#1420 = LINE('',#1421,#1422);
#1421 = CARTESIAN_POINT('',(-0.,-5.));
#1422 = VECTOR('',#1423,1.);
#1423 = DIRECTION('',(-1.,0.));
#1424 = ( GEOMETRIC_REPRESENTATION_CONTEXT(2) 
PARAMETRIC_REPRESENTATION_CONTEXT() REPRESENTATION_CONTEXT('2D SPACE',''
  ) );
#1425 = ORIENTED_EDGE('',*,*,#723,.T.);
#1426 = ORIENTED_EDGE('',*,*,#1427,.F.);
#1427 = EDGE_CURVE('',#1428,#726,#1430,.T.);
#1428 = VERTEX_POINT('',#1429);
#1429 = CARTESIAN_POINT('',(-146.,18.,-43.));
#1430 = SURFACE_CURVE('',#1431,(#1435,#1442),.PCURVE_S1.);
#1431 = LINE('',#1432,#1433);
#1432 = CARTESIAN_POINT('',(-146.,23.340910437008,-38.97089212646));
#1433 = VECTOR('',#1434,1.);
#1434 = DIRECTION('',(-0.,0.798316195833,0.602238533698));
#1435 = PCURVE('',#336,#1436);
#1436 = DEFINITIONAL_REPRESENTATION('',(#1437),#1441);
#1437 = LINE('',#1438,#1439);
#1438 = CARTESIAN_POINT('',(35.58196024689,35.222944282239));
#1439 = VECTOR('',#1440,1.);
#1440 = DIRECTION('',(0.602238533698,-0.798316195833));
#1441 = ( GEOMETRIC_REPRESENTATION_CONTEXT(2) 
PARAMETRIC_REPRESENTATION_CONTEXT() REPRESENTATION_CONTEXT('2D SPACE',''
  ) );
#1442 = PCURVE('',#813,#1443);
#1443 = DEFINITIONAL_REPRESENTATION('',(#1444),#1448);
#1444 = LINE('',#1445,#1446);
#1445 = CARTESIAN_POINT('',(-6.690219320229,-7.));
#1446 = VECTOR('',#1447,1.);
#1447 = DIRECTION('',(-1.,0.));
#1448 = ( GEOMETRIC_REPRESENTATION_CONTEXT(2) 
PARAMETRIC_REPRESENTATION_CONTEXT() REPRESENTATION_CONTEXT('2D SPACE',''
  ) );
#1449 = ORIENTED_EDGE('',*,*,#1450,.F.);
#1450 = EDGE_CURVE('',#1451,#1428,#1453,.T.);
#1451 = VERTEX_POINT('',#1452);
#1452 = CARTESIAN_POINT('',(-146.,18.,-83.));
#1453 = SURFACE_CURVE('',#1454,(#1458,#1465),.PCURVE_S1.);
#1454 = LINE('',#1455,#1456);
#1455 = CARTESIAN_POINT('',(-146.,18.,-82.27642618667));
#1456 = VECTOR('',#1457,1.);
#1457 = DIRECTION('',(-0.,-0.,1.));
#1458 = PCURVE('',#336,#1459);
#1459 = DEFINITIONAL_REPRESENTATION('',(#1460),#1464);
#1460 = LINE('',#1461,#1462);
#1461 = CARTESIAN_POINT('',(-7.72357381332,40.563854719247));
#1462 = VECTOR('',#1463,1.);
#1463 = DIRECTION('',(1.,-0.));
#1464 = ( GEOMETRIC_REPRESENTATION_CONTEXT(2) 
PARAMETRIC_REPRESENTATION_CONTEXT() REPRESENTATION_CONTEXT('2D SPACE',''
  ) );
#1465 = PCURVE('',#1466,#1471);
#1466 = PLANE('',#1467);
#1467 = AXIS2_PLACEMENT_3D('',#1468,#1469,#1470);
#1468 = CARTESIAN_POINT('',(-139.,18.,-90.));
#1469 = DIRECTION('',(-0.,-1.,-0.));
#1470 = DIRECTION('',(0.,0.,-1.));
#1471 = DEFINITIONAL_REPRESENTATION('',(#1472),#1476);
#1472 = LINE('',#1473,#1474);
#1473 = CARTESIAN_POINT('',(-7.72357381333,-7.));
#1474 = VECTOR('',#1475,1.);
#1475 = DIRECTION('',(-1.,0.));
#1476 = ( GEOMETRIC_REPRESENTATION_CONTEXT(2) 
PARAMETRIC_REPRESENTATION_CONTEXT() REPRESENTATION_CONTEXT('2D SPACE',''
  ) );
#1477 = ORIENTED_EDGE('',*,*,#1478,.F.);
#1478 = EDGE_CURVE('',#1479,#1451,#1481,.T.);
#1479 = VERTEX_POINT('',#1480);
#1480 = CARTESIAN_POINT('',(-146.,18.,-90.));
#1481 = SURFACE_CURVE('',#1482,(#1486,#1493),.PCURVE_S1.);
#1482 = LINE('',#1483,#1484);
#1483 = CARTESIAN_POINT('',(-146.,18.,-82.27642618667));
#1484 = VECTOR('',#1485,1.);
#1485 = DIRECTION('',(-0.,-0.,1.));
#1486 = PCURVE('',#336,#1487);
#1487 = DEFINITIONAL_REPRESENTATION('',(#1488),#1492);
#1488 = LINE('',#1489,#1490);
#1489 = CARTESIAN_POINT('',(-7.72357381332,40.563854719247));
#1490 = VECTOR('',#1491,1.);
#1491 = DIRECTION('',(1.,-0.));
#1492 = ( GEOMETRIC_REPRESENTATION_CONTEXT(2) 
PARAMETRIC_REPRESENTATION_CONTEXT() REPRESENTATION_CONTEXT('2D SPACE',''
  ) );
#1493 = PCURVE('',#1494,#1499);
#1494 = PLANE('',#1495);
#1495 = AXIS2_PLACEMENT_3D('',#1496,#1497,#1498);
#1496 = CARTESIAN_POINT('',(-139.,18.,-90.));
#1497 = DIRECTION('',(-0.,-1.,-0.));
#1498 = DIRECTION('',(0.,0.,-1.));
#1499 = DEFINITIONAL_REPRESENTATION('',(#1500),#1504);
#1500 = LINE('',#1501,#1502);
#1501 = CARTESIAN_POINT('',(-7.72357381333,-7.));
#1502 = VECTOR('',#1503,1.);
#1503 = DIRECTION('',(-1.,0.));
#1504 = ( GEOMETRIC_REPRESENTATION_CONTEXT(2) 
PARAMETRIC_REPRESENTATION_CONTEXT() REPRESENTATION_CONTEXT('2D SPACE',''
  ) );
#1505 = ORIENTED_EDGE('',*,*,#1506,.F.);
#1506 = EDGE_CURVE('',#1507,#1479,#1509,.T.);
#1507 = VERTEX_POINT('',#1508);
#1508 = CARTESIAN_POINT('',(-146.,81.,-153.));
#1509 = SURFACE_CURVE('',#1510,(#1514,#1521),.PCURVE_S1.);
#1510 = LINE('',#1511,#1512);
#1511 = CARTESIAN_POINT('',(-146.,55.779176773151,-127.7791767731));
#1512 = VECTOR('',#1513,1.);
#1513 = DIRECTION('',(-0.,-0.707106781187,0.707106781187));
#1514 = PCURVE('',#336,#1515);
#1515 = DEFINITIONAL_REPRESENTATION('',(#1516),#1520);
#1516 = LINE('',#1517,#1518);
#1517 = CARTESIAN_POINT('',(-53.22632439975,2.784677946096));
#1518 = VECTOR('',#1519,1.);
#1519 = DIRECTION('',(0.707106781187,0.707106781187));
#1520 = ( GEOMETRIC_REPRESENTATION_CONTEXT(2) 
PARAMETRIC_REPRESENTATION_CONTEXT() REPRESENTATION_CONTEXT('2D SPACE',''
  ) );
#1521 = PCURVE('',#1522,#1527);
#1522 = PLANE('',#1523);
#1523 = AXIS2_PLACEMENT_3D('',#1524,#1525,#1526);
#1524 = CARTESIAN_POINT('',(-139.,81.,-153.));
#1525 = DIRECTION('',(-0.,-0.707106781187,-0.707106781187));
#1526 = DIRECTION('',(0.,0.707106781187,-0.707106781187));
#1527 = DEFINITIONAL_REPRESENTATION('',(#1528),#1532);
#1528 = LINE('',#1529,#1530);
#1529 = CARTESIAN_POINT('',(-35.66763026166,-7.));
#1530 = VECTOR('',#1531,1.);
#1531 = DIRECTION('',(-1.,0.));
#1532 = ( GEOMETRIC_REPRESENTATION_CONTEXT(2) 
PARAMETRIC_REPRESENTATION_CONTEXT() REPRESENTATION_CONTEXT('2D SPACE',''
  ) );
#1533 = ORIENTED_EDGE('',*,*,#1534,.F.);
#1534 = EDGE_CURVE('',#1535,#1507,#1537,.T.);
#1535 = VERTEX_POINT('',#1536);
#1536 = CARTESIAN_POINT('',(-146.,81.,-18.));
#1537 = SURFACE_CURVE('',#1538,(#1542,#1549),.PCURVE_S1.);
#1538 = LINE('',#1539,#1540);
#1539 = CARTESIAN_POINT('',(-146.,81.,-37.27642618667));
#1540 = VECTOR('',#1541,1.);
#1541 = DIRECTION('',(-0.,-0.,-1.));
#1542 = PCURVE('',#336,#1543);
#1543 = DEFINITIONAL_REPRESENTATION('',(#1544),#1548);
#1544 = LINE('',#1545,#1546);
#1545 = CARTESIAN_POINT('',(37.27642618668,-22.43614528075));
#1546 = VECTOR('',#1547,1.);
#1547 = DIRECTION('',(-1.,0.));
#1548 = ( GEOMETRIC_REPRESENTATION_CONTEXT(2) 
PARAMETRIC_REPRESENTATION_CONTEXT() REPRESENTATION_CONTEXT('2D SPACE',''
  ) );
#1549 = PCURVE('',#1550,#1555);
#1550 = PLANE('',#1551);
#1551 = AXIS2_PLACEMENT_3D('',#1552,#1553,#1554);
#1552 = CARTESIAN_POINT('',(-139.,81.,0.));
#1553 = DIRECTION('',(-0.,1.,-0.));
#1554 = DIRECTION('',(0.,0.,1.));
#1555 = DEFINITIONAL_REPRESENTATION('',(#1556),#1560);
#1556 = LINE('',#1557,#1558);
#1557 = CARTESIAN_POINT('',(-37.27642618667,-7.));
#1558 = VECTOR('',#1559,1.);
#1559 = DIRECTION('',(-1.,0.));
#1560 = ( GEOMETRIC_REPRESENTATION_CONTEXT(2) 
PARAMETRIC_REPRESENTATION_CONTEXT() REPRESENTATION_CONTEXT('2D SPACE',''
  ) );
#1561 = ORIENTED_EDGE('',*,*,#1562,.T.);
#1562 = EDGE_CURVE('',#1535,#1563,#1565,.T.);
#1563 = VERTEX_POINT('',#1564);
#1564 = CARTESIAN_POINT('',(-146.,82.387482193696,-18.));
#1565 = SURFACE_CURVE('',#1566,(#1570,#1577),.PCURVE_S1.);
#1566 = LINE('',#1567,#1568);
#1567 = CARTESIAN_POINT('',(-146.,63.781927359623,-18.));
#1568 = VECTOR('',#1569,1.);
#1569 = DIRECTION('',(-0.,1.,-0.));
#1570 = PCURVE('',#336,#1571);
#1571 = DEFINITIONAL_REPRESENTATION('',(#1572),#1576);
#1572 = LINE('',#1573,#1574);
#1573 = CARTESIAN_POINT('',(56.55285237335,-5.218072640376));
#1574 = VECTOR('',#1575,1.);
#1575 = DIRECTION('',(-0.,-1.));
#1576 = ( GEOMETRIC_REPRESENTATION_CONTEXT(2) 
PARAMETRIC_REPRESENTATION_CONTEXT() REPRESENTATION_CONTEXT('2D SPACE',''
  ) );
#1577 = PCURVE('',#1578,#1583);
#1578 = PLANE('',#1579);
#1579 = AXIS2_PLACEMENT_3D('',#1580,#1581,#1582);
#1580 = CARTESIAN_POINT('',(-145.,78.,-18.));
#1581 = DIRECTION('',(-0.,-0.,1.));
#1582 = DIRECTION('',(1.,0.,0.));
#1583 = DEFINITIONAL_REPRESENTATION('',(#1584),#1588);
#1584 = LINE('',#1585,#1586);
#1585 = CARTESIAN_POINT('',(-1.,-14.21807264037));
#1586 = VECTOR('',#1587,1.);
#1587 = DIRECTION('',(-0.,1.));
#1588 = ( GEOMETRIC_REPRESENTATION_CONTEXT(2) 
PARAMETRIC_REPRESENTATION_CONTEXT() REPRESENTATION_CONTEXT('2D SPACE',''
  ) );
#1589 = ORIENTED_EDGE('',*,*,#1590,.T.);
#1590 = EDGE_CURVE('',#1563,#1031,#1591,.T.);
#1591 = SURFACE_CURVE('',#1592,(#1596,#1603),.PCURVE_S1.);
#1592 = LINE('',#1593,#1594);
#1593 = CARTESIAN_POINT('',(-146.,63.781927359623,-18.));
#1594 = VECTOR('',#1595,1.);
#1595 = DIRECTION('',(-0.,1.,-0.));
#1596 = PCURVE('',#336,#1597);
#1597 = DEFINITIONAL_REPRESENTATION('',(#1598),#1602);
#1598 = LINE('',#1599,#1600);
#1599 = CARTESIAN_POINT('',(56.55285237335,-5.218072640376));
#1600 = VECTOR('',#1601,1.);
#1601 = DIRECTION('',(-0.,-1.));
#1602 = ( GEOMETRIC_REPRESENTATION_CONTEXT(2) 
PARAMETRIC_REPRESENTATION_CONTEXT() REPRESENTATION_CONTEXT('2D SPACE',''
  ) );
#1603 = PCURVE('',#668,#1604);
#1604 = DEFINITIONAL_REPRESENTATION('',(#1605),#1609);
#1605 = LINE('',#1606,#1607);
#1606 = CARTESIAN_POINT('',(-10.,-5.218072640377));
#1607 = VECTOR('',#1608,1.);
#1608 = DIRECTION('',(-0.,1.));
#1609 = ( GEOMETRIC_REPRESENTATION_CONTEXT(2) 
PARAMETRIC_REPRESENTATION_CONTEXT() REPRESENTATION_CONTEXT('2D SPACE',''
  ) );
#1610 = ORIENTED_EDGE('',*,*,#1053,.F.);
#1611 = ORIENTED_EDGE('',*,*,#320,.T.);
#1612 = ADVANCED_FACE('',(#1613),#308,.T.);
#1613 = FACE_BOUND('',#1614,.F.);
#1614 = EDGE_LOOP('',(#1615,#1638,#1639,#1640));
#1615 = ORIENTED_EDGE('',*,*,#1616,.F.);
#1616 = EDGE_CURVE('',#265,#1617,#1619,.T.);
#1617 = VERTEX_POINT('',#1618);
#1618 = CARTESIAN_POINT('',(-141.,89.,-164.));
#1619 = SURFACE_CURVE('',#1620,(#1624,#1631),.PCURVE_S1.);
#1620 = LINE('',#1621,#1622);
#1621 = CARTESIAN_POINT('',(-141.,89.,12.));
#1622 = VECTOR('',#1623,1.);
#1623 = DIRECTION('',(-0.,-0.,-1.));
#1624 = PCURVE('',#308,#1625);
#1625 = DEFINITIONAL_REPRESENTATION('',(#1626),#1630);
#1626 = LINE('',#1627,#1628);
#1627 = CARTESIAN_POINT('',(0.,-0.));
#1628 = VECTOR('',#1629,1.);
#1629 = DIRECTION('',(-1.,0.));
#1630 = ( GEOMETRIC_REPRESENTATION_CONTEXT(2) 
PARAMETRIC_REPRESENTATION_CONTEXT() REPRESENTATION_CONTEXT('2D SPACE',''
  ) );
#1631 = PCURVE('',#280,#1632);
#1632 = DEFINITIONAL_REPRESENTATION('',(#1633),#1637);
#1633 = LINE('',#1634,#1635);
#1634 = CARTESIAN_POINT('',(86.55285237335,-30.43614528075));
#1635 = VECTOR('',#1636,1.);
#1636 = DIRECTION('',(-1.,0.));
#1637 = ( GEOMETRIC_REPRESENTATION_CONTEXT(2) 
PARAMETRIC_REPRESENTATION_CONTEXT() REPRESENTATION_CONTEXT('2D SPACE',''
  ) );
#1638 = ORIENTED_EDGE('',*,*,#292,.T.);
#1639 = ORIENTED_EDGE('',*,*,#1079,.T.);
#1640 = ORIENTED_EDGE('',*,*,#1641,.F.);
#1641 = EDGE_CURVE('',#1617,#1080,#1642,.T.);
#1642 = SURFACE_CURVE('',#1643,(#1647,#1654),.PCURVE_S1.);
#1643 = LINE('',#1644,#1645);
#1644 = CARTESIAN_POINT('',(-137.5,89.,-164.));
#1645 = VECTOR('',#1646,1.);
#1646 = DIRECTION('',(-1.,-0.,-0.));
#1647 = PCURVE('',#308,#1648);
#1648 = DEFINITIONAL_REPRESENTATION('',(#1649),#1653);
#1649 = LINE('',#1650,#1651);
#1650 = CARTESIAN_POINT('',(-176.,3.5));
#1651 = VECTOR('',#1652,1.);
#1652 = DIRECTION('',(-0.,-1.));
#1653 = ( GEOMETRIC_REPRESENTATION_CONTEXT(2) 
PARAMETRIC_REPRESENTATION_CONTEXT() REPRESENTATION_CONTEXT('2D SPACE',''
  ) );
#1654 = PCURVE('',#1118,#1655);
#1655 = DEFINITIONAL_REPRESENTATION('',(#1656),#1660);
#1656 = LINE('',#1657,#1658);
#1657 = CARTESIAN_POINT('',(-3.5,14.));
#1658 = VECTOR('',#1659,1.);
#1659 = DIRECTION('',(-1.,0.));
#1660 = ( GEOMETRIC_REPRESENTATION_CONTEXT(2) 
PARAMETRIC_REPRESENTATION_CONTEXT() REPRESENTATION_CONTEXT('2D SPACE',''
  ) );
#1661 = ADVANCED_FACE('',(#1662),#280,.T.);
#1662 = FACE_BOUND('',#1663,.F.);
#1663 = EDGE_LOOP('',(#1664,#1665,#1688,#1711,#1734,#1757,#1785,#1808,
    #1831,#1854,#1877,#1900,#1923,#1944,#1945,#1968,#1991,#2014,#2037,
    #2060,#2083,#2104));
#1664 = ORIENTED_EDGE('',*,*,#1616,.T.);
#1665 = ORIENTED_EDGE('',*,*,#1666,.F.);
#1666 = EDGE_CURVE('',#1667,#1617,#1669,.T.);
#1667 = VERTEX_POINT('',#1668);
#1668 = CARTESIAN_POINT('',(-141.,75.953846153846,-164.));
#1669 = SURFACE_CURVE('',#1670,(#1674,#1681),.PCURVE_S1.);
#1670 = LINE('',#1671,#1672);
#1671 = CARTESIAN_POINT('',(-141.,66.781927359623,-164.));
#1672 = VECTOR('',#1673,1.);
#1673 = DIRECTION('',(-0.,1.,-0.));
#1674 = PCURVE('',#280,#1675);
#1675 = DEFINITIONAL_REPRESENTATION('',(#1676),#1680);
#1676 = LINE('',#1677,#1678);
#1677 = CARTESIAN_POINT('',(-89.44714762665,-8.218072640376));
#1678 = VECTOR('',#1679,1.);
#1679 = DIRECTION('',(-0.,-1.));
#1680 = ( GEOMETRIC_REPRESENTATION_CONTEXT(2) 
PARAMETRIC_REPRESENTATION_CONTEXT() REPRESENTATION_CONTEXT('2D SPACE',''
  ) );
#1681 = PCURVE('',#1118,#1682);
#1682 = DEFINITIONAL_REPRESENTATION('',(#1683),#1687);
#1683 = LINE('',#1684,#1685);
#1684 = CARTESIAN_POINT('',(-7.,-8.218072640377));
#1685 = VECTOR('',#1686,1.);
#1686 = DIRECTION('',(-0.,1.));
#1687 = ( GEOMETRIC_REPRESENTATION_CONTEXT(2) 
PARAMETRIC_REPRESENTATION_CONTEXT() REPRESENTATION_CONTEXT('2D SPACE',''
  ) );
#1688 = ORIENTED_EDGE('',*,*,#1689,.T.);
#1689 = EDGE_CURVE('',#1667,#1690,#1692,.T.);
#1690 = VERTEX_POINT('',#1691);
#1691 = CARTESIAN_POINT('',(-141.,9.,-100.));
#1692 = SURFACE_CURVE('',#1693,(#1697,#1704),.PCURVE_S1.);
#1693 = LINE('',#1694,#1695);
#1694 = CARTESIAN_POINT('',(-141.,77.,-165.));
#1695 = VECTOR('',#1696,1.);
#1696 = DIRECTION('',(-0.,-0.722872686114,0.69098124408));
#1697 = PCURVE('',#280,#1698);
#1698 = DEFINITIONAL_REPRESENTATION('',(#1699),#1703);
#1699 = LINE('',#1700,#1701);
#1700 = CARTESIAN_POINT('',(-90.44714762665,-18.43614528075));
#1701 = VECTOR('',#1702,1.);
#1702 = DIRECTION('',(0.69098124408,0.722872686114));
#1703 = ( GEOMETRIC_REPRESENTATION_CONTEXT(2) 
PARAMETRIC_REPRESENTATION_CONTEXT() REPRESENTATION_CONTEXT('2D SPACE',''
  ) );
#1704 = PCURVE('',#1146,#1705);
#1705 = DEFINITIONAL_REPRESENTATION('',(#1706),#1710);
#1706 = LINE('',#1707,#1708);
#1707 = CARTESIAN_POINT('',(-0.,0.));
#1708 = VECTOR('',#1709,1.);
#1709 = DIRECTION('',(-1.,0.));
#1710 = ( GEOMETRIC_REPRESENTATION_CONTEXT(2) 
PARAMETRIC_REPRESENTATION_CONTEXT() REPRESENTATION_CONTEXT('2D SPACE',''
  ) );
#1711 = ORIENTED_EDGE('',*,*,#1712,.T.);
#1712 = EDGE_CURVE('',#1690,#1713,#1715,.T.);
#1713 = VERTEX_POINT('',#1714);
#1714 = CARTESIAN_POINT('',(-141.,9.,-97.));
#1715 = SURFACE_CURVE('',#1716,(#1720,#1727),.PCURVE_S1.);
#1716 = LINE('',#1717,#1718);
#1717 = CARTESIAN_POINT('',(-141.,9.,-100.));
#1718 = VECTOR('',#1719,1.);
#1719 = DIRECTION('',(-0.,-0.,1.));
#1720 = PCURVE('',#280,#1721);
#1721 = DEFINITIONAL_REPRESENTATION('',(#1722),#1726);
#1722 = LINE('',#1723,#1724);
#1723 = CARTESIAN_POINT('',(-25.44714762665,49.563854719247));
#1724 = VECTOR('',#1725,1.);
#1725 = DIRECTION('',(1.,-0.));
#1726 = ( GEOMETRIC_REPRESENTATION_CONTEXT(2) 
PARAMETRIC_REPRESENTATION_CONTEXT() REPRESENTATION_CONTEXT('2D SPACE',''
  ) );
#1727 = PCURVE('',#1174,#1728);
#1728 = DEFINITIONAL_REPRESENTATION('',(#1729),#1733);
#1729 = LINE('',#1730,#1731);
#1730 = CARTESIAN_POINT('',(-0.,0.));
#1731 = VECTOR('',#1732,1.);
#1732 = DIRECTION('',(-1.,0.));
#1733 = ( GEOMETRIC_REPRESENTATION_CONTEXT(2) 
PARAMETRIC_REPRESENTATION_CONTEXT() REPRESENTATION_CONTEXT('2D SPACE',''
  ) );
#1734 = ORIENTED_EDGE('',*,*,#1735,.T.);
#1735 = EDGE_CURVE('',#1713,#1736,#1738,.T.);
#1736 = VERTEX_POINT('',#1737);
#1737 = CARTESIAN_POINT('',(-141.,15.5,-97.));
#1738 = SURFACE_CURVE('',#1739,(#1743,#1750),.PCURVE_S1.);
#1739 = LINE('',#1740,#1741);
#1740 = CARTESIAN_POINT('',(-141.,31.531927359623,-97.));
#1741 = VECTOR('',#1742,1.);
#1742 = DIRECTION('',(-0.,1.,-0.));
#1743 = PCURVE('',#280,#1744);
#1744 = DEFINITIONAL_REPRESENTATION('',(#1745),#1749);
#1745 = LINE('',#1746,#1747);
#1746 = CARTESIAN_POINT('',(-22.44714762665,27.031927359624));
#1747 = VECTOR('',#1748,1.);
#1748 = DIRECTION('',(-0.,-1.));
#1749 = ( GEOMETRIC_REPRESENTATION_CONTEXT(2) 
PARAMETRIC_REPRESENTATION_CONTEXT() REPRESENTATION_CONTEXT('2D SPACE',''
  ) );
#1750 = PCURVE('',#1202,#1751);
#1751 = DEFINITIONAL_REPRESENTATION('',(#1752),#1756);
#1752 = LINE('',#1753,#1754);
#1753 = CARTESIAN_POINT('',(-11.,27.031927359623));
#1754 = VECTOR('',#1755,1.);
#1755 = DIRECTION('',(-0.,1.));
#1756 = ( GEOMETRIC_REPRESENTATION_CONTEXT(2) 
PARAMETRIC_REPRESENTATION_CONTEXT() REPRESENTATION_CONTEXT('2D SPACE',''
  ) );
#1757 = ORIENTED_EDGE('',*,*,#1758,.F.);
#1758 = EDGE_CURVE('',#1759,#1736,#1761,.T.);
#1759 = VERTEX_POINT('',#1760);
#1760 = CARTESIAN_POINT('',(-141.,15.5,-81.));
#1761 = SURFACE_CURVE('',#1762,(#1766,#1773),.PCURVE_S1.);
#1762 = LINE('',#1763,#1764);
#1763 = CARTESIAN_POINT('',(-141.,15.5,-85.77642618667));
#1764 = VECTOR('',#1765,1.);
#1765 = DIRECTION('',(-0.,-0.,-1.));
#1766 = PCURVE('',#280,#1767);
#1767 = DEFINITIONAL_REPRESENTATION('',(#1768),#1772);
#1768 = LINE('',#1769,#1770);
#1769 = CARTESIAN_POINT('',(-11.22357381332,43.063854719247));
#1770 = VECTOR('',#1771,1.);
#1771 = DIRECTION('',(-1.,0.));
#1772 = ( GEOMETRIC_REPRESENTATION_CONTEXT(2) 
PARAMETRIC_REPRESENTATION_CONTEXT() REPRESENTATION_CONTEXT('2D SPACE',''
  ) );
#1773 = PCURVE('',#1774,#1779);
#1774 = PLANE('',#1775);
#1775 = AXIS2_PLACEMENT_3D('',#1776,#1777,#1778);
#1776 = CARTESIAN_POINT('',(-130.,15.5,-97.));
#1777 = DIRECTION('',(-0.,1.,-0.));
#1778 = DIRECTION('',(0.,0.,-1.));
#1779 = DEFINITIONAL_REPRESENTATION('',(#1780),#1784);
#1780 = LINE('',#1781,#1782);
#1781 = CARTESIAN_POINT('',(-11.22357381333,11.));
#1782 = VECTOR('',#1783,1.);
#1783 = DIRECTION('',(1.,-0.));
#1784 = ( GEOMETRIC_REPRESENTATION_CONTEXT(2) 
PARAMETRIC_REPRESENTATION_CONTEXT() REPRESENTATION_CONTEXT('2D SPACE',''
  ) );
#1785 = ORIENTED_EDGE('',*,*,#1786,.F.);
#1786 = EDGE_CURVE('',#1787,#1759,#1789,.T.);
#1787 = VERTEX_POINT('',#1788);
#1788 = CARTESIAN_POINT('',(-141.,9.,-81.));
#1789 = SURFACE_CURVE('',#1790,(#1794,#1801),.PCURVE_S1.);
#1790 = LINE('',#1791,#1792);
#1791 = CARTESIAN_POINT('',(-141.,30.281927359623,-81.));
#1792 = VECTOR('',#1793,1.);
#1793 = DIRECTION('',(-0.,1.,-0.));
#1794 = PCURVE('',#280,#1795);
#1795 = DEFINITIONAL_REPRESENTATION('',(#1796),#1800);
#1796 = LINE('',#1797,#1798);
#1797 = CARTESIAN_POINT('',(-6.44714762665,28.281927359624));
#1798 = VECTOR('',#1799,1.);
#1799 = DIRECTION('',(-0.,-1.));
#1800 = ( GEOMETRIC_REPRESENTATION_CONTEXT(2) 
PARAMETRIC_REPRESENTATION_CONTEXT() REPRESENTATION_CONTEXT('2D SPACE',''
  ) );
#1801 = PCURVE('',#1258,#1802);
#1802 = DEFINITIONAL_REPRESENTATION('',(#1803),#1807);
#1803 = LINE('',#1804,#1805);
#1804 = CARTESIAN_POINT('',(-4.,28.281927359623));
#1805 = VECTOR('',#1806,1.);
#1806 = DIRECTION('',(-0.,1.));
#1807 = ( GEOMETRIC_REPRESENTATION_CONTEXT(2) 
PARAMETRIC_REPRESENTATION_CONTEXT() REPRESENTATION_CONTEXT('2D SPACE',''
  ) );
#1808 = ORIENTED_EDGE('',*,*,#1809,.T.);
#1809 = EDGE_CURVE('',#1787,#1810,#1812,.T.);
#1810 = VERTEX_POINT('',#1811);
#1811 = CARTESIAN_POINT('',(-141.,9.,-55.));
#1812 = SURFACE_CURVE('',#1813,(#1817,#1824),.PCURVE_S1.);
#1813 = LINE('',#1814,#1815);
#1814 = CARTESIAN_POINT('',(-141.,9.,-100.));
#1815 = VECTOR('',#1816,1.);
#1816 = DIRECTION('',(-0.,-0.,1.));
#1817 = PCURVE('',#280,#1818);
#1818 = DEFINITIONAL_REPRESENTATION('',(#1819),#1823);
#1819 = LINE('',#1820,#1821);
#1820 = CARTESIAN_POINT('',(-25.44714762665,49.563854719247));
#1821 = VECTOR('',#1822,1.);
#1822 = DIRECTION('',(1.,-0.));
#1823 = ( GEOMETRIC_REPRESENTATION_CONTEXT(2) 
PARAMETRIC_REPRESENTATION_CONTEXT() REPRESENTATION_CONTEXT('2D SPACE',''
  ) );
#1824 = PCURVE('',#1286,#1825);
#1825 = DEFINITIONAL_REPRESENTATION('',(#1826),#1830);
#1826 = LINE('',#1827,#1828);
#1827 = CARTESIAN_POINT('',(-0.,0.));
#1828 = VECTOR('',#1829,1.);
#1829 = DIRECTION('',(-1.,0.));
#1830 = ( GEOMETRIC_REPRESENTATION_CONTEXT(2) 
PARAMETRIC_REPRESENTATION_CONTEXT() REPRESENTATION_CONTEXT('2D SPACE',''
  ) );
#1831 = ORIENTED_EDGE('',*,*,#1832,.T.);
#1832 = EDGE_CURVE('',#1810,#1833,#1835,.T.);
#1833 = VERTEX_POINT('',#1834);
#1834 = CARTESIAN_POINT('',(-141.,15.5,-55.));
#1835 = SURFACE_CURVE('',#1836,(#1840,#1847),.PCURVE_S1.);
#1836 = LINE('',#1837,#1838);
#1837 = CARTESIAN_POINT('',(-141.,30.281927359623,-55.));
#1838 = VECTOR('',#1839,1.);
#1839 = DIRECTION('',(-0.,1.,-0.));
#1840 = PCURVE('',#280,#1841);
#1841 = DEFINITIONAL_REPRESENTATION('',(#1842),#1846);
#1842 = LINE('',#1843,#1844);
#1843 = CARTESIAN_POINT('',(19.55285237335,28.281927359624));
#1844 = VECTOR('',#1845,1.);
#1845 = DIRECTION('',(-0.,-1.));
#1846 = ( GEOMETRIC_REPRESENTATION_CONTEXT(2) 
PARAMETRIC_REPRESENTATION_CONTEXT() REPRESENTATION_CONTEXT('2D SPACE',''
  ) );
#1847 = PCURVE('',#1314,#1848);
#1848 = DEFINITIONAL_REPRESENTATION('',(#1849),#1853);
#1849 = LINE('',#1850,#1851);
#1850 = CARTESIAN_POINT('',(-4.,28.281927359623));
#1851 = VECTOR('',#1852,1.);
#1852 = DIRECTION('',(-0.,1.));
#1853 = ( GEOMETRIC_REPRESENTATION_CONTEXT(2) 
PARAMETRIC_REPRESENTATION_CONTEXT() REPRESENTATION_CONTEXT('2D SPACE',''
  ) );
#1854 = ORIENTED_EDGE('',*,*,#1855,.F.);
#1855 = EDGE_CURVE('',#1856,#1833,#1858,.T.);
#1856 = VERTEX_POINT('',#1857);
#1857 = CARTESIAN_POINT('',(-141.,15.5,-39.));
#1858 = SURFACE_CURVE('',#1859,(#1863,#1870),.PCURVE_S1.);
#1859 = LINE('',#1860,#1861);
#1860 = CARTESIAN_POINT('',(-141.,15.5,-85.77642618667));
#1861 = VECTOR('',#1862,1.);
#1862 = DIRECTION('',(-0.,-0.,-1.));
#1863 = PCURVE('',#280,#1864);
#1864 = DEFINITIONAL_REPRESENTATION('',(#1865),#1869);
#1865 = LINE('',#1866,#1867);
#1866 = CARTESIAN_POINT('',(-11.22357381332,43.063854719247));
#1867 = VECTOR('',#1868,1.);
#1868 = DIRECTION('',(-1.,0.));
#1869 = ( GEOMETRIC_REPRESENTATION_CONTEXT(2) 
PARAMETRIC_REPRESENTATION_CONTEXT() REPRESENTATION_CONTEXT('2D SPACE',''
  ) );
#1870 = PCURVE('',#1774,#1871);
#1871 = DEFINITIONAL_REPRESENTATION('',(#1872),#1876);
#1872 = LINE('',#1873,#1874);
#1873 = CARTESIAN_POINT('',(-11.22357381333,11.));
#1874 = VECTOR('',#1875,1.);
#1875 = DIRECTION('',(1.,-0.));
#1876 = ( GEOMETRIC_REPRESENTATION_CONTEXT(2) 
PARAMETRIC_REPRESENTATION_CONTEXT() REPRESENTATION_CONTEXT('2D SPACE',''
  ) );
#1877 = ORIENTED_EDGE('',*,*,#1878,.F.);
#1878 = EDGE_CURVE('',#1879,#1856,#1881,.T.);
#1879 = VERTEX_POINT('',#1880);
#1880 = CARTESIAN_POINT('',(-141.,9.,-39.));
#1881 = SURFACE_CURVE('',#1882,(#1886,#1893),.PCURVE_S1.);
#1882 = LINE('',#1883,#1884);
#1883 = CARTESIAN_POINT('',(-141.,31.531927359623,-39.));
#1884 = VECTOR('',#1885,1.);
#1885 = DIRECTION('',(-0.,1.,-0.));
#1886 = PCURVE('',#280,#1887);
#1887 = DEFINITIONAL_REPRESENTATION('',(#1888),#1892);
#1888 = LINE('',#1889,#1890);
#1889 = CARTESIAN_POINT('',(35.55285237335,27.031927359624));
#1890 = VECTOR('',#1891,1.);
#1891 = DIRECTION('',(-0.,-1.));
#1892 = ( GEOMETRIC_REPRESENTATION_CONTEXT(2) 
PARAMETRIC_REPRESENTATION_CONTEXT() REPRESENTATION_CONTEXT('2D SPACE',''
  ) );
#1893 = PCURVE('',#1365,#1894);
#1894 = DEFINITIONAL_REPRESENTATION('',(#1895),#1899);
#1895 = LINE('',#1896,#1897);
#1896 = CARTESIAN_POINT('',(-11.,27.031927359623));
#1897 = VECTOR('',#1898,1.);
#1898 = DIRECTION('',(-0.,1.));
#1899 = ( GEOMETRIC_REPRESENTATION_CONTEXT(2) 
PARAMETRIC_REPRESENTATION_CONTEXT() REPRESENTATION_CONTEXT('2D SPACE',''
  ) );
#1900 = ORIENTED_EDGE('',*,*,#1901,.T.);
#1901 = EDGE_CURVE('',#1879,#1902,#1904,.T.);
#1902 = VERTEX_POINT('',#1903);
#1903 = CARTESIAN_POINT('',(-141.,9.,-37.));
#1904 = SURFACE_CURVE('',#1905,(#1909,#1916),.PCURVE_S1.);
#1905 = LINE('',#1906,#1907);
#1906 = CARTESIAN_POINT('',(-141.,9.,-100.));
#1907 = VECTOR('',#1908,1.);
#1908 = DIRECTION('',(-0.,-0.,1.));
#1909 = PCURVE('',#280,#1910);
#1910 = DEFINITIONAL_REPRESENTATION('',(#1911),#1915);
#1911 = LINE('',#1912,#1913);
#1912 = CARTESIAN_POINT('',(-25.44714762665,49.563854719247));
#1913 = VECTOR('',#1914,1.);
#1914 = DIRECTION('',(1.,-0.));
#1915 = ( GEOMETRIC_REPRESENTATION_CONTEXT(2) 
PARAMETRIC_REPRESENTATION_CONTEXT() REPRESENTATION_CONTEXT('2D SPACE',''
  ) );
#1916 = PCURVE('',#1393,#1917);
#1917 = DEFINITIONAL_REPRESENTATION('',(#1918),#1922);
#1918 = LINE('',#1919,#1920);
#1919 = CARTESIAN_POINT('',(-0.,0.));
#1920 = VECTOR('',#1921,1.);
#1921 = DIRECTION('',(-1.,0.));
#1922 = ( GEOMETRIC_REPRESENTATION_CONTEXT(2) 
PARAMETRIC_REPRESENTATION_CONTEXT() REPRESENTATION_CONTEXT('2D SPACE',''
  ) );
#1923 = ORIENTED_EDGE('',*,*,#1924,.T.);
#1924 = EDGE_CURVE('',#1902,#749,#1925,.T.);
#1925 = SURFACE_CURVE('',#1926,(#1930,#1937),.PCURVE_S1.);
#1926 = LINE('',#1927,#1928);
#1927 = CARTESIAN_POINT('',(-141.,9.,-37.));
#1928 = VECTOR('',#1929,1.);
#1929 = DIRECTION('',(-0.,0.77962036012,0.626252420424));
#1930 = PCURVE('',#280,#1931);
#1931 = DEFINITIONAL_REPRESENTATION('',(#1932),#1936);
#1932 = LINE('',#1933,#1934);
#1933 = CARTESIAN_POINT('',(37.55285237335,49.563854719247));
#1934 = VECTOR('',#1935,1.);
#1935 = DIRECTION('',(0.626252420424,-0.77962036012));
#1936 = ( GEOMETRIC_REPRESENTATION_CONTEXT(2) 
PARAMETRIC_REPRESENTATION_CONTEXT() REPRESENTATION_CONTEXT('2D SPACE',''
  ) );
#1937 = PCURVE('',#764,#1938);
#1938 = DEFINITIONAL_REPRESENTATION('',(#1939),#1943);
#1939 = LINE('',#1940,#1941);
#1940 = CARTESIAN_POINT('',(-0.,0.));
#1941 = VECTOR('',#1942,1.);
#1942 = DIRECTION('',(-1.,0.));
#1943 = ( GEOMETRIC_REPRESENTATION_CONTEXT(2) 
PARAMETRIC_REPRESENTATION_CONTEXT() REPRESENTATION_CONTEXT('2D SPACE',''
  ) );
#1944 = ORIENTED_EDGE('',*,*,#776,.T.);
#1945 = ORIENTED_EDGE('',*,*,#1946,.F.);
#1946 = EDGE_CURVE('',#1947,#777,#1949,.T.);
#1947 = VERTEX_POINT('',#1948);
#1948 = CARTESIAN_POINT('',(-141.,18.,-43.));
#1949 = SURFACE_CURVE('',#1950,(#1954,#1961),.PCURVE_S1.);
#1950 = LINE('',#1951,#1952);
#1951 = CARTESIAN_POINT('',(-141.,23.340910437008,-38.97089212646));
#1952 = VECTOR('',#1953,1.);
#1953 = DIRECTION('',(-0.,0.798316195833,0.602238533698));
#1954 = PCURVE('',#280,#1955);
#1955 = DEFINITIONAL_REPRESENTATION('',(#1956),#1960);
#1956 = LINE('',#1957,#1958);
#1957 = CARTESIAN_POINT('',(35.58196024689,35.222944282239));
#1958 = VECTOR('',#1959,1.);
#1959 = DIRECTION('',(0.602238533698,-0.798316195833));
#1960 = ( GEOMETRIC_REPRESENTATION_CONTEXT(2) 
PARAMETRIC_REPRESENTATION_CONTEXT() REPRESENTATION_CONTEXT('2D SPACE',''
  ) );
#1961 = PCURVE('',#813,#1962);
#1962 = DEFINITIONAL_REPRESENTATION('',(#1963),#1967);
#1963 = LINE('',#1964,#1965);
#1964 = CARTESIAN_POINT('',(-6.690219320229,-2.));
#1965 = VECTOR('',#1966,1.);
#1966 = DIRECTION('',(-1.,0.));
#1967 = ( GEOMETRIC_REPRESENTATION_CONTEXT(2) 
PARAMETRIC_REPRESENTATION_CONTEXT() REPRESENTATION_CONTEXT('2D SPACE',''
  ) );
#1968 = ORIENTED_EDGE('',*,*,#1969,.F.);
#1969 = EDGE_CURVE('',#1970,#1947,#1972,.T.);
#1970 = VERTEX_POINT('',#1971);
#1971 = CARTESIAN_POINT('',(-141.,18.,-83.));
#1972 = SURFACE_CURVE('',#1973,(#1977,#1984),.PCURVE_S1.);
#1973 = LINE('',#1974,#1975);
#1974 = CARTESIAN_POINT('',(-141.,18.,-82.27642618667));
#1975 = VECTOR('',#1976,1.);
#1976 = DIRECTION('',(-0.,-0.,1.));
#1977 = PCURVE('',#280,#1978);
#1978 = DEFINITIONAL_REPRESENTATION('',(#1979),#1983);
#1979 = LINE('',#1980,#1981);
#1980 = CARTESIAN_POINT('',(-7.72357381332,40.563854719247));
#1981 = VECTOR('',#1982,1.);
#1982 = DIRECTION('',(1.,-0.));
#1983 = ( GEOMETRIC_REPRESENTATION_CONTEXT(2) 
PARAMETRIC_REPRESENTATION_CONTEXT() REPRESENTATION_CONTEXT('2D SPACE',''
  ) );
#1984 = PCURVE('',#1466,#1985);
#1985 = DEFINITIONAL_REPRESENTATION('',(#1986),#1990);
#1986 = LINE('',#1987,#1988);
#1987 = CARTESIAN_POINT('',(-7.72357381333,-2.));
#1988 = VECTOR('',#1989,1.);
#1989 = DIRECTION('',(-1.,0.));
#1990 = ( GEOMETRIC_REPRESENTATION_CONTEXT(2) 
PARAMETRIC_REPRESENTATION_CONTEXT() REPRESENTATION_CONTEXT('2D SPACE',''
  ) );
#1991 = ORIENTED_EDGE('',*,*,#1992,.F.);
#1992 = EDGE_CURVE('',#1993,#1970,#1995,.T.);
#1993 = VERTEX_POINT('',#1994);
#1994 = CARTESIAN_POINT('',(-141.,18.,-90.));
#1995 = SURFACE_CURVE('',#1996,(#2000,#2007),.PCURVE_S1.);
#1996 = LINE('',#1997,#1998);
#1997 = CARTESIAN_POINT('',(-141.,18.,-82.27642618667));
#1998 = VECTOR('',#1999,1.);
#1999 = DIRECTION('',(-0.,-0.,1.));
#2000 = PCURVE('',#280,#2001);
#2001 = DEFINITIONAL_REPRESENTATION('',(#2002),#2006);
#2002 = LINE('',#2003,#2004);
#2003 = CARTESIAN_POINT('',(-7.72357381332,40.563854719247));
#2004 = VECTOR('',#2005,1.);
#2005 = DIRECTION('',(1.,-0.));
#2006 = ( GEOMETRIC_REPRESENTATION_CONTEXT(2) 
PARAMETRIC_REPRESENTATION_CONTEXT() REPRESENTATION_CONTEXT('2D SPACE',''
  ) );
#2007 = PCURVE('',#1494,#2008);
#2008 = DEFINITIONAL_REPRESENTATION('',(#2009),#2013);
#2009 = LINE('',#2010,#2011);
#2010 = CARTESIAN_POINT('',(-7.72357381333,-2.));
#2011 = VECTOR('',#2012,1.);
#2012 = DIRECTION('',(-1.,0.));
#2013 = ( GEOMETRIC_REPRESENTATION_CONTEXT(2) 
PARAMETRIC_REPRESENTATION_CONTEXT() REPRESENTATION_CONTEXT('2D SPACE',''
  ) );
#2014 = ORIENTED_EDGE('',*,*,#2015,.F.);
#2015 = EDGE_CURVE('',#2016,#1993,#2018,.T.);
#2016 = VERTEX_POINT('',#2017);
#2017 = CARTESIAN_POINT('',(-141.,81.,-153.));
#2018 = SURFACE_CURVE('',#2019,(#2023,#2030),.PCURVE_S1.);
#2019 = LINE('',#2020,#2021);
#2020 = CARTESIAN_POINT('',(-141.,55.779176773151,-127.7791767731));
#2021 = VECTOR('',#2022,1.);
#2022 = DIRECTION('',(-0.,-0.707106781187,0.707106781187));
#2023 = PCURVE('',#280,#2024);
#2024 = DEFINITIONAL_REPRESENTATION('',(#2025),#2029);
#2025 = LINE('',#2026,#2027);
#2026 = CARTESIAN_POINT('',(-53.22632439975,2.784677946096));
#2027 = VECTOR('',#2028,1.);
#2028 = DIRECTION('',(0.707106781187,0.707106781187));
#2029 = ( GEOMETRIC_REPRESENTATION_CONTEXT(2) 
PARAMETRIC_REPRESENTATION_CONTEXT() REPRESENTATION_CONTEXT('2D SPACE',''
  ) );
#2030 = PCURVE('',#1522,#2031);
#2031 = DEFINITIONAL_REPRESENTATION('',(#2032),#2036);
#2032 = LINE('',#2033,#2034);
#2033 = CARTESIAN_POINT('',(-35.66763026166,-2.));
#2034 = VECTOR('',#2035,1.);
#2035 = DIRECTION('',(-1.,0.));
#2036 = ( GEOMETRIC_REPRESENTATION_CONTEXT(2) 
PARAMETRIC_REPRESENTATION_CONTEXT() REPRESENTATION_CONTEXT('2D SPACE',''
  ) );
#2037 = ORIENTED_EDGE('',*,*,#2038,.F.);
#2038 = EDGE_CURVE('',#2039,#2016,#2041,.T.);
#2039 = VERTEX_POINT('',#2040);
#2040 = CARTESIAN_POINT('',(-141.,81.,-18.));
#2041 = SURFACE_CURVE('',#2042,(#2046,#2053),.PCURVE_S1.);
#2042 = LINE('',#2043,#2044);
#2043 = CARTESIAN_POINT('',(-141.,81.,-37.27642618667));
#2044 = VECTOR('',#2045,1.);
#2045 = DIRECTION('',(-0.,-0.,-1.));
#2046 = PCURVE('',#280,#2047);
#2047 = DEFINITIONAL_REPRESENTATION('',(#2048),#2052);
#2048 = LINE('',#2049,#2050);
#2049 = CARTESIAN_POINT('',(37.27642618668,-22.43614528075));
#2050 = VECTOR('',#2051,1.);
#2051 = DIRECTION('',(-1.,0.));
#2052 = ( GEOMETRIC_REPRESENTATION_CONTEXT(2) 
PARAMETRIC_REPRESENTATION_CONTEXT() REPRESENTATION_CONTEXT('2D SPACE',''
  ) );
#2053 = PCURVE('',#1550,#2054);
#2054 = DEFINITIONAL_REPRESENTATION('',(#2055),#2059);
#2055 = LINE('',#2056,#2057);
#2056 = CARTESIAN_POINT('',(-37.27642618667,-2.));
#2057 = VECTOR('',#2058,1.);
#2058 = DIRECTION('',(-1.,0.));
#2059 = ( GEOMETRIC_REPRESENTATION_CONTEXT(2) 
PARAMETRIC_REPRESENTATION_CONTEXT() REPRESENTATION_CONTEXT('2D SPACE',''
  ) );
#2060 = ORIENTED_EDGE('',*,*,#2061,.T.);
#2061 = EDGE_CURVE('',#2039,#2062,#2064,.T.);
#2062 = VERTEX_POINT('',#2063);
#2063 = CARTESIAN_POINT('',(-141.,87.,-18.));
#2064 = SURFACE_CURVE('',#2065,(#2069,#2076),.PCURVE_S1.);
#2065 = LINE('',#2066,#2067);
#2066 = CARTESIAN_POINT('',(-141.,63.781927359623,-18.));
#2067 = VECTOR('',#2068,1.);
#2068 = DIRECTION('',(-0.,1.,-0.));
#2069 = PCURVE('',#280,#2070);
#2070 = DEFINITIONAL_REPRESENTATION('',(#2071),#2075);
#2071 = LINE('',#2072,#2073);
#2072 = CARTESIAN_POINT('',(56.55285237335,-5.218072640376));
#2073 = VECTOR('',#2074,1.);
#2074 = DIRECTION('',(-0.,-1.));
#2075 = ( GEOMETRIC_REPRESENTATION_CONTEXT(2) 
PARAMETRIC_REPRESENTATION_CONTEXT() REPRESENTATION_CONTEXT('2D SPACE',''
  ) );
#2076 = PCURVE('',#668,#2077);
#2077 = DEFINITIONAL_REPRESENTATION('',(#2078),#2082);
#2078 = LINE('',#2079,#2080);
#2079 = CARTESIAN_POINT('',(-5.,-5.218072640377));
#2080 = VECTOR('',#2081,1.);
#2081 = DIRECTION('',(-0.,1.));
#2082 = ( GEOMETRIC_REPRESENTATION_CONTEXT(2) 
PARAMETRIC_REPRESENTATION_CONTEXT() REPRESENTATION_CONTEXT('2D SPACE',''
  ) );
#2083 = ORIENTED_EDGE('',*,*,#2084,.F.);
#2084 = EDGE_CURVE('',#237,#2062,#2085,.T.);
#2085 = SURFACE_CURVE('',#2086,(#2090,#2097),.PCURVE_S1.);
#2086 = LINE('',#2087,#2088);
#2087 = CARTESIAN_POINT('',(-141.,87.,-46.27642618667));
#2088 = VECTOR('',#2089,1.);
#2089 = DIRECTION('',(-0.,-0.,-1.));
#2090 = PCURVE('',#280,#2091);
#2091 = DEFINITIONAL_REPRESENTATION('',(#2092),#2096);
#2092 = LINE('',#2093,#2094);
#2093 = CARTESIAN_POINT('',(28.27642618668,-28.43614528075));
#2094 = VECTOR('',#2095,1.);
#2095 = DIRECTION('',(-1.,0.));
#2096 = ( GEOMETRIC_REPRESENTATION_CONTEXT(2) 
PARAMETRIC_REPRESENTATION_CONTEXT() REPRESENTATION_CONTEXT('2D SPACE',''
  ) );
#2097 = PCURVE('',#252,#2098);
#2098 = DEFINITIONAL_REPRESENTATION('',(#2099),#2103);
#2099 = LINE('',#2100,#2101);
#2100 = CARTESIAN_POINT('',(28.27642618667,5.));
#2101 = VECTOR('',#2102,1.);
#2102 = DIRECTION('',(1.,-0.));
#2103 = ( GEOMETRIC_REPRESENTATION_CONTEXT(2) 
PARAMETRIC_REPRESENTATION_CONTEXT() REPRESENTATION_CONTEXT('2D SPACE',''
  ) );
#2104 = ORIENTED_EDGE('',*,*,#264,.T.);
#2105 = ADVANCED_FACE('',(#2106),#252,.T.);
#2106 = FACE_BOUND('',#2107,.F.);
#2107 = EDGE_LOOP('',(#2108,#2131,#2151,#2152));
#2108 = ORIENTED_EDGE('',*,*,#2109,.F.);
#2109 = EDGE_CURVE('',#2110,#2062,#2112,.T.);
#2110 = VERTEX_POINT('',#2111);
#2111 = CARTESIAN_POINT('',(-138.3747727084,87.,-18.));
#2112 = SURFACE_CURVE('',#2113,(#2117,#2124),.PCURVE_S1.);
#2113 = LINE('',#2114,#2115);
#2114 = CARTESIAN_POINT('',(-136.,87.,-18.));
#2115 = VECTOR('',#2116,1.);
#2116 = DIRECTION('',(-1.,-0.,-0.));
#2117 = PCURVE('',#252,#2118);
#2118 = DEFINITIONAL_REPRESENTATION('',(#2119),#2123);
#2119 = LINE('',#2120,#2121);
#2120 = CARTESIAN_POINT('',(-0.,-0.));
#2121 = VECTOR('',#2122,1.);
#2122 = DIRECTION('',(-0.,1.));
#2123 = ( GEOMETRIC_REPRESENTATION_CONTEXT(2) 
PARAMETRIC_REPRESENTATION_CONTEXT() REPRESENTATION_CONTEXT('2D SPACE',''
  ) );
#2124 = PCURVE('',#668,#2125);
#2125 = DEFINITIONAL_REPRESENTATION('',(#2126),#2130);
#2126 = LINE('',#2127,#2128);
#2127 = CARTESIAN_POINT('',(0.,18.));
#2128 = VECTOR('',#2129,1.);
#2129 = DIRECTION('',(-1.,0.));
#2130 = ( GEOMETRIC_REPRESENTATION_CONTEXT(2) 
PARAMETRIC_REPRESENTATION_CONTEXT() REPRESENTATION_CONTEXT('2D SPACE',''
  ) );
#2131 = ORIENTED_EDGE('',*,*,#2132,.F.);
#2132 = EDGE_CURVE('',#208,#2110,#2133,.T.);
#2133 = SURFACE_CURVE('',#2134,(#2138,#2145),.PCURVE_S1.);
#2134 = LINE('',#2135,#2136);
#2135 = CARTESIAN_POINT('',(-138.3747727084,87.,-18.));
#2136 = VECTOR('',#2137,1.);
#2137 = DIRECTION('',(0.,-0.,-1.));
#2138 = PCURVE('',#252,#2139);
#2139 = DEFINITIONAL_REPRESENTATION('',(#2140),#2144);
#2140 = LINE('',#2141,#2142);
#2141 = CARTESIAN_POINT('',(-0.,2.37477270848));
#2142 = VECTOR('',#2143,1.);
#2143 = DIRECTION('',(1.,-0.));
#2144 = ( GEOMETRIC_REPRESENTATION_CONTEXT(2) 
PARAMETRIC_REPRESENTATION_CONTEXT() REPRESENTATION_CONTEXT('2D SPACE',''
  ) );
#2145 = PCURVE('',#224,#2146);
#2146 = DEFINITIONAL_REPRESENTATION('',(#2147),#2150);
#2147 = B_SPLINE_CURVE_WITH_KNOTS('',1,(#2148,#2149),.UNSPECIFIED.,.F.,
  .F.,(2,2),(-33.,5.999999999062E-07),.PIECEWISE_BEZIER_KNOTS.);
#2148 = CARTESIAN_POINT('',(-5.654310381685,-33.));
#2149 = CARTESIAN_POINT('',(-5.654310381685,5.999999999062E-07));
#2150 = ( GEOMETRIC_REPRESENTATION_CONTEXT(2) 
PARAMETRIC_REPRESENTATION_CONTEXT() REPRESENTATION_CONTEXT('2D SPACE',''
  ) );
#2151 = ORIENTED_EDGE('',*,*,#236,.T.);
#2152 = ORIENTED_EDGE('',*,*,#2084,.T.);
#2153 = ADVANCED_FACE('',(#2154),#224,.F.);
#2154 = FACE_BOUND('',#2155,.T.);
#2155 = EDGE_LOOP('',(#2156,#2157,#2158,#2180,#2208,#2229,#2230,#2231));
#2156 = ORIENTED_EDGE('',*,*,#2132,.F.);
#2157 = ORIENTED_EDGE('',*,*,#207,.F.);
#2158 = ORIENTED_EDGE('',*,*,#2159,.T.);
#2159 = EDGE_CURVE('',#180,#2160,#2162,.T.);
#2160 = VERTEX_POINT('',#2161);
#2161 = CARTESIAN_POINT('',(-136.,84.625227291513,-18.));
#2162 = SURFACE_CURVE('',#2163,(#2167,#2173),.PCURVE_S1.);
#2163 = LINE('',#2164,#2165);
#2164 = CARTESIAN_POINT('',(-136.,84.625227291513,-18.));
#2165 = VECTOR('',#2166,1.);
#2166 = DIRECTION('',(0.,-0.,-1.));
#2167 = PCURVE('',#224,#2168);
#2168 = DEFINITIONAL_REPRESENTATION('',(#2169),#2172);
#2169 = B_SPLINE_CURVE_WITH_KNOTS('',1,(#2170,#2171),.UNSPECIFIED.,.F.,
  .F.,(2,2),(-33.,5.999999999062E-07),.PIECEWISE_BEZIER_KNOTS.);
#2170 = CARTESIAN_POINT('',(-2.19967125229,-33.));
#2171 = CARTESIAN_POINT('',(-2.19967125229,5.999999999062E-07));
#2172 = ( GEOMETRIC_REPRESENTATION_CONTEXT(2) 
PARAMETRIC_REPRESENTATION_CONTEXT() REPRESENTATION_CONTEXT('2D SPACE',''
  ) );
#2173 = PCURVE('',#195,#2174);
#2174 = DEFINITIONAL_REPRESENTATION('',(#2175),#2179);
#2175 = LINE('',#2176,#2177);
#2176 = CARTESIAN_POINT('',(-0.,-15.62522729151));
#2177 = VECTOR('',#2178,1.);
#2178 = DIRECTION('',(1.,-0.));
#2179 = ( GEOMETRIC_REPRESENTATION_CONTEXT(2) 
PARAMETRIC_REPRESENTATION_CONTEXT() REPRESENTATION_CONTEXT('2D SPACE',''
  ) );
#2180 = ORIENTED_EDGE('',*,*,#2181,.T.);
#2181 = EDGE_CURVE('',#2160,#2182,#2184,.T.);
#2182 = VERTEX_POINT('',#2183);
#2183 = CARTESIAN_POINT('',(-138.7,86.,-18.));
#2184 = SURFACE_CURVE('',#2185,(#2190,#2197),.PCURVE_S1.);
#2185 = CIRCLE('',#2186,1.7);
#2186 = AXIS2_PLACEMENT_3D('',#2187,#2188,#2189);
#2187 = CARTESIAN_POINT('',(-137.,86.,-18.));
#2188 = DIRECTION('',(0.,0.,-1.));
#2189 = DIRECTION('',(-1.,-0.,-0.));
#2190 = PCURVE('',#224,#2191);
#2191 = DEFINITIONAL_REPRESENTATION('',(#2192),#2196);
#2192 = LINE('',#2193,#2194);
#2193 = CARTESIAN_POINT('',(-6.28318530718,0.));
#2194 = VECTOR('',#2195,1.);
#2195 = DIRECTION('',(1.,-0.));
#2196 = ( GEOMETRIC_REPRESENTATION_CONTEXT(2) 
PARAMETRIC_REPRESENTATION_CONTEXT() REPRESENTATION_CONTEXT('2D SPACE',''
  ) );
#2197 = PCURVE('',#668,#2198);
#2198 = DEFINITIONAL_REPRESENTATION('',(#2199),#2207);
#2199 = ( BOUNDED_CURVE() B_SPLINE_CURVE(2,(#2200,#2201,#2202,#2203,
#2204,#2205,#2206),.UNSPECIFIED.,.T.,.F.) B_SPLINE_CURVE_WITH_KNOTS((1,2
    ,2,2,2,1),(-2.094395102393,0.,2.094395102393,4.188790204786,
6.28318530718,8.377580409573),.UNSPECIFIED.) CURVE() 
GEOMETRIC_REPRESENTATION_ITEM() RATIONAL_B_SPLINE_CURVE((1.,0.5,1.,0.5,
1.,0.5,1.)) REPRESENTATION_ITEM('') );
#2200 = CARTESIAN_POINT('',(-2.7,17.));
#2201 = CARTESIAN_POINT('',(-2.7,19.944486372867));
#2202 = CARTESIAN_POINT('',(-0.15,18.472243186434));
#2203 = CARTESIAN_POINT('',(2.4,17.));
#2204 = CARTESIAN_POINT('',(-0.15,15.527756813566));
#2205 = CARTESIAN_POINT('',(-2.7,14.055513627133));
#2206 = CARTESIAN_POINT('',(-2.7,17.));
#2207 = ( GEOMETRIC_REPRESENTATION_CONTEXT(2) 
PARAMETRIC_REPRESENTATION_CONTEXT() REPRESENTATION_CONTEXT('2D SPACE',''
  ) );
#2208 = ORIENTED_EDGE('',*,*,#2209,.T.);
#2209 = EDGE_CURVE('',#2182,#567,#2210,.T.);
#2210 = SEAM_CURVE('',#2211,(#2215,#2222),.PCURVE_S1.);
#2211 = LINE('',#2212,#2213);
#2212 = CARTESIAN_POINT('',(-138.7,86.,-18.));
#2213 = VECTOR('',#2214,1.);
#2214 = DIRECTION('',(-0.,-0.,1.));
#2215 = PCURVE('',#224,#2216);
#2216 = DEFINITIONAL_REPRESENTATION('',(#2217),#2221);
#2217 = LINE('',#2218,#2219);
#2218 = CARTESIAN_POINT('',(4.138911435803E-13,-0.));
#2219 = VECTOR('',#2220,1.);
#2220 = DIRECTION('',(-0.,-1.));
#2221 = ( GEOMETRIC_REPRESENTATION_CONTEXT(2) 
PARAMETRIC_REPRESENTATION_CONTEXT() REPRESENTATION_CONTEXT('2D SPACE',''
  ) );
#2222 = PCURVE('',#224,#2223);
#2223 = DEFINITIONAL_REPRESENTATION('',(#2224),#2228);
#2224 = LINE('',#2225,#2226);
#2225 = CARTESIAN_POINT('',(-6.28318530718,0.));
#2226 = VECTOR('',#2227,1.);
#2227 = DIRECTION('',(-0.,-1.));
#2228 = ( GEOMETRIC_REPRESENTATION_CONTEXT(2) 
PARAMETRIC_REPRESENTATION_CONTEXT() REPRESENTATION_CONTEXT('2D SPACE',''
  ) );
#2229 = ORIENTED_EDGE('',*,*,#566,.T.);
#2230 = ORIENTED_EDGE('',*,*,#2209,.F.);
#2231 = ORIENTED_EDGE('',*,*,#2232,.T.);
#2232 = EDGE_CURVE('',#2182,#2110,#2233,.T.);
#2233 = SURFACE_CURVE('',#2234,(#2239,#2246),.PCURVE_S1.);
#2234 = CIRCLE('',#2235,1.7);
#2235 = AXIS2_PLACEMENT_3D('',#2236,#2237,#2238);
#2236 = CARTESIAN_POINT('',(-137.,86.,-18.));
#2237 = DIRECTION('',(0.,0.,-1.));
#2238 = DIRECTION('',(-1.,-0.,-0.));
#2239 = PCURVE('',#224,#2240);
#2240 = DEFINITIONAL_REPRESENTATION('',(#2241),#2245);
#2241 = LINE('',#2242,#2243);
#2242 = CARTESIAN_POINT('',(-6.28318530718,0.));
#2243 = VECTOR('',#2244,1.);
#2244 = DIRECTION('',(1.,-0.));
#2245 = ( GEOMETRIC_REPRESENTATION_CONTEXT(2) 
PARAMETRIC_REPRESENTATION_CONTEXT() REPRESENTATION_CONTEXT('2D SPACE',''
  ) );
#2246 = PCURVE('',#668,#2247);
#2247 = DEFINITIONAL_REPRESENTATION('',(#2248),#2256);
#2248 = ( BOUNDED_CURVE() B_SPLINE_CURVE(2,(#2249,#2250,#2251,#2252,
#2253,#2254,#2255),.UNSPECIFIED.,.T.,.F.) B_SPLINE_CURVE_WITH_KNOTS((1,2
    ,2,2,2,1),(-2.094395102393,0.,2.094395102393,4.188790204786,
6.28318530718,8.377580409573),.UNSPECIFIED.) CURVE() 
GEOMETRIC_REPRESENTATION_ITEM() RATIONAL_B_SPLINE_CURVE((1.,0.5,1.,0.5,
1.,0.5,1.)) REPRESENTATION_ITEM('') );
#2249 = CARTESIAN_POINT('',(-2.7,17.));
#2250 = CARTESIAN_POINT('',(-2.7,19.944486372867));
#2251 = CARTESIAN_POINT('',(-0.15,18.472243186434));
#2252 = CARTESIAN_POINT('',(2.4,17.));
#2253 = CARTESIAN_POINT('',(-0.15,15.527756813566));
#2254 = CARTESIAN_POINT('',(-2.7,14.055513627133));
#2255 = CARTESIAN_POINT('',(-2.7,17.));
#2256 = ( GEOMETRIC_REPRESENTATION_CONTEXT(2) 
PARAMETRIC_REPRESENTATION_CONTEXT() REPRESENTATION_CONTEXT('2D SPACE',''
  ) );
#2257 = ADVANCED_FACE('',(#2258),#195,.F.);
#2258 = FACE_BOUND('',#2259,.T.);
#2259 = EDGE_LOOP('',(#2260,#2261,#2283,#2304));
#2260 = ORIENTED_EDGE('',*,*,#179,.F.);
#2261 = ORIENTED_EDGE('',*,*,#2262,.T.);
#2262 = EDGE_CURVE('',#151,#2263,#2265,.T.);
#2263 = VERTEX_POINT('',#2264);
#2264 = CARTESIAN_POINT('',(-136.,71.374772708487,-18.));
#2265 = SURFACE_CURVE('',#2266,(#2270,#2277),.PCURVE_S1.);
#2266 = LINE('',#2267,#2268);
#2267 = CARTESIAN_POINT('',(-136.,71.374772708487,-18.));
#2268 = VECTOR('',#2269,1.);
#2269 = DIRECTION('',(0.,-0.,-1.));
#2270 = PCURVE('',#195,#2271);
#2271 = DEFINITIONAL_REPRESENTATION('',(#2272),#2276);
#2272 = LINE('',#2273,#2274);
#2273 = CARTESIAN_POINT('',(-0.,-2.374772708487));
#2274 = VECTOR('',#2275,1.);
#2275 = DIRECTION('',(1.,-0.));
#2276 = ( GEOMETRIC_REPRESENTATION_CONTEXT(2) 
PARAMETRIC_REPRESENTATION_CONTEXT() REPRESENTATION_CONTEXT('2D SPACE',''
  ) );
#2277 = PCURVE('',#167,#2278);
#2278 = DEFINITIONAL_REPRESENTATION('',(#2279),#2282);
#2279 = B_SPLINE_CURVE_WITH_KNOTS('',1,(#2280,#2281),.UNSPECIFIED.,.F.,
  .F.,(2,2),(-33.,5.999999999062E-07),.PIECEWISE_BEZIER_KNOTS.);
#2280 = CARTESIAN_POINT('',(-4.08351405489,-33.));
#2281 = CARTESIAN_POINT('',(-4.08351405489,5.999999999062E-07));
#2282 = ( GEOMETRIC_REPRESENTATION_CONTEXT(2) 
PARAMETRIC_REPRESENTATION_CONTEXT() REPRESENTATION_CONTEXT('2D SPACE',''
  ) );
#2283 = ORIENTED_EDGE('',*,*,#2284,.T.);
#2284 = EDGE_CURVE('',#2263,#2160,#2285,.T.);
#2285 = SURFACE_CURVE('',#2286,(#2290,#2297),.PCURVE_S1.);
#2286 = LINE('',#2287,#2288);
#2287 = CARTESIAN_POINT('',(-136.,69.,-18.));
#2288 = VECTOR('',#2289,1.);
#2289 = DIRECTION('',(-0.,1.,-0.));
#2290 = PCURVE('',#195,#2291);
#2291 = DEFINITIONAL_REPRESENTATION('',(#2292),#2296);
#2292 = LINE('',#2293,#2294);
#2293 = CARTESIAN_POINT('',(-0.,-0.));
#2294 = VECTOR('',#2295,1.);
#2295 = DIRECTION('',(-0.,-1.));
#2296 = ( GEOMETRIC_REPRESENTATION_CONTEXT(2) 
PARAMETRIC_REPRESENTATION_CONTEXT() REPRESENTATION_CONTEXT('2D SPACE',''
  ) );
#2297 = PCURVE('',#668,#2298);
#2298 = DEFINITIONAL_REPRESENTATION('',(#2299),#2303);
#2299 = LINE('',#2300,#2301);
#2300 = CARTESIAN_POINT('',(0.,-0.));
#2301 = VECTOR('',#2302,1.);
#2302 = DIRECTION('',(-0.,1.));
#2303 = ( GEOMETRIC_REPRESENTATION_CONTEXT(2) 
PARAMETRIC_REPRESENTATION_CONTEXT() REPRESENTATION_CONTEXT('2D SPACE',''
  ) );
#2304 = ORIENTED_EDGE('',*,*,#2159,.F.);
#2305 = ADVANCED_FACE('',(#2306),#167,.F.);
#2306 = FACE_BOUND('',#2307,.T.);
#2307 = EDGE_LOOP('',(#2308,#2309,#2310,#2311,#2339,#2360,#2361,#2362));
#2308 = ORIENTED_EDGE('',*,*,#2262,.F.);
#2309 = ORIENTED_EDGE('',*,*,#150,.F.);
#2310 = ORIENTED_EDGE('',*,*,#680,.T.);
#2311 = ORIENTED_EDGE('',*,*,#2312,.T.);
#2312 = EDGE_CURVE('',#651,#2313,#2315,.T.);
#2313 = VERTEX_POINT('',#2314);
#2314 = CARTESIAN_POINT('',(-138.7,70.,-18.));
#2315 = SURFACE_CURVE('',#2316,(#2321,#2328),.PCURVE_S1.);
#2316 = CIRCLE('',#2317,1.7);
#2317 = AXIS2_PLACEMENT_3D('',#2318,#2319,#2320);
#2318 = CARTESIAN_POINT('',(-137.,70.,-18.));
#2319 = DIRECTION('',(0.,0.,-1.));
#2320 = DIRECTION('',(-1.,-0.,-0.));
#2321 = PCURVE('',#167,#2322);
#2322 = DEFINITIONAL_REPRESENTATION('',(#2323),#2327);
#2323 = LINE('',#2324,#2325);
#2324 = CARTESIAN_POINT('',(-6.28318530718,0.));
#2325 = VECTOR('',#2326,1.);
#2326 = DIRECTION('',(1.,-0.));
#2327 = ( GEOMETRIC_REPRESENTATION_CONTEXT(2) 
PARAMETRIC_REPRESENTATION_CONTEXT() REPRESENTATION_CONTEXT('2D SPACE',''
  ) );
#2328 = PCURVE('',#668,#2329);
#2329 = DEFINITIONAL_REPRESENTATION('',(#2330),#2338);
#2330 = ( BOUNDED_CURVE() B_SPLINE_CURVE(2,(#2331,#2332,#2333,#2334,
#2335,#2336,#2337),.UNSPECIFIED.,.T.,.F.) B_SPLINE_CURVE_WITH_KNOTS((1,2
    ,2,2,2,1),(-2.094395102393,0.,2.094395102393,4.188790204786,
6.28318530718,8.377580409573),.UNSPECIFIED.) CURVE() 
GEOMETRIC_REPRESENTATION_ITEM() RATIONAL_B_SPLINE_CURVE((1.,0.5,1.,0.5,
1.,0.5,1.)) REPRESENTATION_ITEM('') );
#2331 = CARTESIAN_POINT('',(-2.7,1.));
#2332 = CARTESIAN_POINT('',(-2.7,3.944486372867));
#2333 = CARTESIAN_POINT('',(-0.15,2.472243186434));
#2334 = CARTESIAN_POINT('',(2.4,1.));
#2335 = CARTESIAN_POINT('',(-0.15,-0.472243186434));
#2336 = CARTESIAN_POINT('',(-2.7,-1.944486372867));
#2337 = CARTESIAN_POINT('',(-2.7,1.));
#2338 = ( GEOMETRIC_REPRESENTATION_CONTEXT(2) 
PARAMETRIC_REPRESENTATION_CONTEXT() REPRESENTATION_CONTEXT('2D SPACE',''
  ) );
#2339 = ORIENTED_EDGE('',*,*,#2340,.T.);
#2340 = EDGE_CURVE('',#2313,#515,#2341,.T.);
#2341 = SEAM_CURVE('',#2342,(#2346,#2353),.PCURVE_S1.);
#2342 = LINE('',#2343,#2344);
#2343 = CARTESIAN_POINT('',(-138.7,70.,-18.));
#2344 = VECTOR('',#2345,1.);
#2345 = DIRECTION('',(-0.,-0.,1.));
#2346 = PCURVE('',#167,#2347);
#2347 = DEFINITIONAL_REPRESENTATION('',(#2348),#2352);
#2348 = LINE('',#2349,#2350);
#2349 = CARTESIAN_POINT('',(4.138911435803E-13,-0.));
#2350 = VECTOR('',#2351,1.);
#2351 = DIRECTION('',(-0.,-1.));
#2352 = ( GEOMETRIC_REPRESENTATION_CONTEXT(2) 
PARAMETRIC_REPRESENTATION_CONTEXT() REPRESENTATION_CONTEXT('2D SPACE',''
  ) );
#2353 = PCURVE('',#167,#2354);
#2354 = DEFINITIONAL_REPRESENTATION('',(#2355),#2359);
#2355 = LINE('',#2356,#2357);
#2356 = CARTESIAN_POINT('',(-6.28318530718,0.));
#2357 = VECTOR('',#2358,1.);
#2358 = DIRECTION('',(-0.,-1.));
#2359 = ( GEOMETRIC_REPRESENTATION_CONTEXT(2) 
PARAMETRIC_REPRESENTATION_CONTEXT() REPRESENTATION_CONTEXT('2D SPACE',''
  ) );
#2360 = ORIENTED_EDGE('',*,*,#514,.T.);
#2361 = ORIENTED_EDGE('',*,*,#2340,.F.);
#2362 = ORIENTED_EDGE('',*,*,#2363,.T.);
#2363 = EDGE_CURVE('',#2313,#2263,#2364,.T.);
#2364 = SURFACE_CURVE('',#2365,(#2370,#2377),.PCURVE_S1.);
#2365 = CIRCLE('',#2366,1.7);
#2366 = AXIS2_PLACEMENT_3D('',#2367,#2368,#2369);
#2367 = CARTESIAN_POINT('',(-137.,70.,-18.));
#2368 = DIRECTION('',(0.,0.,-1.));
#2369 = DIRECTION('',(-1.,-0.,-0.));
#2370 = PCURVE('',#167,#2371);
#2371 = DEFINITIONAL_REPRESENTATION('',(#2372),#2376);
#2372 = LINE('',#2373,#2374);
#2373 = CARTESIAN_POINT('',(-6.28318530718,0.));
#2374 = VECTOR('',#2375,1.);
#2375 = DIRECTION('',(1.,-0.));
#2376 = ( GEOMETRIC_REPRESENTATION_CONTEXT(2) 
PARAMETRIC_REPRESENTATION_CONTEXT() REPRESENTATION_CONTEXT('2D SPACE',''
  ) );
#2377 = PCURVE('',#668,#2378);
#2378 = DEFINITIONAL_REPRESENTATION('',(#2379),#2387);
#2379 = ( BOUNDED_CURVE() B_SPLINE_CURVE(2,(#2380,#2381,#2382,#2383,
#2384,#2385,#2386),.UNSPECIFIED.,.T.,.F.) B_SPLINE_CURVE_WITH_KNOTS((1,2
    ,2,2,2,1),(-2.094395102393,0.,2.094395102393,4.188790204786,
6.28318530718,8.377580409573),.UNSPECIFIED.) CURVE() 
GEOMETRIC_REPRESENTATION_ITEM() RATIONAL_B_SPLINE_CURVE((1.,0.5,1.,0.5,
1.,0.5,1.)) REPRESENTATION_ITEM('') );
#2380 = CARTESIAN_POINT('',(-2.7,1.));
#2381 = CARTESIAN_POINT('',(-2.7,3.944486372867));
#2382 = CARTESIAN_POINT('',(-0.15,2.472243186434));
#2383 = CARTESIAN_POINT('',(2.4,1.));
#2384 = CARTESIAN_POINT('',(-0.15,-0.472243186434));
#2385 = CARTESIAN_POINT('',(-2.7,-1.944486372867));
#2386 = CARTESIAN_POINT('',(-2.7,1.));
#2387 = ( GEOMETRIC_REPRESENTATION_CONTEXT(2) 
PARAMETRIC_REPRESENTATION_CONTEXT() REPRESENTATION_CONTEXT('2D SPACE',''
  ) );
#2388 = ADVANCED_FACE('',(#2389),#609,.F.);
#2389 = FACE_BOUND('',#2390,.T.);
#2390 = EDGE_LOOP('',(#2391,#2419,#2447,#2480,#2508,#2529,#2530,#2531));
#2391 = ORIENTED_EDGE('',*,*,#2392,.T.);
#2392 = EDGE_CURVE('',#1563,#2393,#2395,.T.);
#2393 = VERTEX_POINT('',#2394);
#2394 = CARTESIAN_POINT('',(-141.6458980337,81.,-18.));
#2395 = SURFACE_CURVE('',#2396,(#2401,#2408),.PCURVE_S1.);
#2396 = CIRCLE('',#2397,4.5);
#2397 = AXIS2_PLACEMENT_3D('',#2398,#2399,#2400);
#2398 = CARTESIAN_POINT('',(-145.,78.,-18.));
#2399 = DIRECTION('',(0.,0.,-1.));
#2400 = DIRECTION('',(-1.,-0.,-0.));
#2401 = PCURVE('',#609,#2402);
#2402 = DEFINITIONAL_REPRESENTATION('',(#2403),#2407);
#2403 = LINE('',#2404,#2405);
#2404 = CARTESIAN_POINT('',(-6.28318530718,0.));
#2405 = VECTOR('',#2406,1.);
#2406 = DIRECTION('',(1.,-0.));
#2407 = ( GEOMETRIC_REPRESENTATION_CONTEXT(2) 
PARAMETRIC_REPRESENTATION_CONTEXT() REPRESENTATION_CONTEXT('2D SPACE',''
  ) );
#2408 = PCURVE('',#1578,#2409);
#2409 = DEFINITIONAL_REPRESENTATION('',(#2410),#2418);
#2410 = ( BOUNDED_CURVE() B_SPLINE_CURVE(2,(#2411,#2412,#2413,#2414,
#2415,#2416,#2417),.UNSPECIFIED.,.T.,.F.) B_SPLINE_CURVE_WITH_KNOTS((1,2
    ,2,2,2,1),(-2.094395102393,0.,2.094395102393,4.188790204786,
6.28318530718,8.377580409573),.UNSPECIFIED.) CURVE() 
GEOMETRIC_REPRESENTATION_ITEM() RATIONAL_B_SPLINE_CURVE((1.,0.5,1.,0.5,
1.,0.5,1.)) REPRESENTATION_ITEM('') );
#2411 = CARTESIAN_POINT('',(-4.5,0.));
#2412 = CARTESIAN_POINT('',(-4.5,7.79422863406));
#2413 = CARTESIAN_POINT('',(2.25,3.89711431703));
#2414 = CARTESIAN_POINT('',(9.,1.102182119233E-15));
#2415 = CARTESIAN_POINT('',(2.25,-3.89711431703));
#2416 = CARTESIAN_POINT('',(-4.5,-7.79422863406));
#2417 = CARTESIAN_POINT('',(-4.5,0.));
#2418 = ( GEOMETRIC_REPRESENTATION_CONTEXT(2) 
PARAMETRIC_REPRESENTATION_CONTEXT() REPRESENTATION_CONTEXT('2D SPACE',''
  ) );
#2419 = ORIENTED_EDGE('',*,*,#2420,.T.);
#2420 = EDGE_CURVE('',#2393,#2421,#2423,.T.);
#2421 = VERTEX_POINT('',#2422);
#2422 = CARTESIAN_POINT('',(-141.,75.938447187191,-18.));
#2423 = SURFACE_CURVE('',#2424,(#2429,#2436),.PCURVE_S1.);
#2424 = CIRCLE('',#2425,4.5);
#2425 = AXIS2_PLACEMENT_3D('',#2426,#2427,#2428);
#2426 = CARTESIAN_POINT('',(-145.,78.,-18.));
#2427 = DIRECTION('',(0.,0.,-1.));
#2428 = DIRECTION('',(-1.,-0.,-0.));
#2429 = PCURVE('',#609,#2430);
#2430 = DEFINITIONAL_REPRESENTATION('',(#2431),#2435);
#2431 = LINE('',#2432,#2433);
#2432 = CARTESIAN_POINT('',(-6.28318530718,0.));
#2433 = VECTOR('',#2434,1.);
#2434 = DIRECTION('',(1.,-0.));
#2435 = ( GEOMETRIC_REPRESENTATION_CONTEXT(2) 
PARAMETRIC_REPRESENTATION_CONTEXT() REPRESENTATION_CONTEXT('2D SPACE',''
  ) );
#2436 = PCURVE('',#668,#2437);
#2437 = DEFINITIONAL_REPRESENTATION('',(#2438),#2446);
#2438 = ( BOUNDED_CURVE() B_SPLINE_CURVE(2,(#2439,#2440,#2441,#2442,
#2443,#2444,#2445),.UNSPECIFIED.,.T.,.F.) B_SPLINE_CURVE_WITH_KNOTS((1,2
    ,2,2,2,1),(-2.094395102393,0.,2.094395102393,4.188790204786,
6.28318530718,8.377580409573),.UNSPECIFIED.) CURVE() 
GEOMETRIC_REPRESENTATION_ITEM() RATIONAL_B_SPLINE_CURVE((1.,0.5,1.,0.5,
1.,0.5,1.)) REPRESENTATION_ITEM('') );
#2439 = CARTESIAN_POINT('',(-13.5,9.));
#2440 = CARTESIAN_POINT('',(-13.5,16.79422863406));
#2441 = CARTESIAN_POINT('',(-6.75,12.89711431703));
#2442 = CARTESIAN_POINT('',(-1.7763568394E-15,9.));
#2443 = CARTESIAN_POINT('',(-6.75,5.10288568297));
#2444 = CARTESIAN_POINT('',(-13.5,1.20577136594));
#2445 = CARTESIAN_POINT('',(-13.5,9.));
#2446 = ( GEOMETRIC_REPRESENTATION_CONTEXT(2) 
PARAMETRIC_REPRESENTATION_CONTEXT() REPRESENTATION_CONTEXT('2D SPACE',''
  ) );
#2447 = ORIENTED_EDGE('',*,*,#2448,.T.);
#2448 = EDGE_CURVE('',#2421,#2449,#2451,.T.);
#2449 = VERTEX_POINT('',#2450);
#2450 = CARTESIAN_POINT('',(-146.,73.612517806304,-18.));
#2451 = SURFACE_CURVE('',#2452,(#2457,#2464),.PCURVE_S1.);
#2452 = CIRCLE('',#2453,4.5);
#2453 = AXIS2_PLACEMENT_3D('',#2454,#2455,#2456);
#2454 = CARTESIAN_POINT('',(-145.,78.,-18.));
#2455 = DIRECTION('',(0.,0.,-1.));
#2456 = DIRECTION('',(-1.,-0.,-0.));
#2457 = PCURVE('',#609,#2458);
#2458 = DEFINITIONAL_REPRESENTATION('',(#2459),#2463);
#2459 = LINE('',#2460,#2461);
#2460 = CARTESIAN_POINT('',(-6.28318530718,0.));
#2461 = VECTOR('',#2462,1.);
#2462 = DIRECTION('',(1.,-0.));
#2463 = ( GEOMETRIC_REPRESENTATION_CONTEXT(2) 
PARAMETRIC_REPRESENTATION_CONTEXT() REPRESENTATION_CONTEXT('2D SPACE',''
  ) );
#2464 = PCURVE('',#2465,#2470);
#2465 = PLANE('',#2466);
#2466 = AXIS2_PLACEMENT_3D('',#2467,#2468,#2469);
#2467 = CARTESIAN_POINT('',(-145.,78.,-18.));
#2468 = DIRECTION('',(-0.,-0.,1.));
#2469 = DIRECTION('',(1.,0.,0.));
#2470 = DEFINITIONAL_REPRESENTATION('',(#2471),#2479);
#2471 = ( BOUNDED_CURVE() B_SPLINE_CURVE(2,(#2472,#2473,#2474,#2475,
#2476,#2477,#2478),.UNSPECIFIED.,.T.,.F.) B_SPLINE_CURVE_WITH_KNOTS((1,2
    ,2,2,2,1),(-2.094395102393,0.,2.094395102393,4.188790204786,
6.28318530718,8.377580409573),.UNSPECIFIED.) CURVE() 
GEOMETRIC_REPRESENTATION_ITEM() RATIONAL_B_SPLINE_CURVE((1.,0.5,1.,0.5,
1.,0.5,1.)) REPRESENTATION_ITEM('') );
#2472 = CARTESIAN_POINT('',(-4.5,0.));
#2473 = CARTESIAN_POINT('',(-4.5,7.79422863406));
#2474 = CARTESIAN_POINT('',(2.25,3.89711431703));
#2475 = CARTESIAN_POINT('',(9.,1.102182119233E-15));
#2476 = CARTESIAN_POINT('',(2.25,-3.89711431703));
#2477 = CARTESIAN_POINT('',(-4.5,-7.79422863406));
#2478 = CARTESIAN_POINT('',(-4.5,0.));
#2479 = ( GEOMETRIC_REPRESENTATION_CONTEXT(2) 
PARAMETRIC_REPRESENTATION_CONTEXT() REPRESENTATION_CONTEXT('2D SPACE',''
  ) );
#2480 = ORIENTED_EDGE('',*,*,#2481,.T.);
#2481 = EDGE_CURVE('',#2449,#2482,#2484,.T.);
#2482 = VERTEX_POINT('',#2483);
#2483 = CARTESIAN_POINT('',(-149.5,78.,-18.));
#2484 = SURFACE_CURVE('',#2485,(#2490,#2497),.PCURVE_S1.);
#2485 = CIRCLE('',#2486,4.5);
#2486 = AXIS2_PLACEMENT_3D('',#2487,#2488,#2489);
#2487 = CARTESIAN_POINT('',(-145.,78.,-18.));
#2488 = DIRECTION('',(0.,0.,-1.));
#2489 = DIRECTION('',(-1.,-0.,-0.));
#2490 = PCURVE('',#609,#2491);
#2491 = DEFINITIONAL_REPRESENTATION('',(#2492),#2496);
#2492 = LINE('',#2493,#2494);
#2493 = CARTESIAN_POINT('',(-6.28318530718,0.));
#2494 = VECTOR('',#2495,1.);
#2495 = DIRECTION('',(1.,-0.));
#2496 = ( GEOMETRIC_REPRESENTATION_CONTEXT(2) 
PARAMETRIC_REPRESENTATION_CONTEXT() REPRESENTATION_CONTEXT('2D SPACE',''
  ) );
#2497 = PCURVE('',#668,#2498);
#2498 = DEFINITIONAL_REPRESENTATION('',(#2499),#2507);
#2499 = ( BOUNDED_CURVE() B_SPLINE_CURVE(2,(#2500,#2501,#2502,#2503,
#2504,#2505,#2506),.UNSPECIFIED.,.T.,.F.) B_SPLINE_CURVE_WITH_KNOTS((1,2
    ,2,2,2,1),(-2.094395102393,0.,2.094395102393,4.188790204786,
6.28318530718,8.377580409573),.UNSPECIFIED.) CURVE() 
GEOMETRIC_REPRESENTATION_ITEM() RATIONAL_B_SPLINE_CURVE((1.,0.5,1.,0.5,
1.,0.5,1.)) REPRESENTATION_ITEM('') );
#2500 = CARTESIAN_POINT('',(-13.5,9.));
#2501 = CARTESIAN_POINT('',(-13.5,16.79422863406));
#2502 = CARTESIAN_POINT('',(-6.75,12.89711431703));
#2503 = CARTESIAN_POINT('',(-1.7763568394E-15,9.));
#2504 = CARTESIAN_POINT('',(-6.75,5.10288568297));
#2505 = CARTESIAN_POINT('',(-13.5,1.20577136594));
#2506 = CARTESIAN_POINT('',(-13.5,9.));
#2507 = ( GEOMETRIC_REPRESENTATION_CONTEXT(2) 
PARAMETRIC_REPRESENTATION_CONTEXT() REPRESENTATION_CONTEXT('2D SPACE',''
  ) );
#2508 = ORIENTED_EDGE('',*,*,#2509,.T.);
#2509 = EDGE_CURVE('',#2482,#593,#2510,.T.);
#2510 = SEAM_CURVE('',#2511,(#2515,#2522),.PCURVE_S1.);
#2511 = LINE('',#2512,#2513);
#2512 = CARTESIAN_POINT('',(-149.5,78.,-18.));
#2513 = VECTOR('',#2514,1.);
#2514 = DIRECTION('',(-0.,-0.,1.));
#2515 = PCURVE('',#609,#2516);
#2516 = DEFINITIONAL_REPRESENTATION('',(#2517),#2521);
#2517 = LINE('',#2518,#2519);
#2518 = CARTESIAN_POINT('',(4.138911435803E-13,-0.));
#2519 = VECTOR('',#2520,1.);
#2520 = DIRECTION('',(-0.,-1.));
#2521 = ( GEOMETRIC_REPRESENTATION_CONTEXT(2) 
PARAMETRIC_REPRESENTATION_CONTEXT() REPRESENTATION_CONTEXT('2D SPACE',''
  ) );
#2522 = PCURVE('',#609,#2523);
#2523 = DEFINITIONAL_REPRESENTATION('',(#2524),#2528);
#2524 = LINE('',#2525,#2526);
#2525 = CARTESIAN_POINT('',(-6.28318530718,0.));
#2526 = VECTOR('',#2527,1.);
#2527 = DIRECTION('',(-0.,-1.));
#2528 = ( GEOMETRIC_REPRESENTATION_CONTEXT(2) 
PARAMETRIC_REPRESENTATION_CONTEXT() REPRESENTATION_CONTEXT('2D SPACE',''
  ) );
#2529 = ORIENTED_EDGE('',*,*,#592,.T.);
#2530 = ORIENTED_EDGE('',*,*,#2509,.F.);
#2531 = ORIENTED_EDGE('',*,*,#2532,.T.);
#2532 = EDGE_CURVE('',#2482,#1563,#2533,.T.);
#2533 = SURFACE_CURVE('',#2534,(#2539,#2546),.PCURVE_S1.);
#2534 = CIRCLE('',#2535,4.5);
#2535 = AXIS2_PLACEMENT_3D('',#2536,#2537,#2538);
#2536 = CARTESIAN_POINT('',(-145.,78.,-18.));
#2537 = DIRECTION('',(0.,0.,-1.));
#2538 = DIRECTION('',(-1.,-0.,-0.));
#2539 = PCURVE('',#609,#2540);
#2540 = DEFINITIONAL_REPRESENTATION('',(#2541),#2545);
#2541 = LINE('',#2542,#2543);
#2542 = CARTESIAN_POINT('',(-6.28318530718,0.));
#2543 = VECTOR('',#2544,1.);
#2544 = DIRECTION('',(1.,-0.));
#2545 = ( GEOMETRIC_REPRESENTATION_CONTEXT(2) 
PARAMETRIC_REPRESENTATION_CONTEXT() REPRESENTATION_CONTEXT('2D SPACE',''
  ) );
#2546 = PCURVE('',#668,#2547);
#2547 = DEFINITIONAL_REPRESENTATION('',(#2548),#2556);
#2548 = ( BOUNDED_CURVE() B_SPLINE_CURVE(2,(#2549,#2550,#2551,#2552,
#2553,#2554,#2555),.UNSPECIFIED.,.T.,.F.) B_SPLINE_CURVE_WITH_KNOTS((1,2
    ,2,2,2,1),(-2.094395102393,0.,2.094395102393,4.188790204786,
6.28318530718,8.377580409573),.UNSPECIFIED.) CURVE() 
GEOMETRIC_REPRESENTATION_ITEM() RATIONAL_B_SPLINE_CURVE((1.,0.5,1.,0.5,
1.,0.5,1.)) REPRESENTATION_ITEM('') );
#2549 = CARTESIAN_POINT('',(-13.5,9.));
#2550 = CARTESIAN_POINT('',(-13.5,16.79422863406));
#2551 = CARTESIAN_POINT('',(-6.75,12.89711431703));
#2552 = CARTESIAN_POINT('',(-1.7763568394E-15,9.));
#2553 = CARTESIAN_POINT('',(-6.75,5.10288568297));
#2554 = CARTESIAN_POINT('',(-13.5,1.20577136594));
#2555 = CARTESIAN_POINT('',(-13.5,9.));
#2556 = ( GEOMETRIC_REPRESENTATION_CONTEXT(2) 
PARAMETRIC_REPRESENTATION_CONTEXT() REPRESENTATION_CONTEXT('2D SPACE',''
  ) );
#2557 = ADVANCED_FACE('',(#2558),#668,.F.);
#2558 = FACE_BOUND('',#2559,.T.);
#2559 = EDGE_LOOP('',(#2560,#2561,#2562,#2563,#2564,#2565,#2566,#2567,
    #2568,#2569,#2570,#2571,#2572,#2573,#2574,#2602,#2630,#2656,#2657,
    #2678));
#2560 = ORIENTED_EDGE('',*,*,#2109,.F.);
#2561 = ORIENTED_EDGE('',*,*,#2232,.F.);
#2562 = ORIENTED_EDGE('',*,*,#2181,.F.);
#2563 = ORIENTED_EDGE('',*,*,#2284,.F.);
#2564 = ORIENTED_EDGE('',*,*,#2363,.F.);
#2565 = ORIENTED_EDGE('',*,*,#2312,.F.);
#2566 = ORIENTED_EDGE('',*,*,#650,.T.);
#2567 = ORIENTED_EDGE('',*,*,#850,.F.);
#2568 = ORIENTED_EDGE('',*,*,#907,.T.);
#2569 = ORIENTED_EDGE('',*,*,#975,.F.);
#2570 = ORIENTED_EDGE('',*,*,#1030,.F.);
#2571 = ORIENTED_EDGE('',*,*,#1590,.F.);
#2572 = ORIENTED_EDGE('',*,*,#2532,.F.);
#2573 = ORIENTED_EDGE('',*,*,#2481,.F.);
#2574 = ORIENTED_EDGE('',*,*,#2575,.T.);
#2575 = EDGE_CURVE('',#2449,#2576,#2578,.T.);
#2576 = VERTEX_POINT('',#2577);
#2577 = CARTESIAN_POINT('',(-146.,69.458333333333,-18.));
#2578 = SURFACE_CURVE('',#2579,(#2583,#2590),.PCURVE_S1.);
#2579 = LINE('',#2580,#2581);
#2580 = CARTESIAN_POINT('',(-146.,59.036778554659,-18.));
#2581 = VECTOR('',#2582,1.);
#2582 = DIRECTION('',(-0.,-1.,-0.));
#2583 = PCURVE('',#668,#2584);
#2584 = DEFINITIONAL_REPRESENTATION('',(#2585),#2589);
#2585 = LINE('',#2586,#2587);
#2586 = CARTESIAN_POINT('',(-10.,-9.963221445341));
#2587 = VECTOR('',#2588,1.);
#2588 = DIRECTION('',(-0.,-1.));
#2589 = ( GEOMETRIC_REPRESENTATION_CONTEXT(2) 
PARAMETRIC_REPRESENTATION_CONTEXT() REPRESENTATION_CONTEXT('2D SPACE',''
  ) );
#2590 = PCURVE('',#2591,#2596);
#2591 = PLANE('',#2592);
#2592 = AXIS2_PLACEMENT_3D('',#2593,#2594,#2595);
#2593 = CARTESIAN_POINT('',(-146.,49.073557109318,-48.63815031011));
#2594 = DIRECTION('',(-1.,-0.,-0.));
#2595 = DIRECTION('',(0.,0.,-1.));
#2596 = DEFINITIONAL_REPRESENTATION('',(#2597),#2601);
#2597 = LINE('',#2598,#2599);
#2598 = CARTESIAN_POINT('',(-30.63815031011,-9.963221445341));
#2599 = VECTOR('',#2600,1.);
#2600 = DIRECTION('',(-0.,1.));
#2601 = ( GEOMETRIC_REPRESENTATION_CONTEXT(2) 
PARAMETRIC_REPRESENTATION_CONTEXT() REPRESENTATION_CONTEXT('2D SPACE',''
  ) );
#2602 = ORIENTED_EDGE('',*,*,#2603,.F.);
#2603 = EDGE_CURVE('',#2604,#2576,#2606,.T.);
#2604 = VERTEX_POINT('',#2605);
#2605 = CARTESIAN_POINT('',(-141.,69.458333333333,-18.));
#2606 = SURFACE_CURVE('',#2607,(#2611,#2618),.PCURVE_S1.);
#2607 = LINE('',#2608,#2609);
#2608 = CARTESIAN_POINT('',(-138.5,69.458333333333,-18.));
#2609 = VECTOR('',#2610,1.);
#2610 = DIRECTION('',(-1.,-0.,-0.));
#2611 = PCURVE('',#668,#2612);
#2612 = DEFINITIONAL_REPRESENTATION('',(#2613),#2617);
#2613 = LINE('',#2614,#2615);
#2614 = CARTESIAN_POINT('',(-2.5,0.458333333333));
#2615 = VECTOR('',#2616,1.);
#2616 = DIRECTION('',(-1.,0.));
#2617 = ( GEOMETRIC_REPRESENTATION_CONTEXT(2) 
PARAMETRIC_REPRESENTATION_CONTEXT() REPRESENTATION_CONTEXT('2D SPACE',''
  ) );
#2618 = PCURVE('',#2619,#2624);
#2619 = PLANE('',#2620);
#2620 = AXIS2_PLACEMENT_3D('',#2621,#2622,#2623);
#2621 = CARTESIAN_POINT('',(-141.,75.,-11.));
#2622 = DIRECTION('',(-0.,0.784045824462,-0.620702944366));
#2623 = DIRECTION('',(0.,0.620702944366,0.784045824462));
#2624 = DEFINITIONAL_REPRESENTATION('',(#2625),#2629);
#2625 = LINE('',#2626,#2627);
#2626 = CARTESIAN_POINT('',(-8.928049587925,2.5));
#2627 = VECTOR('',#2628,1.);
#2628 = DIRECTION('',(-0.,-1.));
#2629 = ( GEOMETRIC_REPRESENTATION_CONTEXT(2) 
PARAMETRIC_REPRESENTATION_CONTEXT() REPRESENTATION_CONTEXT('2D SPACE',''
  ) );
#2630 = ORIENTED_EDGE('',*,*,#2631,.F.);
#2631 = EDGE_CURVE('',#2421,#2604,#2632,.T.);
#2632 = SURFACE_CURVE('',#2633,(#2637,#2644),.PCURVE_S1.);
#2633 = LINE('',#2634,#2635);
#2634 = CARTESIAN_POINT('',(-141.,59.036778554659,-18.));
#2635 = VECTOR('',#2636,1.);
#2636 = DIRECTION('',(-0.,-1.,-0.));
#2637 = PCURVE('',#668,#2638);
#2638 = DEFINITIONAL_REPRESENTATION('',(#2639),#2643);
#2639 = LINE('',#2640,#2641);
#2640 = CARTESIAN_POINT('',(-5.,-9.963221445341));
#2641 = VECTOR('',#2642,1.);
#2642 = DIRECTION('',(-0.,-1.));
#2643 = ( GEOMETRIC_REPRESENTATION_CONTEXT(2) 
PARAMETRIC_REPRESENTATION_CONTEXT() REPRESENTATION_CONTEXT('2D SPACE',''
  ) );
#2644 = PCURVE('',#2645,#2650);
#2645 = PLANE('',#2646);
#2646 = AXIS2_PLACEMENT_3D('',#2647,#2648,#2649);
#2647 = CARTESIAN_POINT('',(-141.,49.073557109318,-48.63815031011));
#2648 = DIRECTION('',(-1.,-0.,-0.));
#2649 = DIRECTION('',(0.,0.,-1.));
#2650 = DEFINITIONAL_REPRESENTATION('',(#2651),#2655);
#2651 = LINE('',#2652,#2653);
#2652 = CARTESIAN_POINT('',(-30.63815031011,-9.963221445341));
#2653 = VECTOR('',#2654,1.);
#2654 = DIRECTION('',(-0.,1.));
#2655 = ( GEOMETRIC_REPRESENTATION_CONTEXT(2) 
PARAMETRIC_REPRESENTATION_CONTEXT() REPRESENTATION_CONTEXT('2D SPACE',''
  ) );
#2656 = ORIENTED_EDGE('',*,*,#2420,.F.);
#2657 = ORIENTED_EDGE('',*,*,#2658,.F.);
#2658 = EDGE_CURVE('',#2039,#2393,#2659,.T.);
#2659 = SURFACE_CURVE('',#2660,(#2664,#2671),.PCURVE_S1.);
#2660 = LINE('',#2661,#2662);
#2661 = CARTESIAN_POINT('',(-137.5,81.,-18.));
#2662 = VECTOR('',#2663,1.);
#2663 = DIRECTION('',(-1.,-0.,-0.));
#2664 = PCURVE('',#668,#2665);
#2665 = DEFINITIONAL_REPRESENTATION('',(#2666),#2670);
#2666 = LINE('',#2667,#2668);
#2667 = CARTESIAN_POINT('',(-1.5,12.));
#2668 = VECTOR('',#2669,1.);
#2669 = DIRECTION('',(-1.,0.));
#2670 = ( GEOMETRIC_REPRESENTATION_CONTEXT(2) 
PARAMETRIC_REPRESENTATION_CONTEXT() REPRESENTATION_CONTEXT('2D SPACE',''
  ) );
#2671 = PCURVE('',#1550,#2672);
#2672 = DEFINITIONAL_REPRESENTATION('',(#2673),#2677);
#2673 = LINE('',#2674,#2675);
#2674 = CARTESIAN_POINT('',(-18.,1.5));
#2675 = VECTOR('',#2676,1.);
#2676 = DIRECTION('',(-0.,-1.));
#2677 = ( GEOMETRIC_REPRESENTATION_CONTEXT(2) 
PARAMETRIC_REPRESENTATION_CONTEXT() REPRESENTATION_CONTEXT('2D SPACE',''
  ) );
#2678 = ORIENTED_EDGE('',*,*,#2061,.T.);
#2679 = ADVANCED_FACE('',(#2680),#764,.T.);
#2680 = FACE_BOUND('',#2681,.F.);
#2681 = EDGE_LOOP('',(#2682,#2683,#2704,#2705));
#2682 = ORIENTED_EDGE('',*,*,#1924,.F.);
#2683 = ORIENTED_EDGE('',*,*,#2684,.T.);
#2684 = EDGE_CURVE('',#1902,#1378,#2685,.T.);
#2685 = SURFACE_CURVE('',#2686,(#2690,#2697),.PCURVE_S1.);
#2686 = LINE('',#2687,#2688);
#2687 = CARTESIAN_POINT('',(-141.,9.,-37.));
#2688 = VECTOR('',#2689,1.);
#2689 = DIRECTION('',(-1.,-0.,-0.));
#2690 = PCURVE('',#764,#2691);
#2691 = DEFINITIONAL_REPRESENTATION('',(#2692),#2696);
#2692 = LINE('',#2693,#2694);
#2693 = CARTESIAN_POINT('',(-0.,0.));
#2694 = VECTOR('',#2695,1.);
#2695 = DIRECTION('',(-0.,-1.));
#2696 = ( GEOMETRIC_REPRESENTATION_CONTEXT(2) 
PARAMETRIC_REPRESENTATION_CONTEXT() REPRESENTATION_CONTEXT('2D SPACE',''
  ) );
#2697 = PCURVE('',#1393,#2698);
#2698 = DEFINITIONAL_REPRESENTATION('',(#2699),#2703);
#2699 = LINE('',#2700,#2701);
#2700 = CARTESIAN_POINT('',(-63.,0.));
#2701 = VECTOR('',#2702,1.);
#2702 = DIRECTION('',(-0.,-1.));
#2703 = ( GEOMETRIC_REPRESENTATION_CONTEXT(2) 
PARAMETRIC_REPRESENTATION_CONTEXT() REPRESENTATION_CONTEXT('2D SPACE',''
  ) );
#2704 = ORIENTED_EDGE('',*,*,#1405,.T.);
#2705 = ORIENTED_EDGE('',*,*,#748,.T.);
#2706 = ADVANCED_FACE('',(#2707),#813,.F.);
#2707 = FACE_BOUND('',#2708,.T.);
#2708 = EDGE_LOOP('',(#2709,#2710,#2731,#2732));
#2709 = ORIENTED_EDGE('',*,*,#1946,.F.);
#2710 = ORIENTED_EDGE('',*,*,#2711,.T.);
#2711 = EDGE_CURVE('',#1947,#1428,#2712,.T.);
#2712 = SURFACE_CURVE('',#2713,(#2717,#2724),.PCURVE_S1.);
#2713 = LINE('',#2714,#2715);
#2714 = CARTESIAN_POINT('',(-139.,18.,-43.));
#2715 = VECTOR('',#2716,1.);
#2716 = DIRECTION('',(-1.,-0.,-0.));
#2717 = PCURVE('',#813,#2718);
#2718 = DEFINITIONAL_REPRESENTATION('',(#2719),#2723);
#2719 = LINE('',#2720,#2721);
#2720 = CARTESIAN_POINT('',(-0.,0.));
#2721 = VECTOR('',#2722,1.);
#2722 = DIRECTION('',(-0.,-1.));
#2723 = ( GEOMETRIC_REPRESENTATION_CONTEXT(2) 
PARAMETRIC_REPRESENTATION_CONTEXT() REPRESENTATION_CONTEXT('2D SPACE',''
  ) );
#2724 = PCURVE('',#1466,#2725);
#2725 = DEFINITIONAL_REPRESENTATION('',(#2726),#2730);
#2726 = LINE('',#2727,#2728);
#2727 = CARTESIAN_POINT('',(-47.,0.));
#2728 = VECTOR('',#2729,1.);
#2729 = DIRECTION('',(-0.,-1.));
#2730 = ( GEOMETRIC_REPRESENTATION_CONTEXT(2) 
PARAMETRIC_REPRESENTATION_CONTEXT() REPRESENTATION_CONTEXT('2D SPACE',''
  ) );
#2731 = ORIENTED_EDGE('',*,*,#1427,.T.);
#2732 = ORIENTED_EDGE('',*,*,#799,.T.);
#2733 = ADVANCED_FACE('',(#2734),#1578,.T.);
#2734 = FACE_BOUND('',#2735,.F.);
#2735 = EDGE_LOOP('',(#2736,#2737,#2738));
#2736 = ORIENTED_EDGE('',*,*,#1562,.T.);
#2737 = ORIENTED_EDGE('',*,*,#2392,.T.);
#2738 = ORIENTED_EDGE('',*,*,#2739,.T.);
#2739 = EDGE_CURVE('',#2393,#1535,#2740,.T.);
#2740 = SURFACE_CURVE('',#2741,(#2745,#2752),.PCURVE_S1.);
#2741 = LINE('',#2742,#2743);
#2742 = CARTESIAN_POINT('',(-137.5,81.,-18.));
#2743 = VECTOR('',#2744,1.);
#2744 = DIRECTION('',(-1.,-0.,-0.));
#2745 = PCURVE('',#1578,#2746);
#2746 = DEFINITIONAL_REPRESENTATION('',(#2747),#2751);
#2747 = LINE('',#2748,#2749);
#2748 = CARTESIAN_POINT('',(7.5,3.));
#2749 = VECTOR('',#2750,1.);
#2750 = DIRECTION('',(-1.,0.));
#2751 = ( GEOMETRIC_REPRESENTATION_CONTEXT(2) 
PARAMETRIC_REPRESENTATION_CONTEXT() REPRESENTATION_CONTEXT('2D SPACE',''
  ) );
#2752 = PCURVE('',#1550,#2753);
#2753 = DEFINITIONAL_REPRESENTATION('',(#2754),#2758);
#2754 = LINE('',#2755,#2756);
#2755 = CARTESIAN_POINT('',(-18.,1.5));
#2756 = VECTOR('',#2757,1.);
#2757 = DIRECTION('',(-0.,-1.));
#2758 = ( GEOMETRIC_REPRESENTATION_CONTEXT(2) 
PARAMETRIC_REPRESENTATION_CONTEXT() REPRESENTATION_CONTEXT('2D SPACE',''
  ) );
#2759 = ADVANCED_FACE('',(#2760),#1550,.F.);
#2760 = FACE_BOUND('',#2761,.T.);
#2761 = EDGE_LOOP('',(#2762,#2763,#2764,#2765,#2766));
#2762 = ORIENTED_EDGE('',*,*,#2038,.F.);
#2763 = ORIENTED_EDGE('',*,*,#2658,.T.);
#2764 = ORIENTED_EDGE('',*,*,#2739,.T.);
#2765 = ORIENTED_EDGE('',*,*,#1534,.T.);
#2766 = ORIENTED_EDGE('',*,*,#2767,.F.);
#2767 = EDGE_CURVE('',#2016,#1507,#2768,.T.);
#2768 = SURFACE_CURVE('',#2769,(#2773,#2780),.PCURVE_S1.);
#2769 = LINE('',#2770,#2771);
#2770 = CARTESIAN_POINT('',(-139.,81.,-153.));
#2771 = VECTOR('',#2772,1.);
#2772 = DIRECTION('',(-1.,-0.,-0.));
#2773 = PCURVE('',#1550,#2774);
#2774 = DEFINITIONAL_REPRESENTATION('',(#2775),#2779);
#2775 = LINE('',#2776,#2777);
#2776 = CARTESIAN_POINT('',(-153.,0.));
#2777 = VECTOR('',#2778,1.);
#2778 = DIRECTION('',(-0.,-1.));
#2779 = ( GEOMETRIC_REPRESENTATION_CONTEXT(2) 
PARAMETRIC_REPRESENTATION_CONTEXT() REPRESENTATION_CONTEXT('2D SPACE',''
  ) );
#2780 = PCURVE('',#1522,#2781);
#2781 = DEFINITIONAL_REPRESENTATION('',(#2782),#2786);
#2782 = LINE('',#2783,#2784);
#2783 = CARTESIAN_POINT('',(-0.,0.));
#2784 = VECTOR('',#2785,1.);
#2785 = DIRECTION('',(-0.,-1.));
#2786 = ( GEOMETRIC_REPRESENTATION_CONTEXT(2) 
PARAMETRIC_REPRESENTATION_CONTEXT() REPRESENTATION_CONTEXT('2D SPACE',''
  ) );
#2787 = ADVANCED_FACE('',(#2788),#1522,.F.);
#2788 = FACE_BOUND('',#2789,.T.);
#2789 = EDGE_LOOP('',(#2790,#2791,#2792,#2793));
#2790 = ORIENTED_EDGE('',*,*,#2015,.F.);
#2791 = ORIENTED_EDGE('',*,*,#2767,.T.);
#2792 = ORIENTED_EDGE('',*,*,#1506,.T.);
#2793 = ORIENTED_EDGE('',*,*,#2794,.F.);
#2794 = EDGE_CURVE('',#1993,#1479,#2795,.T.);
#2795 = SURFACE_CURVE('',#2796,(#2800,#2807),.PCURVE_S1.);
#2796 = LINE('',#2797,#2798);
#2797 = CARTESIAN_POINT('',(-139.,18.,-90.));
#2798 = VECTOR('',#2799,1.);
#2799 = DIRECTION('',(-1.,-0.,-0.));
#2800 = PCURVE('',#1522,#2801);
#2801 = DEFINITIONAL_REPRESENTATION('',(#2802),#2806);
#2802 = LINE('',#2803,#2804);
#2803 = CARTESIAN_POINT('',(-89.0954544295,0.));
#2804 = VECTOR('',#2805,1.);
#2805 = DIRECTION('',(-0.,-1.));
#2806 = ( GEOMETRIC_REPRESENTATION_CONTEXT(2) 
PARAMETRIC_REPRESENTATION_CONTEXT() REPRESENTATION_CONTEXT('2D SPACE',''
  ) );
#2807 = PCURVE('',#1494,#2808);
#2808 = DEFINITIONAL_REPRESENTATION('',(#2809),#2813);
#2809 = LINE('',#2810,#2811);
#2810 = CARTESIAN_POINT('',(-0.,0.));
#2811 = VECTOR('',#2812,1.);
#2812 = DIRECTION('',(-0.,-1.));
#2813 = ( GEOMETRIC_REPRESENTATION_CONTEXT(2) 
PARAMETRIC_REPRESENTATION_CONTEXT() REPRESENTATION_CONTEXT('2D SPACE',''
  ) );
#2814 = ADVANCED_FACE('',(#2815),#1494,.F.);
#2815 = FACE_BOUND('',#2816,.T.);
#2816 = EDGE_LOOP('',(#2817,#2818,#2819,#2820));
#2817 = ORIENTED_EDGE('',*,*,#1992,.F.);
#2818 = ORIENTED_EDGE('',*,*,#2794,.T.);
#2819 = ORIENTED_EDGE('',*,*,#1478,.T.);
#2820 = ORIENTED_EDGE('',*,*,#2821,.F.);
#2821 = EDGE_CURVE('',#1970,#1451,#2822,.T.);
#2822 = SURFACE_CURVE('',#2823,(#2827,#2834),.PCURVE_S1.);
#2823 = LINE('',#2824,#2825);
#2824 = CARTESIAN_POINT('',(-141.,18.,-83.));
#2825 = VECTOR('',#2826,1.);
#2826 = DIRECTION('',(-1.,-0.,-0.));
#2827 = PCURVE('',#1494,#2828);
#2828 = DEFINITIONAL_REPRESENTATION('',(#2829),#2833);
#2829 = LINE('',#2830,#2831);
#2830 = CARTESIAN_POINT('',(-7.,-2.));
#2831 = VECTOR('',#2832,1.);
#2832 = DIRECTION('',(-0.,-1.));
#2833 = ( GEOMETRIC_REPRESENTATION_CONTEXT(2) 
PARAMETRIC_REPRESENTATION_CONTEXT() REPRESENTATION_CONTEXT('2D SPACE',''
  ) );
#2834 = PCURVE('',#1466,#2835);
#2835 = DEFINITIONAL_REPRESENTATION('',(#2836),#2840);
#2836 = LINE('',#2837,#2838);
#2837 = CARTESIAN_POINT('',(-7.,-2.));
#2838 = VECTOR('',#2839,1.);
#2839 = DIRECTION('',(-0.,-1.));
#2840 = ( GEOMETRIC_REPRESENTATION_CONTEXT(2) 
PARAMETRIC_REPRESENTATION_CONTEXT() REPRESENTATION_CONTEXT('2D SPACE',''
  ) );
#2841 = ADVANCED_FACE('',(#2842),#1466,.F.);
#2842 = FACE_BOUND('',#2843,.T.);
#2843 = EDGE_LOOP('',(#2844,#2845,#2846,#2847));
#2844 = ORIENTED_EDGE('',*,*,#1969,.F.);
#2845 = ORIENTED_EDGE('',*,*,#2821,.T.);
#2846 = ORIENTED_EDGE('',*,*,#1450,.T.);
#2847 = ORIENTED_EDGE('',*,*,#2711,.F.);
#2848 = ADVANCED_FACE('',(#2849),#1393,.T.);
#2849 = FACE_BOUND('',#2850,.F.);
#2850 = EDGE_LOOP('',(#2851,#2852,#2873,#2874));
#2851 = ORIENTED_EDGE('',*,*,#1901,.F.);
#2852 = ORIENTED_EDGE('',*,*,#2853,.F.);
#2853 = EDGE_CURVE('',#1350,#1879,#2854,.T.);
#2854 = SURFACE_CURVE('',#2855,(#2859,#2866),.PCURVE_S1.);
#2855 = LINE('',#2856,#2857);
#2856 = CARTESIAN_POINT('',(-135.5,9.,-39.));
#2857 = VECTOR('',#2858,1.);
#2858 = DIRECTION('',(1.,-0.,-0.));
#2859 = PCURVE('',#1393,#2860);
#2860 = DEFINITIONAL_REPRESENTATION('',(#2861),#2865);
#2861 = LINE('',#2862,#2863);
#2862 = CARTESIAN_POINT('',(-61.,5.5));
#2863 = VECTOR('',#2864,1.);
#2864 = DIRECTION('',(-0.,1.));
#2865 = ( GEOMETRIC_REPRESENTATION_CONTEXT(2) 
PARAMETRIC_REPRESENTATION_CONTEXT() REPRESENTATION_CONTEXT('2D SPACE',''
  ) );
#2866 = PCURVE('',#1365,#2867);
#2867 = DEFINITIONAL_REPRESENTATION('',(#2868),#2872);
#2868 = LINE('',#2869,#2870);
#2869 = CARTESIAN_POINT('',(-5.5,4.5));
#2870 = VECTOR('',#2871,1.);
#2871 = DIRECTION('',(1.,-0.));
#2872 = ( GEOMETRIC_REPRESENTATION_CONTEXT(2) 
PARAMETRIC_REPRESENTATION_CONTEXT() REPRESENTATION_CONTEXT('2D SPACE',''
  ) );
#2873 = ORIENTED_EDGE('',*,*,#1377,.T.);
#2874 = ORIENTED_EDGE('',*,*,#2684,.F.);
#2875 = ADVANCED_FACE('',(#2876),#1365,.T.);
#2876 = FACE_BOUND('',#2877,.F.);
#2877 = EDGE_LOOP('',(#2878,#2908,#2936,#2964,#2985,#2986,#2987,#2988));
#2878 = ORIENTED_EDGE('',*,*,#2879,.F.);
#2879 = EDGE_CURVE('',#2880,#2882,#2884,.T.);
#2880 = VERTEX_POINT('',#2881);
#2881 = CARTESIAN_POINT('',(-130.,8.285299151843,-39.));
#2882 = VERTEX_POINT('',#2883);
#2883 = CARTESIAN_POINT('',(-130.,15.5,-39.));
#2884 = SURFACE_CURVE('',#2885,(#2889,#2896),.PCURVE_S1.);
#2885 = LINE('',#2886,#2887);
#2886 = CARTESIAN_POINT('',(-130.,4.5,-39.));
#2887 = VECTOR('',#2888,1.);
#2888 = DIRECTION('',(-0.,1.,-0.));
#2889 = PCURVE('',#1365,#2890);
#2890 = DEFINITIONAL_REPRESENTATION('',(#2891),#2895);
#2891 = LINE('',#2892,#2893);
#2892 = CARTESIAN_POINT('',(0.,-0.));
#2893 = VECTOR('',#2894,1.);
#2894 = DIRECTION('',(-0.,1.));
#2895 = ( GEOMETRIC_REPRESENTATION_CONTEXT(2) 
PARAMETRIC_REPRESENTATION_CONTEXT() REPRESENTATION_CONTEXT('2D SPACE',''
  ) );
#2896 = PCURVE('',#2897,#2902);
#2897 = PLANE('',#2898);
#2898 = AXIS2_PLACEMENT_3D('',#2899,#2900,#2901);
#2899 = CARTESIAN_POINT('',(-130.,4.5,-97.));
#2900 = DIRECTION('',(-1.,-0.,-0.));
#2901 = DIRECTION('',(0.,0.,-1.));
#2902 = DEFINITIONAL_REPRESENTATION('',(#2903),#2907);
#2903 = LINE('',#2904,#2905);
#2904 = CARTESIAN_POINT('',(-58.,-0.));
#2905 = VECTOR('',#2906,1.);
#2906 = DIRECTION('',(-0.,-1.));
#2907 = ( GEOMETRIC_REPRESENTATION_CONTEXT(2) 
PARAMETRIC_REPRESENTATION_CONTEXT() REPRESENTATION_CONTEXT('2D SPACE',''
  ) );
#2908 = ORIENTED_EDGE('',*,*,#2909,.F.);
#2909 = EDGE_CURVE('',#2910,#2880,#2912,.T.);
#2910 = VERTEX_POINT('',#2911);
#2911 = CARTESIAN_POINT('',(-160.,8.285299151843,-39.));
#2912 = SURFACE_CURVE('',#2913,(#2917,#2924),.PCURVE_S1.);
#2913 = LINE('',#2914,#2915);
#2914 = CARTESIAN_POINT('',(-81.,8.285299151843,-39.));
#2915 = VECTOR('',#2916,1.);
#2916 = DIRECTION('',(1.,-0.,0.));
#2917 = PCURVE('',#1365,#2918);
#2918 = DEFINITIONAL_REPRESENTATION('',(#2919),#2923);
#2919 = LINE('',#2920,#2921);
#2920 = CARTESIAN_POINT('',(49.,3.785299151843));
#2921 = VECTOR('',#2922,1.);
#2922 = DIRECTION('',(1.,-0.));
#2923 = ( GEOMETRIC_REPRESENTATION_CONTEXT(2) 
PARAMETRIC_REPRESENTATION_CONTEXT() REPRESENTATION_CONTEXT('2D SPACE',''
  ) );
#2924 = PCURVE('',#2925,#2930);
#2925 = PLANE('',#2926);
#2926 = AXIS2_PLACEMENT_3D('',#2927,#2928,#2929);
#2927 = CARTESIAN_POINT('',(-32.,8.217837094414,-36.87526754894));
#2928 = DIRECTION('',(-0.,0.999496322613,3.173485597321E-02));
#2929 = DIRECTION('',(0.,-3.173485597321E-02,0.999496322613));
#2930 = DEFINITIONAL_REPRESENTATION('',(#2931),#2935);
#2931 = LINE('',#2932,#2933);
#2932 = CARTESIAN_POINT('',(-2.125803170047,-49.));
#2933 = VECTOR('',#2934,1.);
#2934 = DIRECTION('',(0.,1.));
#2935 = ( GEOMETRIC_REPRESENTATION_CONTEXT(2) 
PARAMETRIC_REPRESENTATION_CONTEXT() REPRESENTATION_CONTEXT('2D SPACE',''
  ) );
#2936 = ORIENTED_EDGE('',*,*,#2937,.T.);
#2937 = EDGE_CURVE('',#2910,#2938,#2940,.T.);
#2938 = VERTEX_POINT('',#2939);
#2939 = CARTESIAN_POINT('',(-160.,15.5,-39.));
#2940 = SURFACE_CURVE('',#2941,(#2945,#2952),.PCURVE_S1.);
#2941 = LINE('',#2942,#2943);
#2942 = CARTESIAN_POINT('',(-160.,4.5,-39.));
#2943 = VECTOR('',#2944,1.);
#2944 = DIRECTION('',(-0.,1.,-0.));
#2945 = PCURVE('',#1365,#2946);
#2946 = DEFINITIONAL_REPRESENTATION('',(#2947),#2951);
#2947 = LINE('',#2948,#2949);
#2948 = CARTESIAN_POINT('',(-30.,0.));
#2949 = VECTOR('',#2950,1.);
#2950 = DIRECTION('',(-0.,1.));
#2951 = ( GEOMETRIC_REPRESENTATION_CONTEXT(2) 
PARAMETRIC_REPRESENTATION_CONTEXT() REPRESENTATION_CONTEXT('2D SPACE',''
  ) );
#2952 = PCURVE('',#2953,#2958);
#2953 = PLANE('',#2954);
#2954 = AXIS2_PLACEMENT_3D('',#2955,#2956,#2957);
#2955 = CARTESIAN_POINT('',(-160.,4.5,-97.));
#2956 = DIRECTION('',(-1.,-0.,-0.));
#2957 = DIRECTION('',(0.,0.,-1.));
#2958 = DEFINITIONAL_REPRESENTATION('',(#2959),#2963);
#2959 = LINE('',#2960,#2961);
#2960 = CARTESIAN_POINT('',(-58.,-0.));
#2961 = VECTOR('',#2962,1.);
#2962 = DIRECTION('',(-0.,-1.));
#2963 = ( GEOMETRIC_REPRESENTATION_CONTEXT(2) 
PARAMETRIC_REPRESENTATION_CONTEXT() REPRESENTATION_CONTEXT('2D SPACE',''
  ) );
#2964 = ORIENTED_EDGE('',*,*,#2965,.F.);
#2965 = EDGE_CURVE('',#1327,#2938,#2966,.T.);
#2966 = SURFACE_CURVE('',#2967,(#2971,#2978),.PCURVE_S1.);
#2967 = LINE('',#2968,#2969);
#2968 = CARTESIAN_POINT('',(-130.,15.5,-39.));
#2969 = VECTOR('',#2970,1.);
#2970 = DIRECTION('',(-1.,-0.,-0.));
#2971 = PCURVE('',#1365,#2972);
#2972 = DEFINITIONAL_REPRESENTATION('',(#2973),#2977);
#2973 = LINE('',#2974,#2975);
#2974 = CARTESIAN_POINT('',(0.,11.));
#2975 = VECTOR('',#2976,1.);
#2976 = DIRECTION('',(-1.,0.));
#2977 = ( GEOMETRIC_REPRESENTATION_CONTEXT(2) 
PARAMETRIC_REPRESENTATION_CONTEXT() REPRESENTATION_CONTEXT('2D SPACE',''
  ) );
#2978 = PCURVE('',#1230,#2979);
#2979 = DEFINITIONAL_REPRESENTATION('',(#2980),#2984);
#2980 = LINE('',#2981,#2982);
#2981 = CARTESIAN_POINT('',(-58.,-0.));
#2982 = VECTOR('',#2983,1.);
#2983 = DIRECTION('',(-0.,1.));
#2984 = ( GEOMETRIC_REPRESENTATION_CONTEXT(2) 
PARAMETRIC_REPRESENTATION_CONTEXT() REPRESENTATION_CONTEXT('2D SPACE',''
  ) );
#2985 = ORIENTED_EDGE('',*,*,#1349,.F.);
#2986 = ORIENTED_EDGE('',*,*,#2853,.T.);
#2987 = ORIENTED_EDGE('',*,*,#1878,.T.);
#2988 = ORIENTED_EDGE('',*,*,#2989,.F.);
#2989 = EDGE_CURVE('',#2882,#1856,#2990,.T.);
#2990 = SURFACE_CURVE('',#2991,(#2995,#3002),.PCURVE_S1.);
#2991 = LINE('',#2992,#2993);
#2992 = CARTESIAN_POINT('',(-130.,15.5,-39.));
#2993 = VECTOR('',#2994,1.);
#2994 = DIRECTION('',(-1.,-0.,-0.));
#2995 = PCURVE('',#1365,#2996);
#2996 = DEFINITIONAL_REPRESENTATION('',(#2997),#3001);
#2997 = LINE('',#2998,#2999);
#2998 = CARTESIAN_POINT('',(0.,11.));
#2999 = VECTOR('',#3000,1.);
#3000 = DIRECTION('',(-1.,0.));
#3001 = ( GEOMETRIC_REPRESENTATION_CONTEXT(2) 
PARAMETRIC_REPRESENTATION_CONTEXT() REPRESENTATION_CONTEXT('2D SPACE',''
  ) );
#3002 = PCURVE('',#1774,#3003);
#3003 = DEFINITIONAL_REPRESENTATION('',(#3004),#3008);
#3004 = LINE('',#3005,#3006);
#3005 = CARTESIAN_POINT('',(-58.,-0.));
#3006 = VECTOR('',#3007,1.);
#3007 = DIRECTION('',(-0.,1.));
#3008 = ( GEOMETRIC_REPRESENTATION_CONTEXT(2) 
PARAMETRIC_REPRESENTATION_CONTEXT() REPRESENTATION_CONTEXT('2D SPACE',''
  ) );
#3009 = ADVANCED_FACE('',(#3010,#3131,#3166),#1230,.T.);
#3010 = FACE_BOUND('',#3011,.F.);
#3011 = EDGE_LOOP('',(#3012,#3035,#3036,#3059,#3087,#3108,#3109,#3110));
#3012 = ORIENTED_EDGE('',*,*,#3013,.F.);
#3013 = EDGE_CURVE('',#1187,#3014,#3016,.T.);
#3014 = VERTEX_POINT('',#3015);
#3015 = CARTESIAN_POINT('',(-160.,15.5,-97.));
#3016 = SURFACE_CURVE('',#3017,(#3021,#3028),.PCURVE_S1.);
#3017 = LINE('',#3018,#3019);
#3018 = CARTESIAN_POINT('',(-130.,15.5,-97.));
#3019 = VECTOR('',#3020,1.);
#3020 = DIRECTION('',(-1.,-0.,-0.));
#3021 = PCURVE('',#1230,#3022);
#3022 = DEFINITIONAL_REPRESENTATION('',(#3023),#3027);
#3023 = LINE('',#3024,#3025);
#3024 = CARTESIAN_POINT('',(-0.,-0.));
#3025 = VECTOR('',#3026,1.);
#3026 = DIRECTION('',(-0.,1.));
#3027 = ( GEOMETRIC_REPRESENTATION_CONTEXT(2) 
PARAMETRIC_REPRESENTATION_CONTEXT() REPRESENTATION_CONTEXT('2D SPACE',''
  ) );
#3028 = PCURVE('',#1202,#3029);
#3029 = DEFINITIONAL_REPRESENTATION('',(#3030),#3034);
#3030 = LINE('',#3031,#3032);
#3031 = CARTESIAN_POINT('',(0.,11.));
#3032 = VECTOR('',#3033,1.);
#3033 = DIRECTION('',(-1.,0.));
#3034 = ( GEOMETRIC_REPRESENTATION_CONTEXT(2) 
PARAMETRIC_REPRESENTATION_CONTEXT() REPRESENTATION_CONTEXT('2D SPACE',''
  ) );
#3035 = ORIENTED_EDGE('',*,*,#1214,.F.);
#3036 = ORIENTED_EDGE('',*,*,#3037,.T.);
#3037 = EDGE_CURVE('',#1215,#3038,#3040,.T.);
#3038 = VERTEX_POINT('',#3039);
#3039 = CARTESIAN_POINT('',(-153.,15.5,-81.));
#3040 = SURFACE_CURVE('',#3041,(#3045,#3052),.PCURVE_S1.);
#3041 = LINE('',#3042,#3043);
#3042 = CARTESIAN_POINT('',(-133.5,15.5,-81.));
#3043 = VECTOR('',#3044,1.);
#3044 = DIRECTION('',(-1.,-0.,-0.));
#3045 = PCURVE('',#1230,#3046);
#3046 = DEFINITIONAL_REPRESENTATION('',(#3047),#3051);
#3047 = LINE('',#3048,#3049);
#3048 = CARTESIAN_POINT('',(-16.,3.5));
#3049 = VECTOR('',#3050,1.);
#3050 = DIRECTION('',(-0.,1.));
#3051 = ( GEOMETRIC_REPRESENTATION_CONTEXT(2) 
PARAMETRIC_REPRESENTATION_CONTEXT() REPRESENTATION_CONTEXT('2D SPACE',''
  ) );
#3052 = PCURVE('',#1258,#3053);
#3053 = DEFINITIONAL_REPRESENTATION('',(#3054),#3058);
#3054 = LINE('',#3055,#3056);
#3055 = CARTESIAN_POINT('',(3.5,13.5));
#3056 = VECTOR('',#3057,1.);
#3057 = DIRECTION('',(-1.,0.));
#3058 = ( GEOMETRIC_REPRESENTATION_CONTEXT(2) 
PARAMETRIC_REPRESENTATION_CONTEXT() REPRESENTATION_CONTEXT('2D SPACE',''
  ) );
#3059 = ORIENTED_EDGE('',*,*,#3060,.F.);
#3060 = EDGE_CURVE('',#3061,#3038,#3063,.T.);
#3061 = VERTEX_POINT('',#3062);
#3062 = CARTESIAN_POINT('',(-153.,15.5,-55.));
#3063 = SURFACE_CURVE('',#3064,(#3068,#3075),.PCURVE_S1.);
#3064 = LINE('',#3065,#3066);
#3065 = CARTESIAN_POINT('',(-153.,15.5,-89.));
#3066 = VECTOR('',#3067,1.);
#3067 = DIRECTION('',(-0.,-0.,-1.));
#3068 = PCURVE('',#1230,#3069);
#3069 = DEFINITIONAL_REPRESENTATION('',(#3070),#3074);
#3070 = LINE('',#3071,#3072);
#3071 = CARTESIAN_POINT('',(-8.,23.));
#3072 = VECTOR('',#3073,1.);
#3073 = DIRECTION('',(1.,-0.));
#3074 = ( GEOMETRIC_REPRESENTATION_CONTEXT(2) 
PARAMETRIC_REPRESENTATION_CONTEXT() REPRESENTATION_CONTEXT('2D SPACE',''
  ) );
#3075 = PCURVE('',#3076,#3081);
#3076 = PLANE('',#3077);
#3077 = AXIS2_PLACEMENT_3D('',#3078,#3079,#3080);
#3078 = CARTESIAN_POINT('',(-153.,2.,-81.));
#3079 = DIRECTION('',(-1.,-0.,-0.));
#3080 = DIRECTION('',(0.,0.,-1.));
#3081 = DEFINITIONAL_REPRESENTATION('',(#3082),#3086);
#3082 = LINE('',#3083,#3084);
#3083 = CARTESIAN_POINT('',(8.,-13.5));
#3084 = VECTOR('',#3085,1.);
#3085 = DIRECTION('',(1.,-0.));
#3086 = ( GEOMETRIC_REPRESENTATION_CONTEXT(2) 
PARAMETRIC_REPRESENTATION_CONTEXT() REPRESENTATION_CONTEXT('2D SPACE',''
  ) );
#3087 = ORIENTED_EDGE('',*,*,#3088,.F.);
#3088 = EDGE_CURVE('',#1299,#3061,#3089,.T.);
#3089 = SURFACE_CURVE('',#3090,(#3094,#3101),.PCURVE_S1.);
#3090 = LINE('',#3091,#3092);
#3091 = CARTESIAN_POINT('',(-133.5,15.5,-55.));
#3092 = VECTOR('',#3093,1.);
#3093 = DIRECTION('',(-1.,-0.,-0.));
#3094 = PCURVE('',#1230,#3095);
#3095 = DEFINITIONAL_REPRESENTATION('',(#3096),#3100);
#3096 = LINE('',#3097,#3098);
#3097 = CARTESIAN_POINT('',(-42.,3.5));
#3098 = VECTOR('',#3099,1.);
#3099 = DIRECTION('',(-0.,1.));
#3100 = ( GEOMETRIC_REPRESENTATION_CONTEXT(2) 
PARAMETRIC_REPRESENTATION_CONTEXT() REPRESENTATION_CONTEXT('2D SPACE',''
  ) );
#3101 = PCURVE('',#1314,#3102);
#3102 = DEFINITIONAL_REPRESENTATION('',(#3103),#3107);
#3103 = LINE('',#3104,#3105);
#3104 = CARTESIAN_POINT('',(3.5,13.5));
#3105 = VECTOR('',#3106,1.);
#3106 = DIRECTION('',(-1.,0.));
#3107 = ( GEOMETRIC_REPRESENTATION_CONTEXT(2) 
PARAMETRIC_REPRESENTATION_CONTEXT() REPRESENTATION_CONTEXT('2D SPACE',''
  ) );
#3108 = ORIENTED_EDGE('',*,*,#1326,.F.);
#3109 = ORIENTED_EDGE('',*,*,#2965,.T.);
#3110 = ORIENTED_EDGE('',*,*,#3111,.F.);
#3111 = EDGE_CURVE('',#3014,#2938,#3112,.T.);
#3112 = SURFACE_CURVE('',#3113,(#3117,#3124),.PCURVE_S1.);
#3113 = LINE('',#3114,#3115);
#3114 = CARTESIAN_POINT('',(-160.,15.5,-97.));
#3115 = VECTOR('',#3116,1.);
#3116 = DIRECTION('',(-0.,-0.,1.));
#3117 = PCURVE('',#1230,#3118);
#3118 = DEFINITIONAL_REPRESENTATION('',(#3119),#3123);
#3119 = LINE('',#3120,#3121);
#3120 = CARTESIAN_POINT('',(-0.,30.));
#3121 = VECTOR('',#3122,1.);
#3122 = DIRECTION('',(-1.,0.));
#3123 = ( GEOMETRIC_REPRESENTATION_CONTEXT(2) 
PARAMETRIC_REPRESENTATION_CONTEXT() REPRESENTATION_CONTEXT('2D SPACE',''
  ) );
#3124 = PCURVE('',#2953,#3125);
#3125 = DEFINITIONAL_REPRESENTATION('',(#3126),#3130);
#3126 = LINE('',#3127,#3128);
#3127 = CARTESIAN_POINT('',(-0.,-11.));
#3128 = VECTOR('',#3129,1.);
#3129 = DIRECTION('',(-1.,-0.));
#3130 = ( GEOMETRIC_REPRESENTATION_CONTEXT(2) 
PARAMETRIC_REPRESENTATION_CONTEXT() REPRESENTATION_CONTEXT('2D SPACE',''
  ) );
#3131 = FACE_BOUND('',#3132,.F.);
#3132 = EDGE_LOOP('',(#3133));
#3133 = ORIENTED_EDGE('',*,*,#3134,.F.);
#3134 = EDGE_CURVE('',#3135,#3135,#3137,.T.);
#3135 = VERTEX_POINT('',#3136);
#3136 = CARTESIAN_POINT('',(-153.7,15.5,-88.));
#3137 = SURFACE_CURVE('',#3138,(#3143,#3154),.PCURVE_S1.);
#3138 = CIRCLE('',#3139,1.7);
#3139 = AXIS2_PLACEMENT_3D('',#3140,#3141,#3142);
#3140 = CARTESIAN_POINT('',(-152.,15.5,-88.));
#3141 = DIRECTION('',(0.,-1.,0.));
#3142 = DIRECTION('',(-1.,-0.,-0.));
#3143 = PCURVE('',#1230,#3144);
#3144 = DEFINITIONAL_REPRESENTATION('',(#3145),#3153);
#3145 = ( BOUNDED_CURVE() B_SPLINE_CURVE(2,(#3146,#3147,#3148,#3149,
#3150,#3151,#3152),.UNSPECIFIED.,.T.,.F.) B_SPLINE_CURVE_WITH_KNOTS((1,2
    ,2,2,2,1),(-2.094395102393,0.,2.094395102393,4.188790204786,
6.28318530718,8.377580409573),.UNSPECIFIED.) CURVE() 
GEOMETRIC_REPRESENTATION_ITEM() RATIONAL_B_SPLINE_CURVE((1.,0.5,1.,0.5,
1.,0.5,1.)) REPRESENTATION_ITEM('') );
#3146 = CARTESIAN_POINT('',(-9.,23.7));
#3147 = CARTESIAN_POINT('',(-6.055513627133,23.7));
#3148 = CARTESIAN_POINT('',(-7.527756813566,21.15));
#3149 = CARTESIAN_POINT('',(-9.,18.6));
#3150 = CARTESIAN_POINT('',(-10.47224318643,21.15));
#3151 = CARTESIAN_POINT('',(-11.94448637286,23.7));
#3152 = CARTESIAN_POINT('',(-9.,23.7));
#3153 = ( GEOMETRIC_REPRESENTATION_CONTEXT(2) 
PARAMETRIC_REPRESENTATION_CONTEXT() REPRESENTATION_CONTEXT('2D SPACE',''
  ) );
#3154 = PCURVE('',#3155,#3160);
#3155 = CYLINDRICAL_SURFACE('',#3156,1.7);
#3156 = AXIS2_PLACEMENT_3D('',#3157,#3158,#3159);
#3157 = CARTESIAN_POINT('',(-152.,23.,-88.));
#3158 = DIRECTION('',(-0.,1.,-0.));
#3159 = DIRECTION('',(-1.,-0.,-0.));
#3160 = DEFINITIONAL_REPRESENTATION('',(#3161),#3165);
#3161 = LINE('',#3162,#3163);
#3162 = CARTESIAN_POINT('',(4.138911435803E-13,-7.5));
#3163 = VECTOR('',#3164,1.);
#3164 = DIRECTION('',(-1.,-0.));
#3165 = ( GEOMETRIC_REPRESENTATION_CONTEXT(2) 
PARAMETRIC_REPRESENTATION_CONTEXT() REPRESENTATION_CONTEXT('2D SPACE',''
  ) );
#3166 = FACE_BOUND('',#3167,.F.);
#3167 = EDGE_LOOP('',(#3168));
#3168 = ORIENTED_EDGE('',*,*,#3169,.F.);
#3169 = EDGE_CURVE('',#3170,#3170,#3172,.T.);
#3170 = VERTEX_POINT('',#3171);
#3171 = CARTESIAN_POINT('',(-153.7,15.5,-48.));
#3172 = SURFACE_CURVE('',#3173,(#3178,#3189),.PCURVE_S1.);
#3173 = CIRCLE('',#3174,1.7);
#3174 = AXIS2_PLACEMENT_3D('',#3175,#3176,#3177);
#3175 = CARTESIAN_POINT('',(-152.,15.5,-48.));
#3176 = DIRECTION('',(0.,-1.,0.));
#3177 = DIRECTION('',(-1.,-0.,-0.));
#3178 = PCURVE('',#1230,#3179);
#3179 = DEFINITIONAL_REPRESENTATION('',(#3180),#3188);
#3180 = ( BOUNDED_CURVE() B_SPLINE_CURVE(2,(#3181,#3182,#3183,#3184,
#3185,#3186,#3187),.UNSPECIFIED.,.T.,.F.) B_SPLINE_CURVE_WITH_KNOTS((1,2
    ,2,2,2,1),(-2.094395102393,0.,2.094395102393,4.188790204786,
6.28318530718,8.377580409573),.UNSPECIFIED.) CURVE() 
GEOMETRIC_REPRESENTATION_ITEM() RATIONAL_B_SPLINE_CURVE((1.,0.5,1.,0.5,
1.,0.5,1.)) REPRESENTATION_ITEM('') );
#3181 = CARTESIAN_POINT('',(-49.,23.7));
#3182 = CARTESIAN_POINT('',(-46.05551362713,23.7));
#3183 = CARTESIAN_POINT('',(-47.52775681356,21.15));
#3184 = CARTESIAN_POINT('',(-49.,18.6));
#3185 = CARTESIAN_POINT('',(-50.47224318643,21.15));
#3186 = CARTESIAN_POINT('',(-51.94448637286,23.7));
#3187 = CARTESIAN_POINT('',(-49.,23.7));
#3188 = ( GEOMETRIC_REPRESENTATION_CONTEXT(2) 
PARAMETRIC_REPRESENTATION_CONTEXT() REPRESENTATION_CONTEXT('2D SPACE',''
  ) );
#3189 = PCURVE('',#3190,#3195);
#3190 = CYLINDRICAL_SURFACE('',#3191,1.7);
#3191 = AXIS2_PLACEMENT_3D('',#3192,#3193,#3194);
#3192 = CARTESIAN_POINT('',(-152.,23.,-48.));
#3193 = DIRECTION('',(-0.,1.,-0.));
#3194 = DIRECTION('',(-1.,-0.,-0.));
#3195 = DEFINITIONAL_REPRESENTATION('',(#3196),#3200);
#3196 = LINE('',#3197,#3198);
#3197 = CARTESIAN_POINT('',(4.138911435803E-13,-7.5));
#3198 = VECTOR('',#3199,1.);
#3199 = DIRECTION('',(-1.,-0.));
#3200 = ( GEOMETRIC_REPRESENTATION_CONTEXT(2) 
PARAMETRIC_REPRESENTATION_CONTEXT() REPRESENTATION_CONTEXT('2D SPACE',''
  ) );
#3201 = ADVANCED_FACE('',(#3202),#1314,.F.);
#3202 = FACE_BOUND('',#3203,.T.);
#3203 = EDGE_LOOP('',(#3204,#3234,#3262,#3283,#3284,#3285,#3306,#3307));
#3204 = ORIENTED_EDGE('',*,*,#3205,.F.);
#3205 = EDGE_CURVE('',#3206,#3208,#3210,.T.);
#3206 = VERTEX_POINT('',#3207);
#3207 = CARTESIAN_POINT('',(-137.,8.299477205897,-55.));
#3208 = VERTEX_POINT('',#3209);
#3209 = CARTESIAN_POINT('',(-137.,15.5,-55.));
#3210 = SURFACE_CURVE('',#3211,(#3215,#3222),.PCURVE_S1.);
#3211 = LINE('',#3212,#3213);
#3212 = CARTESIAN_POINT('',(-137.,2.,-55.));
#3213 = VECTOR('',#3214,1.);
#3214 = DIRECTION('',(-0.,1.,-0.));
#3215 = PCURVE('',#1314,#3216);
#3216 = DEFINITIONAL_REPRESENTATION('',(#3217),#3221);
#3217 = LINE('',#3218,#3219);
#3218 = CARTESIAN_POINT('',(0.,-0.));
#3219 = VECTOR('',#3220,1.);
#3220 = DIRECTION('',(-0.,1.));
#3221 = ( GEOMETRIC_REPRESENTATION_CONTEXT(2) 
PARAMETRIC_REPRESENTATION_CONTEXT() REPRESENTATION_CONTEXT('2D SPACE',''
  ) );
#3222 = PCURVE('',#3223,#3228);
#3223 = PLANE('',#3224);
#3224 = AXIS2_PLACEMENT_3D('',#3225,#3226,#3227);
#3225 = CARTESIAN_POINT('',(-137.,2.,-81.));
#3226 = DIRECTION('',(-1.,-0.,-0.));
#3227 = DIRECTION('',(0.,0.,-1.));
#3228 = DEFINITIONAL_REPRESENTATION('',(#3229),#3233);
#3229 = LINE('',#3230,#3231);
#3230 = CARTESIAN_POINT('',(-26.,-0.));
#3231 = VECTOR('',#3232,1.);
#3232 = DIRECTION('',(-0.,-1.));
#3233 = ( GEOMETRIC_REPRESENTATION_CONTEXT(2) 
PARAMETRIC_REPRESENTATION_CONTEXT() REPRESENTATION_CONTEXT('2D SPACE',''
  ) );
#3234 = ORIENTED_EDGE('',*,*,#3235,.T.);
#3235 = EDGE_CURVE('',#3206,#3236,#3238,.T.);
#3236 = VERTEX_POINT('',#3237);
#3237 = CARTESIAN_POINT('',(-153.,8.299477205897,-55.));
#3238 = SURFACE_CURVE('',#3239,(#3243,#3250),.PCURVE_S1.);
#3239 = LINE('',#3240,#3241);
#3240 = CARTESIAN_POINT('',(-84.5,8.299477205897,-55.));
#3241 = VECTOR('',#3242,1.);
#3242 = DIRECTION('',(-1.,-0.,-0.));
#3243 = PCURVE('',#1314,#3244);
#3244 = DEFINITIONAL_REPRESENTATION('',(#3245),#3249);
#3245 = LINE('',#3246,#3247);
#3246 = CARTESIAN_POINT('',(52.5,6.299477205897));
#3247 = VECTOR('',#3248,1.);
#3248 = DIRECTION('',(-1.,0.));
#3249 = ( GEOMETRIC_REPRESENTATION_CONTEXT(2) 
PARAMETRIC_REPRESENTATION_CONTEXT() REPRESENTATION_CONTEXT('2D SPACE',''
  ) );
#3250 = PCURVE('',#3251,#3256);
#3251 = PLANE('',#3252);
#3252 = AXIS2_PLACEMENT_3D('',#3253,#3254,#3255);
#3253 = CARTESIAN_POINT('',(-32.,8.337947025561,-53.36881039375));
#3254 = DIRECTION('',(-0.,0.999722015684,-2.357734840244E-02));
#3255 = DIRECTION('',(0.,2.357734840244E-02,0.999722015684));
#3256 = DEFINITIONAL_REPRESENTATION('',(#3257),#3261);
#3257 = LINE('',#3258,#3259);
#3258 = CARTESIAN_POINT('',(-1.631643177463,-52.5));
#3259 = VECTOR('',#3260,1.);
#3260 = DIRECTION('',(-0.,-1.));
#3261 = ( GEOMETRIC_REPRESENTATION_CONTEXT(2) 
PARAMETRIC_REPRESENTATION_CONTEXT() REPRESENTATION_CONTEXT('2D SPACE',''
  ) );
#3262 = ORIENTED_EDGE('',*,*,#3263,.T.);
#3263 = EDGE_CURVE('',#3236,#3061,#3264,.T.);
#3264 = SURFACE_CURVE('',#3265,(#3269,#3276),.PCURVE_S1.);
#3265 = LINE('',#3266,#3267);
#3266 = CARTESIAN_POINT('',(-153.,2.,-55.));
#3267 = VECTOR('',#3268,1.);
#3268 = DIRECTION('',(-0.,1.,-0.));
#3269 = PCURVE('',#1314,#3270);
#3270 = DEFINITIONAL_REPRESENTATION('',(#3271),#3275);
#3271 = LINE('',#3272,#3273);
#3272 = CARTESIAN_POINT('',(-16.,0.));
#3273 = VECTOR('',#3274,1.);
#3274 = DIRECTION('',(-0.,1.));
#3275 = ( GEOMETRIC_REPRESENTATION_CONTEXT(2) 
PARAMETRIC_REPRESENTATION_CONTEXT() REPRESENTATION_CONTEXT('2D SPACE',''
  ) );
#3276 = PCURVE('',#3076,#3277);
#3277 = DEFINITIONAL_REPRESENTATION('',(#3278),#3282);
#3278 = LINE('',#3279,#3280);
#3279 = CARTESIAN_POINT('',(-26.,-0.));
#3280 = VECTOR('',#3281,1.);
#3281 = DIRECTION('',(-0.,-1.));
#3282 = ( GEOMETRIC_REPRESENTATION_CONTEXT(2) 
PARAMETRIC_REPRESENTATION_CONTEXT() REPRESENTATION_CONTEXT('2D SPACE',''
  ) );
#3283 = ORIENTED_EDGE('',*,*,#3088,.F.);
#3284 = ORIENTED_EDGE('',*,*,#1298,.F.);
#3285 = ORIENTED_EDGE('',*,*,#3286,.T.);
#3286 = EDGE_CURVE('',#1271,#1810,#3287,.T.);
#3287 = SURFACE_CURVE('',#3288,(#3292,#3299),.PCURVE_S1.);
#3288 = LINE('',#3289,#3290);
#3289 = CARTESIAN_POINT('',(-139.,9.,-55.));
#3290 = VECTOR('',#3291,1.);
#3291 = DIRECTION('',(1.,-0.,-0.));
#3292 = PCURVE('',#1314,#3293);
#3293 = DEFINITIONAL_REPRESENTATION('',(#3294),#3298);
#3294 = LINE('',#3295,#3296);
#3295 = CARTESIAN_POINT('',(-2.,7.));
#3296 = VECTOR('',#3297,1.);
#3297 = DIRECTION('',(1.,-0.));
#3298 = ( GEOMETRIC_REPRESENTATION_CONTEXT(2) 
PARAMETRIC_REPRESENTATION_CONTEXT() REPRESENTATION_CONTEXT('2D SPACE',''
  ) );
#3299 = PCURVE('',#1286,#3300);
#3300 = DEFINITIONAL_REPRESENTATION('',(#3301),#3305);
#3301 = LINE('',#3302,#3303);
#3302 = CARTESIAN_POINT('',(-45.,2.));
#3303 = VECTOR('',#3304,1.);
#3304 = DIRECTION('',(-0.,1.));
#3305 = ( GEOMETRIC_REPRESENTATION_CONTEXT(2) 
PARAMETRIC_REPRESENTATION_CONTEXT() REPRESENTATION_CONTEXT('2D SPACE',''
  ) );
#3306 = ORIENTED_EDGE('',*,*,#1832,.T.);
#3307 = ORIENTED_EDGE('',*,*,#3308,.F.);
#3308 = EDGE_CURVE('',#3208,#1833,#3309,.T.);
#3309 = SURFACE_CURVE('',#3310,(#3314,#3321),.PCURVE_S1.);
#3310 = LINE('',#3311,#3312);
#3311 = CARTESIAN_POINT('',(-133.5,15.5,-55.));
#3312 = VECTOR('',#3313,1.);
#3313 = DIRECTION('',(-1.,-0.,-0.));
#3314 = PCURVE('',#1314,#3315);
#3315 = DEFINITIONAL_REPRESENTATION('',(#3316),#3320);
#3316 = LINE('',#3317,#3318);
#3317 = CARTESIAN_POINT('',(3.5,13.5));
#3318 = VECTOR('',#3319,1.);
#3319 = DIRECTION('',(-1.,0.));
#3320 = ( GEOMETRIC_REPRESENTATION_CONTEXT(2) 
PARAMETRIC_REPRESENTATION_CONTEXT() REPRESENTATION_CONTEXT('2D SPACE',''
  ) );
#3321 = PCURVE('',#1774,#3322);
#3322 = DEFINITIONAL_REPRESENTATION('',(#3323),#3327);
#3323 = LINE('',#3324,#3325);
#3324 = CARTESIAN_POINT('',(-42.,3.5));
#3325 = VECTOR('',#3326,1.);
#3326 = DIRECTION('',(-0.,1.));
#3327 = ( GEOMETRIC_REPRESENTATION_CONTEXT(2) 
PARAMETRIC_REPRESENTATION_CONTEXT() REPRESENTATION_CONTEXT('2D SPACE',''
  ) );
#3328 = ADVANCED_FACE('',(#3329),#1286,.T.);
#3329 = FACE_BOUND('',#3330,.F.);
#3330 = EDGE_LOOP('',(#3331,#3332,#3353,#3354));
#3331 = ORIENTED_EDGE('',*,*,#1809,.F.);
#3332 = ORIENTED_EDGE('',*,*,#3333,.F.);
#3333 = EDGE_CURVE('',#1243,#1787,#3334,.T.);
#3334 = SURFACE_CURVE('',#3335,(#3339,#3346),.PCURVE_S1.);
#3335 = LINE('',#3336,#3337);
#3336 = CARTESIAN_POINT('',(-139.,9.,-81.));
#3337 = VECTOR('',#3338,1.);
#3338 = DIRECTION('',(1.,-0.,-0.));
#3339 = PCURVE('',#1286,#3340);
#3340 = DEFINITIONAL_REPRESENTATION('',(#3341),#3345);
#3341 = LINE('',#3342,#3343);
#3342 = CARTESIAN_POINT('',(-19.,2.));
#3343 = VECTOR('',#3344,1.);
#3344 = DIRECTION('',(-0.,1.));
#3345 = ( GEOMETRIC_REPRESENTATION_CONTEXT(2) 
PARAMETRIC_REPRESENTATION_CONTEXT() REPRESENTATION_CONTEXT('2D SPACE',''
  ) );
#3346 = PCURVE('',#1258,#3347);
#3347 = DEFINITIONAL_REPRESENTATION('',(#3348),#3352);
#3348 = LINE('',#3349,#3350);
#3349 = CARTESIAN_POINT('',(-2.,7.));
#3350 = VECTOR('',#3351,1.);
#3351 = DIRECTION('',(1.,-0.));
#3352 = ( GEOMETRIC_REPRESENTATION_CONTEXT(2) 
PARAMETRIC_REPRESENTATION_CONTEXT() REPRESENTATION_CONTEXT('2D SPACE',''
  ) );
#3353 = ORIENTED_EDGE('',*,*,#1270,.T.);
#3354 = ORIENTED_EDGE('',*,*,#3286,.T.);
#3355 = ADVANCED_FACE('',(#3356),#1258,.T.);
#3356 = FACE_BOUND('',#3357,.F.);
#3357 = EDGE_LOOP('',(#3358,#3383,#3411,#3432,#3433,#3434,#3435,#3436));
#3358 = ORIENTED_EDGE('',*,*,#3359,.F.);
#3359 = EDGE_CURVE('',#3360,#3362,#3364,.T.);
#3360 = VERTEX_POINT('',#3361);
#3361 = CARTESIAN_POINT('',(-137.,6.988495923641,-81.));
#3362 = VERTEX_POINT('',#3363);
#3363 = CARTESIAN_POINT('',(-137.,15.5,-81.));
#3364 = SURFACE_CURVE('',#3365,(#3369,#3376),.PCURVE_S1.);
#3365 = LINE('',#3366,#3367);
#3366 = CARTESIAN_POINT('',(-137.,2.,-81.));
#3367 = VECTOR('',#3368,1.);
#3368 = DIRECTION('',(-0.,1.,-0.));
#3369 = PCURVE('',#1258,#3370);
#3370 = DEFINITIONAL_REPRESENTATION('',(#3371),#3375);
#3371 = LINE('',#3372,#3373);
#3372 = CARTESIAN_POINT('',(0.,-0.));
#3373 = VECTOR('',#3374,1.);
#3374 = DIRECTION('',(-0.,1.));
#3375 = ( GEOMETRIC_REPRESENTATION_CONTEXT(2) 
PARAMETRIC_REPRESENTATION_CONTEXT() REPRESENTATION_CONTEXT('2D SPACE',''
  ) );
#3376 = PCURVE('',#3223,#3377);
#3377 = DEFINITIONAL_REPRESENTATION('',(#3378),#3382);
#3378 = LINE('',#3379,#3380);
#3379 = CARTESIAN_POINT('',(-0.,-0.));
#3380 = VECTOR('',#3381,1.);
#3381 = DIRECTION('',(-0.,-1.));
#3382 = ( GEOMETRIC_REPRESENTATION_CONTEXT(2) 
PARAMETRIC_REPRESENTATION_CONTEXT() REPRESENTATION_CONTEXT('2D SPACE',''
  ) );
#3383 = ORIENTED_EDGE('',*,*,#3384,.T.);
#3384 = EDGE_CURVE('',#3360,#3385,#3387,.T.);
#3385 = VERTEX_POINT('',#3386);
#3386 = CARTESIAN_POINT('',(-153.,6.988495923641,-81.));
#3387 = SURFACE_CURVE('',#3388,(#3392,#3399),.PCURVE_S1.);
#3388 = LINE('',#3389,#3390);
#3389 = CARTESIAN_POINT('',(-84.5,6.988495923641,-81.));
#3390 = VECTOR('',#3391,1.);
#3391 = DIRECTION('',(-1.,-0.,-0.));
#3392 = PCURVE('',#1258,#3393);
#3393 = DEFINITIONAL_REPRESENTATION('',(#3394),#3398);
#3394 = LINE('',#3395,#3396);
#3395 = CARTESIAN_POINT('',(52.5,4.988495923641));
#3396 = VECTOR('',#3397,1.);
#3397 = DIRECTION('',(-1.,0.));
#3398 = ( GEOMETRIC_REPRESENTATION_CONTEXT(2) 
PARAMETRIC_REPRESENTATION_CONTEXT() REPRESENTATION_CONTEXT('2D SPACE',''
  ) );
#3399 = PCURVE('',#3400,#3405);
#3400 = PLANE('',#3401);
#3401 = AXIS2_PLACEMENT_3D('',#3402,#3403,#3404);
#3402 = CARTESIAN_POINT('',(-32.,7.156687907998,-78.663516937));
#3403 = DIRECTION('',(-0.,0.997419098228,-7.179932096368E-02));
#3404 = DIRECTION('',(0.,7.179932096368E-02,0.997419098228));
#3405 = DEFINITIONAL_REPRESENTATION('',(#3406),#3410);
#3406 = LINE('',#3407,#3408);
#3407 = CARTESIAN_POINT('',(-2.34252889999,-52.5));
#3408 = VECTOR('',#3409,1.);
#3409 = DIRECTION('',(-0.,-1.));
#3410 = ( GEOMETRIC_REPRESENTATION_CONTEXT(2) 
PARAMETRIC_REPRESENTATION_CONTEXT() REPRESENTATION_CONTEXT('2D SPACE',''
  ) );
#3411 = ORIENTED_EDGE('',*,*,#3412,.T.);
#3412 = EDGE_CURVE('',#3385,#3038,#3413,.T.);
#3413 = SURFACE_CURVE('',#3414,(#3418,#3425),.PCURVE_S1.);
#3414 = LINE('',#3415,#3416);
#3415 = CARTESIAN_POINT('',(-153.,2.,-81.));
#3416 = VECTOR('',#3417,1.);
#3417 = DIRECTION('',(-0.,1.,-0.));
#3418 = PCURVE('',#1258,#3419);
#3419 = DEFINITIONAL_REPRESENTATION('',(#3420),#3424);
#3420 = LINE('',#3421,#3422);
#3421 = CARTESIAN_POINT('',(-16.,0.));
#3422 = VECTOR('',#3423,1.);
#3423 = DIRECTION('',(-0.,1.));
#3424 = ( GEOMETRIC_REPRESENTATION_CONTEXT(2) 
PARAMETRIC_REPRESENTATION_CONTEXT() REPRESENTATION_CONTEXT('2D SPACE',''
  ) );
#3425 = PCURVE('',#3076,#3426);
#3426 = DEFINITIONAL_REPRESENTATION('',(#3427),#3431);
#3427 = LINE('',#3428,#3429);
#3428 = CARTESIAN_POINT('',(-0.,-0.));
#3429 = VECTOR('',#3430,1.);
#3430 = DIRECTION('',(-0.,-1.));
#3431 = ( GEOMETRIC_REPRESENTATION_CONTEXT(2) 
PARAMETRIC_REPRESENTATION_CONTEXT() REPRESENTATION_CONTEXT('2D SPACE',''
  ) );
#3432 = ORIENTED_EDGE('',*,*,#3037,.F.);
#3433 = ORIENTED_EDGE('',*,*,#1242,.F.);
#3434 = ORIENTED_EDGE('',*,*,#3333,.T.);
#3435 = ORIENTED_EDGE('',*,*,#1786,.T.);
#3436 = ORIENTED_EDGE('',*,*,#3437,.F.);
#3437 = EDGE_CURVE('',#3362,#1759,#3438,.T.);
#3438 = SURFACE_CURVE('',#3439,(#3443,#3450),.PCURVE_S1.);
#3439 = LINE('',#3440,#3441);
#3440 = CARTESIAN_POINT('',(-133.5,15.5,-81.));
#3441 = VECTOR('',#3442,1.);
#3442 = DIRECTION('',(-1.,-0.,-0.));
#3443 = PCURVE('',#1258,#3444);
#3444 = DEFINITIONAL_REPRESENTATION('',(#3445),#3449);
#3445 = LINE('',#3446,#3447);
#3446 = CARTESIAN_POINT('',(3.5,13.5));
#3447 = VECTOR('',#3448,1.);
#3448 = DIRECTION('',(-1.,0.));
#3449 = ( GEOMETRIC_REPRESENTATION_CONTEXT(2) 
PARAMETRIC_REPRESENTATION_CONTEXT() REPRESENTATION_CONTEXT('2D SPACE',''
  ) );
#3450 = PCURVE('',#1774,#3451);
#3451 = DEFINITIONAL_REPRESENTATION('',(#3452),#3456);
#3452 = LINE('',#3453,#3454);
#3453 = CARTESIAN_POINT('',(-16.,3.5));
#3454 = VECTOR('',#3455,1.);
#3455 = DIRECTION('',(-0.,1.));
#3456 = ( GEOMETRIC_REPRESENTATION_CONTEXT(2) 
PARAMETRIC_REPRESENTATION_CONTEXT() REPRESENTATION_CONTEXT('2D SPACE',''
  ) );
#3457 = ADVANCED_FACE('',(#3458),#1202,.F.);
#3458 = FACE_BOUND('',#3459,.T.);
#3459 = EDGE_LOOP('',(#3460,#3485,#3513,#3534,#3535,#3536,#3557,#3558));
#3460 = ORIENTED_EDGE('',*,*,#3461,.F.);
#3461 = EDGE_CURVE('',#3462,#3464,#3466,.T.);
#3462 = VERTEX_POINT('',#3463);
#3463 = CARTESIAN_POINT('',(-130.,5.661380910932,-97.));
#3464 = VERTEX_POINT('',#3465);
#3465 = CARTESIAN_POINT('',(-130.,15.5,-97.));
#3466 = SURFACE_CURVE('',#3467,(#3471,#3478),.PCURVE_S1.);
#3467 = LINE('',#3468,#3469);
#3468 = CARTESIAN_POINT('',(-130.,4.5,-97.));
#3469 = VECTOR('',#3470,1.);
#3470 = DIRECTION('',(-0.,1.,-0.));
#3471 = PCURVE('',#1202,#3472);
#3472 = DEFINITIONAL_REPRESENTATION('',(#3473),#3477);
#3473 = LINE('',#3474,#3475);
#3474 = CARTESIAN_POINT('',(0.,-0.));
#3475 = VECTOR('',#3476,1.);
#3476 = DIRECTION('',(-0.,1.));
#3477 = ( GEOMETRIC_REPRESENTATION_CONTEXT(2) 
PARAMETRIC_REPRESENTATION_CONTEXT() REPRESENTATION_CONTEXT('2D SPACE',''
  ) );
#3478 = PCURVE('',#2897,#3479);
#3479 = DEFINITIONAL_REPRESENTATION('',(#3480),#3484);
#3480 = LINE('',#3481,#3482);
#3481 = CARTESIAN_POINT('',(-0.,-0.));
#3482 = VECTOR('',#3483,1.);
#3483 = DIRECTION('',(-0.,-1.));
#3484 = ( GEOMETRIC_REPRESENTATION_CONTEXT(2) 
PARAMETRIC_REPRESENTATION_CONTEXT() REPRESENTATION_CONTEXT('2D SPACE',''
  ) );
#3485 = ORIENTED_EDGE('',*,*,#3486,.F.);
#3486 = EDGE_CURVE('',#3487,#3462,#3489,.T.);
#3487 = VERTEX_POINT('',#3488);
#3488 = CARTESIAN_POINT('',(-160.,5.661380910932,-97.));
#3489 = SURFACE_CURVE('',#3490,(#3494,#3501),.PCURVE_S1.);
#3490 = LINE('',#3491,#3492);
#3491 = CARTESIAN_POINT('',(-81.,5.661380910932,-97.));
#3492 = VECTOR('',#3493,1.);
#3493 = DIRECTION('',(1.,-0.,-0.));
#3494 = PCURVE('',#1202,#3495);
#3495 = DEFINITIONAL_REPRESENTATION('',(#3496),#3500);
#3496 = LINE('',#3497,#3498);
#3497 = CARTESIAN_POINT('',(49.,1.161380910932));
#3498 = VECTOR('',#3499,1.);
#3499 = DIRECTION('',(1.,-0.));
#3500 = ( GEOMETRIC_REPRESENTATION_CONTEXT(2) 
PARAMETRIC_REPRESENTATION_CONTEXT() REPRESENTATION_CONTEXT('2D SPACE',''
  ) );
#3501 = PCURVE('',#3502,#3507);
#3502 = PLANE('',#3503);
#3503 = AXIS2_PLACEMENT_3D('',#3504,#3505,#3506);
#3504 = CARTESIAN_POINT('',(-32.,5.696065739691,-96.63118960624));
#3505 = DIRECTION('',(-0.,0.995606874723,-9.363199775945E-02));
#3506 = DIRECTION('',(0.,9.363199775945E-02,0.995606874723));
#3507 = DEFINITIONAL_REPRESENTATION('',(#3508),#3512);
#3508 = LINE('',#3509,#3510);
#3509 = CARTESIAN_POINT('',(-0.370437773305,-49.));
#3510 = VECTOR('',#3511,1.);
#3511 = DIRECTION('',(-0.,1.));
#3512 = ( GEOMETRIC_REPRESENTATION_CONTEXT(2) 
PARAMETRIC_REPRESENTATION_CONTEXT() REPRESENTATION_CONTEXT('2D SPACE',''
  ) );
#3513 = ORIENTED_EDGE('',*,*,#3514,.T.);
#3514 = EDGE_CURVE('',#3487,#3014,#3515,.T.);
#3515 = SURFACE_CURVE('',#3516,(#3520,#3527),.PCURVE_S1.);
#3516 = LINE('',#3517,#3518);
#3517 = CARTESIAN_POINT('',(-160.,4.5,-97.));
#3518 = VECTOR('',#3519,1.);
#3519 = DIRECTION('',(-0.,1.,-0.));
#3520 = PCURVE('',#1202,#3521);
#3521 = DEFINITIONAL_REPRESENTATION('',(#3522),#3526);
#3522 = LINE('',#3523,#3524);
#3523 = CARTESIAN_POINT('',(-30.,0.));
#3524 = VECTOR('',#3525,1.);
#3525 = DIRECTION('',(-0.,1.));
#3526 = ( GEOMETRIC_REPRESENTATION_CONTEXT(2) 
PARAMETRIC_REPRESENTATION_CONTEXT() REPRESENTATION_CONTEXT('2D SPACE',''
  ) );
#3527 = PCURVE('',#2953,#3528);
#3528 = DEFINITIONAL_REPRESENTATION('',(#3529),#3533);
#3529 = LINE('',#3530,#3531);
#3530 = CARTESIAN_POINT('',(-0.,-0.));
#3531 = VECTOR('',#3532,1.);
#3532 = DIRECTION('',(-0.,-1.));
#3533 = ( GEOMETRIC_REPRESENTATION_CONTEXT(2) 
PARAMETRIC_REPRESENTATION_CONTEXT() REPRESENTATION_CONTEXT('2D SPACE',''
  ) );
#3534 = ORIENTED_EDGE('',*,*,#3013,.F.);
#3535 = ORIENTED_EDGE('',*,*,#1186,.F.);
#3536 = ORIENTED_EDGE('',*,*,#3537,.T.);
#3537 = EDGE_CURVE('',#1159,#1713,#3538,.T.);
#3538 = SURFACE_CURVE('',#3539,(#3543,#3550),.PCURVE_S1.);
#3539 = LINE('',#3540,#3541);
#3540 = CARTESIAN_POINT('',(-135.5,9.,-97.));
#3541 = VECTOR('',#3542,1.);
#3542 = DIRECTION('',(1.,-0.,-0.));
#3543 = PCURVE('',#1202,#3544);
#3544 = DEFINITIONAL_REPRESENTATION('',(#3545),#3549);
#3545 = LINE('',#3546,#3547);
#3546 = CARTESIAN_POINT('',(-5.5,4.5));
#3547 = VECTOR('',#3548,1.);
#3548 = DIRECTION('',(1.,-0.));
#3549 = ( GEOMETRIC_REPRESENTATION_CONTEXT(2) 
PARAMETRIC_REPRESENTATION_CONTEXT() REPRESENTATION_CONTEXT('2D SPACE',''
  ) );
#3550 = PCURVE('',#1174,#3551);
#3551 = DEFINITIONAL_REPRESENTATION('',(#3552),#3556);
#3552 = LINE('',#3553,#3554);
#3553 = CARTESIAN_POINT('',(-3.,5.5));
#3554 = VECTOR('',#3555,1.);
#3555 = DIRECTION('',(-0.,1.));
#3556 = ( GEOMETRIC_REPRESENTATION_CONTEXT(2) 
PARAMETRIC_REPRESENTATION_CONTEXT() REPRESENTATION_CONTEXT('2D SPACE',''
  ) );
#3557 = ORIENTED_EDGE('',*,*,#1735,.T.);
#3558 = ORIENTED_EDGE('',*,*,#3559,.F.);
#3559 = EDGE_CURVE('',#3464,#1736,#3560,.T.);
#3560 = SURFACE_CURVE('',#3561,(#3565,#3572),.PCURVE_S1.);
#3561 = LINE('',#3562,#3563);
#3562 = CARTESIAN_POINT('',(-130.,15.5,-97.));
#3563 = VECTOR('',#3564,1.);
#3564 = DIRECTION('',(-1.,-0.,-0.));
#3565 = PCURVE('',#1202,#3566);
#3566 = DEFINITIONAL_REPRESENTATION('',(#3567),#3571);
#3567 = LINE('',#3568,#3569);
#3568 = CARTESIAN_POINT('',(0.,11.));
#3569 = VECTOR('',#3570,1.);
#3570 = DIRECTION('',(-1.,0.));
#3571 = ( GEOMETRIC_REPRESENTATION_CONTEXT(2) 
PARAMETRIC_REPRESENTATION_CONTEXT() REPRESENTATION_CONTEXT('2D SPACE',''
  ) );
#3572 = PCURVE('',#1774,#3573);
#3573 = DEFINITIONAL_REPRESENTATION('',(#3574),#3578);
#3574 = LINE('',#3575,#3576);
#3575 = CARTESIAN_POINT('',(-0.,-0.));
#3576 = VECTOR('',#3577,1.);
#3577 = DIRECTION('',(-0.,1.));
#3578 = ( GEOMETRIC_REPRESENTATION_CONTEXT(2) 
PARAMETRIC_REPRESENTATION_CONTEXT() REPRESENTATION_CONTEXT('2D SPACE',''
  ) );
#3579 = ADVANCED_FACE('',(#3580),#1174,.T.);
#3580 = FACE_BOUND('',#3581,.F.);
#3581 = EDGE_LOOP('',(#3582,#3583,#3604,#3605));
#3582 = ORIENTED_EDGE('',*,*,#1712,.F.);
#3583 = ORIENTED_EDGE('',*,*,#3584,.T.);
#3584 = EDGE_CURVE('',#1690,#1131,#3585,.T.);
#3585 = SURFACE_CURVE('',#3586,(#3590,#3597),.PCURVE_S1.);
#3586 = LINE('',#3587,#3588);
#3587 = CARTESIAN_POINT('',(-141.,9.,-100.));
#3588 = VECTOR('',#3589,1.);
#3589 = DIRECTION('',(-1.,-0.,-0.));
#3590 = PCURVE('',#1174,#3591);
#3591 = DEFINITIONAL_REPRESENTATION('',(#3592),#3596);
#3592 = LINE('',#3593,#3594);
#3593 = CARTESIAN_POINT('',(-0.,0.));
#3594 = VECTOR('',#3595,1.);
#3595 = DIRECTION('',(-0.,-1.));
#3596 = ( GEOMETRIC_REPRESENTATION_CONTEXT(2) 
PARAMETRIC_REPRESENTATION_CONTEXT() REPRESENTATION_CONTEXT('2D SPACE',''
  ) );
#3597 = PCURVE('',#1146,#3598);
#3598 = DEFINITIONAL_REPRESENTATION('',(#3599),#3603);
#3599 = LINE('',#3600,#3601);
#3600 = CARTESIAN_POINT('',(-94.06912352095,0.));
#3601 = VECTOR('',#3602,1.);
#3602 = DIRECTION('',(-0.,-1.));
#3603 = ( GEOMETRIC_REPRESENTATION_CONTEXT(2) 
PARAMETRIC_REPRESENTATION_CONTEXT() REPRESENTATION_CONTEXT('2D SPACE',''
  ) );
#3604 = ORIENTED_EDGE('',*,*,#1158,.T.);
#3605 = ORIENTED_EDGE('',*,*,#3537,.T.);
#3606 = ADVANCED_FACE('',(#3607),#1146,.T.);
#3607 = FACE_BOUND('',#3608,.F.);
#3608 = EDGE_LOOP('',(#3609,#3610,#3631,#3632));
#3609 = ORIENTED_EDGE('',*,*,#1689,.F.);
#3610 = ORIENTED_EDGE('',*,*,#3611,.F.);
#3611 = EDGE_CURVE('',#1103,#1667,#3612,.T.);
#3612 = SURFACE_CURVE('',#3613,(#3617,#3624),.PCURVE_S1.);
#3613 = LINE('',#3614,#3615);
#3614 = CARTESIAN_POINT('',(-137.5,75.953846153846,-164.));
#3615 = VECTOR('',#3616,1.);
#3616 = DIRECTION('',(1.,-0.,0.));
#3617 = PCURVE('',#1146,#3618);
#3618 = DEFINITIONAL_REPRESENTATION('',(#3619),#3623);
#3619 = LINE('',#3620,#3621);
#3620 = CARTESIAN_POINT('',(-1.447217284938,3.5));
#3621 = VECTOR('',#3622,1.);
#3622 = DIRECTION('',(-0.,1.));
#3623 = ( GEOMETRIC_REPRESENTATION_CONTEXT(2) 
PARAMETRIC_REPRESENTATION_CONTEXT() REPRESENTATION_CONTEXT('2D SPACE',''
  ) );
#3624 = PCURVE('',#1118,#3625);
#3625 = DEFINITIONAL_REPRESENTATION('',(#3626),#3630);
#3626 = LINE('',#3627,#3628);
#3627 = CARTESIAN_POINT('',(-3.5,0.953846153846));
#3628 = VECTOR('',#3629,1.);
#3629 = DIRECTION('',(1.,-0.));
#3630 = ( GEOMETRIC_REPRESENTATION_CONTEXT(2) 
PARAMETRIC_REPRESENTATION_CONTEXT() REPRESENTATION_CONTEXT('2D SPACE',''
  ) );
#3631 = ORIENTED_EDGE('',*,*,#1130,.T.);
#3632 = ORIENTED_EDGE('',*,*,#3584,.F.);
#3633 = ADVANCED_FACE('',(#3634,#3748),#1118,.T.);
#3634 = FACE_BOUND('',#3635,.F.);
#3635 = EDGE_LOOP('',(#3636,#3666,#3694,#3722));
#3636 = ORIENTED_EDGE('',*,*,#3637,.F.);
#3637 = EDGE_CURVE('',#3638,#3640,#3642,.T.);
#3638 = VERTEX_POINT('',#3639);
#3639 = CARTESIAN_POINT('',(-134.,75.,-164.));
#3640 = VERTEX_POINT('',#3641);
#3641 = CARTESIAN_POINT('',(-134.,91.,-164.));
#3642 = SURFACE_CURVE('',#3643,(#3647,#3654),.PCURVE_S1.);
#3643 = LINE('',#3644,#3645);
#3644 = CARTESIAN_POINT('',(-134.,75.,-164.));
#3645 = VECTOR('',#3646,1.);
#3646 = DIRECTION('',(-0.,1.,-0.));
#3647 = PCURVE('',#1118,#3648);
#3648 = DEFINITIONAL_REPRESENTATION('',(#3649),#3653);
#3649 = LINE('',#3650,#3651);
#3650 = CARTESIAN_POINT('',(0.,-0.));
#3651 = VECTOR('',#3652,1.);
#3652 = DIRECTION('',(-0.,1.));
#3653 = ( GEOMETRIC_REPRESENTATION_CONTEXT(2) 
PARAMETRIC_REPRESENTATION_CONTEXT() REPRESENTATION_CONTEXT('2D SPACE',''
  ) );
#3654 = PCURVE('',#3655,#3660);
#3655 = PLANE('',#3656);
#3656 = AXIS2_PLACEMENT_3D('',#3657,#3658,#3659);
#3657 = CARTESIAN_POINT('',(-134.,75.,-169.));
#3658 = DIRECTION('',(-1.,-0.,-0.));
#3659 = DIRECTION('',(0.,0.,-1.));
#3660 = DEFINITIONAL_REPRESENTATION('',(#3661),#3665);
#3661 = LINE('',#3662,#3663);
#3662 = CARTESIAN_POINT('',(-5.,-0.));
#3663 = VECTOR('',#3664,1.);
#3664 = DIRECTION('',(-0.,-1.));
#3665 = ( GEOMETRIC_REPRESENTATION_CONTEXT(2) 
PARAMETRIC_REPRESENTATION_CONTEXT() REPRESENTATION_CONTEXT('2D SPACE',''
  ) );
#3666 = ORIENTED_EDGE('',*,*,#3667,.T.);
#3667 = EDGE_CURVE('',#3638,#3668,#3670,.T.);
#3668 = VERTEX_POINT('',#3669);
#3669 = CARTESIAN_POINT('',(-156.,75.,-164.));
#3670 = SURFACE_CURVE('',#3671,(#3675,#3682),.PCURVE_S1.);
#3671 = LINE('',#3672,#3673);
#3672 = CARTESIAN_POINT('',(-134.,75.,-164.));
#3673 = VECTOR('',#3674,1.);
#3674 = DIRECTION('',(-1.,-0.,-0.));
#3675 = PCURVE('',#1118,#3676);
#3676 = DEFINITIONAL_REPRESENTATION('',(#3677),#3681);
#3677 = LINE('',#3678,#3679);
#3678 = CARTESIAN_POINT('',(0.,-0.));
#3679 = VECTOR('',#3680,1.);
#3680 = DIRECTION('',(-1.,0.));
#3681 = ( GEOMETRIC_REPRESENTATION_CONTEXT(2) 
PARAMETRIC_REPRESENTATION_CONTEXT() REPRESENTATION_CONTEXT('2D SPACE',''
  ) );
#3682 = PCURVE('',#3683,#3688);
#3683 = PLANE('',#3684);
#3684 = AXIS2_PLACEMENT_3D('',#3685,#3686,#3687);
#3685 = CARTESIAN_POINT('',(-134.,75.,-169.));
#3686 = DIRECTION('',(-0.,1.,-0.));
#3687 = DIRECTION('',(0.,0.,-1.));
#3688 = DEFINITIONAL_REPRESENTATION('',(#3689),#3693);
#3689 = LINE('',#3690,#3691);
#3690 = CARTESIAN_POINT('',(-5.,-0.));
#3691 = VECTOR('',#3692,1.);
#3692 = DIRECTION('',(-0.,1.));
#3693 = ( GEOMETRIC_REPRESENTATION_CONTEXT(2) 
PARAMETRIC_REPRESENTATION_CONTEXT() REPRESENTATION_CONTEXT('2D SPACE',''
  ) );
#3694 = ORIENTED_EDGE('',*,*,#3695,.T.);
#3695 = EDGE_CURVE('',#3668,#3696,#3698,.T.);
#3696 = VERTEX_POINT('',#3697);
#3697 = CARTESIAN_POINT('',(-156.,91.,-164.));
#3698 = SURFACE_CURVE('',#3699,(#3703,#3710),.PCURVE_S1.);
#3699 = LINE('',#3700,#3701);
#3700 = CARTESIAN_POINT('',(-156.,75.,-164.));
#3701 = VECTOR('',#3702,1.);
#3702 = DIRECTION('',(-0.,1.,-0.));
#3703 = PCURVE('',#1118,#3704);
#3704 = DEFINITIONAL_REPRESENTATION('',(#3705),#3709);
#3705 = LINE('',#3706,#3707);
#3706 = CARTESIAN_POINT('',(-22.,0.));
#3707 = VECTOR('',#3708,1.);
#3708 = DIRECTION('',(-0.,1.));
#3709 = ( GEOMETRIC_REPRESENTATION_CONTEXT(2) 
PARAMETRIC_REPRESENTATION_CONTEXT() REPRESENTATION_CONTEXT('2D SPACE',''
  ) );
#3710 = PCURVE('',#3711,#3716);
#3711 = PLANE('',#3712);
#3712 = AXIS2_PLACEMENT_3D('',#3713,#3714,#3715);
#3713 = CARTESIAN_POINT('',(-156.,75.,-169.));
#3714 = DIRECTION('',(-1.,-0.,-0.));
#3715 = DIRECTION('',(0.,0.,-1.));
#3716 = DEFINITIONAL_REPRESENTATION('',(#3717),#3721);
#3717 = LINE('',#3718,#3719);
#3718 = CARTESIAN_POINT('',(-5.,-0.));
#3719 = VECTOR('',#3720,1.);
#3720 = DIRECTION('',(-0.,-1.));
#3721 = ( GEOMETRIC_REPRESENTATION_CONTEXT(2) 
PARAMETRIC_REPRESENTATION_CONTEXT() REPRESENTATION_CONTEXT('2D SPACE',''
  ) );
#3722 = ORIENTED_EDGE('',*,*,#3723,.F.);
#3723 = EDGE_CURVE('',#3640,#3696,#3724,.T.);
#3724 = SURFACE_CURVE('',#3725,(#3729,#3736),.PCURVE_S1.);
#3725 = LINE('',#3726,#3727);
#3726 = CARTESIAN_POINT('',(-134.,91.,-164.));
#3727 = VECTOR('',#3728,1.);
#3728 = DIRECTION('',(-1.,-0.,-0.));
#3729 = PCURVE('',#1118,#3730);
#3730 = DEFINITIONAL_REPRESENTATION('',(#3731),#3735);
#3731 = LINE('',#3732,#3733);
#3732 = CARTESIAN_POINT('',(0.,16.));
#3733 = VECTOR('',#3734,1.);
#3734 = DIRECTION('',(-1.,0.));
#3735 = ( GEOMETRIC_REPRESENTATION_CONTEXT(2) 
PARAMETRIC_REPRESENTATION_CONTEXT() REPRESENTATION_CONTEXT('2D SPACE',''
  ) );
#3736 = PCURVE('',#3737,#3742);
#3737 = PLANE('',#3738);
#3738 = AXIS2_PLACEMENT_3D('',#3739,#3740,#3741);
#3739 = CARTESIAN_POINT('',(-134.,91.,-169.));
#3740 = DIRECTION('',(-0.,1.,-0.));
#3741 = DIRECTION('',(0.,0.,-1.));
#3742 = DEFINITIONAL_REPRESENTATION('',(#3743),#3747);
#3743 = LINE('',#3744,#3745);
#3744 = CARTESIAN_POINT('',(-5.,-0.));
#3745 = VECTOR('',#3746,1.);
#3746 = DIRECTION('',(-0.,1.));
#3747 = ( GEOMETRIC_REPRESENTATION_CONTEXT(2) 
PARAMETRIC_REPRESENTATION_CONTEXT() REPRESENTATION_CONTEXT('2D SPACE',''
  ) );
#3748 = FACE_BOUND('',#3749,.F.);
#3749 = EDGE_LOOP('',(#3750,#3751,#3752,#3753));
#3750 = ORIENTED_EDGE('',*,*,#1102,.F.);
#3751 = ORIENTED_EDGE('',*,*,#3611,.T.);
#3752 = ORIENTED_EDGE('',*,*,#1666,.T.);
#3753 = ORIENTED_EDGE('',*,*,#1641,.T.);
#3754 = ADVANCED_FACE('',(#3755,#3805,#3840),#1774,.T.);
#3755 = FACE_BOUND('',#3756,.F.);
#3756 = EDGE_LOOP('',(#3757,#3758,#3779,#3780,#3781,#3782,#3803,#3804));
#3757 = ORIENTED_EDGE('',*,*,#3559,.F.);
#3758 = ORIENTED_EDGE('',*,*,#3759,.T.);
#3759 = EDGE_CURVE('',#3464,#2882,#3760,.T.);
#3760 = SURFACE_CURVE('',#3761,(#3765,#3772),.PCURVE_S1.);
#3761 = LINE('',#3762,#3763);
#3762 = CARTESIAN_POINT('',(-130.,15.5,-97.));
#3763 = VECTOR('',#3764,1.);
#3764 = DIRECTION('',(-0.,-0.,1.));
#3765 = PCURVE('',#1774,#3766);
#3766 = DEFINITIONAL_REPRESENTATION('',(#3767),#3771);
#3767 = LINE('',#3768,#3769);
#3768 = CARTESIAN_POINT('',(-0.,-0.));
#3769 = VECTOR('',#3770,1.);
#3770 = DIRECTION('',(-1.,0.));
#3771 = ( GEOMETRIC_REPRESENTATION_CONTEXT(2) 
PARAMETRIC_REPRESENTATION_CONTEXT() REPRESENTATION_CONTEXT('2D SPACE',''
  ) );
#3772 = PCURVE('',#2897,#3773);
#3773 = DEFINITIONAL_REPRESENTATION('',(#3774),#3778);
#3774 = LINE('',#3775,#3776);
#3775 = CARTESIAN_POINT('',(-0.,-11.));
#3776 = VECTOR('',#3777,1.);
#3777 = DIRECTION('',(-1.,-0.));
#3778 = ( GEOMETRIC_REPRESENTATION_CONTEXT(2) 
PARAMETRIC_REPRESENTATION_CONTEXT() REPRESENTATION_CONTEXT('2D SPACE',''
  ) );
#3779 = ORIENTED_EDGE('',*,*,#2989,.T.);
#3780 = ORIENTED_EDGE('',*,*,#1855,.T.);
#3781 = ORIENTED_EDGE('',*,*,#3308,.F.);
#3782 = ORIENTED_EDGE('',*,*,#3783,.T.);
#3783 = EDGE_CURVE('',#3208,#3362,#3784,.T.);
#3784 = SURFACE_CURVE('',#3785,(#3789,#3796),.PCURVE_S1.);
#3785 = LINE('',#3786,#3787);
#3786 = CARTESIAN_POINT('',(-137.,15.5,-89.));
#3787 = VECTOR('',#3788,1.);
#3788 = DIRECTION('',(-0.,-0.,-1.));
#3789 = PCURVE('',#1774,#3790);
#3790 = DEFINITIONAL_REPRESENTATION('',(#3791),#3795);
#3791 = LINE('',#3792,#3793);
#3792 = CARTESIAN_POINT('',(-8.,7.));
#3793 = VECTOR('',#3794,1.);
#3794 = DIRECTION('',(1.,-0.));
#3795 = ( GEOMETRIC_REPRESENTATION_CONTEXT(2) 
PARAMETRIC_REPRESENTATION_CONTEXT() REPRESENTATION_CONTEXT('2D SPACE',''
  ) );
#3796 = PCURVE('',#3223,#3797);
#3797 = DEFINITIONAL_REPRESENTATION('',(#3798),#3802);
#3798 = LINE('',#3799,#3800);
#3799 = CARTESIAN_POINT('',(8.,-13.5));
#3800 = VECTOR('',#3801,1.);
#3801 = DIRECTION('',(1.,-0.));
#3802 = ( GEOMETRIC_REPRESENTATION_CONTEXT(2) 
PARAMETRIC_REPRESENTATION_CONTEXT() REPRESENTATION_CONTEXT('2D SPACE',''
  ) );
#3803 = ORIENTED_EDGE('',*,*,#3437,.T.);
#3804 = ORIENTED_EDGE('',*,*,#1758,.T.);
#3805 = FACE_BOUND('',#3806,.F.);
#3806 = EDGE_LOOP('',(#3807));
#3807 = ORIENTED_EDGE('',*,*,#3808,.F.);
#3808 = EDGE_CURVE('',#3809,#3809,#3811,.T.);
#3809 = VERTEX_POINT('',#3810);
#3810 = CARTESIAN_POINT('',(-139.7,15.5,-88.));
#3811 = SURFACE_CURVE('',#3812,(#3817,#3828),.PCURVE_S1.);
#3812 = CIRCLE('',#3813,1.7);
#3813 = AXIS2_PLACEMENT_3D('',#3814,#3815,#3816);
#3814 = CARTESIAN_POINT('',(-138.,15.5,-88.));
#3815 = DIRECTION('',(0.,-1.,0.));
#3816 = DIRECTION('',(-1.,-0.,-0.));
#3817 = PCURVE('',#1774,#3818);
#3818 = DEFINITIONAL_REPRESENTATION('',(#3819),#3827);
#3819 = ( BOUNDED_CURVE() B_SPLINE_CURVE(2,(#3820,#3821,#3822,#3823,
#3824,#3825,#3826),.UNSPECIFIED.,.T.,.F.) B_SPLINE_CURVE_WITH_KNOTS((1,2
    ,2,2,2,1),(-2.094395102393,0.,2.094395102393,4.188790204786,
6.28318530718,8.377580409573),.UNSPECIFIED.) CURVE() 
GEOMETRIC_REPRESENTATION_ITEM() RATIONAL_B_SPLINE_CURVE((1.,0.5,1.,0.5,
1.,0.5,1.)) REPRESENTATION_ITEM('') );
#3820 = CARTESIAN_POINT('',(-9.,9.7));
#3821 = CARTESIAN_POINT('',(-6.055513627133,9.7));
#3822 = CARTESIAN_POINT('',(-7.527756813566,7.15));
#3823 = CARTESIAN_POINT('',(-9.,4.6));
#3824 = CARTESIAN_POINT('',(-10.47224318643,7.15));
#3825 = CARTESIAN_POINT('',(-11.94448637286,9.7));
#3826 = CARTESIAN_POINT('',(-9.,9.7));
#3827 = ( GEOMETRIC_REPRESENTATION_CONTEXT(2) 
PARAMETRIC_REPRESENTATION_CONTEXT() REPRESENTATION_CONTEXT('2D SPACE',''
  ) );
#3828 = PCURVE('',#3829,#3834);
#3829 = CYLINDRICAL_SURFACE('',#3830,1.7);
#3830 = AXIS2_PLACEMENT_3D('',#3831,#3832,#3833);
#3831 = CARTESIAN_POINT('',(-138.,23.,-88.));
#3832 = DIRECTION('',(-0.,1.,-0.));
#3833 = DIRECTION('',(-1.,-0.,-0.));
#3834 = DEFINITIONAL_REPRESENTATION('',(#3835),#3839);
#3835 = LINE('',#3836,#3837);
#3836 = CARTESIAN_POINT('',(4.138911435803E-13,-7.5));
#3837 = VECTOR('',#3838,1.);
#3838 = DIRECTION('',(-1.,-0.));
#3839 = ( GEOMETRIC_REPRESENTATION_CONTEXT(2) 
PARAMETRIC_REPRESENTATION_CONTEXT() REPRESENTATION_CONTEXT('2D SPACE',''
  ) );
#3840 = FACE_BOUND('',#3841,.F.);
#3841 = EDGE_LOOP('',(#3842));
#3842 = ORIENTED_EDGE('',*,*,#3843,.F.);
#3843 = EDGE_CURVE('',#3844,#3844,#3846,.T.);
#3844 = VERTEX_POINT('',#3845);
#3845 = CARTESIAN_POINT('',(-139.7,15.5,-48.));
#3846 = SURFACE_CURVE('',#3847,(#3852,#3863),.PCURVE_S1.);
#3847 = CIRCLE('',#3848,1.7);
#3848 = AXIS2_PLACEMENT_3D('',#3849,#3850,#3851);
#3849 = CARTESIAN_POINT('',(-138.,15.5,-48.));
#3850 = DIRECTION('',(0.,-1.,0.));
#3851 = DIRECTION('',(-1.,-0.,-0.));
#3852 = PCURVE('',#1774,#3853);
#3853 = DEFINITIONAL_REPRESENTATION('',(#3854),#3862);
#3854 = ( BOUNDED_CURVE() B_SPLINE_CURVE(2,(#3855,#3856,#3857,#3858,
#3859,#3860,#3861),.UNSPECIFIED.,.T.,.F.) B_SPLINE_CURVE_WITH_KNOTS((1,2
    ,2,2,2,1),(-2.094395102393,0.,2.094395102393,4.188790204786,
6.28318530718,8.377580409573),.UNSPECIFIED.) CURVE() 
GEOMETRIC_REPRESENTATION_ITEM() RATIONAL_B_SPLINE_CURVE((1.,0.5,1.,0.5,
1.,0.5,1.)) REPRESENTATION_ITEM('') );
#3855 = CARTESIAN_POINT('',(-49.,9.7));
#3856 = CARTESIAN_POINT('',(-46.05551362713,9.7));
#3857 = CARTESIAN_POINT('',(-47.52775681356,7.15));
#3858 = CARTESIAN_POINT('',(-49.,4.6));
#3859 = CARTESIAN_POINT('',(-50.47224318643,7.15));
#3860 = CARTESIAN_POINT('',(-51.94448637286,9.7));
#3861 = CARTESIAN_POINT('',(-49.,9.7));
#3862 = ( GEOMETRIC_REPRESENTATION_CONTEXT(2) 
PARAMETRIC_REPRESENTATION_CONTEXT() REPRESENTATION_CONTEXT('2D SPACE',''
  ) );
#3863 = PCURVE('',#3864,#3869);
#3864 = CYLINDRICAL_SURFACE('',#3865,1.7);
#3865 = AXIS2_PLACEMENT_3D('',#3866,#3867,#3868);
#3866 = CARTESIAN_POINT('',(-138.,23.,-48.));
#3867 = DIRECTION('',(-0.,1.,-0.));
#3868 = DIRECTION('',(-1.,-0.,-0.));
#3869 = DEFINITIONAL_REPRESENTATION('',(#3870),#3874);
#3870 = LINE('',#3871,#3872);
#3871 = CARTESIAN_POINT('',(4.138911435803E-13,-7.5));
#3872 = VECTOR('',#3873,1.);
#3873 = DIRECTION('',(-1.,-0.));
#3874 = ( GEOMETRIC_REPRESENTATION_CONTEXT(2) 
PARAMETRIC_REPRESENTATION_CONTEXT() REPRESENTATION_CONTEXT('2D SPACE',''
  ) );
#3875 = ADVANCED_FACE('',(#3876),#2465,.T.);
#3876 = FACE_BOUND('',#3877,.F.);
#3877 = EDGE_LOOP('',(#3878,#3879,#3902,#3930));
#3878 = ORIENTED_EDGE('',*,*,#2448,.T.);
#3879 = ORIENTED_EDGE('',*,*,#3880,.F.);
#3880 = EDGE_CURVE('',#3881,#2449,#3883,.T.);
#3881 = VERTEX_POINT('',#3882);
#3882 = CARTESIAN_POINT('',(-146.,77.591549295775,-18.));
#3883 = SURFACE_CURVE('',#3884,(#3888,#3895),.PCURVE_S1.);
#3884 = LINE('',#3885,#3886);
#3885 = CARTESIAN_POINT('',(-146.,59.036778554659,-18.));
#3886 = VECTOR('',#3887,1.);
#3887 = DIRECTION('',(-0.,-1.,-0.));
#3888 = PCURVE('',#2465,#3889);
#3889 = DEFINITIONAL_REPRESENTATION('',(#3890),#3894);
#3890 = LINE('',#3891,#3892);
#3891 = CARTESIAN_POINT('',(-1.,-18.96322144534));
#3892 = VECTOR('',#3893,1.);
#3893 = DIRECTION('',(-0.,-1.));
#3894 = ( GEOMETRIC_REPRESENTATION_CONTEXT(2) 
PARAMETRIC_REPRESENTATION_CONTEXT() REPRESENTATION_CONTEXT('2D SPACE',''
  ) );
#3895 = PCURVE('',#2591,#3896);
#3896 = DEFINITIONAL_REPRESENTATION('',(#3897),#3901);
#3897 = LINE('',#3898,#3899);
#3898 = CARTESIAN_POINT('',(-30.63815031011,-9.963221445341));
#3899 = VECTOR('',#3900,1.);
#3900 = DIRECTION('',(-0.,1.));
#3901 = ( GEOMETRIC_REPRESENTATION_CONTEXT(2) 
PARAMETRIC_REPRESENTATION_CONTEXT() REPRESENTATION_CONTEXT('2D SPACE',''
  ) );
#3902 = ORIENTED_EDGE('',*,*,#3903,.T.);
#3903 = EDGE_CURVE('',#3881,#3904,#3906,.T.);
#3904 = VERTEX_POINT('',#3905);
#3905 = CARTESIAN_POINT('',(-141.,77.591549295775,-18.));
#3906 = SURFACE_CURVE('',#3907,(#3911,#3918),.PCURVE_S1.);
#3907 = LINE('',#3908,#3909);
#3908 = CARTESIAN_POINT('',(-138.5,77.591549295775,-18.));
#3909 = VECTOR('',#3910,1.);
#3910 = DIRECTION('',(1.,-0.,-0.));
#3911 = PCURVE('',#2465,#3912);
#3912 = DEFINITIONAL_REPRESENTATION('',(#3913),#3917);
#3913 = LINE('',#3914,#3915);
#3914 = CARTESIAN_POINT('',(6.5,-0.408450704225));
#3915 = VECTOR('',#3916,1.);
#3916 = DIRECTION('',(1.,-0.));
#3917 = ( GEOMETRIC_REPRESENTATION_CONTEXT(2) 
PARAMETRIC_REPRESENTATION_CONTEXT() REPRESENTATION_CONTEXT('2D SPACE',''
  ) );
#3918 = PCURVE('',#3919,#3924);
#3919 = PLANE('',#3920);
#3920 = AXIS2_PLACEMENT_3D('',#3921,#3922,#3923);
#3921 = CARTESIAN_POINT('',(-141.,23.,-86.));
#3922 = DIRECTION('',(-0.,-0.779796144218,0.626033524232));
#3923 = DIRECTION('',(0.,-0.626033524232,-0.779796144218));
#3924 = DEFINITIONAL_REPRESENTATION('',(#3925),#3929);
#3925 = LINE('',#3926,#3927);
#3926 = CARTESIAN_POINT('',(-87.20227780576,2.5));
#3927 = VECTOR('',#3928,1.);
#3928 = DIRECTION('',(-0.,1.));
#3929 = ( GEOMETRIC_REPRESENTATION_CONTEXT(2) 
PARAMETRIC_REPRESENTATION_CONTEXT() REPRESENTATION_CONTEXT('2D SPACE',''
  ) );
#3930 = ORIENTED_EDGE('',*,*,#3931,.T.);
#3931 = EDGE_CURVE('',#3904,#2421,#3932,.T.);
#3932 = SURFACE_CURVE('',#3933,(#3937,#3944),.PCURVE_S1.);
#3933 = LINE('',#3934,#3935);
#3934 = CARTESIAN_POINT('',(-141.,59.036778554659,-18.));
#3935 = VECTOR('',#3936,1.);
#3936 = DIRECTION('',(-0.,-1.,-0.));
#3937 = PCURVE('',#2465,#3938);
#3938 = DEFINITIONAL_REPRESENTATION('',(#3939),#3943);
#3939 = LINE('',#3940,#3941);
#3940 = CARTESIAN_POINT('',(4.,-18.96322144534));
#3941 = VECTOR('',#3942,1.);
#3942 = DIRECTION('',(-0.,-1.));
#3943 = ( GEOMETRIC_REPRESENTATION_CONTEXT(2) 
PARAMETRIC_REPRESENTATION_CONTEXT() REPRESENTATION_CONTEXT('2D SPACE',''
  ) );
#3944 = PCURVE('',#2645,#3945);
#3945 = DEFINITIONAL_REPRESENTATION('',(#3946),#3950);
#3946 = LINE('',#3947,#3948);
#3947 = CARTESIAN_POINT('',(-30.63815031011,-9.963221445341));
#3948 = VECTOR('',#3949,1.);
#3949 = DIRECTION('',(-0.,1.));
#3950 = ( GEOMETRIC_REPRESENTATION_CONTEXT(2) 
PARAMETRIC_REPRESENTATION_CONTEXT() REPRESENTATION_CONTEXT('2D SPACE',''
  ) );
#3951 = ADVANCED_FACE('',(#3952),#2645,.F.);
#3952 = FACE_BOUND('',#3953,.T.);
#3953 = EDGE_LOOP('',(#3954,#3975,#4003,#4024,#4025));
#3954 = ORIENTED_EDGE('',*,*,#3955,.T.);
#3955 = EDGE_CURVE('',#2604,#1970,#3956,.T.);
#3956 = SURFACE_CURVE('',#3957,(#3961,#3968),.PCURVE_S1.);
#3957 = LINE('',#3958,#3959);
#3958 = CARTESIAN_POINT('',(-141.,75.,-11.));
#3959 = VECTOR('',#3960,1.);
#3960 = DIRECTION('',(-0.,-0.620702944366,-0.784045824462));
#3961 = PCURVE('',#2645,#3962);
#3962 = DEFINITIONAL_REPRESENTATION('',(#3963),#3967);
#3963 = LINE('',#3964,#3965);
#3964 = CARTESIAN_POINT('',(-37.63815031011,-25.92644289068));
#3965 = VECTOR('',#3966,1.);
#3966 = DIRECTION('',(0.784045824462,0.620702944366));
#3967 = ( GEOMETRIC_REPRESENTATION_CONTEXT(2) 
PARAMETRIC_REPRESENTATION_CONTEXT() REPRESENTATION_CONTEXT('2D SPACE',''
  ) );
#3968 = PCURVE('',#2619,#3969);
#3969 = DEFINITIONAL_REPRESENTATION('',(#3970),#3974);
#3970 = LINE('',#3971,#3972);
#3971 = CARTESIAN_POINT('',(0.,-0.));
#3972 = VECTOR('',#3973,1.);
#3973 = DIRECTION('',(-1.,0.));
#3974 = ( GEOMETRIC_REPRESENTATION_CONTEXT(2) 
PARAMETRIC_REPRESENTATION_CONTEXT() REPRESENTATION_CONTEXT('2D SPACE',''
  ) );
#3975 = ORIENTED_EDGE('',*,*,#3976,.T.);
#3976 = EDGE_CURVE('',#1970,#3977,#3979,.T.);
#3977 = VERTEX_POINT('',#3978);
#3978 = CARTESIAN_POINT('',(-141.,23.,-86.));
#3979 = SURFACE_CURVE('',#3980,(#3984,#3991),.PCURVE_S1.);
#3980 = LINE('',#3981,#3982);
#3981 = CARTESIAN_POINT('',(-141.,18.,-83.));
#3982 = VECTOR('',#3983,1.);
#3983 = DIRECTION('',(-0.,0.857492925712,-0.514495755428));
#3984 = PCURVE('',#2645,#3985);
#3985 = DEFINITIONAL_REPRESENTATION('',(#3986),#3990);
#3986 = LINE('',#3987,#3988);
#3987 = CARTESIAN_POINT('',(34.36184968989,31.073557109318));
#3988 = VECTOR('',#3989,1.);
#3989 = DIRECTION('',(0.514495755428,-0.857492925712));
#3990 = ( GEOMETRIC_REPRESENTATION_CONTEXT(2) 
PARAMETRIC_REPRESENTATION_CONTEXT() REPRESENTATION_CONTEXT('2D SPACE',''
  ) );
#3991 = PCURVE('',#3992,#3997);
#3992 = PLANE('',#3993);
#3993 = AXIS2_PLACEMENT_3D('',#3994,#3995,#3996);
#3994 = CARTESIAN_POINT('',(-141.,18.,-83.));
#3995 = DIRECTION('',(-0.,0.514495755428,0.857492925712));
#3996 = DIRECTION('',(0.,-0.857492925712,0.514495755428));
#3997 = DEFINITIONAL_REPRESENTATION('',(#3998),#4002);
#3998 = LINE('',#3999,#4000);
#3999 = CARTESIAN_POINT('',(-0.,0.));
#4000 = VECTOR('',#4001,1.);
#4001 = DIRECTION('',(-1.,0.));
#4002 = ( GEOMETRIC_REPRESENTATION_CONTEXT(2) 
PARAMETRIC_REPRESENTATION_CONTEXT() REPRESENTATION_CONTEXT('2D SPACE',''
  ) );
#4003 = ORIENTED_EDGE('',*,*,#4004,.T.);
#4004 = EDGE_CURVE('',#3977,#3904,#4005,.T.);
#4005 = SURFACE_CURVE('',#4006,(#4010,#4017),.PCURVE_S1.);
#4006 = LINE('',#4007,#4008);
#4007 = CARTESIAN_POINT('',(-141.,23.,-86.));
#4008 = VECTOR('',#4009,1.);
#4009 = DIRECTION('',(-0.,0.626033524232,0.779796144218));
#4010 = PCURVE('',#2645,#4011);
#4011 = DEFINITIONAL_REPRESENTATION('',(#4012),#4016);
#4012 = LINE('',#4013,#4014);
#4013 = CARTESIAN_POINT('',(37.36184968989,26.073557109318));
#4014 = VECTOR('',#4015,1.);
#4015 = DIRECTION('',(-0.779796144218,-0.626033524232));
#4016 = ( GEOMETRIC_REPRESENTATION_CONTEXT(2) 
PARAMETRIC_REPRESENTATION_CONTEXT() REPRESENTATION_CONTEXT('2D SPACE',''
  ) );
#4017 = PCURVE('',#3919,#4018);
#4018 = DEFINITIONAL_REPRESENTATION('',(#4019),#4023);
#4019 = LINE('',#4020,#4021);
#4020 = CARTESIAN_POINT('',(-0.,0.));
#4021 = VECTOR('',#4022,1.);
#4022 = DIRECTION('',(-1.,0.));
#4023 = ( GEOMETRIC_REPRESENTATION_CONTEXT(2) 
PARAMETRIC_REPRESENTATION_CONTEXT() REPRESENTATION_CONTEXT('2D SPACE',''
  ) );
#4024 = ORIENTED_EDGE('',*,*,#3931,.T.);
#4025 = ORIENTED_EDGE('',*,*,#2631,.T.);
#4026 = ADVANCED_FACE('',(#4027),#2619,.F.);
#4027 = FACE_BOUND('',#4028,.T.);
#4028 = EDGE_LOOP('',(#4029,#4030,#4031,#4052));
#4029 = ORIENTED_EDGE('',*,*,#3955,.F.);
#4030 = ORIENTED_EDGE('',*,*,#2603,.T.);
#4031 = ORIENTED_EDGE('',*,*,#4032,.T.);
#4032 = EDGE_CURVE('',#2576,#1451,#4033,.T.);
#4033 = SURFACE_CURVE('',#4034,(#4038,#4045),.PCURVE_S1.);
#4034 = LINE('',#4035,#4036);
#4035 = CARTESIAN_POINT('',(-146.,75.,-11.));
#4036 = VECTOR('',#4037,1.);
#4037 = DIRECTION('',(-0.,-0.620702944366,-0.784045824462));
#4038 = PCURVE('',#2619,#4039);
#4039 = DEFINITIONAL_REPRESENTATION('',(#4040),#4044);
#4040 = LINE('',#4041,#4042);
#4041 = CARTESIAN_POINT('',(-0.,-5.));
#4042 = VECTOR('',#4043,1.);
#4043 = DIRECTION('',(-1.,0.));
#4044 = ( GEOMETRIC_REPRESENTATION_CONTEXT(2) 
PARAMETRIC_REPRESENTATION_CONTEXT() REPRESENTATION_CONTEXT('2D SPACE',''
  ) );
#4045 = PCURVE('',#2591,#4046);
#4046 = DEFINITIONAL_REPRESENTATION('',(#4047),#4051);
#4047 = LINE('',#4048,#4049);
#4048 = CARTESIAN_POINT('',(-37.63815031011,-25.92644289068));
#4049 = VECTOR('',#4050,1.);
#4050 = DIRECTION('',(0.784045824462,0.620702944366));
#4051 = ( GEOMETRIC_REPRESENTATION_CONTEXT(2) 
PARAMETRIC_REPRESENTATION_CONTEXT() REPRESENTATION_CONTEXT('2D SPACE',''
  ) );
#4052 = ORIENTED_EDGE('',*,*,#2821,.F.);
#4053 = ADVANCED_FACE('',(#4054),#2591,.T.);
#4054 = FACE_BOUND('',#4055,.F.);
#4055 = EDGE_LOOP('',(#4056,#4057,#4080,#4101,#4102));
#4056 = ORIENTED_EDGE('',*,*,#4032,.T.);
#4057 = ORIENTED_EDGE('',*,*,#4058,.T.);
#4058 = EDGE_CURVE('',#1451,#4059,#4061,.T.);
#4059 = VERTEX_POINT('',#4060);
#4060 = CARTESIAN_POINT('',(-146.,23.,-86.));
#4061 = SURFACE_CURVE('',#4062,(#4066,#4073),.PCURVE_S1.);
#4062 = LINE('',#4063,#4064);
#4063 = CARTESIAN_POINT('',(-146.,18.,-83.));
#4064 = VECTOR('',#4065,1.);
#4065 = DIRECTION('',(-0.,0.857492925712,-0.514495755428));
#4066 = PCURVE('',#2591,#4067);
#4067 = DEFINITIONAL_REPRESENTATION('',(#4068),#4072);
#4068 = LINE('',#4069,#4070);
#4069 = CARTESIAN_POINT('',(34.36184968989,31.073557109318));
#4070 = VECTOR('',#4071,1.);
#4071 = DIRECTION('',(0.514495755428,-0.857492925712));
#4072 = ( GEOMETRIC_REPRESENTATION_CONTEXT(2) 
PARAMETRIC_REPRESENTATION_CONTEXT() REPRESENTATION_CONTEXT('2D SPACE',''
  ) );
#4073 = PCURVE('',#3992,#4074);
#4074 = DEFINITIONAL_REPRESENTATION('',(#4075),#4079);
#4075 = LINE('',#4076,#4077);
#4076 = CARTESIAN_POINT('',(-0.,-5.));
#4077 = VECTOR('',#4078,1.);
#4078 = DIRECTION('',(-1.,0.));
#4079 = ( GEOMETRIC_REPRESENTATION_CONTEXT(2) 
PARAMETRIC_REPRESENTATION_CONTEXT() REPRESENTATION_CONTEXT('2D SPACE',''
  ) );
#4080 = ORIENTED_EDGE('',*,*,#4081,.T.);
#4081 = EDGE_CURVE('',#4059,#3881,#4082,.T.);
#4082 = SURFACE_CURVE('',#4083,(#4087,#4094),.PCURVE_S1.);
#4083 = LINE('',#4084,#4085);
#4084 = CARTESIAN_POINT('',(-146.,23.,-86.));
#4085 = VECTOR('',#4086,1.);
#4086 = DIRECTION('',(-0.,0.626033524232,0.779796144218));
#4087 = PCURVE('',#2591,#4088);
#4088 = DEFINITIONAL_REPRESENTATION('',(#4089),#4093);
#4089 = LINE('',#4090,#4091);
#4090 = CARTESIAN_POINT('',(37.36184968989,26.073557109318));
#4091 = VECTOR('',#4092,1.);
#4092 = DIRECTION('',(-0.779796144218,-0.626033524232));
#4093 = ( GEOMETRIC_REPRESENTATION_CONTEXT(2) 
PARAMETRIC_REPRESENTATION_CONTEXT() REPRESENTATION_CONTEXT('2D SPACE',''
  ) );
#4094 = PCURVE('',#3919,#4095);
#4095 = DEFINITIONAL_REPRESENTATION('',(#4096),#4100);
#4096 = LINE('',#4097,#4098);
#4097 = CARTESIAN_POINT('',(-0.,-5.));
#4098 = VECTOR('',#4099,1.);
#4099 = DIRECTION('',(-1.,0.));
#4100 = ( GEOMETRIC_REPRESENTATION_CONTEXT(2) 
PARAMETRIC_REPRESENTATION_CONTEXT() REPRESENTATION_CONTEXT('2D SPACE',''
  ) );
#4101 = ORIENTED_EDGE('',*,*,#3880,.T.);
#4102 = ORIENTED_EDGE('',*,*,#2575,.T.);
#4103 = ADVANCED_FACE('',(#4104),#2897,.F.);
#4104 = FACE_BOUND('',#4105,.T.);
#4105 = EDGE_LOOP('',(#4106,#4107,#4130,#4158,#4186,#4214,#4242,#4265,
    #4293,#4321,#4349,#4377,#4405,#4433,#4456,#4484,#4512,#4540,#4568,
    #4589,#4590));
#4106 = ORIENTED_EDGE('',*,*,#2879,.F.);
#4107 = ORIENTED_EDGE('',*,*,#4108,.F.);
#4108 = EDGE_CURVE('',#4109,#2880,#4111,.T.);
#4109 = VERTEX_POINT('',#4110);
#4110 = CARTESIAN_POINT('',(-130.,8.31705,-40.));
#4111 = SURFACE_CURVE('',#4112,(#4116,#4123),.PCURVE_S1.);
#4112 = LINE('',#4113,#4114);
#4113 = CARTESIAN_POINT('',(-130.,9.169509317162,-66.8483951337));
#4114 = VECTOR('',#4115,1.);
#4115 = DIRECTION('',(-0.,-3.173485597321E-02,0.999496322613));
#4116 = PCURVE('',#2897,#4117);
#4117 = DEFINITIONAL_REPRESENTATION('',(#4118),#4122);
#4118 = LINE('',#4119,#4120);
#4119 = CARTESIAN_POINT('',(-30.1516048663,-4.669509317162));
#4120 = VECTOR('',#4121,1.);
#4121 = DIRECTION('',(-0.999496322613,3.173485597321E-02));
#4122 = ( GEOMETRIC_REPRESENTATION_CONTEXT(2) 
PARAMETRIC_REPRESENTATION_CONTEXT() REPRESENTATION_CONTEXT('2D SPACE',''
  ) );
#4123 = PCURVE('',#2925,#4124);
#4124 = DEFINITIONAL_REPRESENTATION('',(#4125),#4129);
#4125 = LINE('',#4126,#4127);
#4126 = CARTESIAN_POINT('',(-29.98823197909,-98.));
#4127 = VECTOR('',#4128,1.);
#4128 = DIRECTION('',(1.,-0.));
#4129 = ( GEOMETRIC_REPRESENTATION_CONTEXT(2) 
PARAMETRIC_REPRESENTATION_CONTEXT() REPRESENTATION_CONTEXT('2D SPACE',''
  ) );
#4130 = ORIENTED_EDGE('',*,*,#4131,.F.);
#4131 = EDGE_CURVE('',#4132,#4109,#4134,.T.);
#4132 = VERTEX_POINT('',#4133);
#4133 = CARTESIAN_POINT('',(-130.,8.377757778564,-43.22066501823));
#4134 = SURFACE_CURVE('',#4135,(#4139,#4146),.PCURVE_S1.);
#4135 = LINE('',#4136,#4137);
#4136 = CARTESIAN_POINT('',(-130.,8.853390786321,-68.45391561372));
#4137 = VECTOR('',#4138,1.);
#4138 = DIRECTION('',(-0.,-1.884610671954E-02,0.999822396359));
#4139 = PCURVE('',#2897,#4140);
#4140 = DEFINITIONAL_REPRESENTATION('',(#4141),#4145);
#4141 = LINE('',#4142,#4143);
#4142 = CARTESIAN_POINT('',(-28.54608438628,-4.353390786321));
#4143 = VECTOR('',#4144,1.);
#4144 = DIRECTION('',(-0.999822396359,1.884610671954E-02));
#4145 = ( GEOMETRIC_REPRESENTATION_CONTEXT(2) 
PARAMETRIC_REPRESENTATION_CONTEXT() REPRESENTATION_CONTEXT('2D SPACE',''
  ) );
#4146 = PCURVE('',#4147,#4152);
#4147 = PLANE('',#4148);
#4148 = AXIS2_PLACEMENT_3D('',#4149,#4150,#4151);
#4149 = CARTESIAN_POINT('',(-32.,8.31705,-40.));
#4150 = DIRECTION('',(-0.,0.999822396359,1.884610671954E-02));
#4151 = DIRECTION('',(0.,-1.884610671954E-02,0.999822396359));
#4152 = DEFINITIONAL_REPRESENTATION('',(#4153),#4157);
#4153 = LINE('',#4154,#4155);
#4154 = CARTESIAN_POINT('',(-28.45897003041,-98.));
#4155 = VECTOR('',#4156,1.);
#4156 = DIRECTION('',(1.,-0.));
#4157 = ( GEOMETRIC_REPRESENTATION_CONTEXT(2) 
PARAMETRIC_REPRESENTATION_CONTEXT() REPRESENTATION_CONTEXT('2D SPACE',''
  ) );
#4158 = ORIENTED_EDGE('',*,*,#4159,.F.);
#4159 = EDGE_CURVE('',#4160,#4132,#4162,.T.);
#4160 = VERTEX_POINT('',#4161);
#4161 = CARTESIAN_POINT('',(-130.,8.400727768418,-46.52843498469));
#4162 = SURFACE_CURVE('',#4163,(#4167,#4174),.PCURVE_S1.);
#4163 = LINE('',#4164,#4165);
#4164 = CARTESIAN_POINT('',(-130.,8.564383921755,-70.09557246548));
#4165 = VECTOR('',#4166,1.);
#4166 = DIRECTION('',(-0.,-6.944085069563E-03,0.999975889551));
#4167 = PCURVE('',#2897,#4168);
#4168 = DEFINITIONAL_REPRESENTATION('',(#4169),#4173);
#4169 = LINE('',#4170,#4171);
#4170 = CARTESIAN_POINT('',(-26.90442753452,-4.064383921755));
#4171 = VECTOR('',#4172,1.);
#4172 = DIRECTION('',(-0.999975889551,6.944085069563E-03));
#4173 = ( GEOMETRIC_REPRESENTATION_CONTEXT(2) 
PARAMETRIC_REPRESENTATION_CONTEXT() REPRESENTATION_CONTEXT('2D SPACE',''
  ) );
#4174 = PCURVE('',#4175,#4180);
#4175 = PLANE('',#4176);
#4176 = AXIS2_PLACEMENT_3D('',#4177,#4178,#4179);
#4177 = CARTESIAN_POINT('',(-32.,8.377757778564,-43.22066501823));
#4178 = DIRECTION('',(-0.,0.999975889551,6.944085069563E-03));
#4179 = DIRECTION('',(0.,-6.944085069563E-03,0.999975889551));
#4180 = DEFINITIONAL_REPRESENTATION('',(#4181),#4185);
#4181 = LINE('',#4182,#4183);
#4182 = CARTESIAN_POINT('',(-26.87555542896,-98.));
#4183 = VECTOR('',#4184,1.);
#4184 = DIRECTION('',(1.,-0.));
#4185 = ( GEOMETRIC_REPRESENTATION_CONTEXT(2) 
PARAMETRIC_REPRESENTATION_CONTEXT() REPRESENTATION_CONTEXT('2D SPACE',''
  ) );
#4186 = ORIENTED_EDGE('',*,*,#4187,.F.);
#4187 = EDGE_CURVE('',#4188,#4160,#4190,.T.);
#4188 = VERTEX_POINT('',#4189);
#4189 = CARTESIAN_POINT('',(-130.,8.387016841114,-49.91424353182));
#4190 = SURFACE_CURVE('',#4191,(#4195,#4202),.PCURVE_S1.);
#4191 = LINE('',#4192,#4193);
#4192 = CARTESIAN_POINT('',(-130.,8.298504447596,-71.77170158973));
#4193 = VECTOR('',#4194,1.);
#4194 = DIRECTION('',(-0.,4.04949503044E-03,0.999991800761));
#4195 = PCURVE('',#2897,#4196);
#4196 = DEFINITIONAL_REPRESENTATION('',(#4197),#4201);
#4197 = LINE('',#4198,#4199);
#4198 = CARTESIAN_POINT('',(-25.22829841027,-3.798504447596));
#4199 = VECTOR('',#4200,1.);
#4200 = DIRECTION('',(-0.999991800761,-4.04949503044E-03));
#4201 = ( GEOMETRIC_REPRESENTATION_CONTEXT(2) 
PARAMETRIC_REPRESENTATION_CONTEXT() REPRESENTATION_CONTEXT('2D SPACE',''
  ) );
#4202 = PCURVE('',#4203,#4208);
#4203 = PLANE('',#4204);
#4204 = AXIS2_PLACEMENT_3D('',#4205,#4206,#4207);
#4205 = CARTESIAN_POINT('',(-32.,8.400727768418,-46.52843498469));
#4206 = DIRECTION('',(-0.,0.999991800761,-4.04949503044E-03));
#4207 = DIRECTION('',(0.,4.04949503044E-03,0.999991800761));
#4208 = DEFINITIONAL_REPRESENTATION('',(#4209),#4213);
#4209 = LINE('',#4210,#4211);
#4210 = CARTESIAN_POINT('',(-25.2434735823,-98.));
#4211 = VECTOR('',#4212,1.);
#4212 = DIRECTION('',(1.,-0.));
#4213 = ( GEOMETRIC_REPRESENTATION_CONTEXT(2) 
PARAMETRIC_REPRESENTATION_CONTEXT() REPRESENTATION_CONTEXT('2D SPACE',''
  ) );
#4214 = ORIENTED_EDGE('',*,*,#4215,.F.);
#4215 = EDGE_CURVE('',#4216,#4188,#4218,.T.);
#4216 = VERTEX_POINT('',#4217);
#4217 = CARTESIAN_POINT('',(-130.,8.337947025561,-53.36881039375));
#4218 = SURFACE_CURVE('',#4219,(#4223,#4230),.PCURVE_S1.);
#4219 = LINE('',#4220,#4221);
#4220 = CARTESIAN_POINT('',(-130.,8.052281385156,-73.47997331164));
#4221 = VECTOR('',#4222,1.);
#4222 = DIRECTION('',(-0.,1.420289953122E-02,0.999899133735));
#4223 = PCURVE('',#2897,#4224);
#4224 = DEFINITIONAL_REPRESENTATION('',(#4225),#4229);
#4225 = LINE('',#4226,#4227);
#4226 = CARTESIAN_POINT('',(-23.52002668836,-3.552281385156));
#4227 = VECTOR('',#4228,1.);
#4228 = DIRECTION('',(-0.999899133735,-1.420289953122E-02));
#4229 = ( GEOMETRIC_REPRESENTATION_CONTEXT(2) 
PARAMETRIC_REPRESENTATION_CONTEXT() REPRESENTATION_CONTEXT('2D SPACE',''
  ) );
#4230 = PCURVE('',#4231,#4236);
#4231 = PLANE('',#4232);
#4232 = AXIS2_PLACEMENT_3D('',#4233,#4234,#4235);
#4233 = CARTESIAN_POINT('',(-32.,8.387016841114,-49.91424353182));
#4234 = DIRECTION('',(-0.,0.999899133735,-1.420289953122E-02));
#4235 = DIRECTION('',(0.,1.420289953122E-02,0.999899133735));
#4236 = DEFINITIONAL_REPRESENTATION('',(#4237),#4241);
#4237 = LINE('',#4238,#4239);
#4238 = CARTESIAN_POINT('',(-23.56810700673,-98.));
#4239 = VECTOR('',#4240,1.);
#4240 = DIRECTION('',(1.,-0.));
#4241 = ( GEOMETRIC_REPRESENTATION_CONTEXT(2) 
PARAMETRIC_REPRESENTATION_CONTEXT() REPRESENTATION_CONTEXT('2D SPACE',''
  ) );
#4242 = ORIENTED_EDGE('',*,*,#4243,.F.);
#4243 = EDGE_CURVE('',#4244,#4216,#4246,.T.);
#4244 = VERTEX_POINT('',#4245);
#4245 = CARTESIAN_POINT('',(-130.,8.255076571138,-56.88266684282));
#4246 = SURFACE_CURVE('',#4247,(#4251,#4258),.PCURVE_S1.);
#4247 = LINE('',#4248,#4249);
#4248 = CARTESIAN_POINT('',(-130.,7.822669387801,-75.21750982614));
#4249 = VECTOR('',#4250,1.);
#4250 = DIRECTION('',(-0.,2.357734840244E-02,0.999722015684));
#4251 = PCURVE('',#2897,#4252);
#4252 = DEFINITIONAL_REPRESENTATION('',(#4253),#4257);
#4253 = LINE('',#4254,#4255);
#4254 = CARTESIAN_POINT('',(-21.78249017386,-3.322669387801));
#4255 = VECTOR('',#4256,1.);
#4256 = DIRECTION('',(-0.999722015684,-2.357734840244E-02));
#4257 = ( GEOMETRIC_REPRESENTATION_CONTEXT(2) 
PARAMETRIC_REPRESENTATION_CONTEXT() REPRESENTATION_CONTEXT('2D SPACE',''
  ) );
#4258 = PCURVE('',#3251,#4259);
#4259 = DEFINITIONAL_REPRESENTATION('',(#4260),#4264);
#4260 = LINE('',#4261,#4262);
#4261 = CARTESIAN_POINT('',(-21.854774717,-98.));
#4262 = VECTOR('',#4263,1.);
#4263 = DIRECTION('',(1.,-0.));
#4264 = ( GEOMETRIC_REPRESENTATION_CONTEXT(2) 
PARAMETRIC_REPRESENTATION_CONTEXT() REPRESENTATION_CONTEXT('2D SPACE',''
  ) );
#4265 = ORIENTED_EDGE('',*,*,#4266,.F.);
#4266 = EDGE_CURVE('',#4267,#4244,#4269,.T.);
#4267 = VERTEX_POINT('',#4268);
#4268 = CARTESIAN_POINT('',(-130.,8.140167721403,-60.44618164275));
#4269 = SURFACE_CURVE('',#4270,(#4274,#4281),.PCURVE_S1.);
#4270 = LINE('',#4271,#4272);
#4271 = CARTESIAN_POINT('',(-130.,7.606987825792,-76.98097816554));
#4272 = VECTOR('',#4273,1.);
#4273 = DIRECTION('',(-0.,3.222917866761E-02,0.999480505084));
#4274 = PCURVE('',#2897,#4275);
#4275 = DEFINITIONAL_REPRESENTATION('',(#4276),#4280);
#4276 = LINE('',#4277,#4278);
#4277 = CARTESIAN_POINT('',(-20.01902183446,-3.106987825792));
#4278 = VECTOR('',#4279,1.);
#4279 = DIRECTION('',(-0.999480505084,-3.222917866761E-02));
#4280 = ( GEOMETRIC_REPRESENTATION_CONTEXT(2) 
PARAMETRIC_REPRESENTATION_CONTEXT() REPRESENTATION_CONTEXT('2D SPACE',''
  ) );
#4281 = PCURVE('',#4282,#4287);
#4282 = PLANE('',#4283);
#4283 = AXIS2_PLACEMENT_3D('',#4284,#4285,#4286);
#4284 = CARTESIAN_POINT('',(-32.,8.255076571138,-56.88266684282));
#4285 = DIRECTION('',(-0.,0.999480505084,-3.222917866761E-02));
#4286 = DIRECTION('',(0.,3.222917866761E-02,0.999480505084));
#4287 = DEFINITIONAL_REPRESENTATION('',(#4288),#4292);
#4288 = LINE('',#4289,#4290);
#4289 = CARTESIAN_POINT('',(-20.10875772012,-98.));
#4290 = VECTOR('',#4291,1.);
#4291 = DIRECTION('',(1.,-0.));
#4292 = ( GEOMETRIC_REPRESENTATION_CONTEXT(2) 
PARAMETRIC_REPRESENTATION_CONTEXT() REPRESENTATION_CONTEXT('2D SPACE',''
  ) );
#4293 = ORIENTED_EDGE('',*,*,#4294,.F.);
#4294 = EDGE_CURVE('',#4295,#4267,#4297,.T.);
#4295 = VERTEX_POINT('',#4296);
#4296 = CARTESIAN_POINT('',(-130.,7.995152522624,-64.04958744718));
#4297 = SURFACE_CURVE('',#4298,(#4302,#4309),.PCURVE_S1.);
#4298 = LINE('',#4299,#4300);
#4299 = CARTESIAN_POINT('',(-130.,7.402879462358,-78.76666676811));
#4300 = VECTOR('',#4301,1.);
#4301 = DIRECTION('',(-0.,4.021137715168E-02,0.999191195491));
#4302 = PCURVE('',#2897,#4303);
#4303 = DEFINITIONAL_REPRESENTATION('',(#4304),#4308);
#4304 = LINE('',#4305,#4306);
#4305 = CARTESIAN_POINT('',(-18.23333323189,-2.902879462358));
#4306 = VECTOR('',#4307,1.);
#4307 = DIRECTION('',(-0.999191195491,-4.021137715168E-02));
#4308 = ( GEOMETRIC_REPRESENTATION_CONTEXT(2) 
PARAMETRIC_REPRESENTATION_CONTEXT() REPRESENTATION_CONTEXT('2D SPACE',''
  ) );
#4309 = PCURVE('',#4310,#4315);
#4310 = PLANE('',#4311);
#4311 = AXIS2_PLACEMENT_3D('',#4312,#4313,#4314);
#4312 = CARTESIAN_POINT('',(-32.,8.140167721403,-60.44618164275));
#4313 = DIRECTION('',(-0.,0.999191195491,-4.021137715168E-02));
#4314 = DIRECTION('',(0.,4.021137715168E-02,0.999191195491));
#4315 = DEFINITIONAL_REPRESENTATION('',(#4316),#4320);
#4316 = LINE('',#4317,#4318);
#4317 = CARTESIAN_POINT('',(-18.33531481064,-98.));
#4318 = VECTOR('',#4319,1.);
#4319 = DIRECTION('',(1.,-0.));
#4320 = ( GEOMETRIC_REPRESENTATION_CONTEXT(2) 
PARAMETRIC_REPRESENTATION_CONTEXT() REPRESENTATION_CONTEXT('2D SPACE',''
  ) );
#4321 = ORIENTED_EDGE('',*,*,#4322,.F.);
#4322 = EDGE_CURVE('',#4323,#4295,#4325,.T.);
#4323 = VERTEX_POINT('',#4324);
#4324 = CARTESIAN_POINT('',(-130.,7.82209798814,-67.68300757126));
#4325 = SURFACE_CURVE('',#4326,(#4330,#4337),.PCURVE_S1.);
#4326 = LINE('',#4327,#4328);
#4327 = CARTESIAN_POINT('',(-130.,7.208282982824,-80.57055079235));
#4328 = VECTOR('',#4329,1.);
#4329 = DIRECTION('',(-0.,4.757462022796E-02,0.998867686688));
#4330 = PCURVE('',#2897,#4331);
#4331 = DEFINITIONAL_REPRESENTATION('',(#4332),#4336);
#4332 = LINE('',#4333,#4334);
#4333 = CARTESIAN_POINT('',(-16.42944920765,-2.708282982824));
#4334 = VECTOR('',#4335,1.);
#4335 = DIRECTION('',(-0.998867686688,-4.757462022796E-02));
#4336 = ( GEOMETRIC_REPRESENTATION_CONTEXT(2) 
PARAMETRIC_REPRESENTATION_CONTEXT() REPRESENTATION_CONTEXT('2D SPACE',''
  ) );
#4337 = PCURVE('',#4338,#4343);
#4338 = PLANE('',#4339);
#4339 = AXIS2_PLACEMENT_3D('',#4340,#4341,#4342);
#4340 = CARTESIAN_POINT('',(-32.,7.995152522624,-64.04958744718));
#4341 = DIRECTION('',(-0.,0.998867686688,-4.757462022796E-02));
#4342 = DIRECTION('',(0.,4.757462022796E-02,0.998867686688));
#4343 = DEFINITIONAL_REPRESENTATION('',(#4344),#4348);
#4344 = LINE('',#4345,#4346);
#4345 = CARTESIAN_POINT('',(-16.53969145797,-98.));
#4346 = VECTOR('',#4347,1.);
#4347 = DIRECTION('',(1.,-0.));
#4348 = ( GEOMETRIC_REPRESENTATION_CONTEXT(2) 
PARAMETRIC_REPRESENTATION_CONTEXT() REPRESENTATION_CONTEXT('2D SPACE',''
  ) );
#4349 = ORIENTED_EDGE('',*,*,#4350,.F.);
#4350 = EDGE_CURVE('',#4351,#4323,#4353,.T.);
#4351 = VERTEX_POINT('',#4352);
#4352 = CARTESIAN_POINT('',(-130.,7.623171882263,-71.33648306299));
#4353 = SURFACE_CURVE('',#4354,(#4358,#4365),.PCURVE_S1.);
#4354 = LINE('',#4355,#4356);
#4355 = CARTESIAN_POINT('',(-130.,7.021414806425,-82.38834937719));
#4356 = VECTOR('',#4357,1.);
#4357 = DIRECTION('',(-0.,5.43679268541E-02,0.998520970501));
#4358 = PCURVE('',#2897,#4359);
#4359 = DEFINITIONAL_REPRESENTATION('',(#4360),#4364);
#4360 = LINE('',#4361,#4362);
#4361 = CARTESIAN_POINT('',(-14.61165062281,-2.521414806425));
#4362 = VECTOR('',#4363,1.);
#4363 = DIRECTION('',(-0.998520970501,-5.43679268541E-02));
#4364 = ( GEOMETRIC_REPRESENTATION_CONTEXT(2) 
PARAMETRIC_REPRESENTATION_CONTEXT() REPRESENTATION_CONTEXT('2D SPACE',''
  ) );
#4365 = PCURVE('',#4366,#4371);
#4366 = PLANE('',#4367);
#4367 = AXIS2_PLACEMENT_3D('',#4368,#4369,#4370);
#4368 = CARTESIAN_POINT('',(-32.,7.82209798814,-67.68300757126));
#4369 = DIRECTION('',(-0.,0.998520970501,-5.43679268541E-02));
#4370 = DIRECTION('',(0.,5.43679268541E-02,0.998520970501));
#4371 = DEFINITIONAL_REPRESENTATION('',(#4372),#4376);
#4372 = LINE('',#4373,#4374);
#4373 = CARTESIAN_POINT('',(-14.72712365625,-98.));
#4374 = VECTOR('',#4375,1.);
#4375 = DIRECTION('',(1.,-0.));
#4376 = ( GEOMETRIC_REPRESENTATION_CONTEXT(2) 
PARAMETRIC_REPRESENTATION_CONTEXT() REPRESENTATION_CONTEXT('2D SPACE',''
  ) );
#4377 = ORIENTED_EDGE('',*,*,#4378,.F.);
#4378 = EDGE_CURVE('',#4379,#4351,#4381,.T.);
#4379 = VERTEX_POINT('',#4380);
#4380 = CARTESIAN_POINT('',(-130.,7.40061028008,-75.));
#4381 = SURFACE_CURVE('',#4382,(#4386,#4393),.PCURVE_S1.);
#4382 = LINE('',#4383,#4384);
#4383 = CARTESIAN_POINT('',(-130.,6.840756574679,-84.21557677453));
#4384 = VECTOR('',#4385,1.);
#4385 = DIRECTION('',(-0.,6.063900882686E-02,0.998159762066));
#4386 = PCURVE('',#2897,#4387);
#4387 = DEFINITIONAL_REPRESENTATION('',(#4388),#4392);
#4388 = LINE('',#4389,#4390);
#4389 = CARTESIAN_POINT('',(-12.78442322547,-2.340756574679));
#4390 = VECTOR('',#4391,1.);
#4391 = DIRECTION('',(-0.998159762066,-6.063900882686E-02));
#4392 = ( GEOMETRIC_REPRESENTATION_CONTEXT(2) 
PARAMETRIC_REPRESENTATION_CONTEXT() REPRESENTATION_CONTEXT('2D SPACE',''
  ) );
#4393 = PCURVE('',#4394,#4399);
#4394 = PLANE('',#4395);
#4395 = AXIS2_PLACEMENT_3D('',#4396,#4397,#4398);
#4396 = CARTESIAN_POINT('',(-32.,7.623171882263,-71.33648306299));
#4397 = DIRECTION('',(-0.,0.998159762066,-6.063900882686E-02));
#4398 = DIRECTION('',(0.,6.063900882686E-02,0.998159762066));
#4399 = DEFINITIONAL_REPRESENTATION('',(#4400),#4404);
#4400 = LINE('',#4401,#4402);
#4401 = CARTESIAN_POINT('',(-12.90283800348,-98.));
#4402 = VECTOR('',#4403,1.);
#4403 = DIRECTION('',(1.,-0.));
#4404 = ( GEOMETRIC_REPRESENTATION_CONTEXT(2) 
PARAMETRIC_REPRESENTATION_CONTEXT() REPRESENTATION_CONTEXT('2D SPACE',''
  ) );
#4405 = ORIENTED_EDGE('',*,*,#4406,.F.);
#4406 = EDGE_CURVE('',#4407,#4379,#4409,.T.);
#4407 = VERTEX_POINT('',#4408);
#4408 = CARTESIAN_POINT('',(-130.,7.156687907998,-78.663516937));
#4409 = SURFACE_CURVE('',#4410,(#4414,#4421),.PCURVE_S1.);
#4410 = LINE('',#4411,#4412);
#4411 = CARTESIAN_POINT('',(-130.,6.66504551218,-86.04758847031));
#4412 = VECTOR('',#4413,1.);
#4413 = DIRECTION('',(-0.,6.643438585427E-02,0.997790795897));
#4414 = PCURVE('',#2897,#4415);
#4415 = DEFINITIONAL_REPRESENTATION('',(#4416),#4420);
#4416 = LINE('',#4417,#4418);
#4417 = CARTESIAN_POINT('',(-10.95241152969,-2.16504551218));
#4418 = VECTOR('',#4419,1.);
#4419 = DIRECTION('',(-0.997790795897,-6.643438585427E-02));
#4420 = ( GEOMETRIC_REPRESENTATION_CONTEXT(2) 
PARAMETRIC_REPRESENTATION_CONTEXT() REPRESENTATION_CONTEXT('2D SPACE',''
  ) );
#4421 = PCURVE('',#4422,#4427);
#4422 = PLANE('',#4423);
#4423 = AXIS2_PLACEMENT_3D('',#4424,#4425,#4426);
#4424 = CARTESIAN_POINT('',(-32.,7.40061028008,-75.));
#4425 = DIRECTION('',(-0.,0.997790795897,-6.643438585427E-02));
#4426 = DIRECTION('',(0.,6.643438585427E-02,0.997790795897));
#4427 = DEFINITIONAL_REPRESENTATION('',(#4428),#4432);
#4428 = LINE('',#4429,#4430);
#4429 = CARTESIAN_POINT('',(-11.07204888614,-98.));
#4430 = VECTOR('',#4431,1.);
#4431 = DIRECTION('',(1.,-0.));
#4432 = ( GEOMETRIC_REPRESENTATION_CONTEXT(2) 
PARAMETRIC_REPRESENTATION_CONTEXT() REPRESENTATION_CONTEXT('2D SPACE',''
  ) );
#4433 = ORIENTED_EDGE('',*,*,#4434,.F.);
#4434 = EDGE_CURVE('',#4435,#4407,#4437,.T.);
#4435 = VERTEX_POINT('',#4436);
#4436 = CARTESIAN_POINT('',(-130.,6.893692082141,-82.31699242873));
#4437 = SURFACE_CURVE('',#4438,(#4442,#4449),.PCURVE_S1.);
#4438 = LINE('',#4439,#4440);
#4439 = CARTESIAN_POINT('',(-130.,6.493265528531,-87.87962291949));
#4440 = VECTOR('',#4441,1.);
#4441 = DIRECTION('',(-0.,7.179932096368E-02,0.997419098228));
#4442 = PCURVE('',#2897,#4443);
#4443 = DEFINITIONAL_REPRESENTATION('',(#4444),#4448);
#4444 = LINE('',#4445,#4446);
#4445 = CARTESIAN_POINT('',(-9.12037708051,-1.993265528531));
#4446 = VECTOR('',#4447,1.);
#4447 = DIRECTION('',(-0.997419098228,-7.179932096368E-02));
#4448 = ( GEOMETRIC_REPRESENTATION_CONTEXT(2) 
PARAMETRIC_REPRESENTATION_CONTEXT() REPRESENTATION_CONTEXT('2D SPACE',''
  ) );
#4449 = PCURVE('',#3400,#4450);
#4450 = DEFINITIONAL_REPRESENTATION('',(#4451),#4455);
#4451 = LINE('',#4452,#4453);
#4452 = CARTESIAN_POINT('',(-9.239953394583,-98.));
#4453 = VECTOR('',#4454,1.);
#4454 = DIRECTION('',(1.,-0.));
#4455 = ( GEOMETRIC_REPRESENTATION_CONTEXT(2) 
PARAMETRIC_REPRESENTATION_CONTEXT() REPRESENTATION_CONTEXT('2D SPACE',''
  ) );
#4456 = ORIENTED_EDGE('',*,*,#4457,.F.);
#4457 = EDGE_CURVE('',#4458,#4435,#4460,.T.);
#4458 = VERTEX_POINT('',#4459);
#4459 = CARTESIAN_POINT('',(-130.,6.613900846731,-85.95041255281));
#4460 = SURFACE_CURVE('',#4461,(#4465,#4472),.PCURVE_S1.);
#4461 = LINE('',#4462,#4463);
#4462 = CARTESIAN_POINT('',(-130.,6.324637499908,-89.70683924706));
#4463 = VECTOR('',#4464,1.);
#4464 = DIRECTION('',(-0.,7.677762269008E-02,0.997048241889));
#4465 = PCURVE('',#2897,#4466);
#4466 = DEFINITIONAL_REPRESENTATION('',(#4467),#4471);
#4467 = LINE('',#4468,#4469);
#4468 = CARTESIAN_POINT('',(-7.29316075294,-1.824637499908));
#4469 = VECTOR('',#4470,1.);
#4470 = DIRECTION('',(-0.997048241889,-7.677762269008E-02));
#4471 = ( GEOMETRIC_REPRESENTATION_CONTEXT(2) 
PARAMETRIC_REPRESENTATION_CONTEXT() REPRESENTATION_CONTEXT('2D SPACE',''
  ) );
#4472 = PCURVE('',#4473,#4478);
#4473 = PLANE('',#4474);
#4474 = AXIS2_PLACEMENT_3D('',#4475,#4476,#4477);
#4475 = CARTESIAN_POINT('',(-32.,6.893692082141,-82.31699242873));
#4476 = DIRECTION('',(-0.,0.997048241889,-7.677762269008E-02));
#4477 = DIRECTION('',(0.,7.677762269008E-02,0.997048241889));
#4478 = DEFINITIONAL_REPRESENTATION('',(#4479),#4483);
#4479 = LINE('',#4480,#4481);
#4480 = CARTESIAN_POINT('',(-7.41172443605,-98.));
#4481 = VECTOR('',#4482,1.);
#4482 = DIRECTION('',(1.,-0.));
#4483 = ( GEOMETRIC_REPRESENTATION_CONTEXT(2) 
PARAMETRIC_REPRESENTATION_CONTEXT() REPRESENTATION_CONTEXT('2D SPACE',''
  ) );
#4484 = ORIENTED_EDGE('',*,*,#4485,.F.);
#4485 = EDGE_CURVE('',#4486,#4458,#4488,.T.);
#4486 = VERTEX_POINT('',#4487);
#4487 = CARTESIAN_POINT('',(-130.,6.319565682663,-89.55381835724));
#4488 = SURFACE_CURVE('',#4489,(#4493,#4500),.PCURVE_S1.);
#4489 = LINE('',#4490,#4491);
#4490 = CARTESIAN_POINT('',(-130.,6.158607655492,-91.52435113817));
#4491 = VECTOR('',#4492,1.);
#4492 = DIRECTION('',(-0.,8.141135355662E-02,0.996680586503));
#4493 = PCURVE('',#2897,#4494);
#4494 = DEFINITIONAL_REPRESENTATION('',(#4495),#4499);
#4495 = LINE('',#4496,#4497);
#4496 = CARTESIAN_POINT('',(-5.47564886183,-1.658607655492));
#4497 = VECTOR('',#4498,1.);
#4498 = DIRECTION('',(-0.996680586503,-8.141135355662E-02));
#4499 = ( GEOMETRIC_REPRESENTATION_CONTEXT(2) 
PARAMETRIC_REPRESENTATION_CONTEXT() REPRESENTATION_CONTEXT('2D SPACE',''
  ) );
#4500 = PCURVE('',#4501,#4506);
#4501 = PLANE('',#4502);
#4502 = AXIS2_PLACEMENT_3D('',#4503,#4504,#4505);
#4503 = CARTESIAN_POINT('',(-32.,6.613900846731,-85.95041255281));
#4504 = DIRECTION('',(-0.,0.996680586503,-8.141135355662E-02));
#4505 = DIRECTION('',(0.,8.141135355662E-02,0.996680586503));
#4506 = DEFINITIONAL_REPRESENTATION('',(#4507),#4511);
#4507 = LINE('',#4508,#4509);
#4508 = CARTESIAN_POINT('',(-5.592502413353,-98.));
#4509 = VECTOR('',#4510,1.);
#4510 = DIRECTION('',(1.,-0.));
#4511 = ( GEOMETRIC_REPRESENTATION_CONTEXT(2) 
PARAMETRIC_REPRESENTATION_CONTEXT() REPRESENTATION_CONTEXT('2D SPACE',''
  ) );
#4512 = ORIENTED_EDGE('',*,*,#4513,.F.);
#4513 = EDGE_CURVE('',#4514,#4486,#4516,.T.);
#4514 = VERTEX_POINT('',#4515);
#4515 = CARTESIAN_POINT('',(-130.,6.012898918185,-93.11733315717));
#4516 = SURFACE_CURVE('',#4517,(#4521,#4528),.PCURVE_S1.);
#4517 = LINE('',#4518,#4519);
#4518 = CARTESIAN_POINT('',(-130.,5.994833412586,-93.32725710077));
#4519 = VECTOR('',#4520,1.);
#4520 = DIRECTION('',(-0.,8.574047891733E-02,0.996317504752));
#4521 = PCURVE('',#2897,#4522);
#4522 = DEFINITIONAL_REPRESENTATION('',(#4523),#4527);
#4523 = LINE('',#4524,#4525);
#4524 = CARTESIAN_POINT('',(-3.67274289923,-1.494833412586));
#4525 = VECTOR('',#4526,1.);
#4526 = DIRECTION('',(-0.996317504752,-8.574047891733E-02));
#4527 = ( GEOMETRIC_REPRESENTATION_CONTEXT(2) 
PARAMETRIC_REPRESENTATION_CONTEXT() REPRESENTATION_CONTEXT('2D SPACE',''
  ) );
#4528 = PCURVE('',#4529,#4534);
#4529 = PLANE('',#4530);
#4530 = AXIS2_PLACEMENT_3D('',#4531,#4532,#4533);
#4531 = CARTESIAN_POINT('',(-32.,6.319565682663,-89.55381835724));
#4532 = DIRECTION('',(-0.,0.996317504752,-8.574047891733E-02));
#4533 = DIRECTION('',(0.,8.574047891733E-02,0.996317504752));
#4534 = DEFINITIONAL_REPRESENTATION('',(#4535),#4539);
#4535 = LINE('',#4536,#4537);
#4536 = CARTESIAN_POINT('',(-3.787385773644,-98.));
#4537 = VECTOR('',#4538,1.);
#4538 = DIRECTION('',(1.,-0.));
#4539 = ( GEOMETRIC_REPRESENTATION_CONTEXT(2) 
PARAMETRIC_REPRESENTATION_CONTEXT() REPRESENTATION_CONTEXT('2D SPACE',''
  ) );
#4540 = ORIENTED_EDGE('',*,*,#4541,.F.);
#4541 = EDGE_CURVE('',#4542,#4514,#4544,.T.);
#4542 = VERTEX_POINT('',#4543);
#4543 = CARTESIAN_POINT('',(-130.,5.696065739691,-96.63118960624));
#4544 = SURFACE_CURVE('',#4545,(#4549,#4556),.PCURVE_S1.);
#4545 = LINE('',#4546,#4547);
#4546 = CARTESIAN_POINT('',(-130.,5.833166365181,-95.11066729435));
#4547 = VECTOR('',#4548,1.);
#4548 = DIRECTION('',(-0.,8.980248581488E-02,0.995959594332));
#4549 = PCURVE('',#2897,#4550);
#4550 = DEFINITIONAL_REPRESENTATION('',(#4551),#4555);
#4551 = LINE('',#4552,#4553);
#4552 = CARTESIAN_POINT('',(-1.88933270565,-1.333166365181));
#4553 = VECTOR('',#4554,1.);
#4554 = DIRECTION('',(-0.995959594332,-8.980248581488E-02));
#4555 = ( GEOMETRIC_REPRESENTATION_CONTEXT(2) 
PARAMETRIC_REPRESENTATION_CONTEXT() REPRESENTATION_CONTEXT('2D SPACE',''
  ) );
#4556 = PCURVE('',#4557,#4562);
#4557 = PLANE('',#4558);
#4558 = AXIS2_PLACEMENT_3D('',#4559,#4560,#4561);
#4559 = CARTESIAN_POINT('',(-32.,6.012898918185,-93.11733315717));
#4560 = DIRECTION('',(-0.,0.995959594332,-8.980248581488E-02));
#4561 = DIRECTION('',(0.,8.980248581488E-02,0.995959594332));
#4562 = DEFINITIONAL_REPRESENTATION('',(#4563),#4567);
#4563 = LINE('',#4564,#4565);
#4564 = CARTESIAN_POINT('',(-2.001420688675,-98.));
#4565 = VECTOR('',#4566,1.);
#4566 = DIRECTION('',(1.,-0.));
#4567 = ( GEOMETRIC_REPRESENTATION_CONTEXT(2) 
PARAMETRIC_REPRESENTATION_CONTEXT() REPRESENTATION_CONTEXT('2D SPACE',''
  ) );
#4568 = ORIENTED_EDGE('',*,*,#4569,.F.);
#4569 = EDGE_CURVE('',#3462,#4542,#4570,.T.);
#4570 = SURFACE_CURVE('',#4571,(#4575,#4582),.PCURVE_S1.);
#4571 = LINE('',#4572,#4573);
#4572 = CARTESIAN_POINT('',(-130.,5.67363244054,-96.86972715102));
#4573 = VECTOR('',#4574,1.);
#4574 = DIRECTION('',(-0.,9.363199775945E-02,0.995606874723));
#4575 = PCURVE('',#2897,#4576);
#4576 = DEFINITIONAL_REPRESENTATION('',(#4577),#4581);
#4577 = LINE('',#4578,#4579);
#4578 = CARTESIAN_POINT('',(-0.13027284898,-1.17363244054));
#4579 = VECTOR('',#4580,1.);
#4580 = DIRECTION('',(-0.995606874723,-9.363199775945E-02));
#4581 = ( GEOMETRIC_REPRESENTATION_CONTEXT(2) 
PARAMETRIC_REPRESENTATION_CONTEXT() REPRESENTATION_CONTEXT('2D SPACE',''
  ) );
#4582 = PCURVE('',#3502,#4583);
#4583 = DEFINITIONAL_REPRESENTATION('',(#4584),#4588);
#4584 = LINE('',#4585,#4586);
#4585 = CARTESIAN_POINT('',(-0.239590094078,-98.));
#4586 = VECTOR('',#4587,1.);
#4587 = DIRECTION('',(1.,-0.));
#4588 = ( GEOMETRIC_REPRESENTATION_CONTEXT(2) 
PARAMETRIC_REPRESENTATION_CONTEXT() REPRESENTATION_CONTEXT('2D SPACE',''
  ) );
#4589 = ORIENTED_EDGE('',*,*,#3461,.T.);
#4590 = ORIENTED_EDGE('',*,*,#3759,.T.);
#4591 = ADVANCED_FACE('',(#4592),#2953,.T.);
#4592 = FACE_BOUND('',#4593,.F.);
#4593 = EDGE_LOOP('',(#4594,#4595,#4618,#4641,#4664,#4687,#4710,#4733,
    #4761,#4789,#4817,#4845,#4873,#4901,#4924,#4947,#4970,#4993,#5016,
    #5037,#5038));
#4594 = ORIENTED_EDGE('',*,*,#2937,.F.);
#4595 = ORIENTED_EDGE('',*,*,#4596,.F.);
#4596 = EDGE_CURVE('',#4597,#2910,#4599,.T.);
#4597 = VERTEX_POINT('',#4598);
#4598 = CARTESIAN_POINT('',(-160.,8.31705,-40.));
#4599 = SURFACE_CURVE('',#4600,(#4604,#4611),.PCURVE_S1.);
#4600 = LINE('',#4601,#4602);
#4601 = CARTESIAN_POINT('',(-160.,9.169509317162,-66.8483951337));
#4602 = VECTOR('',#4603,1.);
#4603 = DIRECTION('',(-0.,-3.173485597321E-02,0.999496322613));
#4604 = PCURVE('',#2953,#4605);
#4605 = DEFINITIONAL_REPRESENTATION('',(#4606),#4610);
#4606 = LINE('',#4607,#4608);
#4607 = CARTESIAN_POINT('',(-30.1516048663,-4.669509317162));
#4608 = VECTOR('',#4609,1.);
#4609 = DIRECTION('',(-0.999496322613,3.173485597321E-02));
#4610 = ( GEOMETRIC_REPRESENTATION_CONTEXT(2) 
PARAMETRIC_REPRESENTATION_CONTEXT() REPRESENTATION_CONTEXT('2D SPACE',''
  ) );
#4611 = PCURVE('',#2925,#4612);
#4612 = DEFINITIONAL_REPRESENTATION('',(#4613),#4617);
#4613 = LINE('',#4614,#4615);
#4614 = CARTESIAN_POINT('',(-29.98823197909,-128.));
#4615 = VECTOR('',#4616,1.);
#4616 = DIRECTION('',(1.,-0.));
#4617 = ( GEOMETRIC_REPRESENTATION_CONTEXT(2) 
PARAMETRIC_REPRESENTATION_CONTEXT() REPRESENTATION_CONTEXT('2D SPACE',''
  ) );
#4618 = ORIENTED_EDGE('',*,*,#4619,.F.);
#4619 = EDGE_CURVE('',#4620,#4597,#4622,.T.);
#4620 = VERTEX_POINT('',#4621);
#4621 = CARTESIAN_POINT('',(-160.,8.377757778564,-43.22066501823));
#4622 = SURFACE_CURVE('',#4623,(#4627,#4634),.PCURVE_S1.);
#4623 = LINE('',#4624,#4625);
#4624 = CARTESIAN_POINT('',(-160.,8.853390786321,-68.45391561372));
#4625 = VECTOR('',#4626,1.);
#4626 = DIRECTION('',(-0.,-1.884610671954E-02,0.999822396359));
#4627 = PCURVE('',#2953,#4628);
#4628 = DEFINITIONAL_REPRESENTATION('',(#4629),#4633);
#4629 = LINE('',#4630,#4631);
#4630 = CARTESIAN_POINT('',(-28.54608438628,-4.353390786321));
#4631 = VECTOR('',#4632,1.);
#4632 = DIRECTION('',(-0.999822396359,1.884610671954E-02));
#4633 = ( GEOMETRIC_REPRESENTATION_CONTEXT(2) 
PARAMETRIC_REPRESENTATION_CONTEXT() REPRESENTATION_CONTEXT('2D SPACE',''
  ) );
#4634 = PCURVE('',#4147,#4635);
#4635 = DEFINITIONAL_REPRESENTATION('',(#4636),#4640);
#4636 = LINE('',#4637,#4638);
#4637 = CARTESIAN_POINT('',(-28.45897003041,-128.));
#4638 = VECTOR('',#4639,1.);
#4639 = DIRECTION('',(1.,-0.));
#4640 = ( GEOMETRIC_REPRESENTATION_CONTEXT(2) 
PARAMETRIC_REPRESENTATION_CONTEXT() REPRESENTATION_CONTEXT('2D SPACE',''
  ) );
#4641 = ORIENTED_EDGE('',*,*,#4642,.F.);
#4642 = EDGE_CURVE('',#4643,#4620,#4645,.T.);
#4643 = VERTEX_POINT('',#4644);
#4644 = CARTESIAN_POINT('',(-160.,8.400727768418,-46.52843498469));
#4645 = SURFACE_CURVE('',#4646,(#4650,#4657),.PCURVE_S1.);
#4646 = LINE('',#4647,#4648);
#4647 = CARTESIAN_POINT('',(-160.,8.564383921755,-70.09557246548));
#4648 = VECTOR('',#4649,1.);
#4649 = DIRECTION('',(-0.,-6.944085069563E-03,0.999975889551));
#4650 = PCURVE('',#2953,#4651);
#4651 = DEFINITIONAL_REPRESENTATION('',(#4652),#4656);
#4652 = LINE('',#4653,#4654);
#4653 = CARTESIAN_POINT('',(-26.90442753452,-4.064383921755));
#4654 = VECTOR('',#4655,1.);
#4655 = DIRECTION('',(-0.999975889551,6.944085069563E-03));
#4656 = ( GEOMETRIC_REPRESENTATION_CONTEXT(2) 
PARAMETRIC_REPRESENTATION_CONTEXT() REPRESENTATION_CONTEXT('2D SPACE',''
  ) );
#4657 = PCURVE('',#4175,#4658);
#4658 = DEFINITIONAL_REPRESENTATION('',(#4659),#4663);
#4659 = LINE('',#4660,#4661);
#4660 = CARTESIAN_POINT('',(-26.87555542896,-128.));
#4661 = VECTOR('',#4662,1.);
#4662 = DIRECTION('',(1.,-0.));
#4663 = ( GEOMETRIC_REPRESENTATION_CONTEXT(2) 
PARAMETRIC_REPRESENTATION_CONTEXT() REPRESENTATION_CONTEXT('2D SPACE',''
  ) );
#4664 = ORIENTED_EDGE('',*,*,#4665,.F.);
#4665 = EDGE_CURVE('',#4666,#4643,#4668,.T.);
#4666 = VERTEX_POINT('',#4667);
#4667 = CARTESIAN_POINT('',(-160.,8.387016841114,-49.91424353182));
#4668 = SURFACE_CURVE('',#4669,(#4673,#4680),.PCURVE_S1.);
#4669 = LINE('',#4670,#4671);
#4670 = CARTESIAN_POINT('',(-160.,8.298504447596,-71.77170158973));
#4671 = VECTOR('',#4672,1.);
#4672 = DIRECTION('',(-0.,4.04949503044E-03,0.999991800761));
#4673 = PCURVE('',#2953,#4674);
#4674 = DEFINITIONAL_REPRESENTATION('',(#4675),#4679);
#4675 = LINE('',#4676,#4677);
#4676 = CARTESIAN_POINT('',(-25.22829841027,-3.798504447596));
#4677 = VECTOR('',#4678,1.);
#4678 = DIRECTION('',(-0.999991800761,-4.04949503044E-03));
#4679 = ( GEOMETRIC_REPRESENTATION_CONTEXT(2) 
PARAMETRIC_REPRESENTATION_CONTEXT() REPRESENTATION_CONTEXT('2D SPACE',''
  ) );
#4680 = PCURVE('',#4203,#4681);
#4681 = DEFINITIONAL_REPRESENTATION('',(#4682),#4686);
#4682 = LINE('',#4683,#4684);
#4683 = CARTESIAN_POINT('',(-25.2434735823,-128.));
#4684 = VECTOR('',#4685,1.);
#4685 = DIRECTION('',(1.,-0.));
#4686 = ( GEOMETRIC_REPRESENTATION_CONTEXT(2) 
PARAMETRIC_REPRESENTATION_CONTEXT() REPRESENTATION_CONTEXT('2D SPACE',''
  ) );
#4687 = ORIENTED_EDGE('',*,*,#4688,.F.);
#4688 = EDGE_CURVE('',#4689,#4666,#4691,.T.);
#4689 = VERTEX_POINT('',#4690);
#4690 = CARTESIAN_POINT('',(-160.,8.337947025561,-53.36881039375));
#4691 = SURFACE_CURVE('',#4692,(#4696,#4703),.PCURVE_S1.);
#4692 = LINE('',#4693,#4694);
#4693 = CARTESIAN_POINT('',(-160.,8.052281385156,-73.47997331164));
#4694 = VECTOR('',#4695,1.);
#4695 = DIRECTION('',(-0.,1.420289953122E-02,0.999899133735));
#4696 = PCURVE('',#2953,#4697);
#4697 = DEFINITIONAL_REPRESENTATION('',(#4698),#4702);
#4698 = LINE('',#4699,#4700);
#4699 = CARTESIAN_POINT('',(-23.52002668836,-3.552281385156));
#4700 = VECTOR('',#4701,1.);
#4701 = DIRECTION('',(-0.999899133735,-1.420289953122E-02));
#4702 = ( GEOMETRIC_REPRESENTATION_CONTEXT(2) 
PARAMETRIC_REPRESENTATION_CONTEXT() REPRESENTATION_CONTEXT('2D SPACE',''
  ) );
#4703 = PCURVE('',#4231,#4704);
#4704 = DEFINITIONAL_REPRESENTATION('',(#4705),#4709);
#4705 = LINE('',#4706,#4707);
#4706 = CARTESIAN_POINT('',(-23.56810700673,-128.));
#4707 = VECTOR('',#4708,1.);
#4708 = DIRECTION('',(1.,-0.));
#4709 = ( GEOMETRIC_REPRESENTATION_CONTEXT(2) 
PARAMETRIC_REPRESENTATION_CONTEXT() REPRESENTATION_CONTEXT('2D SPACE',''
  ) );
#4710 = ORIENTED_EDGE('',*,*,#4711,.F.);
#4711 = EDGE_CURVE('',#4712,#4689,#4714,.T.);
#4712 = VERTEX_POINT('',#4713);
#4713 = CARTESIAN_POINT('',(-160.,8.255076571138,-56.88266684282));
#4714 = SURFACE_CURVE('',#4715,(#4719,#4726),.PCURVE_S1.);
#4715 = LINE('',#4716,#4717);
#4716 = CARTESIAN_POINT('',(-160.,7.822669387801,-75.21750982614));
#4717 = VECTOR('',#4718,1.);
#4718 = DIRECTION('',(-0.,2.357734840244E-02,0.999722015684));
#4719 = PCURVE('',#2953,#4720);
#4720 = DEFINITIONAL_REPRESENTATION('',(#4721),#4725);
#4721 = LINE('',#4722,#4723);
#4722 = CARTESIAN_POINT('',(-21.78249017386,-3.322669387801));
#4723 = VECTOR('',#4724,1.);
#4724 = DIRECTION('',(-0.999722015684,-2.357734840244E-02));
#4725 = ( GEOMETRIC_REPRESENTATION_CONTEXT(2) 
PARAMETRIC_REPRESENTATION_CONTEXT() REPRESENTATION_CONTEXT('2D SPACE',''
  ) );
#4726 = PCURVE('',#3251,#4727);
#4727 = DEFINITIONAL_REPRESENTATION('',(#4728),#4732);
#4728 = LINE('',#4729,#4730);
#4729 = CARTESIAN_POINT('',(-21.854774717,-128.));
#4730 = VECTOR('',#4731,1.);
#4731 = DIRECTION('',(1.,-0.));
#4732 = ( GEOMETRIC_REPRESENTATION_CONTEXT(2) 
PARAMETRIC_REPRESENTATION_CONTEXT() REPRESENTATION_CONTEXT('2D SPACE',''
  ) );
#4733 = ORIENTED_EDGE('',*,*,#4734,.F.);
#4734 = EDGE_CURVE('',#4735,#4712,#4737,.T.);
#4735 = VERTEX_POINT('',#4736);
#4736 = CARTESIAN_POINT('',(-160.,8.140167721403,-60.44618164275));
#4737 = SURFACE_CURVE('',#4738,(#4742,#4749),.PCURVE_S1.);
#4738 = LINE('',#4739,#4740);
#4739 = CARTESIAN_POINT('',(-160.,7.606987825792,-76.98097816554));
#4740 = VECTOR('',#4741,1.);
#4741 = DIRECTION('',(-0.,3.222917866761E-02,0.999480505084));
#4742 = PCURVE('',#2953,#4743);
#4743 = DEFINITIONAL_REPRESENTATION('',(#4744),#4748);
#4744 = LINE('',#4745,#4746);
#4745 = CARTESIAN_POINT('',(-20.01902183446,-3.106987825792));
#4746 = VECTOR('',#4747,1.);
#4747 = DIRECTION('',(-0.999480505084,-3.222917866761E-02));
#4748 = ( GEOMETRIC_REPRESENTATION_CONTEXT(2) 
PARAMETRIC_REPRESENTATION_CONTEXT() REPRESENTATION_CONTEXT('2D SPACE',''
  ) );
#4749 = PCURVE('',#4750,#4755);
#4750 = PLANE('',#4751);
#4751 = AXIS2_PLACEMENT_3D('',#4752,#4753,#4754);
#4752 = CARTESIAN_POINT('',(-32.,8.255076571138,-56.88266684282));
#4753 = DIRECTION('',(-0.,0.999480505084,-3.222917866761E-02));
#4754 = DIRECTION('',(0.,3.222917866761E-02,0.999480505084));
#4755 = DEFINITIONAL_REPRESENTATION('',(#4756),#4760);
#4756 = LINE('',#4757,#4758);
#4757 = CARTESIAN_POINT('',(-20.10875772012,-128.));
#4758 = VECTOR('',#4759,1.);
#4759 = DIRECTION('',(1.,-0.));
#4760 = ( GEOMETRIC_REPRESENTATION_CONTEXT(2) 
PARAMETRIC_REPRESENTATION_CONTEXT() REPRESENTATION_CONTEXT('2D SPACE',''
  ) );
#4761 = ORIENTED_EDGE('',*,*,#4762,.F.);
#4762 = EDGE_CURVE('',#4763,#4735,#4765,.T.);
#4763 = VERTEX_POINT('',#4764);
#4764 = CARTESIAN_POINT('',(-160.,7.995152522624,-64.04958744718));
#4765 = SURFACE_CURVE('',#4766,(#4770,#4777),.PCURVE_S1.);
#4766 = LINE('',#4767,#4768);
#4767 = CARTESIAN_POINT('',(-160.,7.402879462358,-78.76666676811));
#4768 = VECTOR('',#4769,1.);
#4769 = DIRECTION('',(-0.,4.021137715168E-02,0.999191195491));
#4770 = PCURVE('',#2953,#4771);
#4771 = DEFINITIONAL_REPRESENTATION('',(#4772),#4776);
#4772 = LINE('',#4773,#4774);
#4773 = CARTESIAN_POINT('',(-18.23333323189,-2.902879462358));
#4774 = VECTOR('',#4775,1.);
#4775 = DIRECTION('',(-0.999191195491,-4.021137715168E-02));
#4776 = ( GEOMETRIC_REPRESENTATION_CONTEXT(2) 
PARAMETRIC_REPRESENTATION_CONTEXT() REPRESENTATION_CONTEXT('2D SPACE',''
  ) );
#4777 = PCURVE('',#4778,#4783);
#4778 = PLANE('',#4779);
#4779 = AXIS2_PLACEMENT_3D('',#4780,#4781,#4782);
#4780 = CARTESIAN_POINT('',(-32.,8.140167721403,-60.44618164275));
#4781 = DIRECTION('',(-0.,0.999191195491,-4.021137715168E-02));
#4782 = DIRECTION('',(0.,4.021137715168E-02,0.999191195491));
#4783 = DEFINITIONAL_REPRESENTATION('',(#4784),#4788);
#4784 = LINE('',#4785,#4786);
#4785 = CARTESIAN_POINT('',(-18.33531481064,-128.));
#4786 = VECTOR('',#4787,1.);
#4787 = DIRECTION('',(1.,-0.));
#4788 = ( GEOMETRIC_REPRESENTATION_CONTEXT(2) 
PARAMETRIC_REPRESENTATION_CONTEXT() REPRESENTATION_CONTEXT('2D SPACE',''
  ) );
#4789 = ORIENTED_EDGE('',*,*,#4790,.F.);
#4790 = EDGE_CURVE('',#4791,#4763,#4793,.T.);
#4791 = VERTEX_POINT('',#4792);
#4792 = CARTESIAN_POINT('',(-160.,7.82209798814,-67.68300757126));
#4793 = SURFACE_CURVE('',#4794,(#4798,#4805),.PCURVE_S1.);
#4794 = LINE('',#4795,#4796);
#4795 = CARTESIAN_POINT('',(-160.,7.208282982824,-80.57055079235));
#4796 = VECTOR('',#4797,1.);
#4797 = DIRECTION('',(-0.,4.757462022796E-02,0.998867686688));
#4798 = PCURVE('',#2953,#4799);
#4799 = DEFINITIONAL_REPRESENTATION('',(#4800),#4804);
#4800 = LINE('',#4801,#4802);
#4801 = CARTESIAN_POINT('',(-16.42944920765,-2.708282982824));
#4802 = VECTOR('',#4803,1.);
#4803 = DIRECTION('',(-0.998867686688,-4.757462022796E-02));
#4804 = ( GEOMETRIC_REPRESENTATION_CONTEXT(2) 
PARAMETRIC_REPRESENTATION_CONTEXT() REPRESENTATION_CONTEXT('2D SPACE',''
  ) );
#4805 = PCURVE('',#4806,#4811);
#4806 = PLANE('',#4807);
#4807 = AXIS2_PLACEMENT_3D('',#4808,#4809,#4810);
#4808 = CARTESIAN_POINT('',(-32.,7.995152522624,-64.04958744718));
#4809 = DIRECTION('',(-0.,0.998867686688,-4.757462022796E-02));
#4810 = DIRECTION('',(0.,4.757462022796E-02,0.998867686688));
#4811 = DEFINITIONAL_REPRESENTATION('',(#4812),#4816);
#4812 = LINE('',#4813,#4814);
#4813 = CARTESIAN_POINT('',(-16.53969145797,-128.));
#4814 = VECTOR('',#4815,1.);
#4815 = DIRECTION('',(1.,-0.));
#4816 = ( GEOMETRIC_REPRESENTATION_CONTEXT(2) 
PARAMETRIC_REPRESENTATION_CONTEXT() REPRESENTATION_CONTEXT('2D SPACE',''
  ) );
#4817 = ORIENTED_EDGE('',*,*,#4818,.F.);
#4818 = EDGE_CURVE('',#4819,#4791,#4821,.T.);
#4819 = VERTEX_POINT('',#4820);
#4820 = CARTESIAN_POINT('',(-160.,7.623171882263,-71.33648306299));
#4821 = SURFACE_CURVE('',#4822,(#4826,#4833),.PCURVE_S1.);
#4822 = LINE('',#4823,#4824);
#4823 = CARTESIAN_POINT('',(-160.,7.021414806425,-82.38834937719));
#4824 = VECTOR('',#4825,1.);
#4825 = DIRECTION('',(-0.,5.43679268541E-02,0.998520970501));
#4826 = PCURVE('',#2953,#4827);
#4827 = DEFINITIONAL_REPRESENTATION('',(#4828),#4832);
#4828 = LINE('',#4829,#4830);
#4829 = CARTESIAN_POINT('',(-14.61165062281,-2.521414806425));
#4830 = VECTOR('',#4831,1.);
#4831 = DIRECTION('',(-0.998520970501,-5.43679268541E-02));
#4832 = ( GEOMETRIC_REPRESENTATION_CONTEXT(2) 
PARAMETRIC_REPRESENTATION_CONTEXT() REPRESENTATION_CONTEXT('2D SPACE',''
  ) );
#4833 = PCURVE('',#4834,#4839);
#4834 = PLANE('',#4835);
#4835 = AXIS2_PLACEMENT_3D('',#4836,#4837,#4838);
#4836 = CARTESIAN_POINT('',(-32.,7.82209798814,-67.68300757126));
#4837 = DIRECTION('',(-0.,0.998520970501,-5.43679268541E-02));
#4838 = DIRECTION('',(0.,5.43679268541E-02,0.998520970501));
#4839 = DEFINITIONAL_REPRESENTATION('',(#4840),#4844);
#4840 = LINE('',#4841,#4842);
#4841 = CARTESIAN_POINT('',(-14.72712365625,-128.));
#4842 = VECTOR('',#4843,1.);
#4843 = DIRECTION('',(1.,-0.));
#4844 = ( GEOMETRIC_REPRESENTATION_CONTEXT(2) 
PARAMETRIC_REPRESENTATION_CONTEXT() REPRESENTATION_CONTEXT('2D SPACE',''
  ) );
#4845 = ORIENTED_EDGE('',*,*,#4846,.F.);
#4846 = EDGE_CURVE('',#4847,#4819,#4849,.T.);
#4847 = VERTEX_POINT('',#4848);
#4848 = CARTESIAN_POINT('',(-160.,7.40061028008,-75.));
#4849 = SURFACE_CURVE('',#4850,(#4854,#4861),.PCURVE_S1.);
#4850 = LINE('',#4851,#4852);
#4851 = CARTESIAN_POINT('',(-160.,6.840756574679,-84.21557677453));
#4852 = VECTOR('',#4853,1.);
#4853 = DIRECTION('',(-0.,6.063900882686E-02,0.998159762066));
#4854 = PCURVE('',#2953,#4855);
#4855 = DEFINITIONAL_REPRESENTATION('',(#4856),#4860);
#4856 = LINE('',#4857,#4858);
#4857 = CARTESIAN_POINT('',(-12.78442322547,-2.340756574679));
#4858 = VECTOR('',#4859,1.);
#4859 = DIRECTION('',(-0.998159762066,-6.063900882686E-02));
#4860 = ( GEOMETRIC_REPRESENTATION_CONTEXT(2) 
PARAMETRIC_REPRESENTATION_CONTEXT() REPRESENTATION_CONTEXT('2D SPACE',''
  ) );
#4861 = PCURVE('',#4862,#4867);
#4862 = PLANE('',#4863);
#4863 = AXIS2_PLACEMENT_3D('',#4864,#4865,#4866);
#4864 = CARTESIAN_POINT('',(-32.,7.623171882263,-71.33648306299));
#4865 = DIRECTION('',(-0.,0.998159762066,-6.063900882686E-02));
#4866 = DIRECTION('',(0.,6.063900882686E-02,0.998159762066));
#4867 = DEFINITIONAL_REPRESENTATION('',(#4868),#4872);
#4868 = LINE('',#4869,#4870);
#4869 = CARTESIAN_POINT('',(-12.90283800348,-128.));
#4870 = VECTOR('',#4871,1.);
#4871 = DIRECTION('',(1.,-0.));
#4872 = ( GEOMETRIC_REPRESENTATION_CONTEXT(2) 
PARAMETRIC_REPRESENTATION_CONTEXT() REPRESENTATION_CONTEXT('2D SPACE',''
  ) );
#4873 = ORIENTED_EDGE('',*,*,#4874,.F.);
#4874 = EDGE_CURVE('',#4875,#4847,#4877,.T.);
#4875 = VERTEX_POINT('',#4876);
#4876 = CARTESIAN_POINT('',(-160.,7.156687907998,-78.663516937));
#4877 = SURFACE_CURVE('',#4878,(#4882,#4889),.PCURVE_S1.);
#4878 = LINE('',#4879,#4880);
#4879 = CARTESIAN_POINT('',(-160.,6.66504551218,-86.04758847031));
#4880 = VECTOR('',#4881,1.);
#4881 = DIRECTION('',(-0.,6.643438585427E-02,0.997790795897));
#4882 = PCURVE('',#2953,#4883);
#4883 = DEFINITIONAL_REPRESENTATION('',(#4884),#4888);
#4884 = LINE('',#4885,#4886);
#4885 = CARTESIAN_POINT('',(-10.95241152969,-2.16504551218));
#4886 = VECTOR('',#4887,1.);
#4887 = DIRECTION('',(-0.997790795897,-6.643438585427E-02));
#4888 = ( GEOMETRIC_REPRESENTATION_CONTEXT(2) 
PARAMETRIC_REPRESENTATION_CONTEXT() REPRESENTATION_CONTEXT('2D SPACE',''
  ) );
#4889 = PCURVE('',#4890,#4895);
#4890 = PLANE('',#4891);
#4891 = AXIS2_PLACEMENT_3D('',#4892,#4893,#4894);
#4892 = CARTESIAN_POINT('',(-32.,7.40061028008,-75.));
#4893 = DIRECTION('',(-0.,0.997790795897,-6.643438585427E-02));
#4894 = DIRECTION('',(0.,6.643438585427E-02,0.997790795897));
#4895 = DEFINITIONAL_REPRESENTATION('',(#4896),#4900);
#4896 = LINE('',#4897,#4898);
#4897 = CARTESIAN_POINT('',(-11.07204888614,-128.));
#4898 = VECTOR('',#4899,1.);
#4899 = DIRECTION('',(1.,-0.));
#4900 = ( GEOMETRIC_REPRESENTATION_CONTEXT(2) 
PARAMETRIC_REPRESENTATION_CONTEXT() REPRESENTATION_CONTEXT('2D SPACE',''
  ) );
#4901 = ORIENTED_EDGE('',*,*,#4902,.F.);
#4902 = EDGE_CURVE('',#4903,#4875,#4905,.T.);
#4903 = VERTEX_POINT('',#4904);
#4904 = CARTESIAN_POINT('',(-160.,6.893692082141,-82.31699242873));
#4905 = SURFACE_CURVE('',#4906,(#4910,#4917),.PCURVE_S1.);
#4906 = LINE('',#4907,#4908);
#4907 = CARTESIAN_POINT('',(-160.,6.493265528531,-87.87962291949));
#4908 = VECTOR('',#4909,1.);
#4909 = DIRECTION('',(-0.,7.179932096368E-02,0.997419098228));
#4910 = PCURVE('',#2953,#4911);
#4911 = DEFINITIONAL_REPRESENTATION('',(#4912),#4916);
#4912 = LINE('',#4913,#4914);
#4913 = CARTESIAN_POINT('',(-9.12037708051,-1.993265528531));
#4914 = VECTOR('',#4915,1.);
#4915 = DIRECTION('',(-0.997419098228,-7.179932096368E-02));
#4916 = ( GEOMETRIC_REPRESENTATION_CONTEXT(2) 
PARAMETRIC_REPRESENTATION_CONTEXT() REPRESENTATION_CONTEXT('2D SPACE',''
  ) );
#4917 = PCURVE('',#3400,#4918);
#4918 = DEFINITIONAL_REPRESENTATION('',(#4919),#4923);
#4919 = LINE('',#4920,#4921);
#4920 = CARTESIAN_POINT('',(-9.239953394583,-128.));
#4921 = VECTOR('',#4922,1.);
#4922 = DIRECTION('',(1.,-0.));
#4923 = ( GEOMETRIC_REPRESENTATION_CONTEXT(2) 
PARAMETRIC_REPRESENTATION_CONTEXT() REPRESENTATION_CONTEXT('2D SPACE',''
  ) );
#4924 = ORIENTED_EDGE('',*,*,#4925,.F.);
#4925 = EDGE_CURVE('',#4926,#4903,#4928,.T.);
#4926 = VERTEX_POINT('',#4927);
#4927 = CARTESIAN_POINT('',(-160.,6.613900846731,-85.95041255281));
#4928 = SURFACE_CURVE('',#4929,(#4933,#4940),.PCURVE_S1.);
#4929 = LINE('',#4930,#4931);
#4930 = CARTESIAN_POINT('',(-160.,6.324637499908,-89.70683924706));
#4931 = VECTOR('',#4932,1.);
#4932 = DIRECTION('',(-0.,7.677762269008E-02,0.997048241889));
#4933 = PCURVE('',#2953,#4934);
#4934 = DEFINITIONAL_REPRESENTATION('',(#4935),#4939);
#4935 = LINE('',#4936,#4937);
#4936 = CARTESIAN_POINT('',(-7.29316075294,-1.824637499908));
#4937 = VECTOR('',#4938,1.);
#4938 = DIRECTION('',(-0.997048241889,-7.677762269008E-02));
#4939 = ( GEOMETRIC_REPRESENTATION_CONTEXT(2) 
PARAMETRIC_REPRESENTATION_CONTEXT() REPRESENTATION_CONTEXT('2D SPACE',''
  ) );
#4940 = PCURVE('',#4473,#4941);
#4941 = DEFINITIONAL_REPRESENTATION('',(#4942),#4946);
#4942 = LINE('',#4943,#4944);
#4943 = CARTESIAN_POINT('',(-7.41172443605,-128.));
#4944 = VECTOR('',#4945,1.);
#4945 = DIRECTION('',(1.,-0.));
#4946 = ( GEOMETRIC_REPRESENTATION_CONTEXT(2) 
PARAMETRIC_REPRESENTATION_CONTEXT() REPRESENTATION_CONTEXT('2D SPACE',''
  ) );
#4947 = ORIENTED_EDGE('',*,*,#4948,.F.);
#4948 = EDGE_CURVE('',#4949,#4926,#4951,.T.);
#4949 = VERTEX_POINT('',#4950);
#4950 = CARTESIAN_POINT('',(-160.,6.319565682663,-89.55381835724));
#4951 = SURFACE_CURVE('',#4952,(#4956,#4963),.PCURVE_S1.);
#4952 = LINE('',#4953,#4954);
#4953 = CARTESIAN_POINT('',(-160.,6.158607655492,-91.52435113817));
#4954 = VECTOR('',#4955,1.);
#4955 = DIRECTION('',(-0.,8.141135355662E-02,0.996680586503));
#4956 = PCURVE('',#2953,#4957);
#4957 = DEFINITIONAL_REPRESENTATION('',(#4958),#4962);
#4958 = LINE('',#4959,#4960);
#4959 = CARTESIAN_POINT('',(-5.47564886183,-1.658607655492));
#4960 = VECTOR('',#4961,1.);
#4961 = DIRECTION('',(-0.996680586503,-8.141135355662E-02));
#4962 = ( GEOMETRIC_REPRESENTATION_CONTEXT(2) 
PARAMETRIC_REPRESENTATION_CONTEXT() REPRESENTATION_CONTEXT('2D SPACE',''
  ) );
#4963 = PCURVE('',#4501,#4964);
#4964 = DEFINITIONAL_REPRESENTATION('',(#4965),#4969);
#4965 = LINE('',#4966,#4967);
#4966 = CARTESIAN_POINT('',(-5.592502413353,-128.));
#4967 = VECTOR('',#4968,1.);
#4968 = DIRECTION('',(1.,-0.));
#4969 = ( GEOMETRIC_REPRESENTATION_CONTEXT(2) 
PARAMETRIC_REPRESENTATION_CONTEXT() REPRESENTATION_CONTEXT('2D SPACE',''
  ) );
#4970 = ORIENTED_EDGE('',*,*,#4971,.F.);
#4971 = EDGE_CURVE('',#4972,#4949,#4974,.T.);
#4972 = VERTEX_POINT('',#4973);
#4973 = CARTESIAN_POINT('',(-160.,6.012898918185,-93.11733315717));
#4974 = SURFACE_CURVE('',#4975,(#4979,#4986),.PCURVE_S1.);
#4975 = LINE('',#4976,#4977);
#4976 = CARTESIAN_POINT('',(-160.,5.994833412586,-93.32725710077));
#4977 = VECTOR('',#4978,1.);
#4978 = DIRECTION('',(-0.,8.574047891733E-02,0.996317504752));
#4979 = PCURVE('',#2953,#4980);
#4980 = DEFINITIONAL_REPRESENTATION('',(#4981),#4985);
#4981 = LINE('',#4982,#4983);
#4982 = CARTESIAN_POINT('',(-3.67274289923,-1.494833412586));
#4983 = VECTOR('',#4984,1.);
#4984 = DIRECTION('',(-0.996317504752,-8.574047891733E-02));
#4985 = ( GEOMETRIC_REPRESENTATION_CONTEXT(2) 
PARAMETRIC_REPRESENTATION_CONTEXT() REPRESENTATION_CONTEXT('2D SPACE',''
  ) );
#4986 = PCURVE('',#4529,#4987);
#4987 = DEFINITIONAL_REPRESENTATION('',(#4988),#4992);
#4988 = LINE('',#4989,#4990);
#4989 = CARTESIAN_POINT('',(-3.787385773644,-128.));
#4990 = VECTOR('',#4991,1.);
#4991 = DIRECTION('',(1.,-0.));
#4992 = ( GEOMETRIC_REPRESENTATION_CONTEXT(2) 
PARAMETRIC_REPRESENTATION_CONTEXT() REPRESENTATION_CONTEXT('2D SPACE',''
  ) );
#4993 = ORIENTED_EDGE('',*,*,#4994,.F.);
#4994 = EDGE_CURVE('',#4995,#4972,#4997,.T.);
#4995 = VERTEX_POINT('',#4996);
#4996 = CARTESIAN_POINT('',(-160.,5.696065739691,-96.63118960624));
#4997 = SURFACE_CURVE('',#4998,(#5002,#5009),.PCURVE_S1.);
#4998 = LINE('',#4999,#5000);
#4999 = CARTESIAN_POINT('',(-160.,5.833166365181,-95.11066729435));
#5000 = VECTOR('',#5001,1.);
#5001 = DIRECTION('',(-0.,8.980248581488E-02,0.995959594332));
#5002 = PCURVE('',#2953,#5003);
#5003 = DEFINITIONAL_REPRESENTATION('',(#5004),#5008);
#5004 = LINE('',#5005,#5006);
#5005 = CARTESIAN_POINT('',(-1.88933270565,-1.333166365181));
#5006 = VECTOR('',#5007,1.);
#5007 = DIRECTION('',(-0.995959594332,-8.980248581488E-02));
#5008 = ( GEOMETRIC_REPRESENTATION_CONTEXT(2) 
PARAMETRIC_REPRESENTATION_CONTEXT() REPRESENTATION_CONTEXT('2D SPACE',''
  ) );
#5009 = PCURVE('',#4557,#5010);
#5010 = DEFINITIONAL_REPRESENTATION('',(#5011),#5015);
#5011 = LINE('',#5012,#5013);
#5012 = CARTESIAN_POINT('',(-2.001420688675,-128.));
#5013 = VECTOR('',#5014,1.);
#5014 = DIRECTION('',(1.,-0.));
#5015 = ( GEOMETRIC_REPRESENTATION_CONTEXT(2) 
PARAMETRIC_REPRESENTATION_CONTEXT() REPRESENTATION_CONTEXT('2D SPACE',''
  ) );
#5016 = ORIENTED_EDGE('',*,*,#5017,.F.);
#5017 = EDGE_CURVE('',#3487,#4995,#5018,.T.);
#5018 = SURFACE_CURVE('',#5019,(#5023,#5030),.PCURVE_S1.);
#5019 = LINE('',#5020,#5021);
#5020 = CARTESIAN_POINT('',(-160.,5.67363244054,-96.86972715102));
#5021 = VECTOR('',#5022,1.);
#5022 = DIRECTION('',(-0.,9.363199775945E-02,0.995606874723));
#5023 = PCURVE('',#2953,#5024);
#5024 = DEFINITIONAL_REPRESENTATION('',(#5025),#5029);
#5025 = LINE('',#5026,#5027);
#5026 = CARTESIAN_POINT('',(-0.13027284898,-1.17363244054));
#5027 = VECTOR('',#5028,1.);
#5028 = DIRECTION('',(-0.995606874723,-9.363199775945E-02));
#5029 = ( GEOMETRIC_REPRESENTATION_CONTEXT(2) 
PARAMETRIC_REPRESENTATION_CONTEXT() REPRESENTATION_CONTEXT('2D SPACE',''
  ) );
#5030 = PCURVE('',#3502,#5031);
#5031 = DEFINITIONAL_REPRESENTATION('',(#5032),#5036);
#5032 = LINE('',#5033,#5034);
#5033 = CARTESIAN_POINT('',(-0.239590094078,-128.));
#5034 = VECTOR('',#5035,1.);
#5035 = DIRECTION('',(1.,-0.));
#5036 = ( GEOMETRIC_REPRESENTATION_CONTEXT(2) 
PARAMETRIC_REPRESENTATION_CONTEXT() REPRESENTATION_CONTEXT('2D SPACE',''
  ) );
#5037 = ORIENTED_EDGE('',*,*,#3514,.T.);
#5038 = ORIENTED_EDGE('',*,*,#3111,.T.);
#5039 = ADVANCED_FACE('',(#5040),#2925,.F.);
#5040 = FACE_BOUND('',#5041,.T.);
#5041 = EDGE_LOOP('',(#5042,#5063,#5064,#5065));
#5042 = ORIENTED_EDGE('',*,*,#5043,.F.);
#5043 = EDGE_CURVE('',#4109,#4597,#5044,.T.);
#5044 = SURFACE_CURVE('',#5045,(#5049,#5056),.PCURVE_S1.);
#5045 = LINE('',#5046,#5047);
#5046 = CARTESIAN_POINT('',(-32.,8.31705,-40.));
#5047 = VECTOR('',#5048,1.);
#5048 = DIRECTION('',(-1.,-0.,-0.));
#5049 = PCURVE('',#2925,#5050);
#5050 = DEFINITIONAL_REPRESENTATION('',(#5051),#5055);
#5051 = LINE('',#5052,#5053);
#5052 = CARTESIAN_POINT('',(-3.126307101253,0.));
#5053 = VECTOR('',#5054,1.);
#5054 = DIRECTION('',(-0.,-1.));
#5055 = ( GEOMETRIC_REPRESENTATION_CONTEXT(2) 
PARAMETRIC_REPRESENTATION_CONTEXT() REPRESENTATION_CONTEXT('2D SPACE',''
  ) );
#5056 = PCURVE('',#4147,#5057);
#5057 = DEFINITIONAL_REPRESENTATION('',(#5058),#5062);
#5058 = LINE('',#5059,#5060);
#5059 = CARTESIAN_POINT('',(-0.,0.));
#5060 = VECTOR('',#5061,1.);
#5061 = DIRECTION('',(-0.,-1.));
#5062 = ( GEOMETRIC_REPRESENTATION_CONTEXT(2) 
PARAMETRIC_REPRESENTATION_CONTEXT() REPRESENTATION_CONTEXT('2D SPACE',''
  ) );
#5063 = ORIENTED_EDGE('',*,*,#4108,.T.);
#5064 = ORIENTED_EDGE('',*,*,#2909,.F.);
#5065 = ORIENTED_EDGE('',*,*,#4596,.F.);
#5066 = ADVANCED_FACE('',(#5067),#3076,.F.);
#5067 = FACE_BOUND('',#5068,.T.);
#5068 = EDGE_LOOP('',(#5069,#5070,#5093,#5116,#5139,#5162,#5185,#5208,
    #5231,#5252,#5253));
#5069 = ORIENTED_EDGE('',*,*,#3263,.F.);
#5070 = ORIENTED_EDGE('',*,*,#5071,.T.);
#5071 = EDGE_CURVE('',#3236,#5072,#5074,.T.);
#5072 = VERTEX_POINT('',#5073);
#5073 = CARTESIAN_POINT('',(-153.,8.255076571138,-56.88266684282));
#5074 = SURFACE_CURVE('',#5075,(#5079,#5086),.PCURVE_S1.);
#5075 = LINE('',#5076,#5077);
#5076 = CARTESIAN_POINT('',(-153.,8.010540877759,-67.25142044983));
#5077 = VECTOR('',#5078,1.);
#5078 = DIRECTION('',(-0.,-2.357734840244E-02,-0.999722015684));
#5079 = PCURVE('',#3076,#5080);
#5080 = DEFINITIONAL_REPRESENTATION('',(#5081),#5085);
#5081 = LINE('',#5082,#5083);
#5082 = CARTESIAN_POINT('',(-13.74857955017,-6.010540877759));
#5083 = VECTOR('',#5084,1.);
#5084 = DIRECTION('',(0.999722015684,2.357734840244E-02));
#5085 = ( GEOMETRIC_REPRESENTATION_CONTEXT(2) 
PARAMETRIC_REPRESENTATION_CONTEXT() REPRESENTATION_CONTEXT('2D SPACE',''
  ) );
#5086 = PCURVE('',#3251,#5087);
#5087 = DEFINITIONAL_REPRESENTATION('',(#5088),#5092);
#5088 = LINE('',#5089,#5090);
#5089 = CARTESIAN_POINT('',(-13.88647027702,-121.));
#5090 = VECTOR('',#5091,1.);
#5091 = DIRECTION('',(-1.,0.));
#5092 = ( GEOMETRIC_REPRESENTATION_CONTEXT(2) 
PARAMETRIC_REPRESENTATION_CONTEXT() REPRESENTATION_CONTEXT('2D SPACE',''
  ) );
#5093 = ORIENTED_EDGE('',*,*,#5094,.T.);
#5094 = EDGE_CURVE('',#5072,#5095,#5097,.T.);
#5095 = VERTEX_POINT('',#5096);
#5096 = CARTESIAN_POINT('',(-153.,8.140167721403,-60.44618164275));
#5097 = SURFACE_CURVE('',#5098,(#5102,#5109),.PCURVE_S1.);
#5098 = LINE('',#5099,#5100);
#5099 = CARTESIAN_POINT('',(-153.,7.86338891203,-69.02955346992));
#5100 = VECTOR('',#5101,1.);
#5101 = DIRECTION('',(-0.,-3.222917866761E-02,-0.999480505084));
#5102 = PCURVE('',#3076,#5103);
#5103 = DEFINITIONAL_REPRESENTATION('',(#5104),#5108);
#5104 = LINE('',#5105,#5106);
#5105 = CARTESIAN_POINT('',(-11.97044653008,-5.86338891203));
#5106 = VECTOR('',#5107,1.);
#5107 = DIRECTION('',(0.999480505084,3.222917866761E-02));
#5108 = ( GEOMETRIC_REPRESENTATION_CONTEXT(2) 
PARAMETRIC_REPRESENTATION_CONTEXT() REPRESENTATION_CONTEXT('2D SPACE',''
  ) );
#5109 = PCURVE('',#4750,#5110);
#5110 = DEFINITIONAL_REPRESENTATION('',(#5111),#5115);
#5111 = LINE('',#5112,#5113);
#5112 = CARTESIAN_POINT('',(-12.15320015279,-121.));
#5113 = VECTOR('',#5114,1.);
#5114 = DIRECTION('',(-1.,0.));
#5115 = ( GEOMETRIC_REPRESENTATION_CONTEXT(2) 
PARAMETRIC_REPRESENTATION_CONTEXT() REPRESENTATION_CONTEXT('2D SPACE',''
  ) );
#5116 = ORIENTED_EDGE('',*,*,#5117,.T.);
#5117 = EDGE_CURVE('',#5095,#5118,#5120,.T.);
#5118 = VERTEX_POINT('',#5119);
#5119 = CARTESIAN_POINT('',(-153.,7.995152522624,-64.04958744718));
#5120 = SURFACE_CURVE('',#5121,(#5125,#5132),.PCURVE_S1.);
#5121 = LINE('',#5122,#5123);
#5122 = CARTESIAN_POINT('',(-153.,7.722289100861,-70.82982597444));
#5123 = VECTOR('',#5124,1.);
#5124 = DIRECTION('',(-0.,-4.021137715168E-02,-0.999191195491));
#5125 = PCURVE('',#3076,#5126);
#5126 = DEFINITIONAL_REPRESENTATION('',(#5127),#5131);
#5127 = LINE('',#5128,#5129);
#5128 = CARTESIAN_POINT('',(-10.17017402556,-5.722289100861));
#5129 = VECTOR('',#5130,1.);
#5130 = DIRECTION('',(0.999191195491,4.021137715168E-02));
#5131 = ( GEOMETRIC_REPRESENTATION_CONTEXT(2) 
PARAMETRIC_REPRESENTATION_CONTEXT() REPRESENTATION_CONTEXT('2D SPACE',''
  ) );
#5132 = PCURVE('',#4778,#5133);
#5133 = DEFINITIONAL_REPRESENTATION('',(#5134),#5138);
#5134 = LINE('',#5135,#5136);
#5135 = CARTESIAN_POINT('',(-10.39204946815,-121.));
#5136 = VECTOR('',#5137,1.);
#5137 = DIRECTION('',(-1.,0.));
#5138 = ( GEOMETRIC_REPRESENTATION_CONTEXT(2) 
PARAMETRIC_REPRESENTATION_CONTEXT() REPRESENTATION_CONTEXT('2D SPACE',''
  ) );
#5139 = ORIENTED_EDGE('',*,*,#5140,.T.);
#5140 = EDGE_CURVE('',#5118,#5141,#5143,.T.);
#5141 = VERTEX_POINT('',#5142);
#5142 = CARTESIAN_POINT('',(-153.,7.82209798814,-67.68300757126));
#5143 = SURFACE_CURVE('',#5144,(#5148,#5155),.PCURVE_S1.);
#5144 = LINE('',#5145,#5146);
#5145 = CARTESIAN_POINT('',(-153.,7.585619809029,-72.64805848684));
#5146 = VECTOR('',#5147,1.);
#5147 = DIRECTION('',(-0.,-4.757462022796E-02,-0.998867686688));
#5148 = PCURVE('',#3076,#5149);
#5149 = DEFINITIONAL_REPRESENTATION('',(#5150),#5154);
#5150 = LINE('',#5151,#5152);
#5151 = CARTESIAN_POINT('',(-8.35194151316,-5.585619809029));
#5152 = VECTOR('',#5153,1.);
#5153 = DIRECTION('',(0.998867686688,4.757462022796E-02));
#5154 = ( GEOMETRIC_REPRESENTATION_CONTEXT(2) 
PARAMETRIC_REPRESENTATION_CONTEXT() REPRESENTATION_CONTEXT('2D SPACE',''
  ) );
#5155 = PCURVE('',#4806,#5156);
#5156 = DEFINITIONAL_REPRESENTATION('',(#5157),#5161);
#5157 = LINE('',#5158,#5159);
#5158 = CARTESIAN_POINT('',(-8.608218239762,-121.));
#5159 = VECTOR('',#5160,1.);
#5160 = DIRECTION('',(-1.,0.));
#5161 = ( GEOMETRIC_REPRESENTATION_CONTEXT(2) 
PARAMETRIC_REPRESENTATION_CONTEXT() REPRESENTATION_CONTEXT('2D SPACE',''
  ) );
#5162 = ORIENTED_EDGE('',*,*,#5163,.T.);
#5163 = EDGE_CURVE('',#5141,#5164,#5166,.T.);
#5164 = VERTEX_POINT('',#5165);
#5165 = CARTESIAN_POINT('',(-153.,7.623171882263,-71.33648306299));
#5166 = SURFACE_CURVE('',#5167,(#5171,#5178),.PCURVE_S1.);
#5167 = LINE('',#5168,#5169);
#5168 = CARTESIAN_POINT('',(-153.,7.452020087778,-74.47985574281));
#5169 = VECTOR('',#5170,1.);
#5170 = DIRECTION('',(-0.,-5.43679268541E-02,-0.998520970501));
#5171 = PCURVE('',#3076,#5172);
#5172 = DEFINITIONAL_REPRESENTATION('',(#5173),#5177);
#5173 = LINE('',#5174,#5175);
#5174 = CARTESIAN_POINT('',(-6.52014425719,-5.452020087778));
#5175 = VECTOR('',#5176,1.);
#5176 = DIRECTION('',(0.998520970501,5.43679268541E-02));
#5177 = ( GEOMETRIC_REPRESENTATION_CONTEXT(2) 
PARAMETRIC_REPRESENTATION_CONTEXT() REPRESENTATION_CONTEXT('2D SPACE',''
  ) );
#5178 = PCURVE('',#4834,#5179);
#5179 = DEFINITIONAL_REPRESENTATION('',(#5180),#5184);
#5180 = LINE('',#5181,#5182);
#5181 = CARTESIAN_POINT('',(-6.806915800819,-121.));
#5182 = VECTOR('',#5183,1.);
#5183 = DIRECTION('',(-1.,0.));
#5184 = ( GEOMETRIC_REPRESENTATION_CONTEXT(2) 
PARAMETRIC_REPRESENTATION_CONTEXT() REPRESENTATION_CONTEXT('2D SPACE',''
  ) );
#5185 = ORIENTED_EDGE('',*,*,#5186,.T.);
#5186 = EDGE_CURVE('',#5164,#5187,#5189,.T.);
#5187 = VERTEX_POINT('',#5188);
#5188 = CARTESIAN_POINT('',(-153.,7.40061028008,-75.));
#5189 = SURFACE_CURVE('',#5190,(#5194,#5201),.PCURVE_S1.);
#5190 = LINE('',#5191,#5192);
#5191 = CARTESIAN_POINT('',(-153.,7.32037956192,-76.32065276294));
#5192 = VECTOR('',#5193,1.);
#5193 = DIRECTION('',(-0.,-6.063900882686E-02,-0.998159762066));
#5194 = PCURVE('',#3076,#5195);
#5195 = DEFINITIONAL_REPRESENTATION('',(#5196),#5200);
#5196 = LINE('',#5197,#5198);
#5197 = CARTESIAN_POINT('',(-4.67934723706,-5.32037956192));
#5198 = VECTOR('',#5199,1.);
#5199 = DIRECTION('',(0.998159762066,6.063900882686E-02));
#5200 = ( GEOMETRIC_REPRESENTATION_CONTEXT(2) 
PARAMETRIC_REPRESENTATION_CONTEXT() REPRESENTATION_CONTEXT('2D SPACE',''
  ) );
#5201 = PCURVE('',#4862,#5202);
#5202 = DEFINITIONAL_REPRESENTATION('',(#5203),#5207);
#5203 = LINE('',#5204,#5205);
#5204 = CARTESIAN_POINT('',(-4.993358667987,-121.));
#5205 = VECTOR('',#5206,1.);
#5206 = DIRECTION('',(-1.,0.));
#5207 = ( GEOMETRIC_REPRESENTATION_CONTEXT(2) 
PARAMETRIC_REPRESENTATION_CONTEXT() REPRESENTATION_CONTEXT('2D SPACE',''
  ) );
#5208 = ORIENTED_EDGE('',*,*,#5209,.T.);
#5209 = EDGE_CURVE('',#5187,#5210,#5212,.T.);
#5210 = VERTEX_POINT('',#5211);
#5211 = CARTESIAN_POINT('',(-153.,7.156687907998,-78.663516937));
#5212 = SURFACE_CURVE('',#5213,(#5217,#5224),.PCURVE_S1.);
#5213 = LINE('',#5214,#5215);
#5214 = CARTESIAN_POINT('',(-153.,7.189829552542,-78.16575621472));
#5215 = VECTOR('',#5216,1.);
#5216 = DIRECTION('',(-0.,-6.643438585427E-02,-0.997790795897));
#5217 = PCURVE('',#3076,#5218);
#5218 = DEFINITIONAL_REPRESENTATION('',(#5219),#5223);
#5219 = LINE('',#5220,#5221);
#5220 = CARTESIAN_POINT('',(-2.83424378528,-5.189829552542));
#5221 = VECTOR('',#5222,1.);
#5222 = DIRECTION('',(0.997790795897,6.643438585427E-02));
#5223 = ( GEOMETRIC_REPRESENTATION_CONTEXT(2) 
PARAMETRIC_REPRESENTATION_CONTEXT() REPRESENTATION_CONTEXT('2D SPACE',''
  ) );
#5224 = PCURVE('',#4890,#5225);
#5225 = DEFINITIONAL_REPRESENTATION('',(#5226),#5230);
#5226 = LINE('',#5227,#5228);
#5227 = CARTESIAN_POINT('',(-3.172765501284,-121.));
#5228 = VECTOR('',#5229,1.);
#5229 = DIRECTION('',(-1.,0.));
#5230 = ( GEOMETRIC_REPRESENTATION_CONTEXT(2) 
PARAMETRIC_REPRESENTATION_CONTEXT() REPRESENTATION_CONTEXT('2D SPACE',''
  ) );
#5231 = ORIENTED_EDGE('',*,*,#5232,.T.);
#5232 = EDGE_CURVE('',#5210,#3385,#5233,.T.);
#5233 = SURFACE_CURVE('',#5234,(#5238,#5245),.PCURVE_S1.);
#5234 = LINE('',#5235,#5236);
#5235 = CARTESIAN_POINT('',(-153.,7.059733712169,-80.01038157688));
#5236 = VECTOR('',#5237,1.);
#5237 = DIRECTION('',(-0.,-7.179932096368E-02,-0.997419098228));
#5238 = PCURVE('',#3076,#5239);
#5239 = DEFINITIONAL_REPRESENTATION('',(#5240),#5244);
#5240 = LINE('',#5241,#5242);
#5241 = CARTESIAN_POINT('',(-0.98961842312,-5.059733712169));
#5242 = VECTOR('',#5243,1.);
#5243 = DIRECTION('',(0.997419098228,7.179932096368E-02));
#5244 = ( GEOMETRIC_REPRESENTATION_CONTEXT(2) 
PARAMETRIC_REPRESENTATION_CONTEXT() REPRESENTATION_CONTEXT('2D SPACE',''
  ) );
#5245 = PCURVE('',#3400,#5246);
#5246 = DEFINITIONAL_REPRESENTATION('',(#5247),#5251);
#5247 = LINE('',#5248,#5249);
#5248 = CARTESIAN_POINT('',(-1.350349759969,-121.));
#5249 = VECTOR('',#5250,1.);
#5250 = DIRECTION('',(-1.,0.));
#5251 = ( GEOMETRIC_REPRESENTATION_CONTEXT(2) 
PARAMETRIC_REPRESENTATION_CONTEXT() REPRESENTATION_CONTEXT('2D SPACE',''
  ) );
#5252 = ORIENTED_EDGE('',*,*,#3412,.T.);
#5253 = ORIENTED_EDGE('',*,*,#3060,.F.);
#5254 = ADVANCED_FACE('',(#5255),#3155,.F.);
#5255 = FACE_BOUND('',#5256,.T.);
#5256 = EDGE_LOOP('',(#5257,#5280,#5321,#5353,#5401,#5402));
#5257 = ORIENTED_EDGE('',*,*,#5258,.T.);
#5258 = EDGE_CURVE('',#3135,#5259,#5261,.T.);
#5259 = VERTEX_POINT('',#5260);
#5260 = CARTESIAN_POINT('',(-153.7,6.446485437454,-88.));
#5261 = SEAM_CURVE('',#5262,(#5266,#5273),.PCURVE_S1.);
#5262 = LINE('',#5263,#5264);
#5263 = CARTESIAN_POINT('',(-153.7,23.,-88.));
#5264 = VECTOR('',#5265,1.);
#5265 = DIRECTION('',(-0.,-1.,-0.));
#5266 = PCURVE('',#3155,#5267);
#5267 = DEFINITIONAL_REPRESENTATION('',(#5268),#5272);
#5268 = LINE('',#5269,#5270);
#5269 = CARTESIAN_POINT('',(4.138911435803E-13,-0.));
#5270 = VECTOR('',#5271,1.);
#5271 = DIRECTION('',(-0.,-1.));
#5272 = ( GEOMETRIC_REPRESENTATION_CONTEXT(2) 
PARAMETRIC_REPRESENTATION_CONTEXT() REPRESENTATION_CONTEXT('2D SPACE',''
  ) );
#5273 = PCURVE('',#3155,#5274);
#5274 = DEFINITIONAL_REPRESENTATION('',(#5275),#5279);
#5275 = LINE('',#5276,#5277);
#5276 = CARTESIAN_POINT('',(-6.28318530718,0.));
#5277 = VECTOR('',#5278,1.);
#5278 = DIRECTION('',(-0.,-1.));
#5279 = ( GEOMETRIC_REPRESENTATION_CONTEXT(2) 
PARAMETRIC_REPRESENTATION_CONTEXT() REPRESENTATION_CONTEXT('2D SPACE',''
  ) );
#5280 = ORIENTED_EDGE('',*,*,#5281,.T.);
#5281 = EDGE_CURVE('',#5259,#5282,#5284,.T.);
#5282 = VERTEX_POINT('',#5283);
#5283 = CARTESIAN_POINT('',(-152.6896727576,6.319565682663,
    -89.55381835724));
#5284 = SURFACE_CURVE('',#5285,(#5290,#5310),.PCURVE_S1.);
#5285 = ELLIPSE('',#5286,1.705661796789,1.7);
#5286 = AXIS2_PLACEMENT_3D('',#5287,#5288,#5289);
#5287 = CARTESIAN_POINT('',(-152.,6.446485437454,-88.));
#5288 = DIRECTION('',(0.,-0.996680586503,8.141135355662E-02));
#5289 = DIRECTION('',(-0.,8.141135355662E-02,0.996680586503));
#5290 = PCURVE('',#3155,#5291);
#5291 = DEFINITIONAL_REPRESENTATION('',(#5292),#5309);
#5292 = B_SPLINE_CURVE_WITH_KNOTS('',8,(#5293,#5294,#5295,#5296,#5297,
    #5298,#5299,#5300,#5301,#5302,#5303,#5304,#5305,#5306,#5307,#5308),
  .UNSPECIFIED.,.F.,.F.,(9,7,9),(1.570796326795,4.712388980385,
    7.853981633974),.UNSPECIFIED.);
#5293 = CARTESIAN_POINT('',(4.138911435803E-13,-16.55351456254));
#5294 = CARTESIAN_POINT('',(-0.392699081699,-16.60804484954));
#5295 = CARTESIAN_POINT('',(-0.785398163397,-16.66257557134));
#5296 = CARTESIAN_POINT('',(-1.178097245096,-16.70428752423));
#5297 = CARTESIAN_POINT('',(-1.570796326798,-16.72039659178));
#5298 = CARTESIAN_POINT('',(-1.963495408496,-16.70428752424));
#5299 = CARTESIAN_POINT('',(-2.356194490192,-16.66257557134));
#5300 = CARTESIAN_POINT('',(-2.748893571891,-16.60804484954));
#5301 = CARTESIAN_POINT('',(-3.534291735289,-16.49898427554));
#5302 = CARTESIAN_POINT('',(-3.926990816986,-16.44445355374));
#5303 = CARTESIAN_POINT('',(-4.319689898667,-16.4027416008));
#5304 = CARTESIAN_POINT('',(-4.712388980385,-16.38663253324));
#5305 = CARTESIAN_POINT('',(-5.105088062057,-16.40274160081));
#5306 = CARTESIAN_POINT('',(-5.497787143783,-16.44445355375));
#5307 = CARTESIAN_POINT('',(-5.890486225481,-16.49898427554));
#5308 = CARTESIAN_POINT('',(-6.28318530718,-16.55351456254));
#5309 = ( GEOMETRIC_REPRESENTATION_CONTEXT(2) 
PARAMETRIC_REPRESENTATION_CONTEXT() REPRESENTATION_CONTEXT('2D SPACE',''
  ) );
#5310 = PCURVE('',#4501,#5311);
#5311 = DEFINITIONAL_REPRESENTATION('',(#5312),#5320);
#5312 = ( BOUNDED_CURVE() B_SPLINE_CURVE(2,(#5313,#5314,#5315,#5316,
#5317,#5318,#5319),.UNSPECIFIED.,.T.,.F.) B_SPLINE_CURVE_WITH_KNOTS((1,2
    ,2,2,2,1),(-2.094395102393,0.,2.094395102393,4.188790204786,
6.28318530718,8.377580409573),.UNSPECIFIED.) CURVE() 
GEOMETRIC_REPRESENTATION_ITEM() RATIONAL_B_SPLINE_CURVE((1.,0.5,1.,0.5,
1.,0.5,1.)) REPRESENTATION_ITEM('') );
#5313 = CARTESIAN_POINT('',(-0.350751737241,-120.));
#5314 = CARTESIAN_POINT('',(-0.350751737241,-122.9444863728));
#5315 = CARTESIAN_POINT('',(-2.909244432425,-121.4722431864));
#5316 = CARTESIAN_POINT('',(-5.467737127608,-120.));
#5317 = CARTESIAN_POINT('',(-2.909244432425,-118.5277568135));
#5318 = CARTESIAN_POINT('',(-0.350751737241,-117.0555136271));
#5319 = CARTESIAN_POINT('',(-0.350751737241,-120.));
#5320 = ( GEOMETRIC_REPRESENTATION_CONTEXT(2) 
PARAMETRIC_REPRESENTATION_CONTEXT() REPRESENTATION_CONTEXT('2D SPACE',''
  ) );
#5321 = ORIENTED_EDGE('',*,*,#5322,.T.);
#5322 = EDGE_CURVE('',#5282,#5323,#5325,.T.);
#5323 = VERTEX_POINT('',#5324);
#5324 = CARTESIAN_POINT('',(-151.3103272423,6.319565682663,
    -89.55381835724));
#5325 = SURFACE_CURVE('',#5326,(#5331,#5342),.PCURVE_S1.);
#5326 = ELLIPSE('',#5327,1.70628338044,1.7);
#5327 = AXIS2_PLACEMENT_3D('',#5328,#5329,#5330);
#5328 = CARTESIAN_POINT('',(-152.,6.453283226985,-88.));
#5329 = DIRECTION('',(0.,-0.996317504752,8.574047891733E-02));
#5330 = DIRECTION('',(-0.,8.574047891733E-02,0.996317504752));
#5331 = PCURVE('',#3155,#5332);
#5332 = DEFINITIONAL_REPRESENTATION('',(#5333),#5341);
#5333 = B_SPLINE_CURVE_WITH_KNOTS('',6,(#5334,#5335,#5336,#5337,#5338,
    #5339,#5340),.UNSPECIFIED.,.F.,.F.,(7,7),(2.352362937851,
    3.930822369328),.PIECEWISE_BEZIER_KNOTS.);
#5334 = CARTESIAN_POINT('',(-0.781566611057,-16.64976764088));
#5335 = CARTESIAN_POINT('',(-1.04464318297,-16.67708645885));
#5336 = CARTESIAN_POINT('',(-1.307719754882,-16.6958464971));
#5337 = CARTESIAN_POINT('',(-1.570796326795,-16.70264741523));
#5338 = CARTESIAN_POINT('',(-1.833872898708,-16.6958464971));
#5339 = CARTESIAN_POINT('',(-2.096949470621,-16.67708645885));
#5340 = CARTESIAN_POINT('',(-2.360026042534,-16.64976764088));
#5341 = ( GEOMETRIC_REPRESENTATION_CONTEXT(2) 
PARAMETRIC_REPRESENTATION_CONTEXT() REPRESENTATION_CONTEXT('2D SPACE',''
  ) );
#5342 = PCURVE('',#4529,#5343);
#5343 = DEFINITIONAL_REPRESENTATION('',(#5344),#5352);
#5344 = ( BOUNDED_CURVE() B_SPLINE_CURVE(2,(#5345,#5346,#5347,#5348,
#5349,#5350,#5351),.UNSPECIFIED.,.T.,.F.) B_SPLINE_CURVE_WITH_KNOTS((1,2
    ,2,2,2,1),(-2.094395102393,0.,2.094395102393,4.188790204786,
6.28318530718,8.377580409573),.UNSPECIFIED.) CURVE() 
GEOMETRIC_REPRESENTATION_ITEM() RATIONAL_B_SPLINE_CURVE((1.,0.5,1.,0.5,
1.,0.5,1.)) REPRESENTATION_ITEM('') );
#5345 = CARTESIAN_POINT('',(3.265844815253,-120.));
#5346 = CARTESIAN_POINT('',(3.265844815253,-122.9444863728));
#5347 = CARTESIAN_POINT('',(0.706419744593,-121.4722431864));
#5348 = CARTESIAN_POINT('',(-1.853005326067,-120.));
#5349 = CARTESIAN_POINT('',(0.706419744593,-118.5277568135));
#5350 = CARTESIAN_POINT('',(3.265844815253,-117.0555136271));
#5351 = CARTESIAN_POINT('',(3.265844815253,-120.));
#5352 = ( GEOMETRIC_REPRESENTATION_CONTEXT(2) 
PARAMETRIC_REPRESENTATION_CONTEXT() REPRESENTATION_CONTEXT('2D SPACE',''
  ) );
#5353 = ORIENTED_EDGE('',*,*,#5354,.T.);
#5354 = EDGE_CURVE('',#5323,#5259,#5355,.T.);
#5355 = SURFACE_CURVE('',#5356,(#5361,#5390),.PCURVE_S1.);
#5356 = ELLIPSE('',#5357,1.705661796789,1.7);
#5357 = AXIS2_PLACEMENT_3D('',#5358,#5359,#5360);
#5358 = CARTESIAN_POINT('',(-152.,6.446485437454,-88.));
#5359 = DIRECTION('',(0.,-0.996680586503,8.141135355662E-02));
#5360 = DIRECTION('',(-0.,8.141135355662E-02,0.996680586503));
#5361 = PCURVE('',#3155,#5362);
#5362 = DEFINITIONAL_REPRESENTATION('',(#5363),#5389);
#5363 = B_SPLINE_CURVE_WITH_KNOTS('',3,(#5364,#5365,#5366,#5367,#5368,
    #5369,#5370,#5371,#5372,#5373,#5374,#5375,#5376,#5377,#5378,#5379,
    #5380,#5381,#5382,#5383,#5384,#5385,#5386,#5387,#5388),
  .UNSPECIFIED.,.F.,.F.,(4,1,1,1,1,1,1,1,1,1,1,1,1,1,1,1,1,1,1,1,1,1,4),
  (3.55932611645,3.754537730883,3.949749345316,4.144960959748,
    4.340172574181,4.535384188614,4.730595803047,4.92580741748,
    5.121019031913,5.316230646346,5.511442260779,5.706653875212,
    5.901865489645,6.097077104078,6.292288718511,6.487500332944,
    6.682711947377,6.87792356181,7.073135176243,7.268346790676,
    7.463558405109,7.658770019542,7.853981633974),
  .QUASI_UNIFORM_KNOTS.);
#5364 = CARTESIAN_POINT('',(-1.988529789655,-16.68043431733));
#5365 = CARTESIAN_POINT('',(-2.053600327799,-16.67678192145));
#5366 = CARTESIAN_POINT('',(-2.183741404088,-16.66781383205));
#5367 = CARTESIAN_POINT('',(-2.378953018521,-16.65005656344));
#5368 = CARTESIAN_POINT('',(-2.574164632954,-16.62862214279));
#5369 = CARTESIAN_POINT('',(-2.769376247387,-16.60433726839));
#5370 = CARTESIAN_POINT('',(-2.96458786182,-16.57812110008));
#5371 = CARTESIAN_POINT('',(-3.159799476252,-16.55097039959));
#5372 = CARTESIAN_POINT('',(-3.355011090685,-16.52391629276));
#5373 = CARTESIAN_POINT('',(-3.550222705118,-16.49798654049));
#5374 = CARTESIAN_POINT('',(-3.745434319551,-16.47416611158));
#5375 = CARTESIAN_POINT('',(-3.940645933984,-16.45335987043));
#5376 = CARTESIAN_POINT('',(-4.135857548417,-16.43635817652));
#5377 = CARTESIAN_POINT('',(-4.33106916285,-16.4238068686));
#5378 = CARTESIAN_POINT('',(-4.526280777283,-16.4161827296));
#5379 = CARTESIAN_POINT('',(-4.721492391716,-16.41377537517));
#5380 = CARTESIAN_POINT('',(-4.916704006149,-16.41667625414));
#5381 = CARTESIAN_POINT('',(-5.111915620582,-16.42477516653));
#5382 = CARTESIAN_POINT('',(-5.307127235015,-16.43776448046));
#5383 = CARTESIAN_POINT('',(-5.502338849448,-16.45515070304));
#5384 = CARTESIAN_POINT('',(-5.697550463881,-16.47627365586));
#5385 = CARTESIAN_POINT('',(-5.892762078314,-16.50032995081));
#5386 = CARTESIAN_POINT('',(-6.087973692747,-16.52640948764));
#5387 = CARTESIAN_POINT('',(-6.218114769035,-16.54447496909));
#5388 = CARTESIAN_POINT('',(-6.28318530718,-16.55351456254));
#5389 = ( GEOMETRIC_REPRESENTATION_CONTEXT(2) 
PARAMETRIC_REPRESENTATION_CONTEXT() REPRESENTATION_CONTEXT('2D SPACE',''
  ) );
#5390 = PCURVE('',#4501,#5391);
#5391 = DEFINITIONAL_REPRESENTATION('',(#5392),#5400);
#5392 = ( BOUNDED_CURVE() B_SPLINE_CURVE(2,(#5393,#5394,#5395,#5396,
#5397,#5398,#5399),.UNSPECIFIED.,.T.,.F.) B_SPLINE_CURVE_WITH_KNOTS((1,2
    ,2,2,2,1),(-2.094395102393,0.,2.094395102393,4.188790204786,
6.28318530718,8.377580409573),.UNSPECIFIED.) CURVE() 
GEOMETRIC_REPRESENTATION_ITEM() RATIONAL_B_SPLINE_CURVE((1.,0.5,1.,0.5,
1.,0.5,1.)) REPRESENTATION_ITEM('') );
#5393 = CARTESIAN_POINT('',(-0.350751737241,-120.));
#5394 = CARTESIAN_POINT('',(-0.350751737241,-122.9444863728));
#5395 = CARTESIAN_POINT('',(-2.909244432425,-121.4722431864));
#5396 = CARTESIAN_POINT('',(-5.467737127608,-120.));
#5397 = CARTESIAN_POINT('',(-2.909244432425,-118.5277568135));
#5398 = CARTESIAN_POINT('',(-0.350751737241,-117.0555136271));
#5399 = CARTESIAN_POINT('',(-0.350751737241,-120.));
#5400 = ( GEOMETRIC_REPRESENTATION_CONTEXT(2) 
PARAMETRIC_REPRESENTATION_CONTEXT() REPRESENTATION_CONTEXT('2D SPACE',''
  ) );
#5401 = ORIENTED_EDGE('',*,*,#5258,.F.);
#5402 = ORIENTED_EDGE('',*,*,#3134,.F.);
#5403 = ADVANCED_FACE('',(#5404),#3190,.F.);
#5404 = FACE_BOUND('',#5405,.T.);
#5405 = EDGE_LOOP('',(#5406,#5429,#5470,#5502,#5550,#5551));
#5406 = ORIENTED_EDGE('',*,*,#5407,.T.);
#5407 = EDGE_CURVE('',#3170,#5408,#5410,.T.);
#5408 = VERTEX_POINT('',#5409);
#5409 = CARTESIAN_POINT('',(-153.7,8.394768624342,-48.));
#5410 = SEAM_CURVE('',#5411,(#5415,#5422),.PCURVE_S1.);
#5411 = LINE('',#5412,#5413);
#5412 = CARTESIAN_POINT('',(-153.7,23.,-48.));
#5413 = VECTOR('',#5414,1.);
#5414 = DIRECTION('',(-0.,-1.,-0.));
#5415 = PCURVE('',#3190,#5416);
#5416 = DEFINITIONAL_REPRESENTATION('',(#5417),#5421);
#5417 = LINE('',#5418,#5419);
#5418 = CARTESIAN_POINT('',(4.138911435803E-13,-0.));
#5419 = VECTOR('',#5420,1.);
#5420 = DIRECTION('',(-0.,-1.));
#5421 = ( GEOMETRIC_REPRESENTATION_CONTEXT(2) 
PARAMETRIC_REPRESENTATION_CONTEXT() REPRESENTATION_CONTEXT('2D SPACE',''
  ) );
#5422 = PCURVE('',#3190,#5423);
#5423 = DEFINITIONAL_REPRESENTATION('',(#5424),#5428);
#5424 = LINE('',#5425,#5426);
#5425 = CARTESIAN_POINT('',(-6.28318530718,0.));
#5426 = VECTOR('',#5427,1.);
#5427 = DIRECTION('',(-0.,-1.));
#5428 = ( GEOMETRIC_REPRESENTATION_CONTEXT(2) 
PARAMETRIC_REPRESENTATION_CONTEXT() REPRESENTATION_CONTEXT('2D SPACE',''
  ) );
#5429 = ORIENTED_EDGE('',*,*,#5430,.T.);
#5430 = EDGE_CURVE('',#5408,#5431,#5433,.T.);
#5431 = VERTEX_POINT('',#5432);
#5432 = CARTESIAN_POINT('',(-151.1488264538,8.400727768418,
    -46.52843498469));
#5433 = SURFACE_CURVE('',#5434,(#5439,#5459),.PCURVE_S1.);
#5434 = ELLIPSE('',#5435,1.70001393882,1.7);
#5435 = AXIS2_PLACEMENT_3D('',#5436,#5437,#5438);
#5436 = CARTESIAN_POINT('',(-152.,8.394768624342,-48.));
#5437 = DIRECTION('',(0.,-0.999991800761,4.04949503044E-03));
#5438 = DIRECTION('',(-0.,4.04949503044E-03,0.999991800761));
#5439 = PCURVE('',#3190,#5440);
#5440 = DEFINITIONAL_REPRESENTATION('',(#5441),#5458);
#5441 = B_SPLINE_CURVE_WITH_KNOTS('',8,(#5442,#5443,#5444,#5445,#5446,
    #5447,#5448,#5449,#5450,#5451,#5452,#5453,#5454,#5455,#5456,#5457),
  .UNSPECIFIED.,.F.,.F.,(9,7,9),(1.570796326795,4.712388980385,
    7.853981633974),.UNSPECIFIED.);
#5442 = CARTESIAN_POINT('',(4.138911435803E-13,-14.60523137565));
#5443 = CARTESIAN_POINT('',(-0.392699081699,-14.60793479389));
#5444 = CARTESIAN_POINT('',(-0.785398163396,-14.61063823366));
#5445 = CARTESIAN_POINT('',(-1.178097245103,-14.61270616433));
#5446 = CARTESIAN_POINT('',(-1.570796326776,-14.61350479474));
#5447 = CARTESIAN_POINT('',(-1.9634954085,-14.61270616434));
#5448 = CARTESIAN_POINT('',(-2.35619449019,-14.61063823366));
#5449 = CARTESIAN_POINT('',(-2.748893571891,-14.60793479389));
#5450 = CARTESIAN_POINT('',(-3.534291735289,-14.60252795742));
#5451 = CARTESIAN_POINT('',(-3.926990816984,-14.59982451762));
#5452 = CARTESIAN_POINT('',(-4.319689898674,-14.59775658696));
#5453 = CARTESIAN_POINT('',(-4.712388980385,-14.59695795645));
#5454 = CARTESIAN_POINT('',(-5.105088062065,-14.59775658694));
#5455 = CARTESIAN_POINT('',(-5.497787143781,-14.59982451763));
#5456 = CARTESIAN_POINT('',(-5.890486225481,-14.60252795742));
#5457 = CARTESIAN_POINT('',(-6.28318530718,-14.60523137565));
#5458 = ( GEOMETRIC_REPRESENTATION_CONTEXT(2) 
PARAMETRIC_REPRESENTATION_CONTEXT() REPRESENTATION_CONTEXT('2D SPACE',''
  ) );
#5459 = PCURVE('',#4203,#5460);
#5460 = DEFINITIONAL_REPRESENTATION('',(#5461),#5469);
#5461 = ( BOUNDED_CURVE() B_SPLINE_CURVE(2,(#5462,#5463,#5464,#5465,
#5466,#5467,#5468),.UNSPECIFIED.,.T.,.F.) B_SPLINE_CURVE_WITH_KNOTS((1,2
    ,2,2,2,1),(-2.094395102393,0.,2.094395102393,4.188790204786,
6.28318530718,8.377580409573),.UNSPECIFIED.) CURVE() 
GEOMETRIC_REPRESENTATION_ITEM() RATIONAL_B_SPLINE_CURVE((1.,0.5,1.,0.5,
1.,0.5,1.)) REPRESENTATION_ITEM('') );
#5462 = CARTESIAN_POINT('',(0.228436857698,-120.));
#5463 = CARTESIAN_POINT('',(0.228436857698,-122.9444863728));
#5464 = CARTESIAN_POINT('',(-2.321584050532,-121.4722431864));
#5465 = CARTESIAN_POINT('',(-4.871604958762,-120.));
#5466 = CARTESIAN_POINT('',(-2.321584050532,-118.5277568135));
#5467 = CARTESIAN_POINT('',(0.228436857698,-117.0555136271));
#5468 = CARTESIAN_POINT('',(0.228436857698,-120.));
#5469 = ( GEOMETRIC_REPRESENTATION_CONTEXT(2) 
PARAMETRIC_REPRESENTATION_CONTEXT() REPRESENTATION_CONTEXT('2D SPACE',''
  ) );
#5470 = ORIENTED_EDGE('',*,*,#5471,.T.);
#5471 = EDGE_CURVE('',#5431,#5472,#5474,.T.);
#5472 = VERTEX_POINT('',#5473);
#5473 = CARTESIAN_POINT('',(-152.8511735461,8.400727768418,
    -46.52843498469));
#5474 = SURFACE_CURVE('',#5475,(#5480,#5491),.PCURVE_S1.);
#5475 = ELLIPSE('',#5476,1.700040988752,1.7);
#5476 = AXIS2_PLACEMENT_3D('',#5477,#5478,#5479);
#5477 = CARTESIAN_POINT('',(-152.,8.410946687453,-48.));
#5478 = DIRECTION('',(-0.,-0.999975889551,-6.944085069563E-03));
#5479 = DIRECTION('',(-0.,6.944085069563E-03,-0.999975889551));
#5480 = PCURVE('',#3190,#5481);
#5481 = DEFINITIONAL_REPRESENTATION('',(#5482),#5490);
#5482 = B_SPLINE_CURVE_WITH_KNOTS('',6,(#5483,#5484,#5485,#5486,#5487,
    #5488,#5489),.UNSPECIFIED.,.F.,.F.,(7,7),(2.306422819661,
    3.976762487518),.PIECEWISE_BEZIER_KNOTS.);
#5483 = CARTESIAN_POINT('',(-3.877219146456,-14.59697523259));
#5484 = CARTESIAN_POINT('',(-4.155609091099,-14.59941184637));
#5485 = CARTESIAN_POINT('',(-4.433999035742,-14.60111167604));
#5486 = CARTESIAN_POINT('',(-4.712388980385,-14.60173518265));
#5487 = CARTESIAN_POINT('',(-4.990778925028,-14.60111167604));
#5488 = CARTESIAN_POINT('',(-5.269168869671,-14.59941184637));
#5489 = CARTESIAN_POINT('',(-5.547558814314,-14.59697523259));
#5490 = ( GEOMETRIC_REPRESENTATION_CONTEXT(2) 
PARAMETRIC_REPRESENTATION_CONTEXT() REPRESENTATION_CONTEXT('2D SPACE',''
  ) );
#5491 = PCURVE('',#4175,#5492);
#5492 = DEFINITIONAL_REPRESENTATION('',(#5493),#5501);
#5493 = ( BOUNDED_CURVE() B_SPLINE_CURVE(2,(#5494,#5495,#5496,#5497,
#5498,#5499,#5500),.UNSPECIFIED.,.T.,.F.) B_SPLINE_CURVE_WITH_KNOTS((1,2
    ,2,2,2,1),(-2.094395102393,0.,2.094395102393,4.188790204786,
6.28318530718,8.377580409573),.UNSPECIFIED.) CURVE() 
GEOMETRIC_REPRESENTATION_ITEM() RATIONAL_B_SPLINE_CURVE((1.,0.5,1.,0.5,
1.,0.5,1.)) REPRESENTATION_ITEM('') );
#5494 = CARTESIAN_POINT('',(-6.479491205215,-120.));
#5495 = CARTESIAN_POINT('',(-6.479491205215,-117.0555136271));
#5496 = CARTESIAN_POINT('',(-3.929429722087,-118.5277568135));
#5497 = CARTESIAN_POINT('',(-1.379368238959,-120.));
#5498 = CARTESIAN_POINT('',(-3.929429722087,-121.4722431864));
#5499 = CARTESIAN_POINT('',(-6.479491205215,-122.9444863728));
#5500 = CARTESIAN_POINT('',(-6.479491205215,-120.));
#5501 = ( GEOMETRIC_REPRESENTATION_CONTEXT(2) 
PARAMETRIC_REPRESENTATION_CONTEXT() REPRESENTATION_CONTEXT('2D SPACE',''
  ) );
#5502 = ORIENTED_EDGE('',*,*,#5503,.T.);
#5503 = EDGE_CURVE('',#5472,#5408,#5504,.T.);
#5504 = SURFACE_CURVE('',#5505,(#5510,#5539),.PCURVE_S1.);
#5505 = ELLIPSE('',#5506,1.70001393882,1.7);
#5506 = AXIS2_PLACEMENT_3D('',#5507,#5508,#5509);
#5507 = CARTESIAN_POINT('',(-152.,8.394768624342,-48.));
#5508 = DIRECTION('',(0.,-0.999991800761,4.04949503044E-03));
#5509 = DIRECTION('',(-0.,4.04949503044E-03,0.999991800761));
#5510 = PCURVE('',#3190,#5511);
#5511 = DEFINITIONAL_REPRESENTATION('',(#5512),#5538);
#5512 = B_SPLINE_CURVE_WITH_KNOTS('',3,(#5513,#5514,#5515,#5516,#5517,
    #5518,#5519,#5520,#5521,#5522,#5523,#5524,#5525,#5526,#5527,#5528,
    #5529,#5530,#5531,#5532,#5533,#5534,#5535,#5536,#5537),
  .UNSPECIFIED.,.F.,.F.,(4,1,1,1,1,1,1,1,1,1,1,1,1,1,1,1,1,1,1,1,1,1,4),
  (0.524396073545,0.57195972142,0.619523369295,0.66708701717,
    0.714650665045,0.76221431292,0.809777960795,0.85734160867,
    0.904905256545,0.95246890442,1.000032552295,1.04759620017,
    1.095159848045,1.14272349592,1.190287143795,1.23785079167,
    1.285414439545,1.33297808742,1.380541735295,1.42810538317,
    1.475669031045,1.52323267892,1.570796326795),.QUASI_UNIFORM_KNOTS.);
#5513 = CARTESIAN_POINT('',(-5.23678505393,-14.59927223158));
#5514 = CARTESIAN_POINT('',(-5.252639603222,-14.5993268774));
#5515 = CARTESIAN_POINT('',(-5.284348701805,-14.59944067217));
#5516 = CARTESIAN_POINT('',(-5.33191234968,-14.59962445535));
#5517 = CARTESIAN_POINT('',(-5.379475997555,-14.5998209225));
#5518 = CARTESIAN_POINT('',(-5.42703964543,-14.60002962693));
#5519 = CARTESIAN_POINT('',(-5.474603293305,-14.60025009719));
#5520 = CARTESIAN_POINT('',(-5.52216694118,-14.60048183444));
#5521 = CARTESIAN_POINT('',(-5.569730589055,-14.60072431457));
#5522 = CARTESIAN_POINT('',(-5.61729423693,-14.60097698909));
#5523 = CARTESIAN_POINT('',(-5.664857884805,-14.60123928651));
#5524 = CARTESIAN_POINT('',(-5.71242153268,-14.60151061353));
#5525 = CARTESIAN_POINT('',(-5.759985180555,-14.60179035644));
#5526 = CARTESIAN_POINT('',(-5.80754882843,-14.6020778825));
#5527 = CARTESIAN_POINT('',(-5.855112476305,-14.60237254137));
#5528 = CARTESIAN_POINT('',(-5.90267612418,-14.60267366657));
#5529 = CARTESIAN_POINT('',(-5.950239772055,-14.60298057697));
#5530 = CARTESIAN_POINT('',(-5.99780341993,-14.60329257841));
#5531 = CARTESIAN_POINT('',(-6.045367067805,-14.60360896516));
#5532 = CARTESIAN_POINT('',(-6.09293071568,-14.60392902159));
#5533 = CARTESIAN_POINT('',(-6.140494363555,-14.60425202379));
#5534 = CARTESIAN_POINT('',(-6.18805801143,-14.60457724113));
#5535 = CARTESIAN_POINT('',(-6.235621659305,-14.60490393817));
#5536 = CARTESIAN_POINT('',(-6.267330757888,-14.60512222963));
#5537 = CARTESIAN_POINT('',(-6.28318530718,-14.60523137565));
#5538 = ( GEOMETRIC_REPRESENTATION_CONTEXT(2) 
PARAMETRIC_REPRESENTATION_CONTEXT() REPRESENTATION_CONTEXT('2D SPACE',''
  ) );
#5539 = PCURVE('',#4203,#5540);
#5540 = DEFINITIONAL_REPRESENTATION('',(#5541),#5549);
#5541 = ( BOUNDED_CURVE() B_SPLINE_CURVE(2,(#5542,#5543,#5544,#5545,
#5546,#5547,#5548),.UNSPECIFIED.,.T.,.F.) B_SPLINE_CURVE_WITH_KNOTS((1,2
    ,2,2,2,1),(-2.094395102393,0.,2.094395102393,4.188790204786,
6.28318530718,8.377580409573),.UNSPECIFIED.) CURVE() 
GEOMETRIC_REPRESENTATION_ITEM() RATIONAL_B_SPLINE_CURVE((1.,0.5,1.,0.5,
1.,0.5,1.)) REPRESENTATION_ITEM('') );
#5542 = CARTESIAN_POINT('',(0.228436857698,-120.));
#5543 = CARTESIAN_POINT('',(0.228436857698,-122.9444863728));
#5544 = CARTESIAN_POINT('',(-2.321584050532,-121.4722431864));
#5545 = CARTESIAN_POINT('',(-4.871604958762,-120.));
#5546 = CARTESIAN_POINT('',(-2.321584050532,-118.5277568135));
#5547 = CARTESIAN_POINT('',(0.228436857698,-117.0555136271));
#5548 = CARTESIAN_POINT('',(0.228436857698,-120.));
#5549 = ( GEOMETRIC_REPRESENTATION_CONTEXT(2) 
PARAMETRIC_REPRESENTATION_CONTEXT() REPRESENTATION_CONTEXT('2D SPACE',''
  ) );
#5550 = ORIENTED_EDGE('',*,*,#5407,.F.);
#5551 = ORIENTED_EDGE('',*,*,#3169,.F.);
#5552 = ADVANCED_FACE('',(#5553),#3223,.T.);
#5553 = FACE_BOUND('',#5554,.F.);
#5554 = EDGE_LOOP('',(#5555,#5556,#5579,#5602,#5625,#5648,#5671,#5694,
    #5717,#5738,#5739));
#5555 = ORIENTED_EDGE('',*,*,#3205,.F.);
#5556 = ORIENTED_EDGE('',*,*,#5557,.T.);
#5557 = EDGE_CURVE('',#3206,#5558,#5560,.T.);
#5558 = VERTEX_POINT('',#5559);
#5559 = CARTESIAN_POINT('',(-137.,8.255076571138,-56.88266684282));
#5560 = SURFACE_CURVE('',#5561,(#5565,#5572),.PCURVE_S1.);
#5561 = LINE('',#5562,#5563);
#5562 = CARTESIAN_POINT('',(-137.,8.010540877759,-67.25142044983));
#5563 = VECTOR('',#5564,1.);
#5564 = DIRECTION('',(-0.,-2.357734840244E-02,-0.999722015684));
#5565 = PCURVE('',#3223,#5566);
#5566 = DEFINITIONAL_REPRESENTATION('',(#5567),#5571);
#5567 = LINE('',#5568,#5569);
#5568 = CARTESIAN_POINT('',(-13.74857955017,-6.010540877759));
#5569 = VECTOR('',#5570,1.);
#5570 = DIRECTION('',(0.999722015684,2.357734840244E-02));
#5571 = ( GEOMETRIC_REPRESENTATION_CONTEXT(2) 
PARAMETRIC_REPRESENTATION_CONTEXT() REPRESENTATION_CONTEXT('2D SPACE',''
  ) );
#5572 = PCURVE('',#3251,#5573);
#5573 = DEFINITIONAL_REPRESENTATION('',(#5574),#5578);
#5574 = LINE('',#5575,#5576);
#5575 = CARTESIAN_POINT('',(-13.88647027702,-105.));
#5576 = VECTOR('',#5577,1.);
#5577 = DIRECTION('',(-1.,0.));
#5578 = ( GEOMETRIC_REPRESENTATION_CONTEXT(2) 
PARAMETRIC_REPRESENTATION_CONTEXT() REPRESENTATION_CONTEXT('2D SPACE',''
  ) );
#5579 = ORIENTED_EDGE('',*,*,#5580,.T.);
#5580 = EDGE_CURVE('',#5558,#5581,#5583,.T.);
#5581 = VERTEX_POINT('',#5582);
#5582 = CARTESIAN_POINT('',(-137.,8.140167721403,-60.44618164275));
#5583 = SURFACE_CURVE('',#5584,(#5588,#5595),.PCURVE_S1.);
#5584 = LINE('',#5585,#5586);
#5585 = CARTESIAN_POINT('',(-137.,7.86338891203,-69.02955346992));
#5586 = VECTOR('',#5587,1.);
#5587 = DIRECTION('',(-0.,-3.222917866761E-02,-0.999480505084));
#5588 = PCURVE('',#3223,#5589);
#5589 = DEFINITIONAL_REPRESENTATION('',(#5590),#5594);
#5590 = LINE('',#5591,#5592);
#5591 = CARTESIAN_POINT('',(-11.97044653008,-5.86338891203));
#5592 = VECTOR('',#5593,1.);
#5593 = DIRECTION('',(0.999480505084,3.222917866761E-02));
#5594 = ( GEOMETRIC_REPRESENTATION_CONTEXT(2) 
PARAMETRIC_REPRESENTATION_CONTEXT() REPRESENTATION_CONTEXT('2D SPACE',''
  ) );
#5595 = PCURVE('',#4282,#5596);
#5596 = DEFINITIONAL_REPRESENTATION('',(#5597),#5601);
#5597 = LINE('',#5598,#5599);
#5598 = CARTESIAN_POINT('',(-12.15320015279,-105.));
#5599 = VECTOR('',#5600,1.);
#5600 = DIRECTION('',(-1.,0.));
#5601 = ( GEOMETRIC_REPRESENTATION_CONTEXT(2) 
PARAMETRIC_REPRESENTATION_CONTEXT() REPRESENTATION_CONTEXT('2D SPACE',''
  ) );
#5602 = ORIENTED_EDGE('',*,*,#5603,.T.);
#5603 = EDGE_CURVE('',#5581,#5604,#5606,.T.);
#5604 = VERTEX_POINT('',#5605);
#5605 = CARTESIAN_POINT('',(-137.,7.995152522624,-64.04958744718));
#5606 = SURFACE_CURVE('',#5607,(#5611,#5618),.PCURVE_S1.);
#5607 = LINE('',#5608,#5609);
#5608 = CARTESIAN_POINT('',(-137.,7.722289100861,-70.82982597444));
#5609 = VECTOR('',#5610,1.);
#5610 = DIRECTION('',(-0.,-4.021137715168E-02,-0.999191195491));
#5611 = PCURVE('',#3223,#5612);
#5612 = DEFINITIONAL_REPRESENTATION('',(#5613),#5617);
#5613 = LINE('',#5614,#5615);
#5614 = CARTESIAN_POINT('',(-10.17017402556,-5.722289100861));
#5615 = VECTOR('',#5616,1.);
#5616 = DIRECTION('',(0.999191195491,4.021137715168E-02));
#5617 = ( GEOMETRIC_REPRESENTATION_CONTEXT(2) 
PARAMETRIC_REPRESENTATION_CONTEXT() REPRESENTATION_CONTEXT('2D SPACE',''
  ) );
#5618 = PCURVE('',#4310,#5619);
#5619 = DEFINITIONAL_REPRESENTATION('',(#5620),#5624);
#5620 = LINE('',#5621,#5622);
#5621 = CARTESIAN_POINT('',(-10.39204946815,-105.));
#5622 = VECTOR('',#5623,1.);
#5623 = DIRECTION('',(-1.,0.));
#5624 = ( GEOMETRIC_REPRESENTATION_CONTEXT(2) 
PARAMETRIC_REPRESENTATION_CONTEXT() REPRESENTATION_CONTEXT('2D SPACE',''
  ) );
#5625 = ORIENTED_EDGE('',*,*,#5626,.T.);
#5626 = EDGE_CURVE('',#5604,#5627,#5629,.T.);
#5627 = VERTEX_POINT('',#5628);
#5628 = CARTESIAN_POINT('',(-137.,7.82209798814,-67.68300757126));
#5629 = SURFACE_CURVE('',#5630,(#5634,#5641),.PCURVE_S1.);
#5630 = LINE('',#5631,#5632);
#5631 = CARTESIAN_POINT('',(-137.,7.585619809029,-72.64805848684));
#5632 = VECTOR('',#5633,1.);
#5633 = DIRECTION('',(-0.,-4.757462022796E-02,-0.998867686688));
#5634 = PCURVE('',#3223,#5635);
#5635 = DEFINITIONAL_REPRESENTATION('',(#5636),#5640);
#5636 = LINE('',#5637,#5638);
#5637 = CARTESIAN_POINT('',(-8.35194151316,-5.585619809029));
#5638 = VECTOR('',#5639,1.);
#5639 = DIRECTION('',(0.998867686688,4.757462022796E-02));
#5640 = ( GEOMETRIC_REPRESENTATION_CONTEXT(2) 
PARAMETRIC_REPRESENTATION_CONTEXT() REPRESENTATION_CONTEXT('2D SPACE',''
  ) );
#5641 = PCURVE('',#4338,#5642);
#5642 = DEFINITIONAL_REPRESENTATION('',(#5643),#5647);
#5643 = LINE('',#5644,#5645);
#5644 = CARTESIAN_POINT('',(-8.608218239762,-105.));
#5645 = VECTOR('',#5646,1.);
#5646 = DIRECTION('',(-1.,0.));
#5647 = ( GEOMETRIC_REPRESENTATION_CONTEXT(2) 
PARAMETRIC_REPRESENTATION_CONTEXT() REPRESENTATION_CONTEXT('2D SPACE',''
  ) );
#5648 = ORIENTED_EDGE('',*,*,#5649,.T.);
#5649 = EDGE_CURVE('',#5627,#5650,#5652,.T.);
#5650 = VERTEX_POINT('',#5651);
#5651 = CARTESIAN_POINT('',(-137.,7.623171882263,-71.33648306299));
#5652 = SURFACE_CURVE('',#5653,(#5657,#5664),.PCURVE_S1.);
#5653 = LINE('',#5654,#5655);
#5654 = CARTESIAN_POINT('',(-137.,7.452020087778,-74.47985574281));
#5655 = VECTOR('',#5656,1.);
#5656 = DIRECTION('',(-0.,-5.43679268541E-02,-0.998520970501));
#5657 = PCURVE('',#3223,#5658);
#5658 = DEFINITIONAL_REPRESENTATION('',(#5659),#5663);
#5659 = LINE('',#5660,#5661);
#5660 = CARTESIAN_POINT('',(-6.52014425719,-5.452020087778));
#5661 = VECTOR('',#5662,1.);
#5662 = DIRECTION('',(0.998520970501,5.43679268541E-02));
#5663 = ( GEOMETRIC_REPRESENTATION_CONTEXT(2) 
PARAMETRIC_REPRESENTATION_CONTEXT() REPRESENTATION_CONTEXT('2D SPACE',''
  ) );
#5664 = PCURVE('',#4366,#5665);
#5665 = DEFINITIONAL_REPRESENTATION('',(#5666),#5670);
#5666 = LINE('',#5667,#5668);
#5667 = CARTESIAN_POINT('',(-6.806915800819,-105.));
#5668 = VECTOR('',#5669,1.);
#5669 = DIRECTION('',(-1.,0.));
#5670 = ( GEOMETRIC_REPRESENTATION_CONTEXT(2) 
PARAMETRIC_REPRESENTATION_CONTEXT() REPRESENTATION_CONTEXT('2D SPACE',''
  ) );
#5671 = ORIENTED_EDGE('',*,*,#5672,.T.);
#5672 = EDGE_CURVE('',#5650,#5673,#5675,.T.);
#5673 = VERTEX_POINT('',#5674);
#5674 = CARTESIAN_POINT('',(-137.,7.40061028008,-75.));
#5675 = SURFACE_CURVE('',#5676,(#5680,#5687),.PCURVE_S1.);
#5676 = LINE('',#5677,#5678);
#5677 = CARTESIAN_POINT('',(-137.,7.32037956192,-76.32065276294));
#5678 = VECTOR('',#5679,1.);
#5679 = DIRECTION('',(-0.,-6.063900882686E-02,-0.998159762066));
#5680 = PCURVE('',#3223,#5681);
#5681 = DEFINITIONAL_REPRESENTATION('',(#5682),#5686);
#5682 = LINE('',#5683,#5684);
#5683 = CARTESIAN_POINT('',(-4.67934723706,-5.32037956192));
#5684 = VECTOR('',#5685,1.);
#5685 = DIRECTION('',(0.998159762066,6.063900882686E-02));
#5686 = ( GEOMETRIC_REPRESENTATION_CONTEXT(2) 
PARAMETRIC_REPRESENTATION_CONTEXT() REPRESENTATION_CONTEXT('2D SPACE',''
  ) );
#5687 = PCURVE('',#4394,#5688);
#5688 = DEFINITIONAL_REPRESENTATION('',(#5689),#5693);
#5689 = LINE('',#5690,#5691);
#5690 = CARTESIAN_POINT('',(-4.993358667987,-105.));
#5691 = VECTOR('',#5692,1.);
#5692 = DIRECTION('',(-1.,0.));
#5693 = ( GEOMETRIC_REPRESENTATION_CONTEXT(2) 
PARAMETRIC_REPRESENTATION_CONTEXT() REPRESENTATION_CONTEXT('2D SPACE',''
  ) );
#5694 = ORIENTED_EDGE('',*,*,#5695,.T.);
#5695 = EDGE_CURVE('',#5673,#5696,#5698,.T.);
#5696 = VERTEX_POINT('',#5697);
#5697 = CARTESIAN_POINT('',(-137.,7.156687907998,-78.663516937));
#5698 = SURFACE_CURVE('',#5699,(#5703,#5710),.PCURVE_S1.);
#5699 = LINE('',#5700,#5701);
#5700 = CARTESIAN_POINT('',(-137.,7.189829552542,-78.16575621472));
#5701 = VECTOR('',#5702,1.);
#5702 = DIRECTION('',(-0.,-6.643438585427E-02,-0.997790795897));
#5703 = PCURVE('',#3223,#5704);
#5704 = DEFINITIONAL_REPRESENTATION('',(#5705),#5709);
#5705 = LINE('',#5706,#5707);
#5706 = CARTESIAN_POINT('',(-2.83424378528,-5.189829552542));
#5707 = VECTOR('',#5708,1.);
#5708 = DIRECTION('',(0.997790795897,6.643438585427E-02));
#5709 = ( GEOMETRIC_REPRESENTATION_CONTEXT(2) 
PARAMETRIC_REPRESENTATION_CONTEXT() REPRESENTATION_CONTEXT('2D SPACE',''
  ) );
#5710 = PCURVE('',#4422,#5711);
#5711 = DEFINITIONAL_REPRESENTATION('',(#5712),#5716);
#5712 = LINE('',#5713,#5714);
#5713 = CARTESIAN_POINT('',(-3.172765501284,-105.));
#5714 = VECTOR('',#5715,1.);
#5715 = DIRECTION('',(-1.,0.));
#5716 = ( GEOMETRIC_REPRESENTATION_CONTEXT(2) 
PARAMETRIC_REPRESENTATION_CONTEXT() REPRESENTATION_CONTEXT('2D SPACE',''
  ) );
#5717 = ORIENTED_EDGE('',*,*,#5718,.T.);
#5718 = EDGE_CURVE('',#5696,#3360,#5719,.T.);
#5719 = SURFACE_CURVE('',#5720,(#5724,#5731),.PCURVE_S1.);
#5720 = LINE('',#5721,#5722);
#5721 = CARTESIAN_POINT('',(-137.,7.059733712169,-80.01038157688));
#5722 = VECTOR('',#5723,1.);
#5723 = DIRECTION('',(-0.,-7.179932096368E-02,-0.997419098228));
#5724 = PCURVE('',#3223,#5725);
#5725 = DEFINITIONAL_REPRESENTATION('',(#5726),#5730);
#5726 = LINE('',#5727,#5728);
#5727 = CARTESIAN_POINT('',(-0.98961842312,-5.059733712169));
#5728 = VECTOR('',#5729,1.);
#5729 = DIRECTION('',(0.997419098228,7.179932096368E-02));
#5730 = ( GEOMETRIC_REPRESENTATION_CONTEXT(2) 
PARAMETRIC_REPRESENTATION_CONTEXT() REPRESENTATION_CONTEXT('2D SPACE',''
  ) );
#5731 = PCURVE('',#3400,#5732);
#5732 = DEFINITIONAL_REPRESENTATION('',(#5733),#5737);
#5733 = LINE('',#5734,#5735);
#5734 = CARTESIAN_POINT('',(-1.350349759969,-105.));
#5735 = VECTOR('',#5736,1.);
#5736 = DIRECTION('',(-1.,0.));
#5737 = ( GEOMETRIC_REPRESENTATION_CONTEXT(2) 
PARAMETRIC_REPRESENTATION_CONTEXT() REPRESENTATION_CONTEXT('2D SPACE',''
  ) );
#5738 = ORIENTED_EDGE('',*,*,#3359,.T.);
#5739 = ORIENTED_EDGE('',*,*,#3783,.F.);
#5740 = ADVANCED_FACE('',(#5741),#3251,.F.);
#5741 = FACE_BOUND('',#5742,.T.);
#5742 = EDGE_LOOP('',(#5743,#5764,#5765,#5786,#5787,#5808,#5809,#5810));
#5743 = ORIENTED_EDGE('',*,*,#5744,.F.);
#5744 = EDGE_CURVE('',#4244,#5558,#5745,.T.);
#5745 = SURFACE_CURVE('',#5746,(#5750,#5757),.PCURVE_S1.);
#5746 = LINE('',#5747,#5748);
#5747 = CARTESIAN_POINT('',(-32.,8.255076571138,-56.88266684282));
#5748 = VECTOR('',#5749,1.);
#5749 = DIRECTION('',(-1.,-0.,-0.));
#5750 = PCURVE('',#3251,#5751);
#5751 = DEFINITIONAL_REPRESENTATION('',(#5752),#5756);
#5752 = LINE('',#5753,#5754);
#5753 = CARTESIAN_POINT('',(-3.514833517663,0.));
#5754 = VECTOR('',#5755,1.);
#5755 = DIRECTION('',(-0.,-1.));
#5756 = ( GEOMETRIC_REPRESENTATION_CONTEXT(2) 
PARAMETRIC_REPRESENTATION_CONTEXT() REPRESENTATION_CONTEXT('2D SPACE',''
  ) );
#5757 = PCURVE('',#4282,#5758);
#5758 = DEFINITIONAL_REPRESENTATION('',(#5759),#5763);
#5759 = LINE('',#5760,#5761);
#5760 = CARTESIAN_POINT('',(0.,-0.));
#5761 = VECTOR('',#5762,1.);
#5762 = DIRECTION('',(-0.,-1.));
#5763 = ( GEOMETRIC_REPRESENTATION_CONTEXT(2) 
PARAMETRIC_REPRESENTATION_CONTEXT() REPRESENTATION_CONTEXT('2D SPACE',''
  ) );
#5764 = ORIENTED_EDGE('',*,*,#4243,.T.);
#5765 = ORIENTED_EDGE('',*,*,#5766,.T.);
#5766 = EDGE_CURVE('',#4216,#4689,#5767,.T.);
#5767 = SURFACE_CURVE('',#5768,(#5772,#5779),.PCURVE_S1.);
#5768 = LINE('',#5769,#5770);
#5769 = CARTESIAN_POINT('',(-32.,8.337947025561,-53.36881039375));
#5770 = VECTOR('',#5771,1.);
#5771 = DIRECTION('',(-1.,-0.,-0.));
#5772 = PCURVE('',#3251,#5773);
#5773 = DEFINITIONAL_REPRESENTATION('',(#5774),#5778);
#5774 = LINE('',#5775,#5776);
#5775 = CARTESIAN_POINT('',(0.,-0.));
#5776 = VECTOR('',#5777,1.);
#5777 = DIRECTION('',(-0.,-1.));
#5778 = ( GEOMETRIC_REPRESENTATION_CONTEXT(2) 
PARAMETRIC_REPRESENTATION_CONTEXT() REPRESENTATION_CONTEXT('2D SPACE',''
  ) );
#5779 = PCURVE('',#4231,#5780);
#5780 = DEFINITIONAL_REPRESENTATION('',(#5781),#5785);
#5781 = LINE('',#5782,#5783);
#5782 = CARTESIAN_POINT('',(-3.454915346335,0.));
#5783 = VECTOR('',#5784,1.);
#5784 = DIRECTION('',(-0.,-1.));
#5785 = ( GEOMETRIC_REPRESENTATION_CONTEXT(2) 
PARAMETRIC_REPRESENTATION_CONTEXT() REPRESENTATION_CONTEXT('2D SPACE',''
  ) );
#5786 = ORIENTED_EDGE('',*,*,#4711,.F.);
#5787 = ORIENTED_EDGE('',*,*,#5788,.F.);
#5788 = EDGE_CURVE('',#5072,#4712,#5789,.T.);
#5789 = SURFACE_CURVE('',#5790,(#5794,#5801),.PCURVE_S1.);
#5790 = LINE('',#5791,#5792);
#5791 = CARTESIAN_POINT('',(-32.,8.255076571138,-56.88266684282));
#5792 = VECTOR('',#5793,1.);
#5793 = DIRECTION('',(-1.,-0.,-0.));
#5794 = PCURVE('',#3251,#5795);
#5795 = DEFINITIONAL_REPRESENTATION('',(#5796),#5800);
#5796 = LINE('',#5797,#5798);
#5797 = CARTESIAN_POINT('',(-3.514833517663,0.));
#5798 = VECTOR('',#5799,1.);
#5799 = DIRECTION('',(-0.,-1.));
#5800 = ( GEOMETRIC_REPRESENTATION_CONTEXT(2) 
PARAMETRIC_REPRESENTATION_CONTEXT() REPRESENTATION_CONTEXT('2D SPACE',''
  ) );
#5801 = PCURVE('',#4750,#5802);
#5802 = DEFINITIONAL_REPRESENTATION('',(#5803),#5807);
#5803 = LINE('',#5804,#5805);
#5804 = CARTESIAN_POINT('',(0.,-0.));
#5805 = VECTOR('',#5806,1.);
#5806 = DIRECTION('',(-0.,-1.));
#5807 = ( GEOMETRIC_REPRESENTATION_CONTEXT(2) 
PARAMETRIC_REPRESENTATION_CONTEXT() REPRESENTATION_CONTEXT('2D SPACE',''
  ) );
#5808 = ORIENTED_EDGE('',*,*,#5071,.F.);
#5809 = ORIENTED_EDGE('',*,*,#3235,.F.);
#5810 = ORIENTED_EDGE('',*,*,#5557,.T.);
#5811 = ADVANCED_FACE('',(#5812),#3400,.F.);
#5812 = FACE_BOUND('',#5813,.T.);
#5813 = EDGE_LOOP('',(#5814,#5835,#5836,#5857,#5858,#5859,#5860,#5881));
#5814 = ORIENTED_EDGE('',*,*,#5815,.F.);
#5815 = EDGE_CURVE('',#4435,#4903,#5816,.T.);
#5816 = SURFACE_CURVE('',#5817,(#5821,#5828),.PCURVE_S1.);
#5817 = LINE('',#5818,#5819);
#5818 = CARTESIAN_POINT('',(-32.,6.893692082141,-82.31699242873));
#5819 = VECTOR('',#5820,1.);
#5820 = DIRECTION('',(-1.,-0.,-0.));
#5821 = PCURVE('',#3400,#5822);
#5822 = DEFINITIONAL_REPRESENTATION('',(#5823),#5827);
#5823 = LINE('',#5824,#5825);
#5824 = CARTESIAN_POINT('',(-3.662929152071,0.));
#5825 = VECTOR('',#5826,1.);
#5826 = DIRECTION('',(-0.,-1.));
#5827 = ( GEOMETRIC_REPRESENTATION_CONTEXT(2) 
PARAMETRIC_REPRESENTATION_CONTEXT() REPRESENTATION_CONTEXT('2D SPACE',''
  ) );
#5828 = PCURVE('',#4473,#5829);
#5829 = DEFINITIONAL_REPRESENTATION('',(#5830),#5834);
#5830 = LINE('',#5831,#5832);
#5831 = CARTESIAN_POINT('',(0.,-0.));
#5832 = VECTOR('',#5833,1.);
#5833 = DIRECTION('',(-0.,-1.));
#5834 = ( GEOMETRIC_REPRESENTATION_CONTEXT(2) 
PARAMETRIC_REPRESENTATION_CONTEXT() REPRESENTATION_CONTEXT('2D SPACE',''
  ) );
#5835 = ORIENTED_EDGE('',*,*,#4434,.T.);
#5836 = ORIENTED_EDGE('',*,*,#5837,.T.);
#5837 = EDGE_CURVE('',#4407,#5696,#5838,.T.);
#5838 = SURFACE_CURVE('',#5839,(#5843,#5850),.PCURVE_S1.);
#5839 = LINE('',#5840,#5841);
#5840 = CARTESIAN_POINT('',(-32.,7.156687907998,-78.663516937));
#5841 = VECTOR('',#5842,1.);
#5842 = DIRECTION('',(-1.,-0.,-0.));
#5843 = PCURVE('',#3400,#5844);
#5844 = DEFINITIONAL_REPRESENTATION('',(#5845),#5849);
#5845 = LINE('',#5846,#5847);
#5846 = CARTESIAN_POINT('',(0.,-0.));
#5847 = VECTOR('',#5848,1.);
#5848 = DIRECTION('',(-0.,-1.));
#5849 = ( GEOMETRIC_REPRESENTATION_CONTEXT(2) 
PARAMETRIC_REPRESENTATION_CONTEXT() REPRESENTATION_CONTEXT('2D SPACE',''
  ) );
#5850 = PCURVE('',#4422,#5851);
#5851 = DEFINITIONAL_REPRESENTATION('',(#5852),#5856);
#5852 = LINE('',#5853,#5854);
#5853 = CARTESIAN_POINT('',(-3.671628313336,0.));
#5854 = VECTOR('',#5855,1.);
#5855 = DIRECTION('',(-0.,-1.));
#5856 = ( GEOMETRIC_REPRESENTATION_CONTEXT(2) 
PARAMETRIC_REPRESENTATION_CONTEXT() REPRESENTATION_CONTEXT('2D SPACE',''
  ) );
#5857 = ORIENTED_EDGE('',*,*,#5718,.T.);
#5858 = ORIENTED_EDGE('',*,*,#3384,.T.);
#5859 = ORIENTED_EDGE('',*,*,#5232,.F.);
#5860 = ORIENTED_EDGE('',*,*,#5861,.T.);
#5861 = EDGE_CURVE('',#5210,#4875,#5862,.T.);
#5862 = SURFACE_CURVE('',#5863,(#5867,#5874),.PCURVE_S1.);
#5863 = LINE('',#5864,#5865);
#5864 = CARTESIAN_POINT('',(-32.,7.156687907998,-78.663516937));
#5865 = VECTOR('',#5866,1.);
#5866 = DIRECTION('',(-1.,-0.,-0.));
#5867 = PCURVE('',#3400,#5868);
#5868 = DEFINITIONAL_REPRESENTATION('',(#5869),#5873);
#5869 = LINE('',#5870,#5871);
#5870 = CARTESIAN_POINT('',(0.,-0.));
#5871 = VECTOR('',#5872,1.);
#5872 = DIRECTION('',(-0.,-1.));
#5873 = ( GEOMETRIC_REPRESENTATION_CONTEXT(2) 
PARAMETRIC_REPRESENTATION_CONTEXT() REPRESENTATION_CONTEXT('2D SPACE',''
  ) );
#5874 = PCURVE('',#4890,#5875);
#5875 = DEFINITIONAL_REPRESENTATION('',(#5876),#5880);
#5876 = LINE('',#5877,#5878);
#5877 = CARTESIAN_POINT('',(-3.671628313336,0.));
#5878 = VECTOR('',#5879,1.);
#5879 = DIRECTION('',(-0.,-1.));
#5880 = ( GEOMETRIC_REPRESENTATION_CONTEXT(2) 
PARAMETRIC_REPRESENTATION_CONTEXT() REPRESENTATION_CONTEXT('2D SPACE',''
  ) );
#5881 = ORIENTED_EDGE('',*,*,#4902,.F.);
#5882 = ADVANCED_FACE('',(#5883),#3502,.F.);
#5883 = FACE_BOUND('',#5884,.T.);
#5884 = EDGE_LOOP('',(#5885,#5886,#5907,#5908));
#5885 = ORIENTED_EDGE('',*,*,#4569,.T.);
#5886 = ORIENTED_EDGE('',*,*,#5887,.T.);
#5887 = EDGE_CURVE('',#4542,#4995,#5888,.T.);
#5888 = SURFACE_CURVE('',#5889,(#5893,#5900),.PCURVE_S1.);
#5889 = LINE('',#5890,#5891);
#5890 = CARTESIAN_POINT('',(-32.,5.696065739691,-96.63118960624));
#5891 = VECTOR('',#5892,1.);
#5892 = DIRECTION('',(-1.,-0.,-0.));
#5893 = PCURVE('',#3502,#5894);
#5894 = DEFINITIONAL_REPRESENTATION('',(#5895),#5899);
#5895 = LINE('',#5896,#5897);
#5896 = CARTESIAN_POINT('',(0.,-0.));
#5897 = VECTOR('',#5898,1.);
#5898 = DIRECTION('',(-0.,-1.));
#5899 = ( GEOMETRIC_REPRESENTATION_CONTEXT(2) 
PARAMETRIC_REPRESENTATION_CONTEXT() REPRESENTATION_CONTEXT('2D SPACE',''
  ) );
#5900 = PCURVE('',#4557,#5901);
#5901 = DEFINITIONAL_REPRESENTATION('',(#5902),#5906);
#5902 = LINE('',#5903,#5904);
#5903 = CARTESIAN_POINT('',(-3.528111450573,0.));
#5904 = VECTOR('',#5905,1.);
#5905 = DIRECTION('',(-0.,-1.));
#5906 = ( GEOMETRIC_REPRESENTATION_CONTEXT(2) 
PARAMETRIC_REPRESENTATION_CONTEXT() REPRESENTATION_CONTEXT('2D SPACE',''
  ) );
#5907 = ORIENTED_EDGE('',*,*,#5017,.F.);
#5908 = ORIENTED_EDGE('',*,*,#3486,.T.);
#5909 = ADVANCED_FACE('',(#5910),#3655,.F.);
#5910 = FACE_BOUND('',#5911,.T.);
#5911 = EDGE_LOOP('',(#5912,#5935,#5963,#5984));
#5912 = ORIENTED_EDGE('',*,*,#5913,.F.);
#5913 = EDGE_CURVE('',#5914,#3638,#5916,.T.);
#5914 = VERTEX_POINT('',#5915);
#5915 = CARTESIAN_POINT('',(-134.,75.,-169.));
#5916 = SURFACE_CURVE('',#5917,(#5921,#5928),.PCURVE_S1.);
#5917 = LINE('',#5918,#5919);
#5918 = CARTESIAN_POINT('',(-134.,75.,-169.));
#5919 = VECTOR('',#5920,1.);
#5920 = DIRECTION('',(-0.,-0.,1.));
#5921 = PCURVE('',#3655,#5922);
#5922 = DEFINITIONAL_REPRESENTATION('',(#5923),#5927);
#5923 = LINE('',#5924,#5925);
#5924 = CARTESIAN_POINT('',(-0.,-0.));
#5925 = VECTOR('',#5926,1.);
#5926 = DIRECTION('',(-1.,-0.));
#5927 = ( GEOMETRIC_REPRESENTATION_CONTEXT(2) 
PARAMETRIC_REPRESENTATION_CONTEXT() REPRESENTATION_CONTEXT('2D SPACE',''
  ) );
#5928 = PCURVE('',#3683,#5929);
#5929 = DEFINITIONAL_REPRESENTATION('',(#5930),#5934);
#5930 = LINE('',#5931,#5932);
#5931 = CARTESIAN_POINT('',(-0.,-0.));
#5932 = VECTOR('',#5933,1.);
#5933 = DIRECTION('',(-1.,0.));
#5934 = ( GEOMETRIC_REPRESENTATION_CONTEXT(2) 
PARAMETRIC_REPRESENTATION_CONTEXT() REPRESENTATION_CONTEXT('2D SPACE',''
  ) );
#5935 = ORIENTED_EDGE('',*,*,#5936,.T.);
#5936 = EDGE_CURVE('',#5914,#5937,#5939,.T.);
#5937 = VERTEX_POINT('',#5938);
#5938 = CARTESIAN_POINT('',(-134.,91.,-169.));
#5939 = SURFACE_CURVE('',#5940,(#5944,#5951),.PCURVE_S1.);
#5940 = LINE('',#5941,#5942);
#5941 = CARTESIAN_POINT('',(-134.,75.,-169.));
#5942 = VECTOR('',#5943,1.);
#5943 = DIRECTION('',(-0.,1.,-0.));
#5944 = PCURVE('',#3655,#5945);
#5945 = DEFINITIONAL_REPRESENTATION('',(#5946),#5950);
#5946 = LINE('',#5947,#5948);
#5947 = CARTESIAN_POINT('',(-0.,-0.));
#5948 = VECTOR('',#5949,1.);
#5949 = DIRECTION('',(-0.,-1.));
#5950 = ( GEOMETRIC_REPRESENTATION_CONTEXT(2) 
PARAMETRIC_REPRESENTATION_CONTEXT() REPRESENTATION_CONTEXT('2D SPACE',''
  ) );
#5951 = PCURVE('',#5952,#5957);
#5952 = PLANE('',#5953);
#5953 = AXIS2_PLACEMENT_3D('',#5954,#5955,#5956);
#5954 = CARTESIAN_POINT('',(-134.,75.,-169.));
#5955 = DIRECTION('',(-0.,-0.,1.));
#5956 = DIRECTION('',(1.,0.,0.));
#5957 = DEFINITIONAL_REPRESENTATION('',(#5958),#5962);
#5958 = LINE('',#5959,#5960);
#5959 = CARTESIAN_POINT('',(0.,-0.));
#5960 = VECTOR('',#5961,1.);
#5961 = DIRECTION('',(-0.,1.));
#5962 = ( GEOMETRIC_REPRESENTATION_CONTEXT(2) 
PARAMETRIC_REPRESENTATION_CONTEXT() REPRESENTATION_CONTEXT('2D SPACE',''
  ) );
#5963 = ORIENTED_EDGE('',*,*,#5964,.T.);
#5964 = EDGE_CURVE('',#5937,#3640,#5965,.T.);
#5965 = SURFACE_CURVE('',#5966,(#5970,#5977),.PCURVE_S1.);
#5966 = LINE('',#5967,#5968);
#5967 = CARTESIAN_POINT('',(-134.,91.,-169.));
#5968 = VECTOR('',#5969,1.);
#5969 = DIRECTION('',(-0.,-0.,1.));
#5970 = PCURVE('',#3655,#5971);
#5971 = DEFINITIONAL_REPRESENTATION('',(#5972),#5976);
#5972 = LINE('',#5973,#5974);
#5973 = CARTESIAN_POINT('',(-0.,-16.));
#5974 = VECTOR('',#5975,1.);
#5975 = DIRECTION('',(-1.,-0.));
#5976 = ( GEOMETRIC_REPRESENTATION_CONTEXT(2) 
PARAMETRIC_REPRESENTATION_CONTEXT() REPRESENTATION_CONTEXT('2D SPACE',''
  ) );
#5977 = PCURVE('',#3737,#5978);
#5978 = DEFINITIONAL_REPRESENTATION('',(#5979),#5983);
#5979 = LINE('',#5980,#5981);
#5980 = CARTESIAN_POINT('',(-0.,-0.));
#5981 = VECTOR('',#5982,1.);
#5982 = DIRECTION('',(-1.,0.));
#5983 = ( GEOMETRIC_REPRESENTATION_CONTEXT(2) 
PARAMETRIC_REPRESENTATION_CONTEXT() REPRESENTATION_CONTEXT('2D SPACE',''
  ) );
#5984 = ORIENTED_EDGE('',*,*,#3637,.F.);
#5985 = ADVANCED_FACE('',(#5986),#3737,.T.);
#5986 = FACE_BOUND('',#5987,.F.);
#5987 = EDGE_LOOP('',(#5988,#6011,#6012,#6013));
#5988 = ORIENTED_EDGE('',*,*,#5989,.F.);
#5989 = EDGE_CURVE('',#5937,#5990,#5992,.T.);
#5990 = VERTEX_POINT('',#5991);
#5991 = CARTESIAN_POINT('',(-156.,91.,-169.));
#5992 = SURFACE_CURVE('',#5993,(#5997,#6004),.PCURVE_S1.);
#5993 = LINE('',#5994,#5995);
#5994 = CARTESIAN_POINT('',(-134.,91.,-169.));
#5995 = VECTOR('',#5996,1.);
#5996 = DIRECTION('',(-1.,-0.,-0.));
#5997 = PCURVE('',#3737,#5998);
#5998 = DEFINITIONAL_REPRESENTATION('',(#5999),#6003);
#5999 = LINE('',#6000,#6001);
#6000 = CARTESIAN_POINT('',(-0.,-0.));
#6001 = VECTOR('',#6002,1.);
#6002 = DIRECTION('',(-0.,1.));
#6003 = ( GEOMETRIC_REPRESENTATION_CONTEXT(2) 
PARAMETRIC_REPRESENTATION_CONTEXT() REPRESENTATION_CONTEXT('2D SPACE',''
  ) );
#6004 = PCURVE('',#5952,#6005);
#6005 = DEFINITIONAL_REPRESENTATION('',(#6006),#6010);
#6006 = LINE('',#6007,#6008);
#6007 = CARTESIAN_POINT('',(0.,16.));
#6008 = VECTOR('',#6009,1.);
#6009 = DIRECTION('',(-1.,0.));
#6010 = ( GEOMETRIC_REPRESENTATION_CONTEXT(2) 
PARAMETRIC_REPRESENTATION_CONTEXT() REPRESENTATION_CONTEXT('2D SPACE',''
  ) );
#6011 = ORIENTED_EDGE('',*,*,#5964,.T.);
#6012 = ORIENTED_EDGE('',*,*,#3723,.T.);
#6013 = ORIENTED_EDGE('',*,*,#6014,.F.);
#6014 = EDGE_CURVE('',#5990,#3696,#6015,.T.);
#6015 = SURFACE_CURVE('',#6016,(#6020,#6027),.PCURVE_S1.);
#6016 = LINE('',#6017,#6018);
#6017 = CARTESIAN_POINT('',(-156.,91.,-169.));
#6018 = VECTOR('',#6019,1.);
#6019 = DIRECTION('',(-0.,-0.,1.));
#6020 = PCURVE('',#3737,#6021);
#6021 = DEFINITIONAL_REPRESENTATION('',(#6022),#6026);
#6022 = LINE('',#6023,#6024);
#6023 = CARTESIAN_POINT('',(-0.,22.));
#6024 = VECTOR('',#6025,1.);
#6025 = DIRECTION('',(-1.,0.));
#6026 = ( GEOMETRIC_REPRESENTATION_CONTEXT(2) 
PARAMETRIC_REPRESENTATION_CONTEXT() REPRESENTATION_CONTEXT('2D SPACE',''
  ) );
#6027 = PCURVE('',#3711,#6028);
#6028 = DEFINITIONAL_REPRESENTATION('',(#6029),#6033);
#6029 = LINE('',#6030,#6031);
#6030 = CARTESIAN_POINT('',(-0.,-16.));
#6031 = VECTOR('',#6032,1.);
#6032 = DIRECTION('',(-1.,-0.));
#6033 = ( GEOMETRIC_REPRESENTATION_CONTEXT(2) 
PARAMETRIC_REPRESENTATION_CONTEXT() REPRESENTATION_CONTEXT('2D SPACE',''
  ) );
#6034 = ADVANCED_FACE('',(#6035),#3683,.F.);
#6035 = FACE_BOUND('',#6036,.T.);
#6036 = EDGE_LOOP('',(#6037,#6060,#6061,#6062));
#6037 = ORIENTED_EDGE('',*,*,#6038,.F.);
#6038 = EDGE_CURVE('',#5914,#6039,#6041,.T.);
#6039 = VERTEX_POINT('',#6040);
#6040 = CARTESIAN_POINT('',(-156.,75.,-169.));
#6041 = SURFACE_CURVE('',#6042,(#6046,#6053),.PCURVE_S1.);
#6042 = LINE('',#6043,#6044);
#6043 = CARTESIAN_POINT('',(-134.,75.,-169.));
#6044 = VECTOR('',#6045,1.);
#6045 = DIRECTION('',(-1.,-0.,-0.));
#6046 = PCURVE('',#3683,#6047);
#6047 = DEFINITIONAL_REPRESENTATION('',(#6048),#6052);
#6048 = LINE('',#6049,#6050);
#6049 = CARTESIAN_POINT('',(-0.,-0.));
#6050 = VECTOR('',#6051,1.);
#6051 = DIRECTION('',(-0.,1.));
#6052 = ( GEOMETRIC_REPRESENTATION_CONTEXT(2) 
PARAMETRIC_REPRESENTATION_CONTEXT() REPRESENTATION_CONTEXT('2D SPACE',''
  ) );
#6053 = PCURVE('',#5952,#6054);
#6054 = DEFINITIONAL_REPRESENTATION('',(#6055),#6059);
#6055 = LINE('',#6056,#6057);
#6056 = CARTESIAN_POINT('',(0.,-0.));
#6057 = VECTOR('',#6058,1.);
#6058 = DIRECTION('',(-1.,0.));
#6059 = ( GEOMETRIC_REPRESENTATION_CONTEXT(2) 
PARAMETRIC_REPRESENTATION_CONTEXT() REPRESENTATION_CONTEXT('2D SPACE',''
  ) );
#6060 = ORIENTED_EDGE('',*,*,#5913,.T.);
#6061 = ORIENTED_EDGE('',*,*,#3667,.T.);
#6062 = ORIENTED_EDGE('',*,*,#6063,.F.);
#6063 = EDGE_CURVE('',#6039,#3668,#6064,.T.);
#6064 = SURFACE_CURVE('',#6065,(#6069,#6076),.PCURVE_S1.);
#6065 = LINE('',#6066,#6067);
#6066 = CARTESIAN_POINT('',(-156.,75.,-169.));
#6067 = VECTOR('',#6068,1.);
#6068 = DIRECTION('',(-0.,-0.,1.));
#6069 = PCURVE('',#3683,#6070);
#6070 = DEFINITIONAL_REPRESENTATION('',(#6071),#6075);
#6071 = LINE('',#6072,#6073);
#6072 = CARTESIAN_POINT('',(-0.,22.));
#6073 = VECTOR('',#6074,1.);
#6074 = DIRECTION('',(-1.,0.));
#6075 = ( GEOMETRIC_REPRESENTATION_CONTEXT(2) 
PARAMETRIC_REPRESENTATION_CONTEXT() REPRESENTATION_CONTEXT('2D SPACE',''
  ) );
#6076 = PCURVE('',#3711,#6077);
#6077 = DEFINITIONAL_REPRESENTATION('',(#6078),#6082);
#6078 = LINE('',#6079,#6080);
#6079 = CARTESIAN_POINT('',(-0.,-0.));
#6080 = VECTOR('',#6081,1.);
#6081 = DIRECTION('',(-1.,-0.));
#6082 = ( GEOMETRIC_REPRESENTATION_CONTEXT(2) 
PARAMETRIC_REPRESENTATION_CONTEXT() REPRESENTATION_CONTEXT('2D SPACE',''
  ) );
#6083 = ADVANCED_FACE('',(#6084),#3711,.T.);
#6084 = FACE_BOUND('',#6085,.F.);
#6085 = EDGE_LOOP('',(#6086,#6087,#6108,#6109));
#6086 = ORIENTED_EDGE('',*,*,#6063,.F.);
#6087 = ORIENTED_EDGE('',*,*,#6088,.T.);
#6088 = EDGE_CURVE('',#6039,#5990,#6089,.T.);
#6089 = SURFACE_CURVE('',#6090,(#6094,#6101),.PCURVE_S1.);
#6090 = LINE('',#6091,#6092);
#6091 = CARTESIAN_POINT('',(-156.,75.,-169.));
#6092 = VECTOR('',#6093,1.);
#6093 = DIRECTION('',(-0.,1.,-0.));
#6094 = PCURVE('',#3711,#6095);
#6095 = DEFINITIONAL_REPRESENTATION('',(#6096),#6100);
#6096 = LINE('',#6097,#6098);
#6097 = CARTESIAN_POINT('',(-0.,-0.));
#6098 = VECTOR('',#6099,1.);
#6099 = DIRECTION('',(-0.,-1.));
#6100 = ( GEOMETRIC_REPRESENTATION_CONTEXT(2) 
PARAMETRIC_REPRESENTATION_CONTEXT() REPRESENTATION_CONTEXT('2D SPACE',''
  ) );
#6101 = PCURVE('',#5952,#6102);
#6102 = DEFINITIONAL_REPRESENTATION('',(#6103),#6107);
#6103 = LINE('',#6104,#6105);
#6104 = CARTESIAN_POINT('',(-22.,0.));
#6105 = VECTOR('',#6106,1.);
#6106 = DIRECTION('',(-0.,1.));
#6107 = ( GEOMETRIC_REPRESENTATION_CONTEXT(2) 
PARAMETRIC_REPRESENTATION_CONTEXT() REPRESENTATION_CONTEXT('2D SPACE',''
  ) );
#6108 = ORIENTED_EDGE('',*,*,#6014,.T.);
#6109 = ORIENTED_EDGE('',*,*,#3695,.F.);
#6110 = ADVANCED_FACE('',(#6111),#3829,.F.);
#6111 = FACE_BOUND('',#6112,.T.);
#6112 = EDGE_LOOP('',(#6113,#6136,#6177,#6209,#6257,#6258));
#6113 = ORIENTED_EDGE('',*,*,#6114,.T.);
#6114 = EDGE_CURVE('',#3809,#6115,#6117,.T.);
#6115 = VERTEX_POINT('',#6116);
#6116 = CARTESIAN_POINT('',(-139.7,6.446485437454,-88.));
#6117 = SEAM_CURVE('',#6118,(#6122,#6129),.PCURVE_S1.);
#6118 = LINE('',#6119,#6120);
#6119 = CARTESIAN_POINT('',(-139.7,23.,-88.));
#6120 = VECTOR('',#6121,1.);
#6121 = DIRECTION('',(-0.,-1.,-0.));
#6122 = PCURVE('',#3829,#6123);
#6123 = DEFINITIONAL_REPRESENTATION('',(#6124),#6128);
#6124 = LINE('',#6125,#6126);
#6125 = CARTESIAN_POINT('',(4.138911435803E-13,-0.));
#6126 = VECTOR('',#6127,1.);
#6127 = DIRECTION('',(-0.,-1.));
#6128 = ( GEOMETRIC_REPRESENTATION_CONTEXT(2) 
PARAMETRIC_REPRESENTATION_CONTEXT() REPRESENTATION_CONTEXT('2D SPACE',''
  ) );
#6129 = PCURVE('',#3829,#6130);
#6130 = DEFINITIONAL_REPRESENTATION('',(#6131),#6135);
#6131 = LINE('',#6132,#6133);
#6132 = CARTESIAN_POINT('',(-6.28318530718,0.));
#6133 = VECTOR('',#6134,1.);
#6134 = DIRECTION('',(-0.,-1.));
#6135 = ( GEOMETRIC_REPRESENTATION_CONTEXT(2) 
PARAMETRIC_REPRESENTATION_CONTEXT() REPRESENTATION_CONTEXT('2D SPACE',''
  ) );
#6136 = ORIENTED_EDGE('',*,*,#6137,.T.);
#6137 = EDGE_CURVE('',#6115,#6138,#6140,.T.);
#6138 = VERTEX_POINT('',#6139);
#6139 = CARTESIAN_POINT('',(-138.6896727576,6.319565682663,
    -89.55381835724));
#6140 = SURFACE_CURVE('',#6141,(#6146,#6166),.PCURVE_S1.);
#6141 = ELLIPSE('',#6142,1.705661796789,1.7);
#6142 = AXIS2_PLACEMENT_3D('',#6143,#6144,#6145);
#6143 = CARTESIAN_POINT('',(-138.,6.446485437454,-88.));
#6144 = DIRECTION('',(0.,-0.996680586503,8.141135355662E-02));
#6145 = DIRECTION('',(-0.,8.141135355662E-02,0.996680586503));
#6146 = PCURVE('',#3829,#6147);
#6147 = DEFINITIONAL_REPRESENTATION('',(#6148),#6165);
#6148 = B_SPLINE_CURVE_WITH_KNOTS('',8,(#6149,#6150,#6151,#6152,#6153,
    #6154,#6155,#6156,#6157,#6158,#6159,#6160,#6161,#6162,#6163,#6164),
  .UNSPECIFIED.,.F.,.F.,(9,7,9),(1.570796326795,4.712388980385,
    7.853981633974),.UNSPECIFIED.);
#6149 = CARTESIAN_POINT('',(4.138911435803E-13,-16.55351456254));
#6150 = CARTESIAN_POINT('',(-0.392699081699,-16.60804484954));
#6151 = CARTESIAN_POINT('',(-0.785398163397,-16.66257557134));
#6152 = CARTESIAN_POINT('',(-1.178097245096,-16.70428752423));
#6153 = CARTESIAN_POINT('',(-1.570796326798,-16.72039659178));
#6154 = CARTESIAN_POINT('',(-1.963495408496,-16.70428752424));
#6155 = CARTESIAN_POINT('',(-2.356194490192,-16.66257557134));
#6156 = CARTESIAN_POINT('',(-2.748893571891,-16.60804484954));
#6157 = CARTESIAN_POINT('',(-3.534291735289,-16.49898427554));
#6158 = CARTESIAN_POINT('',(-3.926990816986,-16.44445355374));
#6159 = CARTESIAN_POINT('',(-4.319689898667,-16.4027416008));
#6160 = CARTESIAN_POINT('',(-4.712388980385,-16.38663253324));
#6161 = CARTESIAN_POINT('',(-5.105088062057,-16.40274160081));
#6162 = CARTESIAN_POINT('',(-5.497787143783,-16.44445355375));
#6163 = CARTESIAN_POINT('',(-5.890486225481,-16.49898427554));
#6164 = CARTESIAN_POINT('',(-6.28318530718,-16.55351456254));
#6165 = ( GEOMETRIC_REPRESENTATION_CONTEXT(2) 
PARAMETRIC_REPRESENTATION_CONTEXT() REPRESENTATION_CONTEXT('2D SPACE',''
  ) );
#6166 = PCURVE('',#4501,#6167);
#6167 = DEFINITIONAL_REPRESENTATION('',(#6168),#6176);
#6168 = ( BOUNDED_CURVE() B_SPLINE_CURVE(2,(#6169,#6170,#6171,#6172,
#6173,#6174,#6175),.UNSPECIFIED.,.T.,.F.) B_SPLINE_CURVE_WITH_KNOTS((1,2
    ,2,2,2,1),(-2.094395102393,0.,2.094395102393,4.188790204786,
6.28318530718,8.377580409573),.UNSPECIFIED.) CURVE() 
GEOMETRIC_REPRESENTATION_ITEM() RATIONAL_B_SPLINE_CURVE((1.,0.5,1.,0.5,
1.,0.5,1.)) REPRESENTATION_ITEM('') );
#6169 = CARTESIAN_POINT('',(-0.350751737241,-106.));
#6170 = CARTESIAN_POINT('',(-0.350751737241,-108.9444863728));
#6171 = CARTESIAN_POINT('',(-2.909244432425,-107.4722431864));
#6172 = CARTESIAN_POINT('',(-5.467737127608,-106.));
#6173 = CARTESIAN_POINT('',(-2.909244432425,-104.5277568135));
#6174 = CARTESIAN_POINT('',(-0.350751737241,-103.0555136271));
#6175 = CARTESIAN_POINT('',(-0.350751737241,-106.));
#6176 = ( GEOMETRIC_REPRESENTATION_CONTEXT(2) 
PARAMETRIC_REPRESENTATION_CONTEXT() REPRESENTATION_CONTEXT('2D SPACE',''
  ) );
#6177 = ORIENTED_EDGE('',*,*,#6178,.T.);
#6178 = EDGE_CURVE('',#6138,#6179,#6181,.T.);
#6179 = VERTEX_POINT('',#6180);
#6180 = CARTESIAN_POINT('',(-137.3103272423,6.319565682663,
    -89.55381835724));
#6181 = SURFACE_CURVE('',#6182,(#6187,#6198),.PCURVE_S1.);
#6182 = ELLIPSE('',#6183,1.70628338044,1.7);
#6183 = AXIS2_PLACEMENT_3D('',#6184,#6185,#6186);
#6184 = CARTESIAN_POINT('',(-138.,6.453283226985,-88.));
#6185 = DIRECTION('',(0.,-0.996317504752,8.574047891733E-02));
#6186 = DIRECTION('',(-0.,8.574047891733E-02,0.996317504752));
#6187 = PCURVE('',#3829,#6188);
#6188 = DEFINITIONAL_REPRESENTATION('',(#6189),#6197);
#6189 = B_SPLINE_CURVE_WITH_KNOTS('',6,(#6190,#6191,#6192,#6193,#6194,
    #6195,#6196),.UNSPECIFIED.,.F.,.F.,(7,7),(2.352362937852,
    3.930822369328),.PIECEWISE_BEZIER_KNOTS.);
#6190 = CARTESIAN_POINT('',(-0.781566611057,-16.64976764088));
#6191 = CARTESIAN_POINT('',(-1.04464318297,-16.67708645885));
#6192 = CARTESIAN_POINT('',(-1.307719754883,-16.6958464971));
#6193 = CARTESIAN_POINT('',(-1.570796326795,-16.70264741523));
#6194 = CARTESIAN_POINT('',(-1.833872898708,-16.6958464971));
#6195 = CARTESIAN_POINT('',(-2.096949470621,-16.67708645885));
#6196 = CARTESIAN_POINT('',(-2.360026042534,-16.64976764088));
#6197 = ( GEOMETRIC_REPRESENTATION_CONTEXT(2) 
PARAMETRIC_REPRESENTATION_CONTEXT() REPRESENTATION_CONTEXT('2D SPACE',''
  ) );
#6198 = PCURVE('',#4529,#6199);
#6199 = DEFINITIONAL_REPRESENTATION('',(#6200),#6208);
#6200 = ( BOUNDED_CURVE() B_SPLINE_CURVE(2,(#6201,#6202,#6203,#6204,
#6205,#6206,#6207),.UNSPECIFIED.,.T.,.F.) B_SPLINE_CURVE_WITH_KNOTS((1,2
    ,2,2,2,1),(-2.094395102393,0.,2.094395102393,4.188790204786,
6.28318530718,8.377580409573),.UNSPECIFIED.) CURVE() 
GEOMETRIC_REPRESENTATION_ITEM() RATIONAL_B_SPLINE_CURVE((1.,0.5,1.,0.5,
1.,0.5,1.)) REPRESENTATION_ITEM('') );
#6201 = CARTESIAN_POINT('',(3.265844815253,-106.));
#6202 = CARTESIAN_POINT('',(3.265844815253,-108.9444863728));
#6203 = CARTESIAN_POINT('',(0.706419744593,-107.4722431864));
#6204 = CARTESIAN_POINT('',(-1.853005326067,-106.));
#6205 = CARTESIAN_POINT('',(0.706419744593,-104.5277568135));
#6206 = CARTESIAN_POINT('',(3.265844815253,-103.0555136271));
#6207 = CARTESIAN_POINT('',(3.265844815253,-106.));
#6208 = ( GEOMETRIC_REPRESENTATION_CONTEXT(2) 
PARAMETRIC_REPRESENTATION_CONTEXT() REPRESENTATION_CONTEXT('2D SPACE',''
  ) );
#6209 = ORIENTED_EDGE('',*,*,#6210,.T.);
#6210 = EDGE_CURVE('',#6179,#6115,#6211,.T.);
#6211 = SURFACE_CURVE('',#6212,(#6217,#6246),.PCURVE_S1.);
#6212 = ELLIPSE('',#6213,1.705661796789,1.7);
#6213 = AXIS2_PLACEMENT_3D('',#6214,#6215,#6216);
#6214 = CARTESIAN_POINT('',(-138.,6.446485437454,-88.));
#6215 = DIRECTION('',(0.,-0.996680586503,8.141135355662E-02));
#6216 = DIRECTION('',(-0.,8.141135355662E-02,0.996680586503));
#6217 = PCURVE('',#3829,#6218);
#6218 = DEFINITIONAL_REPRESENTATION('',(#6219),#6245);
#6219 = B_SPLINE_CURVE_WITH_KNOTS('',3,(#6220,#6221,#6222,#6223,#6224,
    #6225,#6226,#6227,#6228,#6229,#6230,#6231,#6232,#6233,#6234,#6235,
    #6236,#6237,#6238,#6239,#6240,#6241,#6242,#6243,#6244),
  .UNSPECIFIED.,.F.,.F.,(4,1,1,1,1,1,1,1,1,1,1,1,1,1,1,1,1,1,1,1,1,1,4),
  (3.55932611645,3.754537730883,3.949749345316,4.144960959748,
    4.340172574181,4.535384188614,4.730595803047,4.92580741748,
    5.121019031913,5.316230646346,5.511442260779,5.706653875212,
    5.901865489645,6.097077104078,6.292288718511,6.487500332944,
    6.682711947377,6.87792356181,7.073135176243,7.268346790676,
    7.463558405109,7.658770019542,7.853981633974),
  .QUASI_UNIFORM_KNOTS.);
#6220 = CARTESIAN_POINT('',(-1.988529789655,-16.68043431733));
#6221 = CARTESIAN_POINT('',(-2.053600327799,-16.67678192145));
#6222 = CARTESIAN_POINT('',(-2.183741404088,-16.66781383205));
#6223 = CARTESIAN_POINT('',(-2.378953018521,-16.65005656344));
#6224 = CARTESIAN_POINT('',(-2.574164632954,-16.62862214279));
#6225 = CARTESIAN_POINT('',(-2.769376247387,-16.60433726839));
#6226 = CARTESIAN_POINT('',(-2.96458786182,-16.57812110008));
#6227 = CARTESIAN_POINT('',(-3.159799476252,-16.55097039959));
#6228 = CARTESIAN_POINT('',(-3.355011090685,-16.52391629276));
#6229 = CARTESIAN_POINT('',(-3.550222705118,-16.49798654049));
#6230 = CARTESIAN_POINT('',(-3.745434319551,-16.47416611158));
#6231 = CARTESIAN_POINT('',(-3.940645933984,-16.45335987043));
#6232 = CARTESIAN_POINT('',(-4.135857548417,-16.43635817652));
#6233 = CARTESIAN_POINT('',(-4.33106916285,-16.4238068686));
#6234 = CARTESIAN_POINT('',(-4.526280777283,-16.4161827296));
#6235 = CARTESIAN_POINT('',(-4.721492391716,-16.41377537517));
#6236 = CARTESIAN_POINT('',(-4.916704006149,-16.41667625414));
#6237 = CARTESIAN_POINT('',(-5.111915620582,-16.42477516653));
#6238 = CARTESIAN_POINT('',(-5.307127235015,-16.43776448046));
#6239 = CARTESIAN_POINT('',(-5.502338849448,-16.45515070304));
#6240 = CARTESIAN_POINT('',(-5.697550463881,-16.47627365586));
#6241 = CARTESIAN_POINT('',(-5.892762078314,-16.50032995081));
#6242 = CARTESIAN_POINT('',(-6.087973692747,-16.52640948764));
#6243 = CARTESIAN_POINT('',(-6.218114769035,-16.54447496909));
#6244 = CARTESIAN_POINT('',(-6.28318530718,-16.55351456254));
#6245 = ( GEOMETRIC_REPRESENTATION_CONTEXT(2) 
PARAMETRIC_REPRESENTATION_CONTEXT() REPRESENTATION_CONTEXT('2D SPACE',''
  ) );
#6246 = PCURVE('',#4501,#6247);
#6247 = DEFINITIONAL_REPRESENTATION('',(#6248),#6256);
#6248 = ( BOUNDED_CURVE() B_SPLINE_CURVE(2,(#6249,#6250,#6251,#6252,
#6253,#6254,#6255),.UNSPECIFIED.,.T.,.F.) B_SPLINE_CURVE_WITH_KNOTS((1,2
    ,2,2,2,1),(-2.094395102393,0.,2.094395102393,4.188790204786,
6.28318530718,8.377580409573),.UNSPECIFIED.) CURVE() 
GEOMETRIC_REPRESENTATION_ITEM() RATIONAL_B_SPLINE_CURVE((1.,0.5,1.,0.5,
1.,0.5,1.)) REPRESENTATION_ITEM('') );
#6249 = CARTESIAN_POINT('',(-0.350751737241,-106.));
#6250 = CARTESIAN_POINT('',(-0.350751737241,-108.9444863728));
#6251 = CARTESIAN_POINT('',(-2.909244432425,-107.4722431864));
#6252 = CARTESIAN_POINT('',(-5.467737127608,-106.));
#6253 = CARTESIAN_POINT('',(-2.909244432425,-104.5277568135));
#6254 = CARTESIAN_POINT('',(-0.350751737241,-103.0555136271));
#6255 = CARTESIAN_POINT('',(-0.350751737241,-106.));
#6256 = ( GEOMETRIC_REPRESENTATION_CONTEXT(2) 
PARAMETRIC_REPRESENTATION_CONTEXT() REPRESENTATION_CONTEXT('2D SPACE',''
  ) );
#6257 = ORIENTED_EDGE('',*,*,#6114,.F.);
#6258 = ORIENTED_EDGE('',*,*,#3808,.F.);
#6259 = ADVANCED_FACE('',(#6260),#3864,.F.);
#6260 = FACE_BOUND('',#6261,.T.);
#6261 = EDGE_LOOP('',(#6262,#6285,#6326,#6358,#6406,#6407));
#6262 = ORIENTED_EDGE('',*,*,#6263,.T.);
#6263 = EDGE_CURVE('',#3844,#6264,#6266,.T.);
#6264 = VERTEX_POINT('',#6265);
#6265 = CARTESIAN_POINT('',(-139.7,8.394768624342,-48.));
#6266 = SEAM_CURVE('',#6267,(#6271,#6278),.PCURVE_S1.);
#6267 = LINE('',#6268,#6269);
#6268 = CARTESIAN_POINT('',(-139.7,23.,-48.));
#6269 = VECTOR('',#6270,1.);
#6270 = DIRECTION('',(-0.,-1.,-0.));
#6271 = PCURVE('',#3864,#6272);
#6272 = DEFINITIONAL_REPRESENTATION('',(#6273),#6277);
#6273 = LINE('',#6274,#6275);
#6274 = CARTESIAN_POINT('',(4.138911435803E-13,-0.));
#6275 = VECTOR('',#6276,1.);
#6276 = DIRECTION('',(-0.,-1.));
#6277 = ( GEOMETRIC_REPRESENTATION_CONTEXT(2) 
PARAMETRIC_REPRESENTATION_CONTEXT() REPRESENTATION_CONTEXT('2D SPACE',''
  ) );
#6278 = PCURVE('',#3864,#6279);
#6279 = DEFINITIONAL_REPRESENTATION('',(#6280),#6284);
#6280 = LINE('',#6281,#6282);
#6281 = CARTESIAN_POINT('',(-6.28318530718,0.));
#6282 = VECTOR('',#6283,1.);
#6283 = DIRECTION('',(-0.,-1.));
#6284 = ( GEOMETRIC_REPRESENTATION_CONTEXT(2) 
PARAMETRIC_REPRESENTATION_CONTEXT() REPRESENTATION_CONTEXT('2D SPACE',''
  ) );
#6285 = ORIENTED_EDGE('',*,*,#6286,.T.);
#6286 = EDGE_CURVE('',#6264,#6287,#6289,.T.);
#6287 = VERTEX_POINT('',#6288);
#6288 = CARTESIAN_POINT('',(-137.1488264538,8.400727768418,
    -46.52843498469));
#6289 = SURFACE_CURVE('',#6290,(#6295,#6315),.PCURVE_S1.);
#6290 = ELLIPSE('',#6291,1.70001393882,1.7);
#6291 = AXIS2_PLACEMENT_3D('',#6292,#6293,#6294);
#6292 = CARTESIAN_POINT('',(-138.,8.394768624342,-48.));
#6293 = DIRECTION('',(0.,-0.999991800761,4.04949503044E-03));
#6294 = DIRECTION('',(-0.,4.04949503044E-03,0.999991800761));
#6295 = PCURVE('',#3864,#6296);
#6296 = DEFINITIONAL_REPRESENTATION('',(#6297),#6314);
#6297 = B_SPLINE_CURVE_WITH_KNOTS('',8,(#6298,#6299,#6300,#6301,#6302,
    #6303,#6304,#6305,#6306,#6307,#6308,#6309,#6310,#6311,#6312,#6313),
  .UNSPECIFIED.,.F.,.F.,(9,7,9),(1.570796326795,4.712388980385,
    7.853981633974),.UNSPECIFIED.);
#6298 = CARTESIAN_POINT('',(4.138911435803E-13,-14.60523137565));
#6299 = CARTESIAN_POINT('',(-0.392699081699,-14.60793479389));
#6300 = CARTESIAN_POINT('',(-0.785398163396,-14.61063823366));
#6301 = CARTESIAN_POINT('',(-1.178097245103,-14.61270616433));
#6302 = CARTESIAN_POINT('',(-1.570796326776,-14.61350479474));
#6303 = CARTESIAN_POINT('',(-1.9634954085,-14.61270616434));
#6304 = CARTESIAN_POINT('',(-2.35619449019,-14.61063823366));
#6305 = CARTESIAN_POINT('',(-2.748893571891,-14.60793479389));
#6306 = CARTESIAN_POINT('',(-3.534291735289,-14.60252795742));
#6307 = CARTESIAN_POINT('',(-3.926990816984,-14.59982451762));
#6308 = CARTESIAN_POINT('',(-4.319689898674,-14.59775658696));
#6309 = CARTESIAN_POINT('',(-4.712388980385,-14.59695795645));
#6310 = CARTESIAN_POINT('',(-5.105088062065,-14.59775658694));
#6311 = CARTESIAN_POINT('',(-5.497787143781,-14.59982451763));
#6312 = CARTESIAN_POINT('',(-5.890486225481,-14.60252795742));
#6313 = CARTESIAN_POINT('',(-6.28318530718,-14.60523137565));
#6314 = ( GEOMETRIC_REPRESENTATION_CONTEXT(2) 
PARAMETRIC_REPRESENTATION_CONTEXT() REPRESENTATION_CONTEXT('2D SPACE',''
  ) );
#6315 = PCURVE('',#4203,#6316);
#6316 = DEFINITIONAL_REPRESENTATION('',(#6317),#6325);
#6317 = ( BOUNDED_CURVE() B_SPLINE_CURVE(2,(#6318,#6319,#6320,#6321,
#6322,#6323,#6324),.UNSPECIFIED.,.T.,.F.) B_SPLINE_CURVE_WITH_KNOTS((1,2
    ,2,2,2,1),(-2.094395102393,0.,2.094395102393,4.188790204786,
6.28318530718,8.377580409573),.UNSPECIFIED.) CURVE() 
GEOMETRIC_REPRESENTATION_ITEM() RATIONAL_B_SPLINE_CURVE((1.,0.5,1.,0.5,
1.,0.5,1.)) REPRESENTATION_ITEM('') );
#6318 = CARTESIAN_POINT('',(0.228436857698,-106.));
#6319 = CARTESIAN_POINT('',(0.228436857698,-108.9444863728));
#6320 = CARTESIAN_POINT('',(-2.321584050532,-107.4722431864));
#6321 = CARTESIAN_POINT('',(-4.871604958762,-106.));
#6322 = CARTESIAN_POINT('',(-2.321584050532,-104.5277568135));
#6323 = CARTESIAN_POINT('',(0.228436857698,-103.0555136271));
#6324 = CARTESIAN_POINT('',(0.228436857698,-106.));
#6325 = ( GEOMETRIC_REPRESENTATION_CONTEXT(2) 
PARAMETRIC_REPRESENTATION_CONTEXT() REPRESENTATION_CONTEXT('2D SPACE',''
  ) );
#6326 = ORIENTED_EDGE('',*,*,#6327,.T.);
#6327 = EDGE_CURVE('',#6287,#6328,#6330,.T.);
#6328 = VERTEX_POINT('',#6329);
#6329 = CARTESIAN_POINT('',(-138.8511735461,8.400727768418,
    -46.52843498469));
#6330 = SURFACE_CURVE('',#6331,(#6336,#6347),.PCURVE_S1.);
#6331 = ELLIPSE('',#6332,1.700040988752,1.7);
#6332 = AXIS2_PLACEMENT_3D('',#6333,#6334,#6335);
#6333 = CARTESIAN_POINT('',(-138.,8.410946687453,-48.));
#6334 = DIRECTION('',(-0.,-0.999975889551,-6.944085069563E-03));
#6335 = DIRECTION('',(-0.,6.944085069563E-03,-0.999975889551));
#6336 = PCURVE('',#3864,#6337);
#6337 = DEFINITIONAL_REPRESENTATION('',(#6338),#6346);
#6338 = B_SPLINE_CURVE_WITH_KNOTS('',6,(#6339,#6340,#6341,#6342,#6343,
    #6344,#6345),.UNSPECIFIED.,.F.,.F.,(7,7),(2.306422819662,
    3.976762487518),.PIECEWISE_BEZIER_KNOTS.);
#6339 = CARTESIAN_POINT('',(-3.877219146457,-14.59697523259));
#6340 = CARTESIAN_POINT('',(-4.1556090911,-14.59941184637));
#6341 = CARTESIAN_POINT('',(-4.433999035742,-14.60111167604));
#6342 = CARTESIAN_POINT('',(-4.712388980385,-14.60173518265));
#6343 = CARTESIAN_POINT('',(-4.990778925028,-14.60111167604));
#6344 = CARTESIAN_POINT('',(-5.26916886967,-14.59941184637));
#6345 = CARTESIAN_POINT('',(-5.547558814313,-14.59697523259));
#6346 = ( GEOMETRIC_REPRESENTATION_CONTEXT(2) 
PARAMETRIC_REPRESENTATION_CONTEXT() REPRESENTATION_CONTEXT('2D SPACE',''
  ) );
#6347 = PCURVE('',#4175,#6348);
#6348 = DEFINITIONAL_REPRESENTATION('',(#6349),#6357);
#6349 = ( BOUNDED_CURVE() B_SPLINE_CURVE(2,(#6350,#6351,#6352,#6353,
#6354,#6355,#6356),.UNSPECIFIED.,.T.,.F.) B_SPLINE_CURVE_WITH_KNOTS((1,2
    ,2,2,2,1),(-2.094395102393,0.,2.094395102393,4.188790204786,
6.28318530718,8.377580409573),.UNSPECIFIED.) CURVE() 
GEOMETRIC_REPRESENTATION_ITEM() RATIONAL_B_SPLINE_CURVE((1.,0.5,1.,0.5,
1.,0.5,1.)) REPRESENTATION_ITEM('') );
#6350 = CARTESIAN_POINT('',(-6.479491205215,-106.));
#6351 = CARTESIAN_POINT('',(-6.479491205215,-103.0555136271));
#6352 = CARTESIAN_POINT('',(-3.929429722087,-104.5277568135));
#6353 = CARTESIAN_POINT('',(-1.379368238959,-106.));
#6354 = CARTESIAN_POINT('',(-3.929429722087,-107.4722431864));
#6355 = CARTESIAN_POINT('',(-6.479491205215,-108.9444863728));
#6356 = CARTESIAN_POINT('',(-6.479491205215,-106.));
#6357 = ( GEOMETRIC_REPRESENTATION_CONTEXT(2) 
PARAMETRIC_REPRESENTATION_CONTEXT() REPRESENTATION_CONTEXT('2D SPACE',''
  ) );
#6358 = ORIENTED_EDGE('',*,*,#6359,.T.);
#6359 = EDGE_CURVE('',#6328,#6264,#6360,.T.);
#6360 = SURFACE_CURVE('',#6361,(#6366,#6395),.PCURVE_S1.);
#6361 = ELLIPSE('',#6362,1.70001393882,1.7);
#6362 = AXIS2_PLACEMENT_3D('',#6363,#6364,#6365);
#6363 = CARTESIAN_POINT('',(-138.,8.394768624342,-48.));
#6364 = DIRECTION('',(0.,-0.999991800761,4.04949503044E-03));
#6365 = DIRECTION('',(-0.,4.04949503044E-03,0.999991800761));
#6366 = PCURVE('',#3864,#6367);
#6367 = DEFINITIONAL_REPRESENTATION('',(#6368),#6394);
#6368 = B_SPLINE_CURVE_WITH_KNOTS('',3,(#6369,#6370,#6371,#6372,#6373,
    #6374,#6375,#6376,#6377,#6378,#6379,#6380,#6381,#6382,#6383,#6384,
    #6385,#6386,#6387,#6388,#6389,#6390,#6391,#6392,#6393),
  .UNSPECIFIED.,.F.,.F.,(4,1,1,1,1,1,1,1,1,1,1,1,1,1,1,1,1,1,1,1,1,1,4),
  (0.524396073545,0.57195972142,0.619523369295,0.66708701717,
    0.714650665045,0.76221431292,0.809777960795,0.85734160867,
    0.904905256545,0.95246890442,1.000032552295,1.04759620017,
    1.095159848045,1.14272349592,1.190287143795,1.23785079167,
    1.285414439545,1.33297808742,1.380541735295,1.42810538317,
    1.475669031045,1.52323267892,1.570796326795),.QUASI_UNIFORM_KNOTS.);
#6369 = CARTESIAN_POINT('',(-5.23678505393,-14.59927223158));
#6370 = CARTESIAN_POINT('',(-5.252639603222,-14.5993268774));
#6371 = CARTESIAN_POINT('',(-5.284348701805,-14.59944067217));
#6372 = CARTESIAN_POINT('',(-5.33191234968,-14.59962445535));
#6373 = CARTESIAN_POINT('',(-5.379475997555,-14.5998209225));
#6374 = CARTESIAN_POINT('',(-5.42703964543,-14.60002962693));
#6375 = CARTESIAN_POINT('',(-5.474603293305,-14.60025009719));
#6376 = CARTESIAN_POINT('',(-5.52216694118,-14.60048183444));
#6377 = CARTESIAN_POINT('',(-5.569730589055,-14.60072431457));
#6378 = CARTESIAN_POINT('',(-5.61729423693,-14.60097698909));
#6379 = CARTESIAN_POINT('',(-5.664857884805,-14.60123928651));
#6380 = CARTESIAN_POINT('',(-5.71242153268,-14.60151061353));
#6381 = CARTESIAN_POINT('',(-5.759985180555,-14.60179035644));
#6382 = CARTESIAN_POINT('',(-5.80754882843,-14.6020778825));
#6383 = CARTESIAN_POINT('',(-5.855112476305,-14.60237254137));
#6384 = CARTESIAN_POINT('',(-5.90267612418,-14.60267366657));
#6385 = CARTESIAN_POINT('',(-5.950239772055,-14.60298057697));
#6386 = CARTESIAN_POINT('',(-5.99780341993,-14.60329257841));
#6387 = CARTESIAN_POINT('',(-6.045367067805,-14.60360896516));
#6388 = CARTESIAN_POINT('',(-6.09293071568,-14.60392902159));
#6389 = CARTESIAN_POINT('',(-6.140494363555,-14.60425202379));
#6390 = CARTESIAN_POINT('',(-6.18805801143,-14.60457724113));
#6391 = CARTESIAN_POINT('',(-6.235621659305,-14.60490393817));
#6392 = CARTESIAN_POINT('',(-6.267330757888,-14.60512222963));
#6393 = CARTESIAN_POINT('',(-6.28318530718,-14.60523137565));
#6394 = ( GEOMETRIC_REPRESENTATION_CONTEXT(2) 
PARAMETRIC_REPRESENTATION_CONTEXT() REPRESENTATION_CONTEXT('2D SPACE',''
  ) );
#6395 = PCURVE('',#4203,#6396);
#6396 = DEFINITIONAL_REPRESENTATION('',(#6397),#6405);
#6397 = ( BOUNDED_CURVE() B_SPLINE_CURVE(2,(#6398,#6399,#6400,#6401,
#6402,#6403,#6404),.UNSPECIFIED.,.T.,.F.) B_SPLINE_CURVE_WITH_KNOTS((1,2
    ,2,2,2,1),(-2.094395102393,0.,2.094395102393,4.188790204786,
6.28318530718,8.377580409573),.UNSPECIFIED.) CURVE() 
GEOMETRIC_REPRESENTATION_ITEM() RATIONAL_B_SPLINE_CURVE((1.,0.5,1.,0.5,
1.,0.5,1.)) REPRESENTATION_ITEM('') );
#6398 = CARTESIAN_POINT('',(0.228436857698,-106.));
#6399 = CARTESIAN_POINT('',(0.228436857698,-108.9444863728));
#6400 = CARTESIAN_POINT('',(-2.321584050532,-107.4722431864));
#6401 = CARTESIAN_POINT('',(-4.871604958762,-106.));
#6402 = CARTESIAN_POINT('',(-2.321584050532,-104.5277568135));
#6403 = CARTESIAN_POINT('',(0.228436857698,-103.0555136271));
#6404 = CARTESIAN_POINT('',(0.228436857698,-106.));
#6405 = ( GEOMETRIC_REPRESENTATION_CONTEXT(2) 
PARAMETRIC_REPRESENTATION_CONTEXT() REPRESENTATION_CONTEXT('2D SPACE',''
  ) );
#6406 = ORIENTED_EDGE('',*,*,#6263,.F.);
#6407 = ORIENTED_EDGE('',*,*,#3843,.F.);
#6408 = ADVANCED_FACE('',(#6409),#3919,.F.);
#6409 = FACE_BOUND('',#6410,.T.);
#6410 = EDGE_LOOP('',(#6411,#6412,#6433,#6434));
#6411 = ORIENTED_EDGE('',*,*,#4004,.F.);
#6412 = ORIENTED_EDGE('',*,*,#6413,.T.);
#6413 = EDGE_CURVE('',#3977,#4059,#6414,.T.);
#6414 = SURFACE_CURVE('',#6415,(#6419,#6426),.PCURVE_S1.);
#6415 = LINE('',#6416,#6417);
#6416 = CARTESIAN_POINT('',(-141.,23.,-86.));
#6417 = VECTOR('',#6418,1.);
#6418 = DIRECTION('',(-1.,-0.,-0.));
#6419 = PCURVE('',#3919,#6420);
#6420 = DEFINITIONAL_REPRESENTATION('',(#6421),#6425);
#6421 = LINE('',#6422,#6423);
#6422 = CARTESIAN_POINT('',(-0.,0.));
#6423 = VECTOR('',#6424,1.);
#6424 = DIRECTION('',(-0.,-1.));
#6425 = ( GEOMETRIC_REPRESENTATION_CONTEXT(2) 
PARAMETRIC_REPRESENTATION_CONTEXT() REPRESENTATION_CONTEXT('2D SPACE',''
  ) );
#6426 = PCURVE('',#3992,#6427);
#6427 = DEFINITIONAL_REPRESENTATION('',(#6428),#6432);
#6428 = LINE('',#6429,#6430);
#6429 = CARTESIAN_POINT('',(-5.830951894845,0.));
#6430 = VECTOR('',#6431,1.);
#6431 = DIRECTION('',(-0.,-1.));
#6432 = ( GEOMETRIC_REPRESENTATION_CONTEXT(2) 
PARAMETRIC_REPRESENTATION_CONTEXT() REPRESENTATION_CONTEXT('2D SPACE',''
  ) );
#6433 = ORIENTED_EDGE('',*,*,#4081,.T.);
#6434 = ORIENTED_EDGE('',*,*,#3903,.T.);
#6435 = ADVANCED_FACE('',(#6436),#3992,.F.);
#6436 = FACE_BOUND('',#6437,.T.);
#6437 = EDGE_LOOP('',(#6438,#6439,#6440,#6441));
#6438 = ORIENTED_EDGE('',*,*,#2821,.T.);
#6439 = ORIENTED_EDGE('',*,*,#4058,.T.);
#6440 = ORIENTED_EDGE('',*,*,#6413,.F.);
#6441 = ORIENTED_EDGE('',*,*,#3976,.F.);
#6442 = ADVANCED_FACE('',(#6443),#4557,.F.);
#6443 = FACE_BOUND('',#6444,.T.);
#6444 = EDGE_LOOP('',(#6445,#6446,#6467,#6468));
#6445 = ORIENTED_EDGE('',*,*,#4541,.T.);
#6446 = ORIENTED_EDGE('',*,*,#6447,.T.);
#6447 = EDGE_CURVE('',#4514,#4972,#6448,.T.);
#6448 = SURFACE_CURVE('',#6449,(#6453,#6460),.PCURVE_S1.);
#6449 = LINE('',#6450,#6451);
#6450 = CARTESIAN_POINT('',(-32.,6.012898918185,-93.11733315717));
#6451 = VECTOR('',#6452,1.);
#6452 = DIRECTION('',(-1.,-0.,-0.));
#6453 = PCURVE('',#4557,#6454);
#6454 = DEFINITIONAL_REPRESENTATION('',(#6455),#6459);
#6455 = LINE('',#6456,#6457);
#6456 = CARTESIAN_POINT('',(0.,-0.));
#6457 = VECTOR('',#6458,1.);
#6458 = DIRECTION('',(-0.,-1.));
#6459 = ( GEOMETRIC_REPRESENTATION_CONTEXT(2) 
PARAMETRIC_REPRESENTATION_CONTEXT() REPRESENTATION_CONTEXT('2D SPACE',''
  ) );
#6460 = PCURVE('',#4529,#6461);
#6461 = DEFINITIONAL_REPRESENTATION('',(#6462),#6466);
#6462 = LINE('',#6463,#6464);
#6463 = CARTESIAN_POINT('',(-3.576685928867,0.));
#6464 = VECTOR('',#6465,1.);
#6465 = DIRECTION('',(-0.,-1.));
#6466 = ( GEOMETRIC_REPRESENTATION_CONTEXT(2) 
PARAMETRIC_REPRESENTATION_CONTEXT() REPRESENTATION_CONTEXT('2D SPACE',''
  ) );
#6467 = ORIENTED_EDGE('',*,*,#4994,.F.);
#6468 = ORIENTED_EDGE('',*,*,#5887,.F.);
#6469 = ADVANCED_FACE('',(#6470),#4529,.F.);
#6470 = FACE_BOUND('',#6471,.T.);
#6471 = EDGE_LOOP('',(#6472,#6473,#6474,#6495,#6496,#6517,#6518,#6539));
#6472 = ORIENTED_EDGE('',*,*,#6447,.F.);
#6473 = ORIENTED_EDGE('',*,*,#4513,.T.);
#6474 = ORIENTED_EDGE('',*,*,#6475,.T.);
#6475 = EDGE_CURVE('',#4486,#6179,#6476,.T.);
#6476 = SURFACE_CURVE('',#6477,(#6481,#6488),.PCURVE_S1.);
#6477 = LINE('',#6478,#6479);
#6478 = CARTESIAN_POINT('',(-32.,6.319565682663,-89.55381835724));
#6479 = VECTOR('',#6480,1.);
#6480 = DIRECTION('',(-1.,-0.,-0.));
#6481 = PCURVE('',#4529,#6482);
#6482 = DEFINITIONAL_REPRESENTATION('',(#6483),#6487);
#6483 = LINE('',#6484,#6485);
#6484 = CARTESIAN_POINT('',(0.,-0.));
#6485 = VECTOR('',#6486,1.);
#6486 = DIRECTION('',(-0.,-1.));
#6487 = ( GEOMETRIC_REPRESENTATION_CONTEXT(2) 
PARAMETRIC_REPRESENTATION_CONTEXT() REPRESENTATION_CONTEXT('2D SPACE',''
  ) );
#6488 = PCURVE('',#4501,#6489);
#6489 = DEFINITIONAL_REPRESENTATION('',(#6490),#6494);
#6490 = LINE('',#6491,#6492);
#6491 = CARTESIAN_POINT('',(-3.615406834674,0.));
#6492 = VECTOR('',#6493,1.);
#6493 = DIRECTION('',(-0.,-1.));
#6494 = ( GEOMETRIC_REPRESENTATION_CONTEXT(2) 
PARAMETRIC_REPRESENTATION_CONTEXT() REPRESENTATION_CONTEXT('2D SPACE',''
  ) );
#6495 = ORIENTED_EDGE('',*,*,#6178,.F.);
#6496 = ORIENTED_EDGE('',*,*,#6497,.T.);
#6497 = EDGE_CURVE('',#6138,#5323,#6498,.T.);
#6498 = SURFACE_CURVE('',#6499,(#6503,#6510),.PCURVE_S1.);
#6499 = LINE('',#6500,#6501);
#6500 = CARTESIAN_POINT('',(-32.,6.319565682663,-89.55381835724));
#6501 = VECTOR('',#6502,1.);
#6502 = DIRECTION('',(-1.,-0.,-0.));
#6503 = PCURVE('',#4529,#6504);
#6504 = DEFINITIONAL_REPRESENTATION('',(#6505),#6509);
#6505 = LINE('',#6506,#6507);
#6506 = CARTESIAN_POINT('',(0.,-0.));
#6507 = VECTOR('',#6508,1.);
#6508 = DIRECTION('',(-0.,-1.));
#6509 = ( GEOMETRIC_REPRESENTATION_CONTEXT(2) 
PARAMETRIC_REPRESENTATION_CONTEXT() REPRESENTATION_CONTEXT('2D SPACE',''
  ) );
#6510 = PCURVE('',#4501,#6511);
#6511 = DEFINITIONAL_REPRESENTATION('',(#6512),#6516);
#6512 = LINE('',#6513,#6514);
#6513 = CARTESIAN_POINT('',(-3.615406834674,0.));
#6514 = VECTOR('',#6515,1.);
#6515 = DIRECTION('',(-0.,-1.));
#6516 = ( GEOMETRIC_REPRESENTATION_CONTEXT(2) 
PARAMETRIC_REPRESENTATION_CONTEXT() REPRESENTATION_CONTEXT('2D SPACE',''
  ) );
#6517 = ORIENTED_EDGE('',*,*,#5322,.F.);
#6518 = ORIENTED_EDGE('',*,*,#6519,.T.);
#6519 = EDGE_CURVE('',#5282,#4949,#6520,.T.);
#6520 = SURFACE_CURVE('',#6521,(#6525,#6532),.PCURVE_S1.);
#6521 = LINE('',#6522,#6523);
#6522 = CARTESIAN_POINT('',(-32.,6.319565682663,-89.55381835724));
#6523 = VECTOR('',#6524,1.);
#6524 = DIRECTION('',(-1.,-0.,-0.));
#6525 = PCURVE('',#4529,#6526);
#6526 = DEFINITIONAL_REPRESENTATION('',(#6527),#6531);
#6527 = LINE('',#6528,#6529);
#6528 = CARTESIAN_POINT('',(0.,-0.));
#6529 = VECTOR('',#6530,1.);
#6530 = DIRECTION('',(-0.,-1.));
#6531 = ( GEOMETRIC_REPRESENTATION_CONTEXT(2) 
PARAMETRIC_REPRESENTATION_CONTEXT() REPRESENTATION_CONTEXT('2D SPACE',''
  ) );
#6532 = PCURVE('',#4501,#6533);
#6533 = DEFINITIONAL_REPRESENTATION('',(#6534),#6538);
#6534 = LINE('',#6535,#6536);
#6535 = CARTESIAN_POINT('',(-3.615406834674,0.));
#6536 = VECTOR('',#6537,1.);
#6537 = DIRECTION('',(-0.,-1.));
#6538 = ( GEOMETRIC_REPRESENTATION_CONTEXT(2) 
PARAMETRIC_REPRESENTATION_CONTEXT() REPRESENTATION_CONTEXT('2D SPACE',''
  ) );
#6539 = ORIENTED_EDGE('',*,*,#4971,.F.);
#6540 = ADVANCED_FACE('',(#6541),#4501,.F.);
#6541 = FACE_BOUND('',#6542,.T.);
#6542 = EDGE_LOOP('',(#6543,#6544,#6545,#6566,#6567,#6568,#6569,#6570,
    #6571,#6572));
#6543 = ORIENTED_EDGE('',*,*,#6475,.F.);
#6544 = ORIENTED_EDGE('',*,*,#4485,.T.);
#6545 = ORIENTED_EDGE('',*,*,#6546,.T.);
#6546 = EDGE_CURVE('',#4458,#4926,#6547,.T.);
#6547 = SURFACE_CURVE('',#6548,(#6552,#6559),.PCURVE_S1.);
#6548 = LINE('',#6549,#6550);
#6549 = CARTESIAN_POINT('',(-32.,6.613900846731,-85.95041255281));
#6550 = VECTOR('',#6551,1.);
#6551 = DIRECTION('',(-1.,-0.,-0.));
#6552 = PCURVE('',#4501,#6553);
#6553 = DEFINITIONAL_REPRESENTATION('',(#6554),#6558);
#6554 = LINE('',#6555,#6556);
#6555 = CARTESIAN_POINT('',(0.,-0.));
#6556 = VECTOR('',#6557,1.);
#6557 = DIRECTION('',(-0.,-1.));
#6558 = ( GEOMETRIC_REPRESENTATION_CONTEXT(2) 
PARAMETRIC_REPRESENTATION_CONTEXT() REPRESENTATION_CONTEXT('2D SPACE',''
  ) );
#6559 = PCURVE('',#4473,#6560);
#6560 = DEFINITIONAL_REPRESENTATION('',(#6561),#6565);
#6561 = LINE('',#6562,#6563);
#6562 = CARTESIAN_POINT('',(-3.644176852663,0.));
#6563 = VECTOR('',#6564,1.);
#6564 = DIRECTION('',(-0.,-1.));
#6565 = ( GEOMETRIC_REPRESENTATION_CONTEXT(2) 
PARAMETRIC_REPRESENTATION_CONTEXT() REPRESENTATION_CONTEXT('2D SPACE',''
  ) );
#6566 = ORIENTED_EDGE('',*,*,#4948,.F.);
#6567 = ORIENTED_EDGE('',*,*,#6519,.F.);
#6568 = ORIENTED_EDGE('',*,*,#5281,.F.);
#6569 = ORIENTED_EDGE('',*,*,#5354,.F.);
#6570 = ORIENTED_EDGE('',*,*,#6497,.F.);
#6571 = ORIENTED_EDGE('',*,*,#6137,.F.);
#6572 = ORIENTED_EDGE('',*,*,#6210,.F.);
#6573 = ADVANCED_FACE('',(#6574),#4473,.F.);
#6574 = FACE_BOUND('',#6575,.T.);
#6575 = EDGE_LOOP('',(#6576,#6577,#6578,#6579));
#6576 = ORIENTED_EDGE('',*,*,#4457,.T.);
#6577 = ORIENTED_EDGE('',*,*,#5815,.T.);
#6578 = ORIENTED_EDGE('',*,*,#4925,.F.);
#6579 = ORIENTED_EDGE('',*,*,#6546,.F.);
#6580 = ADVANCED_FACE('',(#6581),#4422,.F.);
#6581 = FACE_BOUND('',#6582,.T.);
#6582 = EDGE_LOOP('',(#6583,#6584,#6585,#6606));
#6583 = ORIENTED_EDGE('',*,*,#5837,.F.);
#6584 = ORIENTED_EDGE('',*,*,#4406,.T.);
#6585 = ORIENTED_EDGE('',*,*,#6586,.T.);
#6586 = EDGE_CURVE('',#4379,#5673,#6587,.T.);
#6587 = SURFACE_CURVE('',#6588,(#6592,#6599),.PCURVE_S1.);
#6588 = LINE('',#6589,#6590);
#6589 = CARTESIAN_POINT('',(-32.,7.40061028008,-75.));
#6590 = VECTOR('',#6591,1.);
#6591 = DIRECTION('',(-1.,-0.,-0.));
#6592 = PCURVE('',#4422,#6593);
#6593 = DEFINITIONAL_REPRESENTATION('',(#6594),#6598);
#6594 = LINE('',#6595,#6596);
#6595 = CARTESIAN_POINT('',(0.,-0.));
#6596 = VECTOR('',#6597,1.);
#6597 = DIRECTION('',(-0.,-1.));
#6598 = ( GEOMETRIC_REPRESENTATION_CONTEXT(2) 
PARAMETRIC_REPRESENTATION_CONTEXT() REPRESENTATION_CONTEXT('2D SPACE',''
  ) );
#6599 = PCURVE('',#4394,#6600);
#6600 = DEFINITIONAL_REPRESENTATION('',(#6601),#6605);
#6601 = LINE('',#6602,#6603);
#6602 = CARTESIAN_POINT('',(-3.670271109132,0.));
#6603 = VECTOR('',#6604,1.);
#6604 = DIRECTION('',(-0.,-1.));
#6605 = ( GEOMETRIC_REPRESENTATION_CONTEXT(2) 
PARAMETRIC_REPRESENTATION_CONTEXT() REPRESENTATION_CONTEXT('2D SPACE',''
  ) );
#6606 = ORIENTED_EDGE('',*,*,#5695,.T.);
#6607 = ADVANCED_FACE('',(#6608),#4394,.F.);
#6608 = FACE_BOUND('',#6609,.T.);
#6609 = EDGE_LOOP('',(#6610,#6611,#6612,#6633));
#6610 = ORIENTED_EDGE('',*,*,#6586,.F.);
#6611 = ORIENTED_EDGE('',*,*,#4378,.T.);
#6612 = ORIENTED_EDGE('',*,*,#6613,.T.);
#6613 = EDGE_CURVE('',#4351,#5650,#6614,.T.);
#6614 = SURFACE_CURVE('',#6615,(#6619,#6626),.PCURVE_S1.);
#6615 = LINE('',#6616,#6617);
#6616 = CARTESIAN_POINT('',(-32.,7.623171882263,-71.33648306299));
#6617 = VECTOR('',#6618,1.);
#6618 = DIRECTION('',(-1.,-0.,-0.));
#6619 = PCURVE('',#4394,#6620);
#6620 = DEFINITIONAL_REPRESENTATION('',(#6621),#6625);
#6621 = LINE('',#6622,#6623);
#6622 = CARTESIAN_POINT('',(0.,-0.));
#6623 = VECTOR('',#6624,1.);
#6624 = DIRECTION('',(-0.,-1.));
#6625 = ( GEOMETRIC_REPRESENTATION_CONTEXT(2) 
PARAMETRIC_REPRESENTATION_CONTEXT() REPRESENTATION_CONTEXT('2D SPACE',''
  ) );
#6626 = PCURVE('',#4366,#6627);
#6627 = DEFINITIONAL_REPRESENTATION('',(#6628),#6632);
#6628 = LINE('',#6629,#6630);
#6629 = CARTESIAN_POINT('',(-3.658887093676,0.));
#6630 = VECTOR('',#6631,1.);
#6631 = DIRECTION('',(-0.,-1.));
#6632 = ( GEOMETRIC_REPRESENTATION_CONTEXT(2) 
PARAMETRIC_REPRESENTATION_CONTEXT() REPRESENTATION_CONTEXT('2D SPACE',''
  ) );
#6633 = ORIENTED_EDGE('',*,*,#5672,.T.);
#6634 = ADVANCED_FACE('',(#6635),#4366,.F.);
#6635 = FACE_BOUND('',#6636,.T.);
#6636 = EDGE_LOOP('',(#6637,#6638,#6639,#6660));
#6637 = ORIENTED_EDGE('',*,*,#6613,.F.);
#6638 = ORIENTED_EDGE('',*,*,#4350,.T.);
#6639 = ORIENTED_EDGE('',*,*,#6640,.T.);
#6640 = EDGE_CURVE('',#4323,#5627,#6641,.T.);
#6641 = SURFACE_CURVE('',#6642,(#6646,#6653),.PCURVE_S1.);
#6642 = LINE('',#6643,#6644);
#6643 = CARTESIAN_POINT('',(-32.,7.82209798814,-67.68300757126));
#6644 = VECTOR('',#6645,1.);
#6645 = DIRECTION('',(-1.,-0.,-0.));
#6646 = PCURVE('',#4366,#6647);
#6647 = DEFINITIONAL_REPRESENTATION('',(#6648),#6652);
#6648 = LINE('',#6649,#6650);
#6649 = CARTESIAN_POINT('',(0.,-0.));
#6650 = VECTOR('',#6651,1.);
#6651 = DIRECTION('',(-0.,-1.));
#6652 = ( GEOMETRIC_REPRESENTATION_CONTEXT(2) 
PARAMETRIC_REPRESENTATION_CONTEXT() REPRESENTATION_CONTEXT('2D SPACE',''
  ) );
#6653 = PCURVE('',#4338,#6654);
#6654 = DEFINITIONAL_REPRESENTATION('',(#6655),#6659);
#6655 = LINE('',#6656,#6657);
#6656 = CARTESIAN_POINT('',(-3.637538957864,0.));
#6657 = VECTOR('',#6658,1.);
#6658 = DIRECTION('',(-0.,-1.));
#6659 = ( GEOMETRIC_REPRESENTATION_CONTEXT(2) 
PARAMETRIC_REPRESENTATION_CONTEXT() REPRESENTATION_CONTEXT('2D SPACE',''
  ) );
#6660 = ORIENTED_EDGE('',*,*,#5649,.T.);
#6661 = ADVANCED_FACE('',(#6662),#4338,.F.);
#6662 = FACE_BOUND('',#6663,.T.);
#6663 = EDGE_LOOP('',(#6664,#6665,#6666,#6687));
#6664 = ORIENTED_EDGE('',*,*,#6640,.F.);
#6665 = ORIENTED_EDGE('',*,*,#4322,.T.);
#6666 = ORIENTED_EDGE('',*,*,#6667,.T.);
#6667 = EDGE_CURVE('',#4295,#5604,#6668,.T.);
#6668 = SURFACE_CURVE('',#6669,(#6673,#6680),.PCURVE_S1.);
#6669 = LINE('',#6670,#6671);
#6670 = CARTESIAN_POINT('',(-32.,7.995152522624,-64.04958744718));
#6671 = VECTOR('',#6672,1.);
#6672 = DIRECTION('',(-1.,-0.,-0.));
#6673 = PCURVE('',#4338,#6674);
#6674 = DEFINITIONAL_REPRESENTATION('',(#6675),#6679);
#6675 = LINE('',#6676,#6677);
#6676 = CARTESIAN_POINT('',(0.,-0.));
#6677 = VECTOR('',#6678,1.);
#6678 = DIRECTION('',(-0.,-1.));
#6679 = ( GEOMETRIC_REPRESENTATION_CONTEXT(2) 
PARAMETRIC_REPRESENTATION_CONTEXT() REPRESENTATION_CONTEXT('2D SPACE',''
  ) );
#6680 = PCURVE('',#4310,#6681);
#6681 = DEFINITIONAL_REPRESENTATION('',(#6682),#6686);
#6682 = LINE('',#6683,#6684);
#6683 = CARTESIAN_POINT('',(-3.60632261442,0.));
#6684 = VECTOR('',#6685,1.);
#6685 = DIRECTION('',(-0.,-1.));
#6686 = ( GEOMETRIC_REPRESENTATION_CONTEXT(2) 
PARAMETRIC_REPRESENTATION_CONTEXT() REPRESENTATION_CONTEXT('2D SPACE',''
  ) );
#6687 = ORIENTED_EDGE('',*,*,#5626,.T.);
#6688 = ADVANCED_FACE('',(#6689),#4310,.F.);
#6689 = FACE_BOUND('',#6690,.T.);
#6690 = EDGE_LOOP('',(#6691,#6692,#6693,#6714));
#6691 = ORIENTED_EDGE('',*,*,#6667,.F.);
#6692 = ORIENTED_EDGE('',*,*,#4294,.T.);
#6693 = ORIENTED_EDGE('',*,*,#6694,.T.);
#6694 = EDGE_CURVE('',#4267,#5581,#6695,.T.);
#6695 = SURFACE_CURVE('',#6696,(#6700,#6707),.PCURVE_S1.);
#6696 = LINE('',#6697,#6698);
#6697 = CARTESIAN_POINT('',(-32.,8.140167721403,-60.44618164275));
#6698 = VECTOR('',#6699,1.);
#6699 = DIRECTION('',(-1.,-0.,-0.));
#6700 = PCURVE('',#4310,#6701);
#6701 = DEFINITIONAL_REPRESENTATION('',(#6702),#6706);
#6702 = LINE('',#6703,#6704);
#6703 = CARTESIAN_POINT('',(0.,-0.));
#6704 = VECTOR('',#6705,1.);
#6705 = DIRECTION('',(-0.,-1.));
#6706 = ( GEOMETRIC_REPRESENTATION_CONTEXT(2) 
PARAMETRIC_REPRESENTATION_CONTEXT() REPRESENTATION_CONTEXT('2D SPACE',''
  ) );
#6707 = PCURVE('',#4282,#6708);
#6708 = DEFINITIONAL_REPRESENTATION('',(#6709),#6713);
#6709 = LINE('',#6710,#6711);
#6710 = CARTESIAN_POINT('',(-3.565366989956,0.));
#6711 = VECTOR('',#6712,1.);
#6712 = DIRECTION('',(-0.,-1.));
#6713 = ( GEOMETRIC_REPRESENTATION_CONTEXT(2) 
PARAMETRIC_REPRESENTATION_CONTEXT() REPRESENTATION_CONTEXT('2D SPACE',''
  ) );
#6714 = ORIENTED_EDGE('',*,*,#5603,.T.);
#6715 = ADVANCED_FACE('',(#6716),#4282,.F.);
#6716 = FACE_BOUND('',#6717,.T.);
#6717 = EDGE_LOOP('',(#6718,#6719,#6720,#6721));
#6718 = ORIENTED_EDGE('',*,*,#6694,.F.);
#6719 = ORIENTED_EDGE('',*,*,#4266,.T.);
#6720 = ORIENTED_EDGE('',*,*,#5744,.T.);
#6721 = ORIENTED_EDGE('',*,*,#5580,.T.);
#6722 = ADVANCED_FACE('',(#6723),#4231,.F.);
#6723 = FACE_BOUND('',#6724,.T.);
#6724 = EDGE_LOOP('',(#6725,#6726,#6747,#6748));
#6725 = ORIENTED_EDGE('',*,*,#4215,.T.);
#6726 = ORIENTED_EDGE('',*,*,#6727,.T.);
#6727 = EDGE_CURVE('',#4188,#4666,#6728,.T.);
#6728 = SURFACE_CURVE('',#6729,(#6733,#6740),.PCURVE_S1.);
#6729 = LINE('',#6730,#6731);
#6730 = CARTESIAN_POINT('',(-32.,8.387016841114,-49.91424353182));
#6731 = VECTOR('',#6732,1.);
#6732 = DIRECTION('',(-1.,-0.,-0.));
#6733 = PCURVE('',#4231,#6734);
#6734 = DEFINITIONAL_REPRESENTATION('',(#6735),#6739);
#6735 = LINE('',#6736,#6737);
#6736 = CARTESIAN_POINT('',(0.,-0.));
#6737 = VECTOR('',#6738,1.);
#6738 = DIRECTION('',(-0.,-1.));
#6739 = ( GEOMETRIC_REPRESENTATION_CONTEXT(2) 
PARAMETRIC_REPRESENTATION_CONTEXT() REPRESENTATION_CONTEXT('2D SPACE',''
  ) );
#6740 = PCURVE('',#4203,#6741);
#6741 = DEFINITIONAL_REPRESENTATION('',(#6742),#6746);
#6742 = LINE('',#6743,#6744);
#6743 = CARTESIAN_POINT('',(-3.38583630841,0.));
#6744 = VECTOR('',#6745,1.);
#6745 = DIRECTION('',(-0.,-1.));
#6746 = ( GEOMETRIC_REPRESENTATION_CONTEXT(2) 
PARAMETRIC_REPRESENTATION_CONTEXT() REPRESENTATION_CONTEXT('2D SPACE',''
  ) );
#6747 = ORIENTED_EDGE('',*,*,#4688,.F.);
#6748 = ORIENTED_EDGE('',*,*,#5766,.F.);
#6749 = ADVANCED_FACE('',(#6750),#4203,.F.);
#6750 = FACE_BOUND('',#6751,.T.);
#6751 = EDGE_LOOP('',(#6752,#6753,#6754,#6775,#6776,#6777,#6798,#6799,
    #6800,#6821));
#6752 = ORIENTED_EDGE('',*,*,#6727,.F.);
#6753 = ORIENTED_EDGE('',*,*,#4187,.T.);
#6754 = ORIENTED_EDGE('',*,*,#6755,.T.);
#6755 = EDGE_CURVE('',#4160,#6287,#6756,.T.);
#6756 = SURFACE_CURVE('',#6757,(#6761,#6768),.PCURVE_S1.);
#6757 = LINE('',#6758,#6759);
#6758 = CARTESIAN_POINT('',(-32.,8.400727768418,-46.52843498469));
#6759 = VECTOR('',#6760,1.);
#6760 = DIRECTION('',(-1.,-0.,-0.));
#6761 = PCURVE('',#4203,#6762);
#6762 = DEFINITIONAL_REPRESENTATION('',(#6763),#6767);
#6763 = LINE('',#6764,#6765);
#6764 = CARTESIAN_POINT('',(0.,-0.));
#6765 = VECTOR('',#6766,1.);
#6766 = DIRECTION('',(-0.,-1.));
#6767 = ( GEOMETRIC_REPRESENTATION_CONTEXT(2) 
PARAMETRIC_REPRESENTATION_CONTEXT() REPRESENTATION_CONTEXT('2D SPACE',''
  ) );
#6768 = PCURVE('',#4175,#6769);
#6769 = DEFINITIONAL_REPRESENTATION('',(#6770),#6774);
#6770 = LINE('',#6771,#6772);
#6771 = CARTESIAN_POINT('',(-3.307849720203,0.));
#6772 = VECTOR('',#6773,1.);
#6773 = DIRECTION('',(-0.,-1.));
#6774 = ( GEOMETRIC_REPRESENTATION_CONTEXT(2) 
PARAMETRIC_REPRESENTATION_CONTEXT() REPRESENTATION_CONTEXT('2D SPACE',''
  ) );
#6775 = ORIENTED_EDGE('',*,*,#6286,.F.);
#6776 = ORIENTED_EDGE('',*,*,#6359,.F.);
#6777 = ORIENTED_EDGE('',*,*,#6778,.T.);
#6778 = EDGE_CURVE('',#6328,#5431,#6779,.T.);
#6779 = SURFACE_CURVE('',#6780,(#6784,#6791),.PCURVE_S1.);
#6780 = LINE('',#6781,#6782);
#6781 = CARTESIAN_POINT('',(-32.,8.400727768418,-46.52843498469));
#6782 = VECTOR('',#6783,1.);
#6783 = DIRECTION('',(-1.,-0.,-0.));
#6784 = PCURVE('',#4203,#6785);
#6785 = DEFINITIONAL_REPRESENTATION('',(#6786),#6790);
#6786 = LINE('',#6787,#6788);
#6787 = CARTESIAN_POINT('',(0.,-0.));
#6788 = VECTOR('',#6789,1.);
#6789 = DIRECTION('',(-0.,-1.));
#6790 = ( GEOMETRIC_REPRESENTATION_CONTEXT(2) 
PARAMETRIC_REPRESENTATION_CONTEXT() REPRESENTATION_CONTEXT('2D SPACE',''
  ) );
#6791 = PCURVE('',#4175,#6792);
#6792 = DEFINITIONAL_REPRESENTATION('',(#6793),#6797);
#6793 = LINE('',#6794,#6795);
#6794 = CARTESIAN_POINT('',(-3.307849720203,0.));
#6795 = VECTOR('',#6796,1.);
#6796 = DIRECTION('',(-0.,-1.));
#6797 = ( GEOMETRIC_REPRESENTATION_CONTEXT(2) 
PARAMETRIC_REPRESENTATION_CONTEXT() REPRESENTATION_CONTEXT('2D SPACE',''
  ) );
#6798 = ORIENTED_EDGE('',*,*,#5430,.F.);
#6799 = ORIENTED_EDGE('',*,*,#5503,.F.);
#6800 = ORIENTED_EDGE('',*,*,#6801,.T.);
#6801 = EDGE_CURVE('',#5472,#4643,#6802,.T.);
#6802 = SURFACE_CURVE('',#6803,(#6807,#6814),.PCURVE_S1.);
#6803 = LINE('',#6804,#6805);
#6804 = CARTESIAN_POINT('',(-32.,8.400727768418,-46.52843498469));
#6805 = VECTOR('',#6806,1.);
#6806 = DIRECTION('',(-1.,-0.,-0.));
#6807 = PCURVE('',#4203,#6808);
#6808 = DEFINITIONAL_REPRESENTATION('',(#6809),#6813);
#6809 = LINE('',#6810,#6811);
#6810 = CARTESIAN_POINT('',(0.,-0.));
#6811 = VECTOR('',#6812,1.);
#6812 = DIRECTION('',(-0.,-1.));
#6813 = ( GEOMETRIC_REPRESENTATION_CONTEXT(2) 
PARAMETRIC_REPRESENTATION_CONTEXT() REPRESENTATION_CONTEXT('2D SPACE',''
  ) );
#6814 = PCURVE('',#4175,#6815);
#6815 = DEFINITIONAL_REPRESENTATION('',(#6816),#6820);
#6816 = LINE('',#6817,#6818);
#6817 = CARTESIAN_POINT('',(-3.307849720203,0.));
#6818 = VECTOR('',#6819,1.);
#6819 = DIRECTION('',(-0.,-1.));
#6820 = ( GEOMETRIC_REPRESENTATION_CONTEXT(2) 
PARAMETRIC_REPRESENTATION_CONTEXT() REPRESENTATION_CONTEXT('2D SPACE',''
  ) );
#6821 = ORIENTED_EDGE('',*,*,#4665,.F.);
#6822 = ADVANCED_FACE('',(#6823),#4175,.F.);
#6823 = FACE_BOUND('',#6824,.T.);
#6824 = EDGE_LOOP('',(#6825,#6826,#6827,#6848,#6849,#6850,#6851,#6852));
#6825 = ORIENTED_EDGE('',*,*,#6755,.F.);
#6826 = ORIENTED_EDGE('',*,*,#4159,.T.);
#6827 = ORIENTED_EDGE('',*,*,#6828,.T.);
#6828 = EDGE_CURVE('',#4132,#4620,#6829,.T.);
#6829 = SURFACE_CURVE('',#6830,(#6834,#6841),.PCURVE_S1.);
#6830 = LINE('',#6831,#6832);
#6831 = CARTESIAN_POINT('',(-32.,8.377757778564,-43.22066501823));
#6832 = VECTOR('',#6833,1.);
#6833 = DIRECTION('',(-1.,-0.,-0.));
#6834 = PCURVE('',#4175,#6835);
#6835 = DEFINITIONAL_REPRESENTATION('',(#6836),#6840);
#6836 = LINE('',#6837,#6838);
#6837 = CARTESIAN_POINT('',(-0.,0.));
#6838 = VECTOR('',#6839,1.);
#6839 = DIRECTION('',(-0.,-1.));
#6840 = ( GEOMETRIC_REPRESENTATION_CONTEXT(2) 
PARAMETRIC_REPRESENTATION_CONTEXT() REPRESENTATION_CONTEXT('2D SPACE',''
  ) );
#6841 = PCURVE('',#4147,#6842);
#6842 = DEFINITIONAL_REPRESENTATION('',(#6843),#6847);
#6843 = LINE('',#6844,#6845);
#6844 = CARTESIAN_POINT('',(-3.221237121671,0.));
#6845 = VECTOR('',#6846,1.);
#6846 = DIRECTION('',(-0.,-1.));
#6847 = ( GEOMETRIC_REPRESENTATION_CONTEXT(2) 
PARAMETRIC_REPRESENTATION_CONTEXT() REPRESENTATION_CONTEXT('2D SPACE',''
  ) );
#6848 = ORIENTED_EDGE('',*,*,#4642,.F.);
#6849 = ORIENTED_EDGE('',*,*,#6801,.F.);
#6850 = ORIENTED_EDGE('',*,*,#5471,.F.);
#6851 = ORIENTED_EDGE('',*,*,#6778,.F.);
#6852 = ORIENTED_EDGE('',*,*,#6327,.F.);
#6853 = ADVANCED_FACE('',(#6854),#4147,.F.);
#6854 = FACE_BOUND('',#6855,.T.);
#6855 = EDGE_LOOP('',(#6856,#6857,#6858,#6859));
#6856 = ORIENTED_EDGE('',*,*,#4131,.T.);
#6857 = ORIENTED_EDGE('',*,*,#5043,.T.);
#6858 = ORIENTED_EDGE('',*,*,#4619,.F.);
#6859 = ORIENTED_EDGE('',*,*,#6828,.F.);
#6860 = ADVANCED_FACE('',(#6861),#4890,.F.);
#6861 = FACE_BOUND('',#6862,.T.);
#6862 = EDGE_LOOP('',(#6863,#6864,#6865,#6886));
#6863 = ORIENTED_EDGE('',*,*,#5861,.F.);
#6864 = ORIENTED_EDGE('',*,*,#5209,.F.);
#6865 = ORIENTED_EDGE('',*,*,#6866,.T.);
#6866 = EDGE_CURVE('',#5187,#4847,#6867,.T.);
#6867 = SURFACE_CURVE('',#6868,(#6872,#6879),.PCURVE_S1.);
#6868 = LINE('',#6869,#6870);
#6869 = CARTESIAN_POINT('',(-32.,7.40061028008,-75.));
#6870 = VECTOR('',#6871,1.);
#6871 = DIRECTION('',(-1.,-0.,-0.));
#6872 = PCURVE('',#4890,#6873);
#6873 = DEFINITIONAL_REPRESENTATION('',(#6874),#6878);
#6874 = LINE('',#6875,#6876);
#6875 = CARTESIAN_POINT('',(0.,-0.));
#6876 = VECTOR('',#6877,1.);
#6877 = DIRECTION('',(-0.,-1.));
#6878 = ( GEOMETRIC_REPRESENTATION_CONTEXT(2) 
PARAMETRIC_REPRESENTATION_CONTEXT() REPRESENTATION_CONTEXT('2D SPACE',''
  ) );
#6879 = PCURVE('',#4862,#6880);
#6880 = DEFINITIONAL_REPRESENTATION('',(#6881),#6885);
#6881 = LINE('',#6882,#6883);
#6882 = CARTESIAN_POINT('',(-3.670271109132,0.));
#6883 = VECTOR('',#6884,1.);
#6884 = DIRECTION('',(-0.,-1.));
#6885 = ( GEOMETRIC_REPRESENTATION_CONTEXT(2) 
PARAMETRIC_REPRESENTATION_CONTEXT() REPRESENTATION_CONTEXT('2D SPACE',''
  ) );
#6886 = ORIENTED_EDGE('',*,*,#4874,.F.);
#6887 = ADVANCED_FACE('',(#6888),#4862,.F.);
#6888 = FACE_BOUND('',#6889,.T.);
#6889 = EDGE_LOOP('',(#6890,#6891,#6892,#6913));
#6890 = ORIENTED_EDGE('',*,*,#6866,.F.);
#6891 = ORIENTED_EDGE('',*,*,#5186,.F.);
#6892 = ORIENTED_EDGE('',*,*,#6893,.T.);
#6893 = EDGE_CURVE('',#5164,#4819,#6894,.T.);
#6894 = SURFACE_CURVE('',#6895,(#6899,#6906),.PCURVE_S1.);
#6895 = LINE('',#6896,#6897);
#6896 = CARTESIAN_POINT('',(-32.,7.623171882263,-71.33648306299));
#6897 = VECTOR('',#6898,1.);
#6898 = DIRECTION('',(-1.,-0.,-0.));
#6899 = PCURVE('',#4862,#6900);
#6900 = DEFINITIONAL_REPRESENTATION('',(#6901),#6905);
#6901 = LINE('',#6902,#6903);
#6902 = CARTESIAN_POINT('',(0.,-0.));
#6903 = VECTOR('',#6904,1.);
#6904 = DIRECTION('',(-0.,-1.));
#6905 = ( GEOMETRIC_REPRESENTATION_CONTEXT(2) 
PARAMETRIC_REPRESENTATION_CONTEXT() REPRESENTATION_CONTEXT('2D SPACE',''
  ) );
#6906 = PCURVE('',#4834,#6907);
#6907 = DEFINITIONAL_REPRESENTATION('',(#6908),#6912);
#6908 = LINE('',#6909,#6910);
#6909 = CARTESIAN_POINT('',(-3.658887093676,0.));
#6910 = VECTOR('',#6911,1.);
#6911 = DIRECTION('',(-0.,-1.));
#6912 = ( GEOMETRIC_REPRESENTATION_CONTEXT(2) 
PARAMETRIC_REPRESENTATION_CONTEXT() REPRESENTATION_CONTEXT('2D SPACE',''
  ) );
#6913 = ORIENTED_EDGE('',*,*,#4846,.F.);
#6914 = ADVANCED_FACE('',(#6915),#4834,.F.);
#6915 = FACE_BOUND('',#6916,.T.);
#6916 = EDGE_LOOP('',(#6917,#6918,#6919,#6940));
#6917 = ORIENTED_EDGE('',*,*,#6893,.F.);
#6918 = ORIENTED_EDGE('',*,*,#5163,.F.);
#6919 = ORIENTED_EDGE('',*,*,#6920,.T.);
#6920 = EDGE_CURVE('',#5141,#4791,#6921,.T.);
#6921 = SURFACE_CURVE('',#6922,(#6926,#6933),.PCURVE_S1.);
#6922 = LINE('',#6923,#6924);
#6923 = CARTESIAN_POINT('',(-32.,7.82209798814,-67.68300757126));
#6924 = VECTOR('',#6925,1.);
#6925 = DIRECTION('',(-1.,-0.,-0.));
#6926 = PCURVE('',#4834,#6927);
#6927 = DEFINITIONAL_REPRESENTATION('',(#6928),#6932);
#6928 = LINE('',#6929,#6930);
#6929 = CARTESIAN_POINT('',(0.,-0.));
#6930 = VECTOR('',#6931,1.);
#6931 = DIRECTION('',(-0.,-1.));
#6932 = ( GEOMETRIC_REPRESENTATION_CONTEXT(2) 
PARAMETRIC_REPRESENTATION_CONTEXT() REPRESENTATION_CONTEXT('2D SPACE',''
  ) );
#6933 = PCURVE('',#4806,#6934);
#6934 = DEFINITIONAL_REPRESENTATION('',(#6935),#6939);
#6935 = LINE('',#6936,#6937);
#6936 = CARTESIAN_POINT('',(-3.637538957864,0.));
#6937 = VECTOR('',#6938,1.);
#6938 = DIRECTION('',(-0.,-1.));
#6939 = ( GEOMETRIC_REPRESENTATION_CONTEXT(2) 
PARAMETRIC_REPRESENTATION_CONTEXT() REPRESENTATION_CONTEXT('2D SPACE',''
  ) );
#6940 = ORIENTED_EDGE('',*,*,#4818,.F.);
#6941 = ADVANCED_FACE('',(#6942),#4806,.F.);
#6942 = FACE_BOUND('',#6943,.T.);
#6943 = EDGE_LOOP('',(#6944,#6945,#6946,#6967));
#6944 = ORIENTED_EDGE('',*,*,#6920,.F.);
#6945 = ORIENTED_EDGE('',*,*,#5140,.F.);
#6946 = ORIENTED_EDGE('',*,*,#6947,.T.);
#6947 = EDGE_CURVE('',#5118,#4763,#6948,.T.);
#6948 = SURFACE_CURVE('',#6949,(#6953,#6960),.PCURVE_S1.);
#6949 = LINE('',#6950,#6951);
#6950 = CARTESIAN_POINT('',(-32.,7.995152522624,-64.04958744718));
#6951 = VECTOR('',#6952,1.);
#6952 = DIRECTION('',(-1.,-0.,-0.));
#6953 = PCURVE('',#4806,#6954);
#6954 = DEFINITIONAL_REPRESENTATION('',(#6955),#6959);
#6955 = LINE('',#6956,#6957);
#6956 = CARTESIAN_POINT('',(0.,-0.));
#6957 = VECTOR('',#6958,1.);
#6958 = DIRECTION('',(-0.,-1.));
#6959 = ( GEOMETRIC_REPRESENTATION_CONTEXT(2) 
PARAMETRIC_REPRESENTATION_CONTEXT() REPRESENTATION_CONTEXT('2D SPACE',''
  ) );
#6960 = PCURVE('',#4778,#6961);
#6961 = DEFINITIONAL_REPRESENTATION('',(#6962),#6966);
#6962 = LINE('',#6963,#6964);
#6963 = CARTESIAN_POINT('',(-3.60632261442,0.));
#6964 = VECTOR('',#6965,1.);
#6965 = DIRECTION('',(-0.,-1.));
#6966 = ( GEOMETRIC_REPRESENTATION_CONTEXT(2) 
PARAMETRIC_REPRESENTATION_CONTEXT() REPRESENTATION_CONTEXT('2D SPACE',''
  ) );
#6967 = ORIENTED_EDGE('',*,*,#4790,.F.);
#6968 = ADVANCED_FACE('',(#6969),#4778,.F.);
#6969 = FACE_BOUND('',#6970,.T.);
#6970 = EDGE_LOOP('',(#6971,#6972,#6973,#6994));
#6971 = ORIENTED_EDGE('',*,*,#6947,.F.);
#6972 = ORIENTED_EDGE('',*,*,#5117,.F.);
#6973 = ORIENTED_EDGE('',*,*,#6974,.T.);
#6974 = EDGE_CURVE('',#5095,#4735,#6975,.T.);
#6975 = SURFACE_CURVE('',#6976,(#6980,#6987),.PCURVE_S1.);
#6976 = LINE('',#6977,#6978);
#6977 = CARTESIAN_POINT('',(-32.,8.140167721403,-60.44618164275));
#6978 = VECTOR('',#6979,1.);
#6979 = DIRECTION('',(-1.,-0.,-0.));
#6980 = PCURVE('',#4778,#6981);
#6981 = DEFINITIONAL_REPRESENTATION('',(#6982),#6986);
#6982 = LINE('',#6983,#6984);
#6983 = CARTESIAN_POINT('',(0.,-0.));
#6984 = VECTOR('',#6985,1.);
#6985 = DIRECTION('',(-0.,-1.));
#6986 = ( GEOMETRIC_REPRESENTATION_CONTEXT(2) 
PARAMETRIC_REPRESENTATION_CONTEXT() REPRESENTATION_CONTEXT('2D SPACE',''
  ) );
#6987 = PCURVE('',#4750,#6988);
#6988 = DEFINITIONAL_REPRESENTATION('',(#6989),#6993);
#6989 = LINE('',#6990,#6991);
#6990 = CARTESIAN_POINT('',(-3.565366989956,0.));
#6991 = VECTOR('',#6992,1.);
#6992 = DIRECTION('',(-0.,-1.));
#6993 = ( GEOMETRIC_REPRESENTATION_CONTEXT(2) 
PARAMETRIC_REPRESENTATION_CONTEXT() REPRESENTATION_CONTEXT('2D SPACE',''
  ) );
#6994 = ORIENTED_EDGE('',*,*,#4762,.F.);
#6995 = ADVANCED_FACE('',(#6996),#4750,.F.);
#6996 = FACE_BOUND('',#6997,.T.);
#6997 = EDGE_LOOP('',(#6998,#6999,#7000,#7001));
#6998 = ORIENTED_EDGE('',*,*,#6974,.F.);
#6999 = ORIENTED_EDGE('',*,*,#5094,.F.);
#7000 = ORIENTED_EDGE('',*,*,#5788,.T.);
#7001 = ORIENTED_EDGE('',*,*,#4734,.F.);
#7002 = ADVANCED_FACE('',(#7003),#5952,.F.);
#7003 = FACE_BOUND('',#7004,.T.);
#7004 = EDGE_LOOP('',(#7005,#7006,#7007,#7008));
#7005 = ORIENTED_EDGE('',*,*,#5936,.F.);
#7006 = ORIENTED_EDGE('',*,*,#6038,.T.);
#7007 = ORIENTED_EDGE('',*,*,#6088,.T.);
#7008 = ORIENTED_EDGE('',*,*,#5989,.F.);
#7009 = ( GEOMETRIC_REPRESENTATION_CONTEXT(3) 
GLOBAL_UNCERTAINTY_ASSIGNED_CONTEXT((#7013)) 
GLOBAL_UNIT_ASSIGNED_CONTEXT((#7010,#7011,#7012)) REPRESENTATION_CONTEXT
('Context #1','3D Context with UNIT and UNCERTAINTY') );
#7010 = ( LENGTH_UNIT() NAMED_UNIT(*) SI_UNIT(.MILLI.,.METRE.) );
#7011 = ( NAMED_UNIT(*) PLANE_ANGLE_UNIT() SI_UNIT($,.RADIAN.) );
#7012 = ( NAMED_UNIT(*) SI_UNIT($,.STERADIAN.) SOLID_ANGLE_UNIT() );
#7013 = UNCERTAINTY_MEASURE_WITH_UNIT(LENGTH_MEASURE(1.E-07),#7010,
  'distance_accuracy_value','confusion accuracy');
#7014 = PRODUCT_RELATED_PRODUCT_CATEGORY('part',$,(#7));
ENDSEC;
END-ISO-10303-21;
