ISO-10303-21;
HEADER;
FILE_DESCRIPTION(('Open CASCADE Model'),'2;1');
FILE_NAME('Open CASCADE Shape Model','2026-09-10T13:54:55',('Author'),(
    'Open CASCADE'),'Open CASCADE STEP processor 7.9','Open CASCADE 7.9'
  ,'Unknown');
FILE_SCHEMA(('AUTOMOTIVE_DESIGN { 1 0 10303 214 1 1 1 1 }'));
ENDSEC;
DATA;
#1 = APPLICATION_PROTOCOL_DEFINITION('international standard',
  'automotive_design',2000,#2);
#2 = APPLICATION_CONTEXT(
  'core data for automotive mechanical design processes');
#3 = SHAPE_DEFINITION_REPRESENTATION(#4,#10);
#4 = PRODUCT_DEFINITION_SHAPE('','',#5);
#5 = PRODUCT_DEFINITION('design','',#6,#9);
#6 = PRODUCT_DEFINITION_FORMATION('','',#7);
#7 = PRODUCT('Open CASCADE STEP translator 7.9 5',
  'Open CASCADE STEP translator 7.9 5','',(#8));
#8 = PRODUCT_CONTEXT('',#2,'mechanical');
#9 = PRODUCT_DEFINITION_CONTEXT('part definition',#2,'design');
#10 = ADVANCED_BREP_SHAPE_REPRESENTATION('',(#11,#15),#6981);
#11 = AXIS2_PLACEMENT_3D('',#12,#13,#14);
#12 = CARTESIAN_POINT('',(0.,0.,0.));
#13 = DIRECTION('',(0.,0.,1.));
#14 = DIRECTION('',(1.,0.,-0.));
#15 = MANIFOLD_SOLID_BREP('',#16);
#16 = CLOSED_SHELL('',(#17,#113,#507,#646,#826,#904,#953,#1031,#1080,
    #1617,#1666,#2110,#2159,#2264,#2313,#2396,#2565,#2687,#2714,#2741,
    #2767,#2795,#2822,#2849,#2856,#2883,#3017,#3209,#3336,#3363,#3465,
    #3587,#3614,#3641,#3762,#3883,#3959,#4034,#4061,#4111,#4599,#5047,
    #5074,#5262,#5402,#5542,#5730,#5801,#5872,#5899,#5975,#6024,#6073,
    #6100,#6240,#6380,#6407,#6414,#6441,#6512,#6545,#6552,#6579,#6606,
    #6633,#6660,#6687,#6694,#6721,#6794,#6825,#6832,#6859,#6886,#6913,
    #6940,#6967,#6974));
#17 = ADVANCED_FACE('',(#18),#32,.T.);
#18 = FACE_BOUND('',#19,.T.);
#19 = EDGE_LOOP('',(#20,#50,#81,#82));
#20 = ORIENTED_EDGE('',*,*,#21,.T.);
#21 = EDGE_CURVE('',#22,#24,#26,.T.);
#22 = VERTEX_POINT('',#23);
#23 = CARTESIAN_POINT('',(163.,-78.,12.));
#24 = VERTEX_POINT('',#25);
#25 = CARTESIAN_POINT('',(163.,-78.,17.));
#26 = SEAM_CURVE('',#27,(#31,#43),.PCURVE_S1.);
#27 = LINE('',#28,#29);
#28 = CARTESIAN_POINT('',(163.,-78.,12.));
#29 = VECTOR('',#30,1.);
#30 = DIRECTION('',(-0.,-0.,1.));
#31 = PCURVE('',#32,#37);
#32 = CYLINDRICAL_SURFACE('',#33,18.);
#33 = AXIS2_PLACEMENT_3D('',#34,#35,#36);
#34 = CARTESIAN_POINT('',(145.,-78.,12.));
#35 = DIRECTION('',(-0.,0.,-1.));
#36 = DIRECTION('',(1.,-0.,-0.));
#37 = DEFINITIONAL_REPRESENTATION('',(#38),#42);
#38 = LINE('',#39,#40);
#39 = CARTESIAN_POINT('',(0.,0.));
#40 = VECTOR('',#41,1.);
#41 = DIRECTION('',(0.,-1.));
#42 = ( GEOMETRIC_REPRESENTATION_CONTEXT(2) 
PARAMETRIC_REPRESENTATION_CONTEXT() REPRESENTATION_CONTEXT('2D SPACE',''
  ) );
#43 = PCURVE('',#32,#44);
#44 = DEFINITIONAL_REPRESENTATION('',(#45),#49);
#45 = LINE('',#46,#47);
#46 = CARTESIAN_POINT('',(6.28318530718,0.));
#47 = VECTOR('',#48,1.);
#48 = DIRECTION('',(0.,-1.));
#49 = ( GEOMETRIC_REPRESENTATION_CONTEXT(2) 
PARAMETRIC_REPRESENTATION_CONTEXT() REPRESENTATION_CONTEXT('2D SPACE',''
  ) );
#50 = ORIENTED_EDGE('',*,*,#51,.T.);
#51 = EDGE_CURVE('',#24,#24,#52,.T.);
#52 = SURFACE_CURVE('',#53,(#58,#65),.PCURVE_S1.);
#53 = CIRCLE('',#54,18.);
#54 = AXIS2_PLACEMENT_3D('',#55,#56,#57);
#55 = CARTESIAN_POINT('',(145.,-78.,17.));
#56 = DIRECTION('',(0.,0.,-1.));
#57 = DIRECTION('',(1.,-0.,-0.));
#58 = PCURVE('',#32,#59);
#59 = DEFINITIONAL_REPRESENTATION('',(#60),#64);
#60 = LINE('',#61,#62);
#61 = CARTESIAN_POINT('',(0.,-5.));
#62 = VECTOR('',#63,1.);
#63 = DIRECTION('',(1.,0.));
#64 = ( GEOMETRIC_REPRESENTATION_CONTEXT(2) 
PARAMETRIC_REPRESENTATION_CONTEXT() REPRESENTATION_CONTEXT('2D SPACE',''
  ) );
#65 = PCURVE('',#66,#71);
#66 = PLANE('',#67);
#67 = AXIS2_PLACEMENT_3D('',#68,#69,#70);
#68 = CARTESIAN_POINT('',(145.,-78.,17.));
#69 = DIRECTION('',(-0.,-0.,1.));
#70 = DIRECTION('',(-1.,0.,0.));
#71 = DEFINITIONAL_REPRESENTATION('',(#72),#80);
#72 = ( BOUNDED_CURVE() B_SPLINE_CURVE(2,(#73,#74,#75,#76,#77,#78,#79),
.UNSPECIFIED.,.T.,.F.) B_SPLINE_CURVE_WITH_KNOTS((1,2,2,2,2,1),(
    -2.094395102393,0.,2.094395102393,4.188790204786,6.28318530718,
8.377580409573),.UNSPECIFIED.) CURVE() GEOMETRIC_REPRESENTATION_ITEM() 
RATIONAL_B_SPLINE_CURVE((1.,0.5,1.,0.5,1.,0.5,1.)) REPRESENTATION_ITEM(
  '') );
#73 = CARTESIAN_POINT('',(-18.,0.));
#74 = CARTESIAN_POINT('',(-18.,31.17691453624));
#75 = CARTESIAN_POINT('',(9.,15.58845726812));
#76 = CARTESIAN_POINT('',(36.,4.40872847693E-15));
#77 = CARTESIAN_POINT('',(9.,-15.58845726812));
#78 = CARTESIAN_POINT('',(-18.,-31.17691453624));
#79 = CARTESIAN_POINT('',(-18.,0.));
#80 = ( GEOMETRIC_REPRESENTATION_CONTEXT(2) 
PARAMETRIC_REPRESENTATION_CONTEXT() REPRESENTATION_CONTEXT('2D SPACE',''
  ) );
#81 = ORIENTED_EDGE('',*,*,#21,.F.);
#82 = ORIENTED_EDGE('',*,*,#83,.F.);
#83 = EDGE_CURVE('',#22,#22,#84,.T.);
#84 = SURFACE_CURVE('',#85,(#90,#97),.PCURVE_S1.);
#85 = CIRCLE('',#86,18.);
#86 = AXIS2_PLACEMENT_3D('',#87,#88,#89);
#87 = CARTESIAN_POINT('',(145.,-78.,12.));
#88 = DIRECTION('',(0.,0.,-1.));
#89 = DIRECTION('',(1.,-0.,-0.));
#90 = PCURVE('',#32,#91);
#91 = DEFINITIONAL_REPRESENTATION('',(#92),#96);
#92 = LINE('',#93,#94);
#93 = CARTESIAN_POINT('',(0.,0.));
#94 = VECTOR('',#95,1.);
#95 = DIRECTION('',(1.,0.));
#96 = ( GEOMETRIC_REPRESENTATION_CONTEXT(2) 
PARAMETRIC_REPRESENTATION_CONTEXT() REPRESENTATION_CONTEXT('2D SPACE',''
  ) );
#97 = PCURVE('',#98,#103);
#98 = PLANE('',#99);
#99 = AXIS2_PLACEMENT_3D('',#100,#101,#102);
#100 = CARTESIAN_POINT('',(145.,-78.,12.));
#101 = DIRECTION('',(-0.,-0.,1.));
#102 = DIRECTION('',(-1.,0.,0.));
#103 = DEFINITIONAL_REPRESENTATION('',(#104),#112);
#104 = ( BOUNDED_CURVE() B_SPLINE_CURVE(2,(#105,#106,#107,#108,#109,#110
,#111),.UNSPECIFIED.,.T.,.F.) B_SPLINE_CURVE_WITH_KNOTS((1,2,2,2,2,1),(
    -2.094395102393,0.,2.094395102393,4.188790204786,6.28318530718,
8.377580409573),.UNSPECIFIED.) CURVE() GEOMETRIC_REPRESENTATION_ITEM() 
RATIONAL_B_SPLINE_CURVE((1.,0.5,1.,0.5,1.,0.5,1.)) REPRESENTATION_ITEM(
  '') );
#105 = CARTESIAN_POINT('',(-18.,0.));
#106 = CARTESIAN_POINT('',(-18.,31.17691453624));
#107 = CARTESIAN_POINT('',(9.,15.58845726812));
#108 = CARTESIAN_POINT('',(36.,4.40872847693E-15));
#109 = CARTESIAN_POINT('',(9.,-15.58845726812));
#110 = CARTESIAN_POINT('',(-18.,-31.17691453624));
#111 = CARTESIAN_POINT('',(-18.,0.));
#112 = ( GEOMETRIC_REPRESENTATION_CONTEXT(2) 
PARAMETRIC_REPRESENTATION_CONTEXT() REPRESENTATION_CONTEXT('2D SPACE',''
  ) );
#113 = ADVANCED_FACE('',(#114,#117),#98,.F.);
#114 = FACE_BOUND('',#115,.T.);
#115 = EDGE_LOOP('',(#116));
#116 = ORIENTED_EDGE('',*,*,#83,.T.);
#117 = FACE_BOUND('',#118,.T.);
#118 = EDGE_LOOP('',(#119,#149,#178,#206,#235,#263,#291,#319,#347,#375,
    #404,#428,#456,#485));
#119 = ORIENTED_EDGE('',*,*,#120,.F.);
#120 = EDGE_CURVE('',#121,#123,#125,.T.);
#121 = VERTEX_POINT('',#122);
#122 = CARTESIAN_POINT('',(138.37477270848,-69.,12.));
#123 = VERTEX_POINT('',#124);
#124 = CARTESIAN_POINT('',(151.62522729151,-69.,12.));
#125 = SURFACE_CURVE('',#126,(#130,#137),.PCURVE_S1.);
#126 = LINE('',#127,#128);
#127 = CARTESIAN_POINT('',(136.,-69.,12.));
#128 = VECTOR('',#129,1.);
#129 = DIRECTION('',(1.,0.,-0.));
#130 = PCURVE('',#98,#131);
#131 = DEFINITIONAL_REPRESENTATION('',(#132),#136);
#132 = LINE('',#133,#134);
#133 = CARTESIAN_POINT('',(9.,-9.));
#134 = VECTOR('',#135,1.);
#135 = DIRECTION('',(-1.,-0.));
#136 = ( GEOMETRIC_REPRESENTATION_CONTEXT(2) 
PARAMETRIC_REPRESENTATION_CONTEXT() REPRESENTATION_CONTEXT('2D SPACE',''
  ) );
#137 = PCURVE('',#138,#143);
#138 = PLANE('',#139);
#139 = AXIS2_PLACEMENT_3D('',#140,#141,#142);
#140 = CARTESIAN_POINT('',(136.,-69.,-18.));
#141 = DIRECTION('',(0.,-1.,0.));
#142 = DIRECTION('',(0.,0.,-1.));
#143 = DEFINITIONAL_REPRESENTATION('',(#144),#148);
#144 = LINE('',#145,#146);
#145 = CARTESIAN_POINT('',(-30.,0.));
#146 = VECTOR('',#147,1.);
#147 = DIRECTION('',(-0.,1.));
#148 = ( GEOMETRIC_REPRESENTATION_CONTEXT(2) 
PARAMETRIC_REPRESENTATION_CONTEXT() REPRESENTATION_CONTEXT('2D SPACE',''
  ) );
#149 = ORIENTED_EDGE('',*,*,#150,.T.);
#150 = EDGE_CURVE('',#121,#151,#153,.T.);
#151 = VERTEX_POINT('',#152);
#152 = CARTESIAN_POINT('',(136.,-71.37477270848,12.));
#153 = SURFACE_CURVE('',#154,(#159,#166),.PCURVE_S1.);
#154 = CIRCLE('',#155,1.7);
#155 = AXIS2_PLACEMENT_3D('',#156,#157,#158);
#156 = CARTESIAN_POINT('',(137.,-70.,12.));
#157 = DIRECTION('',(0.,0.,1.));
#158 = DIRECTION('',(1.,-0.,-0.));
#159 = PCURVE('',#98,#160);
#160 = DEFINITIONAL_REPRESENTATION('',(#161),#165);
#161 = CIRCLE('',#162,1.7);
#162 = AXIS2_PLACEMENT_2D('',#163,#164);
#163 = CARTESIAN_POINT('',(8.,-8.));
#164 = DIRECTION('',(-1.,0.));
#165 = ( GEOMETRIC_REPRESENTATION_CONTEXT(2) 
PARAMETRIC_REPRESENTATION_CONTEXT() REPRESENTATION_CONTEXT('2D SPACE',''
  ) );
#166 = PCURVE('',#167,#172);
#167 = CYLINDRICAL_SURFACE('',#168,1.7);
#168 = AXIS2_PLACEMENT_3D('',#169,#170,#171);
#169 = CARTESIAN_POINT('',(137.,-70.,-18.));
#170 = DIRECTION('',(-0.,0.,-1.));
#171 = DIRECTION('',(1.,-0.,-0.));
#172 = DEFINITIONAL_REPRESENTATION('',(#173),#177);
#173 = LINE('',#174,#175);
#174 = CARTESIAN_POINT('',(6.28318530718,-30.));
#175 = VECTOR('',#176,1.);
#176 = DIRECTION('',(-1.,0.));
#177 = ( GEOMETRIC_REPRESENTATION_CONTEXT(2) 
PARAMETRIC_REPRESENTATION_CONTEXT() REPRESENTATION_CONTEXT('2D SPACE',''
  ) );
#178 = ORIENTED_EDGE('',*,*,#179,.T.);
#179 = EDGE_CURVE('',#151,#180,#182,.T.);
#180 = VERTEX_POINT('',#181);
#181 = CARTESIAN_POINT('',(136.,-84.62522729151,12.));
#182 = SURFACE_CURVE('',#183,(#187,#194),.PCURVE_S1.);
#183 = LINE('',#184,#185);
#184 = CARTESIAN_POINT('',(136.,-69.,12.));
#185 = VECTOR('',#186,1.);
#186 = DIRECTION('',(0.,-1.,0.));
#187 = PCURVE('',#98,#188);
#188 = DEFINITIONAL_REPRESENTATION('',(#189),#193);
#189 = LINE('',#190,#191);
#190 = CARTESIAN_POINT('',(9.,-9.));
#191 = VECTOR('',#192,1.);
#192 = DIRECTION('',(-0.,1.));
#193 = ( GEOMETRIC_REPRESENTATION_CONTEXT(2) 
PARAMETRIC_REPRESENTATION_CONTEXT() REPRESENTATION_CONTEXT('2D SPACE',''
  ) );
#194 = PCURVE('',#195,#200);
#195 = PLANE('',#196);
#196 = AXIS2_PLACEMENT_3D('',#197,#198,#199);
#197 = CARTESIAN_POINT('',(136.,-69.,-18.));
#198 = DIRECTION('',(1.,0.,-0.));
#199 = DIRECTION('',(0.,0.,-1.));
#200 = DEFINITIONAL_REPRESENTATION('',(#201),#205);
#201 = LINE('',#202,#203);
#202 = CARTESIAN_POINT('',(-30.,0.));
#203 = VECTOR('',#204,1.);
#204 = DIRECTION('',(-0.,-1.));
#205 = ( GEOMETRIC_REPRESENTATION_CONTEXT(2) 
PARAMETRIC_REPRESENTATION_CONTEXT() REPRESENTATION_CONTEXT('2D SPACE',''
  ) );
#206 = ORIENTED_EDGE('',*,*,#207,.T.);
#207 = EDGE_CURVE('',#180,#208,#210,.T.);
#208 = VERTEX_POINT('',#209);
#209 = CARTESIAN_POINT('',(138.37477270848,-87.,12.));
#210 = SURFACE_CURVE('',#211,(#216,#223),.PCURVE_S1.);
#211 = CIRCLE('',#212,1.7);
#212 = AXIS2_PLACEMENT_3D('',#213,#214,#215);
#213 = CARTESIAN_POINT('',(137.,-86.,12.));
#214 = DIRECTION('',(0.,0.,1.));
#215 = DIRECTION('',(1.,-0.,-0.));
#216 = PCURVE('',#98,#217);
#217 = DEFINITIONAL_REPRESENTATION('',(#218),#222);
#218 = CIRCLE('',#219,1.7);
#219 = AXIS2_PLACEMENT_2D('',#220,#221);
#220 = CARTESIAN_POINT('',(8.,8.));
#221 = DIRECTION('',(-1.,0.));
#222 = ( GEOMETRIC_REPRESENTATION_CONTEXT(2) 
PARAMETRIC_REPRESENTATION_CONTEXT() REPRESENTATION_CONTEXT('2D SPACE',''
  ) );
#223 = PCURVE('',#224,#229);
#224 = CYLINDRICAL_SURFACE('',#225,1.7);
#225 = AXIS2_PLACEMENT_3D('',#226,#227,#228);
#226 = CARTESIAN_POINT('',(137.,-86.,-18.));
#227 = DIRECTION('',(-0.,0.,-1.));
#228 = DIRECTION('',(1.,-0.,-0.));
#229 = DEFINITIONAL_REPRESENTATION('',(#230),#234);
#230 = LINE('',#231,#232);
#231 = CARTESIAN_POINT('',(6.28318530718,-30.));
#232 = VECTOR('',#233,1.);
#233 = DIRECTION('',(-1.,0.));
#234 = ( GEOMETRIC_REPRESENTATION_CONTEXT(2) 
PARAMETRIC_REPRESENTATION_CONTEXT() REPRESENTATION_CONTEXT('2D SPACE',''
  ) );
#235 = ORIENTED_EDGE('',*,*,#236,.T.);
#236 = EDGE_CURVE('',#208,#237,#239,.T.);
#237 = VERTEX_POINT('',#238);
#238 = CARTESIAN_POINT('',(141.,-87.,12.));
#239 = SURFACE_CURVE('',#240,(#244,#251),.PCURVE_S1.);
#240 = LINE('',#241,#242);
#241 = CARTESIAN_POINT('',(136.,-87.,12.));
#242 = VECTOR('',#243,1.);
#243 = DIRECTION('',(1.,0.,-0.));
#244 = PCURVE('',#98,#245);
#245 = DEFINITIONAL_REPRESENTATION('',(#246),#250);
#246 = LINE('',#247,#248);
#247 = CARTESIAN_POINT('',(9.,9.));
#248 = VECTOR('',#249,1.);
#249 = DIRECTION('',(-1.,-0.));
#250 = ( GEOMETRIC_REPRESENTATION_CONTEXT(2) 
PARAMETRIC_REPRESENTATION_CONTEXT() REPRESENTATION_CONTEXT('2D SPACE',''
  ) );
#251 = PCURVE('',#252,#257);
#252 = PLANE('',#253);
#253 = AXIS2_PLACEMENT_3D('',#254,#255,#256);
#254 = CARTESIAN_POINT('',(136.,-87.,-18.));
#255 = DIRECTION('',(0.,-1.,0.));
#256 = DIRECTION('',(0.,0.,-1.));
#257 = DEFINITIONAL_REPRESENTATION('',(#258),#262);
#258 = LINE('',#259,#260);
#259 = CARTESIAN_POINT('',(-30.,0.));
#260 = VECTOR('',#261,1.);
#261 = DIRECTION('',(-0.,1.));
#262 = ( GEOMETRIC_REPRESENTATION_CONTEXT(2) 
PARAMETRIC_REPRESENTATION_CONTEXT() REPRESENTATION_CONTEXT('2D SPACE',''
  ) );
#263 = ORIENTED_EDGE('',*,*,#264,.T.);
#264 = EDGE_CURVE('',#237,#265,#267,.T.);
#265 = VERTEX_POINT('',#266);
#266 = CARTESIAN_POINT('',(141.,-89.,12.));
#267 = SURFACE_CURVE('',#268,(#272,#279),.PCURVE_S1.);
#268 = LINE('',#269,#270);
#269 = CARTESIAN_POINT('',(141.,-70.,12.));
#270 = VECTOR('',#271,1.);
#271 = DIRECTION('',(-0.,-1.,-0.));
#272 = PCURVE('',#98,#273);
#273 = DEFINITIONAL_REPRESENTATION('',(#274),#278);
#274 = LINE('',#275,#276);
#275 = CARTESIAN_POINT('',(4.,-8.));
#276 = VECTOR('',#277,1.);
#277 = DIRECTION('',(-0.,1.));
#278 = ( GEOMETRIC_REPRESENTATION_CONTEXT(2) 
PARAMETRIC_REPRESENTATION_CONTEXT() REPRESENTATION_CONTEXT('2D SPACE',''
  ) );
#279 = PCURVE('',#280,#285);
#280 = PLANE('',#281);
#281 = AXIS2_PLACEMENT_3D('',#282,#283,#284);
#282 = CARTESIAN_POINT('',(141.,-58.56385471924,-74.55285237335));
#283 = DIRECTION('',(-1.,0.,-0.));
#284 = DIRECTION('',(0.,0.,1.));
#285 = DEFINITIONAL_REPRESENTATION('',(#286),#290);
#286 = LINE('',#287,#288);
#287 = CARTESIAN_POINT('',(86.552852373356,-11.43614528075));
#288 = VECTOR('',#289,1.);
#289 = DIRECTION('',(-0.,-1.));
#290 = ( GEOMETRIC_REPRESENTATION_CONTEXT(2) 
PARAMETRIC_REPRESENTATION_CONTEXT() REPRESENTATION_CONTEXT('2D SPACE',''
  ) );
#291 = ORIENTED_EDGE('',*,*,#292,.T.);
#292 = EDGE_CURVE('',#265,#293,#295,.T.);
#293 = VERTEX_POINT('',#294);
#294 = CARTESIAN_POINT('',(146.,-89.,12.));
#295 = SURFACE_CURVE('',#296,(#300,#307),.PCURVE_S1.);
#296 = LINE('',#297,#298);
#297 = CARTESIAN_POINT('',(141.,-89.,12.));
#298 = VECTOR('',#299,1.);
#299 = DIRECTION('',(1.,-0.,-0.));
#300 = PCURVE('',#98,#301);
#301 = DEFINITIONAL_REPRESENTATION('',(#302),#306);
#302 = LINE('',#303,#304);
#303 = CARTESIAN_POINT('',(4.,11.));
#304 = VECTOR('',#305,1.);
#305 = DIRECTION('',(-1.,0.));
#306 = ( GEOMETRIC_REPRESENTATION_CONTEXT(2) 
PARAMETRIC_REPRESENTATION_CONTEXT() REPRESENTATION_CONTEXT('2D SPACE',''
  ) );
#307 = PCURVE('',#308,#313);
#308 = PLANE('',#309);
#309 = AXIS2_PLACEMENT_3D('',#310,#311,#312);
#310 = CARTESIAN_POINT('',(141.,-89.,12.));
#311 = DIRECTION('',(-0.,-1.,-0.));
#312 = DIRECTION('',(0.,0.,1.));
#313 = DEFINITIONAL_REPRESENTATION('',(#314),#318);
#314 = LINE('',#315,#316);
#315 = CARTESIAN_POINT('',(-0.,-0.));
#316 = VECTOR('',#317,1.);
#317 = DIRECTION('',(-0.,-1.));
#318 = ( GEOMETRIC_REPRESENTATION_CONTEXT(2) 
PARAMETRIC_REPRESENTATION_CONTEXT() REPRESENTATION_CONTEXT('2D SPACE',''
  ) );
#319 = ORIENTED_EDGE('',*,*,#320,.F.);
#320 = EDGE_CURVE('',#321,#293,#323,.T.);
#321 = VERTEX_POINT('',#322);
#322 = CARTESIAN_POINT('',(146.,-87.,12.));
#323 = SURFACE_CURVE('',#324,(#328,#335),.PCURVE_S1.);
#324 = LINE('',#325,#326);
#325 = CARTESIAN_POINT('',(146.,-70.,12.));
#326 = VECTOR('',#327,1.);
#327 = DIRECTION('',(-0.,-1.,-0.));
#328 = PCURVE('',#98,#329);
#329 = DEFINITIONAL_REPRESENTATION('',(#330),#334);
#330 = LINE('',#331,#332);
#331 = CARTESIAN_POINT('',(-1.,-8.));
#332 = VECTOR('',#333,1.);
#333 = DIRECTION('',(-0.,1.));
#334 = ( GEOMETRIC_REPRESENTATION_CONTEXT(2) 
PARAMETRIC_REPRESENTATION_CONTEXT() REPRESENTATION_CONTEXT('2D SPACE',''
  ) );
#335 = PCURVE('',#336,#341);
#336 = PLANE('',#337);
#337 = AXIS2_PLACEMENT_3D('',#338,#339,#340);
#338 = CARTESIAN_POINT('',(146.,-58.56385471924,-74.55285237335));
#339 = DIRECTION('',(-1.,0.,-0.));
#340 = DIRECTION('',(0.,0.,1.));
#341 = DEFINITIONAL_REPRESENTATION('',(#342),#346);
#342 = LINE('',#343,#344);
#343 = CARTESIAN_POINT('',(86.552852373356,-11.43614528075));
#344 = VECTOR('',#345,1.);
#345 = DIRECTION('',(-0.,-1.));
#346 = ( GEOMETRIC_REPRESENTATION_CONTEXT(2) 
PARAMETRIC_REPRESENTATION_CONTEXT() REPRESENTATION_CONTEXT('2D SPACE',''
  ) );
#347 = ORIENTED_EDGE('',*,*,#348,.T.);
#348 = EDGE_CURVE('',#321,#349,#351,.T.);
#349 = VERTEX_POINT('',#350);
#350 = CARTESIAN_POINT('',(151.62522729151,-87.,12.));
#351 = SURFACE_CURVE('',#352,(#356,#363),.PCURVE_S1.);
#352 = LINE('',#353,#354);
#353 = CARTESIAN_POINT('',(136.,-87.,12.));
#354 = VECTOR('',#355,1.);
#355 = DIRECTION('',(1.,0.,-0.));
#356 = PCURVE('',#98,#357);
#357 = DEFINITIONAL_REPRESENTATION('',(#358),#362);
#358 = LINE('',#359,#360);
#359 = CARTESIAN_POINT('',(9.,9.));
#360 = VECTOR('',#361,1.);
#361 = DIRECTION('',(-1.,-0.));
#362 = ( GEOMETRIC_REPRESENTATION_CONTEXT(2) 
PARAMETRIC_REPRESENTATION_CONTEXT() REPRESENTATION_CONTEXT('2D SPACE',''
  ) );
#363 = PCURVE('',#364,#369);
#364 = PLANE('',#365);
#365 = AXIS2_PLACEMENT_3D('',#366,#367,#368);
#366 = CARTESIAN_POINT('',(136.,-87.,-18.));
#367 = DIRECTION('',(0.,-1.,0.));
#368 = DIRECTION('',(0.,0.,-1.));
#369 = DEFINITIONAL_REPRESENTATION('',(#370),#374);
#370 = LINE('',#371,#372);
#371 = CARTESIAN_POINT('',(-30.,0.));
#372 = VECTOR('',#373,1.);
#373 = DIRECTION('',(-0.,1.));
#374 = ( GEOMETRIC_REPRESENTATION_CONTEXT(2) 
PARAMETRIC_REPRESENTATION_CONTEXT() REPRESENTATION_CONTEXT('2D SPACE',''
  ) );
#375 = ORIENTED_EDGE('',*,*,#376,.T.);
#376 = EDGE_CURVE('',#349,#377,#379,.T.);
#377 = VERTEX_POINT('',#378);
#378 = CARTESIAN_POINT('',(154.7,-86.,12.));
#379 = SURFACE_CURVE('',#380,(#385,#392),.PCURVE_S1.);
#380 = CIRCLE('',#381,1.7);
#381 = AXIS2_PLACEMENT_3D('',#382,#383,#384);
#382 = CARTESIAN_POINT('',(153.,-86.,12.));
#383 = DIRECTION('',(0.,0.,1.));
#384 = DIRECTION('',(1.,-0.,-0.));
#385 = PCURVE('',#98,#386);
#386 = DEFINITIONAL_REPRESENTATION('',(#387),#391);
#387 = CIRCLE('',#388,1.7);
#388 = AXIS2_PLACEMENT_2D('',#389,#390);
#389 = CARTESIAN_POINT('',(-8.,8.));
#390 = DIRECTION('',(-1.,0.));
#391 = ( GEOMETRIC_REPRESENTATION_CONTEXT(2) 
PARAMETRIC_REPRESENTATION_CONTEXT() REPRESENTATION_CONTEXT('2D SPACE',''
  ) );
#392 = PCURVE('',#393,#398);
#393 = CYLINDRICAL_SURFACE('',#394,1.7);
#394 = AXIS2_PLACEMENT_3D('',#395,#396,#397);
#395 = CARTESIAN_POINT('',(153.,-86.,-18.));
#396 = DIRECTION('',(-0.,0.,-1.));
#397 = DIRECTION('',(1.,-0.,-0.));
#398 = DEFINITIONAL_REPRESENTATION('',(#399),#403);
#399 = LINE('',#400,#401);
#400 = CARTESIAN_POINT('',(6.28318530718,-30.));
#401 = VECTOR('',#402,1.);
#402 = DIRECTION('',(-1.,0.));
#403 = ( GEOMETRIC_REPRESENTATION_CONTEXT(2) 
PARAMETRIC_REPRESENTATION_CONTEXT() REPRESENTATION_CONTEXT('2D SPACE',''
  ) );
#404 = ORIENTED_EDGE('',*,*,#405,.T.);
#405 = EDGE_CURVE('',#377,#406,#408,.T.);
#406 = VERTEX_POINT('',#407);
#407 = CARTESIAN_POINT('',(154.,-84.62522729151,12.));
#408 = SURFACE_CURVE('',#409,(#414,#421),.PCURVE_S1.);
#409 = CIRCLE('',#410,1.7);
#410 = AXIS2_PLACEMENT_3D('',#411,#412,#413);
#411 = CARTESIAN_POINT('',(153.,-86.,12.));
#412 = DIRECTION('',(0.,0.,1.));
#413 = DIRECTION('',(1.,-0.,-0.));
#414 = PCURVE('',#98,#415);
#415 = DEFINITIONAL_REPRESENTATION('',(#416),#420);
#416 = CIRCLE('',#417,1.7);
#417 = AXIS2_PLACEMENT_2D('',#418,#419);
#418 = CARTESIAN_POINT('',(-8.,8.));
#419 = DIRECTION('',(-1.,0.));
#420 = ( GEOMETRIC_REPRESENTATION_CONTEXT(2) 
PARAMETRIC_REPRESENTATION_CONTEXT() REPRESENTATION_CONTEXT('2D SPACE',''
  ) );
#421 = PCURVE('',#393,#422);
#422 = DEFINITIONAL_REPRESENTATION('',(#423),#427);
#423 = LINE('',#424,#425);
#424 = CARTESIAN_POINT('',(6.28318530718,-30.));
#425 = VECTOR('',#426,1.);
#426 = DIRECTION('',(-1.,0.));
#427 = ( GEOMETRIC_REPRESENTATION_CONTEXT(2) 
PARAMETRIC_REPRESENTATION_CONTEXT() REPRESENTATION_CONTEXT('2D SPACE',''
  ) );
#428 = ORIENTED_EDGE('',*,*,#429,.F.);
#429 = EDGE_CURVE('',#430,#406,#432,.T.);
#430 = VERTEX_POINT('',#431);
#431 = CARTESIAN_POINT('',(154.,-71.37477270848,12.));
#432 = SURFACE_CURVE('',#433,(#437,#444),.PCURVE_S1.);
#433 = LINE('',#434,#435);
#434 = CARTESIAN_POINT('',(154.,-69.,12.));
#435 = VECTOR('',#436,1.);
#436 = DIRECTION('',(0.,-1.,0.));
#437 = PCURVE('',#98,#438);
#438 = DEFINITIONAL_REPRESENTATION('',(#439),#443);
#439 = LINE('',#440,#441);
#440 = CARTESIAN_POINT('',(-9.,-9.));
#441 = VECTOR('',#442,1.);
#442 = DIRECTION('',(-0.,1.));
#443 = ( GEOMETRIC_REPRESENTATION_CONTEXT(2) 
PARAMETRIC_REPRESENTATION_CONTEXT() REPRESENTATION_CONTEXT('2D SPACE',''
  ) );
#444 = PCURVE('',#445,#450);
#445 = PLANE('',#446);
#446 = AXIS2_PLACEMENT_3D('',#447,#448,#449);
#447 = CARTESIAN_POINT('',(154.,-69.,-18.));
#448 = DIRECTION('',(1.,0.,-0.));
#449 = DIRECTION('',(0.,0.,-1.));
#450 = DEFINITIONAL_REPRESENTATION('',(#451),#455);
#451 = LINE('',#452,#453);
#452 = CARTESIAN_POINT('',(-30.,0.));
#453 = VECTOR('',#454,1.);
#454 = DIRECTION('',(-0.,-1.));
#455 = ( GEOMETRIC_REPRESENTATION_CONTEXT(2) 
PARAMETRIC_REPRESENTATION_CONTEXT() REPRESENTATION_CONTEXT('2D SPACE',''
  ) );
#456 = ORIENTED_EDGE('',*,*,#457,.T.);
#457 = EDGE_CURVE('',#430,#458,#460,.T.);
#458 = VERTEX_POINT('',#459);
#459 = CARTESIAN_POINT('',(154.7,-70.,12.));
#460 = SURFACE_CURVE('',#461,(#466,#473),.PCURVE_S1.);
#461 = CIRCLE('',#462,1.7);
#462 = AXIS2_PLACEMENT_3D('',#463,#464,#465);
#463 = CARTESIAN_POINT('',(153.,-70.,12.));
#464 = DIRECTION('',(0.,0.,1.));
#465 = DIRECTION('',(1.,-0.,-0.));
#466 = PCURVE('',#98,#467);
#467 = DEFINITIONAL_REPRESENTATION('',(#468),#472);
#468 = CIRCLE('',#469,1.7);
#469 = AXIS2_PLACEMENT_2D('',#470,#471);
#470 = CARTESIAN_POINT('',(-8.,-8.));
#471 = DIRECTION('',(-1.,0.));
#472 = ( GEOMETRIC_REPRESENTATION_CONTEXT(2) 
PARAMETRIC_REPRESENTATION_CONTEXT() REPRESENTATION_CONTEXT('2D SPACE',''
  ) );
#473 = PCURVE('',#474,#479);
#474 = CYLINDRICAL_SURFACE('',#475,1.7);
#475 = AXIS2_PLACEMENT_3D('',#476,#477,#478);
#476 = CARTESIAN_POINT('',(153.,-70.,-18.));
#477 = DIRECTION('',(-0.,0.,-1.));
#478 = DIRECTION('',(1.,-0.,-0.));
#479 = DEFINITIONAL_REPRESENTATION('',(#480),#484);
#480 = LINE('',#481,#482);
#481 = CARTESIAN_POINT('',(6.28318530718,-30.));
#482 = VECTOR('',#483,1.);
#483 = DIRECTION('',(-1.,0.));
#484 = ( GEOMETRIC_REPRESENTATION_CONTEXT(2) 
PARAMETRIC_REPRESENTATION_CONTEXT() REPRESENTATION_CONTEXT('2D SPACE',''
  ) );
#485 = ORIENTED_EDGE('',*,*,#486,.T.);
#486 = EDGE_CURVE('',#458,#123,#487,.T.);
#487 = SURFACE_CURVE('',#488,(#493,#500),.PCURVE_S1.);
#488 = CIRCLE('',#489,1.7);
#489 = AXIS2_PLACEMENT_3D('',#490,#491,#492);
#490 = CARTESIAN_POINT('',(153.,-70.,12.));
#491 = DIRECTION('',(0.,0.,1.));
#492 = DIRECTION('',(1.,-0.,-0.));
#493 = PCURVE('',#98,#494);
#494 = DEFINITIONAL_REPRESENTATION('',(#495),#499);
#495 = CIRCLE('',#496,1.7);
#496 = AXIS2_PLACEMENT_2D('',#497,#498);
#497 = CARTESIAN_POINT('',(-8.,-8.));
#498 = DIRECTION('',(-1.,0.));
#499 = ( GEOMETRIC_REPRESENTATION_CONTEXT(2) 
PARAMETRIC_REPRESENTATION_CONTEXT() REPRESENTATION_CONTEXT('2D SPACE',''
  ) );
#500 = PCURVE('',#474,#501);
#501 = DEFINITIONAL_REPRESENTATION('',(#502),#506);
#502 = LINE('',#503,#504);
#503 = CARTESIAN_POINT('',(6.28318530718,-30.));
#504 = VECTOR('',#505,1.);
#505 = DIRECTION('',(-1.,0.));
#506 = ( GEOMETRIC_REPRESENTATION_CONTEXT(2) 
PARAMETRIC_REPRESENTATION_CONTEXT() REPRESENTATION_CONTEXT('2D SPACE',''
  ) );
#507 = ADVANCED_FACE('',(#508,#511,#537,#563,#589,#620),#66,.T.);
#508 = FACE_BOUND('',#509,.F.);
#509 = EDGE_LOOP('',(#510));
#510 = ORIENTED_EDGE('',*,*,#51,.T.);
#511 = FACE_BOUND('',#512,.F.);
#512 = EDGE_LOOP('',(#513));
#513 = ORIENTED_EDGE('',*,*,#514,.T.);
#514 = EDGE_CURVE('',#515,#515,#517,.T.);
#515 = VERTEX_POINT('',#516);
#516 = CARTESIAN_POINT('',(138.7,-70.,17.));
#517 = SURFACE_CURVE('',#518,(#523,#530),.PCURVE_S1.);
#518 = CIRCLE('',#519,1.7);
#519 = AXIS2_PLACEMENT_3D('',#520,#521,#522);
#520 = CARTESIAN_POINT('',(137.,-70.,17.));
#521 = DIRECTION('',(0.,0.,1.));
#522 = DIRECTION('',(1.,-0.,-0.));
#523 = PCURVE('',#66,#524);
#524 = DEFINITIONAL_REPRESENTATION('',(#525),#529);
#525 = CIRCLE('',#526,1.7);
#526 = AXIS2_PLACEMENT_2D('',#527,#528);
#527 = CARTESIAN_POINT('',(8.,-8.));
#528 = DIRECTION('',(-1.,0.));
#529 = ( GEOMETRIC_REPRESENTATION_CONTEXT(2) 
PARAMETRIC_REPRESENTATION_CONTEXT() REPRESENTATION_CONTEXT('2D SPACE',''
  ) );
#530 = PCURVE('',#167,#531);
#531 = DEFINITIONAL_REPRESENTATION('',(#532),#536);
#532 = LINE('',#533,#534);
#533 = CARTESIAN_POINT('',(6.28318530718,-35.));
#534 = VECTOR('',#535,1.);
#535 = DIRECTION('',(-1.,0.));
#536 = ( GEOMETRIC_REPRESENTATION_CONTEXT(2) 
PARAMETRIC_REPRESENTATION_CONTEXT() REPRESENTATION_CONTEXT('2D SPACE',''
  ) );
#537 = FACE_BOUND('',#538,.F.);
#538 = EDGE_LOOP('',(#539));
#539 = ORIENTED_EDGE('',*,*,#540,.T.);
#540 = EDGE_CURVE('',#541,#541,#543,.T.);
#541 = VERTEX_POINT('',#542);
#542 = CARTESIAN_POINT('',(154.7,-70.,17.));
#543 = SURFACE_CURVE('',#544,(#549,#556),.PCURVE_S1.);
#544 = CIRCLE('',#545,1.7);
#545 = AXIS2_PLACEMENT_3D('',#546,#547,#548);
#546 = CARTESIAN_POINT('',(153.,-70.,17.));
#547 = DIRECTION('',(0.,0.,1.));
#548 = DIRECTION('',(1.,-0.,-0.));
#549 = PCURVE('',#66,#550);
#550 = DEFINITIONAL_REPRESENTATION('',(#551),#555);
#551 = CIRCLE('',#552,1.7);
#552 = AXIS2_PLACEMENT_2D('',#553,#554);
#553 = CARTESIAN_POINT('',(-8.,-8.));
#554 = DIRECTION('',(-1.,0.));
#555 = ( GEOMETRIC_REPRESENTATION_CONTEXT(2) 
PARAMETRIC_REPRESENTATION_CONTEXT() REPRESENTATION_CONTEXT('2D SPACE',''
  ) );
#556 = PCURVE('',#474,#557);
#557 = DEFINITIONAL_REPRESENTATION('',(#558),#562);
#558 = LINE('',#559,#560);
#559 = CARTESIAN_POINT('',(6.28318530718,-35.));
#560 = VECTOR('',#561,1.);
#561 = DIRECTION('',(-1.,0.));
#562 = ( GEOMETRIC_REPRESENTATION_CONTEXT(2) 
PARAMETRIC_REPRESENTATION_CONTEXT() REPRESENTATION_CONTEXT('2D SPACE',''
  ) );
#563 = FACE_BOUND('',#564,.F.);
#564 = EDGE_LOOP('',(#565));
#565 = ORIENTED_EDGE('',*,*,#566,.T.);
#566 = EDGE_CURVE('',#567,#567,#569,.T.);
#567 = VERTEX_POINT('',#568);
#568 = CARTESIAN_POINT('',(138.7,-86.,17.));
#569 = SURFACE_CURVE('',#570,(#575,#582),.PCURVE_S1.);
#570 = CIRCLE('',#571,1.7);
#571 = AXIS2_PLACEMENT_3D('',#572,#573,#574);
#572 = CARTESIAN_POINT('',(137.,-86.,17.));
#573 = DIRECTION('',(0.,0.,1.));
#574 = DIRECTION('',(1.,-0.,-0.));
#575 = PCURVE('',#66,#576);
#576 = DEFINITIONAL_REPRESENTATION('',(#577),#581);
#577 = CIRCLE('',#578,1.7);
#578 = AXIS2_PLACEMENT_2D('',#579,#580);
#579 = CARTESIAN_POINT('',(8.,8.));
#580 = DIRECTION('',(-1.,0.));
#581 = ( GEOMETRIC_REPRESENTATION_CONTEXT(2) 
PARAMETRIC_REPRESENTATION_CONTEXT() REPRESENTATION_CONTEXT('2D SPACE',''
  ) );
#582 = PCURVE('',#224,#583);
#583 = DEFINITIONAL_REPRESENTATION('',(#584),#588);
#584 = LINE('',#585,#586);
#585 = CARTESIAN_POINT('',(6.28318530718,-35.));
#586 = VECTOR('',#587,1.);
#587 = DIRECTION('',(-1.,0.));
#588 = ( GEOMETRIC_REPRESENTATION_CONTEXT(2) 
PARAMETRIC_REPRESENTATION_CONTEXT() REPRESENTATION_CONTEXT('2D SPACE',''
  ) );
#589 = FACE_BOUND('',#590,.F.);
#590 = EDGE_LOOP('',(#591));
#591 = ORIENTED_EDGE('',*,*,#592,.T.);
#592 = EDGE_CURVE('',#593,#593,#595,.T.);
#593 = VERTEX_POINT('',#594);
#594 = CARTESIAN_POINT('',(149.5,-78.,17.));
#595 = SURFACE_CURVE('',#596,(#601,#608),.PCURVE_S1.);
#596 = CIRCLE('',#597,4.5);
#597 = AXIS2_PLACEMENT_3D('',#598,#599,#600);
#598 = CARTESIAN_POINT('',(145.,-78.,17.));
#599 = DIRECTION('',(0.,0.,1.));
#600 = DIRECTION('',(1.,-0.,-0.));
#601 = PCURVE('',#66,#602);
#602 = DEFINITIONAL_REPRESENTATION('',(#603),#607);
#603 = CIRCLE('',#604,4.5);
#604 = AXIS2_PLACEMENT_2D('',#605,#606);
#605 = CARTESIAN_POINT('',(0.,0.));
#606 = DIRECTION('',(-1.,0.));
#607 = ( GEOMETRIC_REPRESENTATION_CONTEXT(2) 
PARAMETRIC_REPRESENTATION_CONTEXT() REPRESENTATION_CONTEXT('2D SPACE',''
  ) );
#608 = PCURVE('',#609,#614);
#609 = CYLINDRICAL_SURFACE('',#610,4.5);
#610 = AXIS2_PLACEMENT_3D('',#611,#612,#613);
#611 = CARTESIAN_POINT('',(145.,-78.,-18.));
#612 = DIRECTION('',(-0.,0.,-1.));
#613 = DIRECTION('',(1.,-0.,-0.));
#614 = DEFINITIONAL_REPRESENTATION('',(#615),#619);
#615 = LINE('',#616,#617);
#616 = CARTESIAN_POINT('',(6.28318530718,-35.));
#617 = VECTOR('',#618,1.);
#618 = DIRECTION('',(-1.,0.));
#619 = ( GEOMETRIC_REPRESENTATION_CONTEXT(2) 
PARAMETRIC_REPRESENTATION_CONTEXT() REPRESENTATION_CONTEXT('2D SPACE',''
  ) );
#620 = FACE_BOUND('',#621,.F.);
#621 = EDGE_LOOP('',(#622));
#622 = ORIENTED_EDGE('',*,*,#623,.T.);
#623 = EDGE_CURVE('',#624,#624,#626,.T.);
#624 = VERTEX_POINT('',#625);
#625 = CARTESIAN_POINT('',(154.7,-86.,17.));
#626 = SURFACE_CURVE('',#627,(#632,#639),.PCURVE_S1.);
#627 = CIRCLE('',#628,1.7);
#628 = AXIS2_PLACEMENT_3D('',#629,#630,#631);
#629 = CARTESIAN_POINT('',(153.,-86.,17.));
#630 = DIRECTION('',(0.,0.,1.));
#631 = DIRECTION('',(1.,-0.,-0.));
#632 = PCURVE('',#66,#633);
#633 = DEFINITIONAL_REPRESENTATION('',(#634),#638);
#634 = CIRCLE('',#635,1.7);
#635 = AXIS2_PLACEMENT_2D('',#636,#637);
#636 = CARTESIAN_POINT('',(-8.,8.));
#637 = DIRECTION('',(-1.,0.));
#638 = ( GEOMETRIC_REPRESENTATION_CONTEXT(2) 
PARAMETRIC_REPRESENTATION_CONTEXT() REPRESENTATION_CONTEXT('2D SPACE',''
  ) );
#639 = PCURVE('',#393,#640);
#640 = DEFINITIONAL_REPRESENTATION('',(#641),#645);
#641 = LINE('',#642,#643);
#642 = CARTESIAN_POINT('',(6.28318530718,-35.));
#643 = VECTOR('',#644,1.);
#644 = DIRECTION('',(-1.,0.));
#645 = ( GEOMETRIC_REPRESENTATION_CONTEXT(2) 
PARAMETRIC_REPRESENTATION_CONTEXT() REPRESENTATION_CONTEXT('2D SPACE',''
  ) );
#646 = ADVANCED_FACE('',(#647,#722),#138,.F.);
#647 = FACE_BOUND('',#648,.T.);
#648 = EDGE_LOOP('',(#649,#679,#700,#701));
#649 = ORIENTED_EDGE('',*,*,#650,.F.);
#650 = EDGE_CURVE('',#651,#653,#655,.T.);
#651 = VERTEX_POINT('',#652);
#652 = CARTESIAN_POINT('',(138.37477270848,-69.,-18.));
#653 = VERTEX_POINT('',#654);
#654 = CARTESIAN_POINT('',(151.62522729151,-69.,-18.));
#655 = SURFACE_CURVE('',#656,(#660,#667),.PCURVE_S1.);
#656 = LINE('',#657,#658);
#657 = CARTESIAN_POINT('',(136.,-69.,-18.));
#658 = VECTOR('',#659,1.);
#659 = DIRECTION('',(1.,0.,-0.));
#660 = PCURVE('',#138,#661);
#661 = DEFINITIONAL_REPRESENTATION('',(#662),#666);
#662 = LINE('',#663,#664);
#663 = CARTESIAN_POINT('',(-0.,0.));
#664 = VECTOR('',#665,1.);
#665 = DIRECTION('',(-0.,1.));
#666 = ( GEOMETRIC_REPRESENTATION_CONTEXT(2) 
PARAMETRIC_REPRESENTATION_CONTEXT() REPRESENTATION_CONTEXT('2D SPACE',''
  ) );
#667 = PCURVE('',#668,#673);
#668 = PLANE('',#669);
#669 = AXIS2_PLACEMENT_3D('',#670,#671,#672);
#670 = CARTESIAN_POINT('',(136.,-69.,-18.));
#671 = DIRECTION('',(0.,0.,1.));
#672 = DIRECTION('',(-1.,0.,0.));
#673 = DEFINITIONAL_REPRESENTATION('',(#674),#678);
#674 = LINE('',#675,#676);
#675 = CARTESIAN_POINT('',(-0.,-0.));
#676 = VECTOR('',#677,1.);
#677 = DIRECTION('',(-1.,0.));
#678 = ( GEOMETRIC_REPRESENTATION_CONTEXT(2) 
PARAMETRIC_REPRESENTATION_CONTEXT() REPRESENTATION_CONTEXT('2D SPACE',''
  ) );
#679 = ORIENTED_EDGE('',*,*,#680,.F.);
#680 = EDGE_CURVE('',#121,#651,#681,.T.);
#681 = SURFACE_CURVE('',#682,(#686,#693),.PCURVE_S1.);
#682 = LINE('',#683,#684);
#683 = CARTESIAN_POINT('',(138.37477270848,-69.,-18.));
#684 = VECTOR('',#685,1.);
#685 = DIRECTION('',(-0.,0.,-1.));
#686 = PCURVE('',#138,#687);
#687 = DEFINITIONAL_REPRESENTATION('',(#688),#692);
#688 = LINE('',#689,#690);
#689 = CARTESIAN_POINT('',(-0.,2.374772708487));
#690 = VECTOR('',#691,1.);
#691 = DIRECTION('',(1.,-0.));
#692 = ( GEOMETRIC_REPRESENTATION_CONTEXT(2) 
PARAMETRIC_REPRESENTATION_CONTEXT() REPRESENTATION_CONTEXT('2D SPACE',''
  ) );
#693 = PCURVE('',#167,#694);
#694 = DEFINITIONAL_REPRESENTATION('',(#695),#699);
#695 = LINE('',#696,#697);
#696 = CARTESIAN_POINT('',(5.654310381685,0.));
#697 = VECTOR('',#698,1.);
#698 = DIRECTION('',(0.,1.));
#699 = ( GEOMETRIC_REPRESENTATION_CONTEXT(2) 
PARAMETRIC_REPRESENTATION_CONTEXT() REPRESENTATION_CONTEXT('2D SPACE',''
  ) );
#700 = ORIENTED_EDGE('',*,*,#120,.T.);
#701 = ORIENTED_EDGE('',*,*,#702,.T.);
#702 = EDGE_CURVE('',#123,#653,#703,.T.);
#703 = SURFACE_CURVE('',#704,(#708,#715),.PCURVE_S1.);
#704 = LINE('',#705,#706);
#705 = CARTESIAN_POINT('',(151.62522729151,-69.,-18.));
#706 = VECTOR('',#707,1.);
#707 = DIRECTION('',(-0.,0.,-1.));
#708 = PCURVE('',#138,#709);
#709 = DEFINITIONAL_REPRESENTATION('',(#710),#714);
#710 = LINE('',#711,#712);
#711 = CARTESIAN_POINT('',(-0.,15.625227291513));
#712 = VECTOR('',#713,1.);
#713 = DIRECTION('',(1.,-0.));
#714 = ( GEOMETRIC_REPRESENTATION_CONTEXT(2) 
PARAMETRIC_REPRESENTATION_CONTEXT() REPRESENTATION_CONTEXT('2D SPACE',''
  ) );
#715 = PCURVE('',#474,#716);
#716 = DEFINITIONAL_REPRESENTATION('',(#717),#721);
#717 = LINE('',#718,#719);
#718 = CARTESIAN_POINT('',(3.770467579085,0.));
#719 = VECTOR('',#720,1.);
#720 = DIRECTION('',(0.,1.));
#721 = ( GEOMETRIC_REPRESENTATION_CONTEXT(2) 
PARAMETRIC_REPRESENTATION_CONTEXT() REPRESENTATION_CONTEXT('2D SPACE',''
  ) );
#722 = FACE_BOUND('',#723,.T.);
#723 = EDGE_LOOP('',(#724,#749,#777,#800));
#724 = ORIENTED_EDGE('',*,*,#725,.F.);
#725 = EDGE_CURVE('',#726,#728,#730,.T.);
#726 = VERTEX_POINT('',#727);
#727 = CARTESIAN_POINT('',(146.,-69.,11.196721311475));
#728 = VERTEX_POINT('',#729);
#729 = CARTESIAN_POINT('',(146.,-69.,-4.526315789474));
#730 = SURFACE_CURVE('',#731,(#735,#742),.PCURVE_S1.);
#731 = LINE('',#732,#733);
#732 = CARTESIAN_POINT('',(146.,-69.,-46.27642618667));
#733 = VECTOR('',#734,1.);
#734 = DIRECTION('',(-0.,-0.,-1.));
#735 = PCURVE('',#138,#736);
#736 = DEFINITIONAL_REPRESENTATION('',(#737),#741);
#737 = LINE('',#738,#739);
#738 = CARTESIAN_POINT('',(28.276426186678,10.));
#739 = VECTOR('',#740,1.);
#740 = DIRECTION('',(1.,-0.));
#741 = ( GEOMETRIC_REPRESENTATION_CONTEXT(2) 
PARAMETRIC_REPRESENTATION_CONTEXT() REPRESENTATION_CONTEXT('2D SPACE',''
  ) );
#742 = PCURVE('',#336,#743);
#743 = DEFINITIONAL_REPRESENTATION('',(#744),#748);
#744 = LINE('',#745,#746);
#745 = CARTESIAN_POINT('',(28.276426186678,-10.43614528075));
#746 = VECTOR('',#747,1.);
#747 = DIRECTION('',(-1.,0.));
#748 = ( GEOMETRIC_REPRESENTATION_CONTEXT(2) 
PARAMETRIC_REPRESENTATION_CONTEXT() REPRESENTATION_CONTEXT('2D SPACE',''
  ) );
#749 = ORIENTED_EDGE('',*,*,#750,.T.);
#750 = EDGE_CURVE('',#726,#751,#753,.T.);
#751 = VERTEX_POINT('',#752);
#752 = CARTESIAN_POINT('',(141.,-69.,11.196721311475));
#753 = SURFACE_CURVE('',#754,(#758,#765),.PCURVE_S1.);
#754 = LINE('',#755,#756);
#755 = CARTESIAN_POINT('',(138.5,-69.,11.196721311475));
#756 = VECTOR('',#757,1.);
#757 = DIRECTION('',(-1.,-0.,-0.));
#758 = PCURVE('',#138,#759);
#759 = DEFINITIONAL_REPRESENTATION('',(#760),#764);
#760 = LINE('',#761,#762);
#761 = CARTESIAN_POINT('',(-29.19672131147,2.5));
#762 = VECTOR('',#763,1.);
#763 = DIRECTION('',(-0.,-1.));
#764 = ( GEOMETRIC_REPRESENTATION_CONTEXT(2) 
PARAMETRIC_REPRESENTATION_CONTEXT() REPRESENTATION_CONTEXT('2D SPACE',''
  ) );
#765 = PCURVE('',#766,#771);
#766 = PLANE('',#767);
#767 = AXIS2_PLACEMENT_3D('',#768,#769,#770);
#768 = CARTESIAN_POINT('',(141.,-9.,-37.));
#769 = DIRECTION('',(-0.,0.626252420424,0.77962036012));
#770 = DIRECTION('',(0.,0.77962036012,-0.626252420424));
#771 = DEFINITIONAL_REPRESENTATION('',(#772),#776);
#772 = LINE('',#773,#774);
#773 = CARTESIAN_POINT('',(-76.96053498499,2.5));
#774 = VECTOR('',#775,1.);
#775 = DIRECTION('',(-0.,1.));
#776 = ( GEOMETRIC_REPRESENTATION_CONTEXT(2) 
PARAMETRIC_REPRESENTATION_CONTEXT() REPRESENTATION_CONTEXT('2D SPACE',''
  ) );
#777 = ORIENTED_EDGE('',*,*,#778,.T.);
#778 = EDGE_CURVE('',#751,#779,#781,.T.);
#779 = VERTEX_POINT('',#780);
#780 = CARTESIAN_POINT('',(141.,-69.,-4.526315789474));
#781 = SURFACE_CURVE('',#782,(#786,#793),.PCURVE_S1.);
#782 = LINE('',#783,#784);
#783 = CARTESIAN_POINT('',(141.,-69.,-46.27642618667));
#784 = VECTOR('',#785,1.);
#785 = DIRECTION('',(-0.,-0.,-1.));
#786 = PCURVE('',#138,#787);
#787 = DEFINITIONAL_REPRESENTATION('',(#788),#792);
#788 = LINE('',#789,#790);
#789 = CARTESIAN_POINT('',(28.276426186678,5.));
#790 = VECTOR('',#791,1.);
#791 = DIRECTION('',(1.,-0.));
#792 = ( GEOMETRIC_REPRESENTATION_CONTEXT(2) 
PARAMETRIC_REPRESENTATION_CONTEXT() REPRESENTATION_CONTEXT('2D SPACE',''
  ) );
#793 = PCURVE('',#280,#794);
#794 = DEFINITIONAL_REPRESENTATION('',(#795),#799);
#795 = LINE('',#796,#797);
#796 = CARTESIAN_POINT('',(28.276426186678,-10.43614528075));
#797 = VECTOR('',#798,1.);
#798 = DIRECTION('',(-1.,0.));
#799 = ( GEOMETRIC_REPRESENTATION_CONTEXT(2) 
PARAMETRIC_REPRESENTATION_CONTEXT() REPRESENTATION_CONTEXT('2D SPACE',''
  ) );
#800 = ORIENTED_EDGE('',*,*,#801,.F.);
#801 = EDGE_CURVE('',#728,#779,#802,.T.);
#802 = SURFACE_CURVE('',#803,(#807,#814),.PCURVE_S1.);
#803 = LINE('',#804,#805);
#804 = CARTESIAN_POINT('',(137.5,-69.,-4.526315789474));
#805 = VECTOR('',#806,1.);
#806 = DIRECTION('',(-1.,-0.,-0.));
#807 = PCURVE('',#138,#808);
#808 = DEFINITIONAL_REPRESENTATION('',(#809),#813);
#809 = LINE('',#810,#811);
#810 = CARTESIAN_POINT('',(-13.47368421052,1.5));
#811 = VECTOR('',#812,1.);
#812 = DIRECTION('',(-0.,-1.));
#813 = ( GEOMETRIC_REPRESENTATION_CONTEXT(2) 
PARAMETRIC_REPRESENTATION_CONTEXT() REPRESENTATION_CONTEXT('2D SPACE',''
  ) );
#814 = PCURVE('',#815,#820);
#815 = PLANE('',#816);
#816 = AXIS2_PLACEMENT_3D('',#817,#818,#819);
#817 = CARTESIAN_POINT('',(139.,-18.,-43.));
#818 = DIRECTION('',(-0.,0.602238533698,0.798316195833));
#819 = DIRECTION('',(0.,0.798316195833,-0.602238533698));
#820 = DEFINITIONAL_REPRESENTATION('',(#821),#825);
#821 = LINE('',#822,#823);
#822 = CARTESIAN_POINT('',(-63.88446115239,1.5));
#823 = VECTOR('',#824,1.);
#824 = DIRECTION('',(-0.,1.));
#825 = ( GEOMETRIC_REPRESENTATION_CONTEXT(2) 
PARAMETRIC_REPRESENTATION_CONTEXT() REPRESENTATION_CONTEXT('2D SPACE',''
  ) );
#826 = ADVANCED_FACE('',(#827),#474,.F.);
#827 = FACE_BOUND('',#828,.F.);
#828 = EDGE_LOOP('',(#829,#830,#851,#852,#853,#854,#855,#883));
#829 = ORIENTED_EDGE('',*,*,#457,.T.);
#830 = ORIENTED_EDGE('',*,*,#831,.T.);
#831 = EDGE_CURVE('',#458,#541,#832,.T.);
#832 = SEAM_CURVE('',#833,(#837,#844),.PCURVE_S1.);
#833 = LINE('',#834,#835);
#834 = CARTESIAN_POINT('',(154.7,-70.,-18.));
#835 = VECTOR('',#836,1.);
#836 = DIRECTION('',(-0.,-0.,1.));
#837 = PCURVE('',#474,#838);
#838 = DEFINITIONAL_REPRESENTATION('',(#839),#843);
#839 = LINE('',#840,#841);
#840 = CARTESIAN_POINT('',(6.28318530718,0.));
#841 = VECTOR('',#842,1.);
#842 = DIRECTION('',(0.,-1.));
#843 = ( GEOMETRIC_REPRESENTATION_CONTEXT(2) 
PARAMETRIC_REPRESENTATION_CONTEXT() REPRESENTATION_CONTEXT('2D SPACE',''
  ) );
#844 = PCURVE('',#474,#845);
#845 = DEFINITIONAL_REPRESENTATION('',(#846),#850);
#846 = LINE('',#847,#848);
#847 = CARTESIAN_POINT('',(0.,0.));
#848 = VECTOR('',#849,1.);
#849 = DIRECTION('',(0.,-1.));
#850 = ( GEOMETRIC_REPRESENTATION_CONTEXT(2) 
PARAMETRIC_REPRESENTATION_CONTEXT() REPRESENTATION_CONTEXT('2D SPACE',''
  ) );
#851 = ORIENTED_EDGE('',*,*,#540,.F.);
#852 = ORIENTED_EDGE('',*,*,#831,.F.);
#853 = ORIENTED_EDGE('',*,*,#486,.T.);
#854 = ORIENTED_EDGE('',*,*,#702,.T.);
#855 = ORIENTED_EDGE('',*,*,#856,.F.);
#856 = EDGE_CURVE('',#857,#653,#859,.T.);
#857 = VERTEX_POINT('',#858);
#858 = CARTESIAN_POINT('',(154.,-71.37477270848,-18.));
#859 = SURFACE_CURVE('',#860,(#865,#872),.PCURVE_S1.);
#860 = CIRCLE('',#861,1.7);
#861 = AXIS2_PLACEMENT_3D('',#862,#863,#864);
#862 = CARTESIAN_POINT('',(153.,-70.,-18.));
#863 = DIRECTION('',(0.,0.,-1.));
#864 = DIRECTION('',(1.,-0.,-0.));
#865 = PCURVE('',#474,#866);
#866 = DEFINITIONAL_REPRESENTATION('',(#867),#871);
#867 = LINE('',#868,#869);
#868 = CARTESIAN_POINT('',(0.,0.));
#869 = VECTOR('',#870,1.);
#870 = DIRECTION('',(1.,0.));
#871 = ( GEOMETRIC_REPRESENTATION_CONTEXT(2) 
PARAMETRIC_REPRESENTATION_CONTEXT() REPRESENTATION_CONTEXT('2D SPACE',''
  ) );
#872 = PCURVE('',#668,#873);
#873 = DEFINITIONAL_REPRESENTATION('',(#874),#882);
#874 = ( BOUNDED_CURVE() B_SPLINE_CURVE(2,(#875,#876,#877,#878,#879,#880
,#881),.UNSPECIFIED.,.T.,.F.) B_SPLINE_CURVE_WITH_KNOTS((1,2,2,2,2,1),(
    -2.094395102393,0.,2.094395102393,4.188790204786,6.28318530718,
8.377580409573),.UNSPECIFIED.) CURVE() GEOMETRIC_REPRESENTATION_ITEM() 
RATIONAL_B_SPLINE_CURVE((1.,0.5,1.,0.5,1.,0.5,1.)) REPRESENTATION_ITEM(
  '') );
#875 = CARTESIAN_POINT('',(-18.7,1.));
#876 = CARTESIAN_POINT('',(-18.7,3.944486372867));
#877 = CARTESIAN_POINT('',(-16.15,2.472243186434));
#878 = CARTESIAN_POINT('',(-13.6,1.));
#879 = CARTESIAN_POINT('',(-16.15,-0.472243186434));
#880 = CARTESIAN_POINT('',(-18.7,-1.944486372867));
#881 = CARTESIAN_POINT('',(-18.7,1.));
#882 = ( GEOMETRIC_REPRESENTATION_CONTEXT(2) 
PARAMETRIC_REPRESENTATION_CONTEXT() REPRESENTATION_CONTEXT('2D SPACE',''
  ) );
#883 = ORIENTED_EDGE('',*,*,#884,.F.);
#884 = EDGE_CURVE('',#430,#857,#885,.T.);
#885 = SURFACE_CURVE('',#886,(#890,#897),.PCURVE_S1.);
#886 = LINE('',#887,#888);
#887 = CARTESIAN_POINT('',(154.,-71.37477270848,-18.));
#888 = VECTOR('',#889,1.);
#889 = DIRECTION('',(-0.,0.,-1.));
#890 = PCURVE('',#474,#891);
#891 = DEFINITIONAL_REPRESENTATION('',(#892),#896);
#892 = LINE('',#893,#894);
#893 = CARTESIAN_POINT('',(0.9419214013,0.));
#894 = VECTOR('',#895,1.);
#895 = DIRECTION('',(0.,1.));
#896 = ( GEOMETRIC_REPRESENTATION_CONTEXT(2) 
PARAMETRIC_REPRESENTATION_CONTEXT() REPRESENTATION_CONTEXT('2D SPACE',''
  ) );
#897 = PCURVE('',#445,#898);
#898 = DEFINITIONAL_REPRESENTATION('',(#899),#903);
#899 = LINE('',#900,#901);
#900 = CARTESIAN_POINT('',(-0.,-2.374772708487));
#901 = VECTOR('',#902,1.);
#902 = DIRECTION('',(1.,-0.));
#903 = ( GEOMETRIC_REPRESENTATION_CONTEXT(2) 
PARAMETRIC_REPRESENTATION_CONTEXT() REPRESENTATION_CONTEXT('2D SPACE',''
  ) );
#904 = ADVANCED_FACE('',(#905),#445,.T.);
#905 = FACE_BOUND('',#906,.F.);
#906 = EDGE_LOOP('',(#907,#908,#909,#932));
#907 = ORIENTED_EDGE('',*,*,#429,.F.);
#908 = ORIENTED_EDGE('',*,*,#884,.T.);
#909 = ORIENTED_EDGE('',*,*,#910,.T.);
#910 = EDGE_CURVE('',#857,#911,#913,.T.);
#911 = VERTEX_POINT('',#912);
#912 = CARTESIAN_POINT('',(154.,-84.62522729151,-18.));
#913 = SURFACE_CURVE('',#914,(#918,#925),.PCURVE_S1.);
#914 = LINE('',#915,#916);
#915 = CARTESIAN_POINT('',(154.,-69.,-18.));
#916 = VECTOR('',#917,1.);
#917 = DIRECTION('',(0.,-1.,0.));
#918 = PCURVE('',#445,#919);
#919 = DEFINITIONAL_REPRESENTATION('',(#920),#924);
#920 = LINE('',#921,#922);
#921 = CARTESIAN_POINT('',(-0.,0.));
#922 = VECTOR('',#923,1.);
#923 = DIRECTION('',(-0.,-1.));
#924 = ( GEOMETRIC_REPRESENTATION_CONTEXT(2) 
PARAMETRIC_REPRESENTATION_CONTEXT() REPRESENTATION_CONTEXT('2D SPACE',''
  ) );
#925 = PCURVE('',#668,#926);
#926 = DEFINITIONAL_REPRESENTATION('',(#927),#931);
#927 = LINE('',#928,#929);
#928 = CARTESIAN_POINT('',(-18.,-0.));
#929 = VECTOR('',#930,1.);
#930 = DIRECTION('',(-0.,1.));
#931 = ( GEOMETRIC_REPRESENTATION_CONTEXT(2) 
PARAMETRIC_REPRESENTATION_CONTEXT() REPRESENTATION_CONTEXT('2D SPACE',''
  ) );
#932 = ORIENTED_EDGE('',*,*,#933,.F.);
#933 = EDGE_CURVE('',#406,#911,#934,.T.);
#934 = SURFACE_CURVE('',#935,(#939,#946),.PCURVE_S1.);
#935 = LINE('',#936,#937);
#936 = CARTESIAN_POINT('',(154.,-84.62522729151,-18.));
#937 = VECTOR('',#938,1.);
#938 = DIRECTION('',(-0.,0.,-1.));
#939 = PCURVE('',#445,#940);
#940 = DEFINITIONAL_REPRESENTATION('',(#941),#945);
#941 = LINE('',#942,#943);
#942 = CARTESIAN_POINT('',(-0.,-15.62522729151));
#943 = VECTOR('',#944,1.);
#944 = DIRECTION('',(1.,-0.));
#945 = ( GEOMETRIC_REPRESENTATION_CONTEXT(2) 
PARAMETRIC_REPRESENTATION_CONTEXT() REPRESENTATION_CONTEXT('2D SPACE',''
  ) );
#946 = PCURVE('',#393,#947);
#947 = DEFINITIONAL_REPRESENTATION('',(#948),#952);
#948 = LINE('',#949,#950);
#949 = CARTESIAN_POINT('',(5.34126390588,0.));
#950 = VECTOR('',#951,1.);
#951 = DIRECTION('',(0.,1.));
#952 = ( GEOMETRIC_REPRESENTATION_CONTEXT(2) 
PARAMETRIC_REPRESENTATION_CONTEXT() REPRESENTATION_CONTEXT('2D SPACE',''
  ) );
#953 = ADVANCED_FACE('',(#954),#393,.F.);
#954 = FACE_BOUND('',#955,.F.);
#955 = EDGE_LOOP('',(#956,#957,#978,#979,#980,#981,#982,#1010));
#956 = ORIENTED_EDGE('',*,*,#376,.T.);
#957 = ORIENTED_EDGE('',*,*,#958,.T.);
#958 = EDGE_CURVE('',#377,#624,#959,.T.);
#959 = SEAM_CURVE('',#960,(#964,#971),.PCURVE_S1.);
#960 = LINE('',#961,#962);
#961 = CARTESIAN_POINT('',(154.7,-86.,-18.));
#962 = VECTOR('',#963,1.);
#963 = DIRECTION('',(-0.,-0.,1.));
#964 = PCURVE('',#393,#965);
#965 = DEFINITIONAL_REPRESENTATION('',(#966),#970);
#966 = LINE('',#967,#968);
#967 = CARTESIAN_POINT('',(6.28318530718,0.));
#968 = VECTOR('',#969,1.);
#969 = DIRECTION('',(0.,-1.));
#970 = ( GEOMETRIC_REPRESENTATION_CONTEXT(2) 
PARAMETRIC_REPRESENTATION_CONTEXT() REPRESENTATION_CONTEXT('2D SPACE',''
  ) );
#971 = PCURVE('',#393,#972);
#972 = DEFINITIONAL_REPRESENTATION('',(#973),#977);
#973 = LINE('',#974,#975);
#974 = CARTESIAN_POINT('',(0.,0.));
#975 = VECTOR('',#976,1.);
#976 = DIRECTION('',(0.,-1.));
#977 = ( GEOMETRIC_REPRESENTATION_CONTEXT(2) 
PARAMETRIC_REPRESENTATION_CONTEXT() REPRESENTATION_CONTEXT('2D SPACE',''
  ) );
#978 = ORIENTED_EDGE('',*,*,#623,.F.);
#979 = ORIENTED_EDGE('',*,*,#958,.F.);
#980 = ORIENTED_EDGE('',*,*,#405,.T.);
#981 = ORIENTED_EDGE('',*,*,#933,.T.);
#982 = ORIENTED_EDGE('',*,*,#983,.F.);
#983 = EDGE_CURVE('',#984,#911,#986,.T.);
#984 = VERTEX_POINT('',#985);
#985 = CARTESIAN_POINT('',(151.62522729151,-87.,-18.));
#986 = SURFACE_CURVE('',#987,(#992,#999),.PCURVE_S1.);
#987 = CIRCLE('',#988,1.7);
#988 = AXIS2_PLACEMENT_3D('',#989,#990,#991);
#989 = CARTESIAN_POINT('',(153.,-86.,-18.));
#990 = DIRECTION('',(0.,0.,-1.));
#991 = DIRECTION('',(1.,-0.,-0.));
#992 = PCURVE('',#393,#993);
#993 = DEFINITIONAL_REPRESENTATION('',(#994),#998);
#994 = LINE('',#995,#996);
#995 = CARTESIAN_POINT('',(0.,0.));
#996 = VECTOR('',#997,1.);
#997 = DIRECTION('',(1.,0.));
#998 = ( GEOMETRIC_REPRESENTATION_CONTEXT(2) 
PARAMETRIC_REPRESENTATION_CONTEXT() REPRESENTATION_CONTEXT('2D SPACE',''
  ) );
#999 = PCURVE('',#668,#1000);
#1000 = DEFINITIONAL_REPRESENTATION('',(#1001),#1009);
#1001 = ( BOUNDED_CURVE() B_SPLINE_CURVE(2,(#1002,#1003,#1004,#1005,
#1006,#1007,#1008),.UNSPECIFIED.,.T.,.F.) B_SPLINE_CURVE_WITH_KNOTS((1,2
    ,2,2,2,1),(-2.094395102393,0.,2.094395102393,4.188790204786,
6.28318530718,8.377580409573),.UNSPECIFIED.) CURVE() 
GEOMETRIC_REPRESENTATION_ITEM() RATIONAL_B_SPLINE_CURVE((1.,0.5,1.,0.5,
1.,0.5,1.)) REPRESENTATION_ITEM('') );
#1002 = CARTESIAN_POINT('',(-18.7,17.));
#1003 = CARTESIAN_POINT('',(-18.7,19.944486372867));
#1004 = CARTESIAN_POINT('',(-16.15,18.472243186434));
#1005 = CARTESIAN_POINT('',(-13.6,17.));
#1006 = CARTESIAN_POINT('',(-16.15,15.527756813566));
#1007 = CARTESIAN_POINT('',(-18.7,14.055513627133));
#1008 = CARTESIAN_POINT('',(-18.7,17.));
#1009 = ( GEOMETRIC_REPRESENTATION_CONTEXT(2) 
PARAMETRIC_REPRESENTATION_CONTEXT() REPRESENTATION_CONTEXT('2D SPACE',''
  ) );
#1010 = ORIENTED_EDGE('',*,*,#1011,.F.);
#1011 = EDGE_CURVE('',#349,#984,#1012,.T.);
#1012 = SURFACE_CURVE('',#1013,(#1017,#1024),.PCURVE_S1.);
#1013 = LINE('',#1014,#1015);
#1014 = CARTESIAN_POINT('',(151.62522729151,-87.,-18.));
#1015 = VECTOR('',#1016,1.);
#1016 = DIRECTION('',(-0.,0.,-1.));
#1017 = PCURVE('',#393,#1018);
#1018 = DEFINITIONAL_REPRESENTATION('',(#1019),#1023);
#1019 = LINE('',#1020,#1021);
#1020 = CARTESIAN_POINT('',(2.512717728095,0.));
#1021 = VECTOR('',#1022,1.);
#1022 = DIRECTION('',(0.,1.));
#1023 = ( GEOMETRIC_REPRESENTATION_CONTEXT(2) 
PARAMETRIC_REPRESENTATION_CONTEXT() REPRESENTATION_CONTEXT('2D SPACE',''
  ) );
#1024 = PCURVE('',#364,#1025);
#1025 = DEFINITIONAL_REPRESENTATION('',(#1026),#1030);
#1026 = LINE('',#1027,#1028);
#1027 = CARTESIAN_POINT('',(-0.,15.625227291513));
#1028 = VECTOR('',#1029,1.);
#1029 = DIRECTION('',(1.,-0.));
#1030 = ( GEOMETRIC_REPRESENTATION_CONTEXT(2) 
PARAMETRIC_REPRESENTATION_CONTEXT() REPRESENTATION_CONTEXT('2D SPACE',''
  ) );
#1031 = ADVANCED_FACE('',(#1032),#364,.T.);
#1032 = FACE_BOUND('',#1033,.F.);
#1033 = EDGE_LOOP('',(#1034,#1057,#1078,#1079));
#1034 = ORIENTED_EDGE('',*,*,#1035,.F.);
#1035 = EDGE_CURVE('',#1036,#984,#1038,.T.);
#1036 = VERTEX_POINT('',#1037);
#1037 = CARTESIAN_POINT('',(146.,-87.,-18.));
#1038 = SURFACE_CURVE('',#1039,(#1043,#1050),.PCURVE_S1.);
#1039 = LINE('',#1040,#1041);
#1040 = CARTESIAN_POINT('',(136.,-87.,-18.));
#1041 = VECTOR('',#1042,1.);
#1042 = DIRECTION('',(1.,0.,-0.));
#1043 = PCURVE('',#364,#1044);
#1044 = DEFINITIONAL_REPRESENTATION('',(#1045),#1049);
#1045 = LINE('',#1046,#1047);
#1046 = CARTESIAN_POINT('',(-0.,0.));
#1047 = VECTOR('',#1048,1.);
#1048 = DIRECTION('',(-0.,1.));
#1049 = ( GEOMETRIC_REPRESENTATION_CONTEXT(2) 
PARAMETRIC_REPRESENTATION_CONTEXT() REPRESENTATION_CONTEXT('2D SPACE',''
  ) );
#1050 = PCURVE('',#668,#1051);
#1051 = DEFINITIONAL_REPRESENTATION('',(#1052),#1056);
#1052 = LINE('',#1053,#1054);
#1053 = CARTESIAN_POINT('',(-0.,18.));
#1054 = VECTOR('',#1055,1.);
#1055 = DIRECTION('',(-1.,0.));
#1056 = ( GEOMETRIC_REPRESENTATION_CONTEXT(2) 
PARAMETRIC_REPRESENTATION_CONTEXT() REPRESENTATION_CONTEXT('2D SPACE',''
  ) );
#1057 = ORIENTED_EDGE('',*,*,#1058,.F.);
#1058 = EDGE_CURVE('',#321,#1036,#1059,.T.);
#1059 = SURFACE_CURVE('',#1060,(#1064,#1071),.PCURVE_S1.);
#1060 = LINE('',#1061,#1062);
#1061 = CARTESIAN_POINT('',(146.,-87.,-46.27642618667));
#1062 = VECTOR('',#1063,1.);
#1063 = DIRECTION('',(-0.,-0.,-1.));
#1064 = PCURVE('',#364,#1065);
#1065 = DEFINITIONAL_REPRESENTATION('',(#1066),#1070);
#1066 = LINE('',#1067,#1068);
#1067 = CARTESIAN_POINT('',(28.276426186678,10.));
#1068 = VECTOR('',#1069,1.);
#1069 = DIRECTION('',(1.,-0.));
#1070 = ( GEOMETRIC_REPRESENTATION_CONTEXT(2) 
PARAMETRIC_REPRESENTATION_CONTEXT() REPRESENTATION_CONTEXT('2D SPACE',''
  ) );
#1071 = PCURVE('',#336,#1072);
#1072 = DEFINITIONAL_REPRESENTATION('',(#1073),#1077);
#1073 = LINE('',#1074,#1075);
#1074 = CARTESIAN_POINT('',(28.276426186678,-28.43614528075));
#1075 = VECTOR('',#1076,1.);
#1076 = DIRECTION('',(-1.,0.));
#1077 = ( GEOMETRIC_REPRESENTATION_CONTEXT(2) 
PARAMETRIC_REPRESENTATION_CONTEXT() REPRESENTATION_CONTEXT('2D SPACE',''
  ) );
#1078 = ORIENTED_EDGE('',*,*,#348,.T.);
#1079 = ORIENTED_EDGE('',*,*,#1011,.T.);
#1080 = ADVANCED_FACE('',(#1081),#336,.F.);
#1081 = FACE_BOUND('',#1082,.T.);
#1082 = EDGE_LOOP('',(#1083,#1106,#1134,#1162,#1190,#1218,#1246,#1274,
    #1302,#1330,#1353,#1381,#1409,#1430,#1431,#1454,#1482,#1510,#1538,
    #1566,#1594,#1615,#1616));
#1083 = ORIENTED_EDGE('',*,*,#1084,.T.);
#1084 = EDGE_CURVE('',#293,#1085,#1087,.T.);
#1085 = VERTEX_POINT('',#1086);
#1086 = CARTESIAN_POINT('',(146.,-89.,-164.));
#1087 = SURFACE_CURVE('',#1088,(#1092,#1099),.PCURVE_S1.);
#1088 = LINE('',#1089,#1090);
#1089 = CARTESIAN_POINT('',(146.,-89.,12.));
#1090 = VECTOR('',#1091,1.);
#1091 = DIRECTION('',(-0.,-0.,-1.));
#1092 = PCURVE('',#336,#1093);
#1093 = DEFINITIONAL_REPRESENTATION('',(#1094),#1098);
#1094 = LINE('',#1095,#1096);
#1095 = CARTESIAN_POINT('',(86.552852373356,-30.43614528075));
#1096 = VECTOR('',#1097,1.);
#1097 = DIRECTION('',(-1.,0.));
#1098 = ( GEOMETRIC_REPRESENTATION_CONTEXT(2) 
PARAMETRIC_REPRESENTATION_CONTEXT() REPRESENTATION_CONTEXT('2D SPACE',''
  ) );
#1099 = PCURVE('',#308,#1100);
#1100 = DEFINITIONAL_REPRESENTATION('',(#1101),#1105);
#1101 = LINE('',#1102,#1103);
#1102 = CARTESIAN_POINT('',(-0.,-5.));
#1103 = VECTOR('',#1104,1.);
#1104 = DIRECTION('',(-1.,0.));
#1105 = ( GEOMETRIC_REPRESENTATION_CONTEXT(2) 
PARAMETRIC_REPRESENTATION_CONTEXT() REPRESENTATION_CONTEXT('2D SPACE',''
  ) );
#1106 = ORIENTED_EDGE('',*,*,#1107,.F.);
#1107 = EDGE_CURVE('',#1108,#1085,#1110,.T.);
#1108 = VERTEX_POINT('',#1109);
#1109 = CARTESIAN_POINT('',(146.,-75.95384615384,-164.));
#1110 = SURFACE_CURVE('',#1111,(#1115,#1122),.PCURVE_S1.);
#1111 = LINE('',#1112,#1113);
#1112 = CARTESIAN_POINT('',(146.,-66.78192735962,-164.));
#1113 = VECTOR('',#1114,1.);
#1114 = DIRECTION('',(-0.,-1.,-0.));
#1115 = PCURVE('',#336,#1116);
#1116 = DEFINITIONAL_REPRESENTATION('',(#1117),#1121);
#1117 = LINE('',#1118,#1119);
#1118 = CARTESIAN_POINT('',(-89.44714762664,-8.218072640377));
#1119 = VECTOR('',#1120,1.);
#1120 = DIRECTION('',(-0.,-1.));
#1121 = ( GEOMETRIC_REPRESENTATION_CONTEXT(2) 
PARAMETRIC_REPRESENTATION_CONTEXT() REPRESENTATION_CONTEXT('2D SPACE',''
  ) );
#1122 = PCURVE('',#1123,#1128);
#1123 = PLANE('',#1124);
#1124 = AXIS2_PLACEMENT_3D('',#1125,#1126,#1127);
#1125 = CARTESIAN_POINT('',(134.,-75.,-164.));
#1126 = DIRECTION('',(0.,0.,1.));
#1127 = DIRECTION('',(-1.,0.,0.));
#1128 = DEFINITIONAL_REPRESENTATION('',(#1129),#1133);
#1129 = LINE('',#1130,#1131);
#1130 = CARTESIAN_POINT('',(-12.,-8.218072640377));
#1131 = VECTOR('',#1132,1.);
#1132 = DIRECTION('',(-0.,1.));
#1133 = ( GEOMETRIC_REPRESENTATION_CONTEXT(2) 
PARAMETRIC_REPRESENTATION_CONTEXT() REPRESENTATION_CONTEXT('2D SPACE',''
  ) );
#1134 = ORIENTED_EDGE('',*,*,#1135,.T.);
#1135 = EDGE_CURVE('',#1108,#1136,#1138,.T.);
#1136 = VERTEX_POINT('',#1137);
#1137 = CARTESIAN_POINT('',(146.,-9.,-100.));
#1138 = SURFACE_CURVE('',#1139,(#1143,#1150),.PCURVE_S1.);
#1139 = LINE('',#1140,#1141);
#1140 = CARTESIAN_POINT('',(146.,-77.,-165.));
#1141 = VECTOR('',#1142,1.);
#1142 = DIRECTION('',(-0.,0.722872686114,0.69098124408));
#1143 = PCURVE('',#336,#1144);
#1144 = DEFINITIONAL_REPRESENTATION('',(#1145),#1149);
#1145 = LINE('',#1146,#1147);
#1146 = CARTESIAN_POINT('',(-90.44714762664,-18.43614528075));
#1147 = VECTOR('',#1148,1.);
#1148 = DIRECTION('',(0.69098124408,0.722872686114));
#1149 = ( GEOMETRIC_REPRESENTATION_CONTEXT(2) 
PARAMETRIC_REPRESENTATION_CONTEXT() REPRESENTATION_CONTEXT('2D SPACE',''
  ) );
#1150 = PCURVE('',#1151,#1156);
#1151 = PLANE('',#1152);
#1152 = AXIS2_PLACEMENT_3D('',#1153,#1154,#1155);
#1153 = CARTESIAN_POINT('',(141.,-77.,-165.));
#1154 = DIRECTION('',(0.,0.69098124408,-0.722872686114));
#1155 = DIRECTION('',(0.,-0.722872686114,-0.69098124408));
#1156 = DEFINITIONAL_REPRESENTATION('',(#1157),#1161);
#1157 = LINE('',#1158,#1159);
#1158 = CARTESIAN_POINT('',(-0.,-5.));
#1159 = VECTOR('',#1160,1.);
#1160 = DIRECTION('',(-1.,0.));
#1161 = ( GEOMETRIC_REPRESENTATION_CONTEXT(2) 
PARAMETRIC_REPRESENTATION_CONTEXT() REPRESENTATION_CONTEXT('2D SPACE',''
  ) );
#1162 = ORIENTED_EDGE('',*,*,#1163,.T.);
#1163 = EDGE_CURVE('',#1136,#1164,#1166,.T.);
#1164 = VERTEX_POINT('',#1165);
#1165 = CARTESIAN_POINT('',(146.,-9.,-97.));
#1166 = SURFACE_CURVE('',#1167,(#1171,#1178),.PCURVE_S1.);
#1167 = LINE('',#1168,#1169);
#1168 = CARTESIAN_POINT('',(146.,-9.,-100.));
#1169 = VECTOR('',#1170,1.);
#1170 = DIRECTION('',(-0.,-0.,1.));
#1171 = PCURVE('',#336,#1172);
#1172 = DEFINITIONAL_REPRESENTATION('',(#1173),#1177);
#1173 = LINE('',#1174,#1175);
#1174 = CARTESIAN_POINT('',(-25.44714762664,49.563854719247));
#1175 = VECTOR('',#1176,1.);
#1176 = DIRECTION('',(1.,-0.));
#1177 = ( GEOMETRIC_REPRESENTATION_CONTEXT(2) 
PARAMETRIC_REPRESENTATION_CONTEXT() REPRESENTATION_CONTEXT('2D SPACE',''
  ) );
#1178 = PCURVE('',#1179,#1184);
#1179 = PLANE('',#1180);
#1180 = AXIS2_PLACEMENT_3D('',#1181,#1182,#1183);
#1181 = CARTESIAN_POINT('',(141.,-9.,-100.));
#1182 = DIRECTION('',(-0.,1.,-0.));
#1183 = DIRECTION('',(0.,0.,-1.));
#1184 = DEFINITIONAL_REPRESENTATION('',(#1185),#1189);
#1185 = LINE('',#1186,#1187);
#1186 = CARTESIAN_POINT('',(-0.,-5.));
#1187 = VECTOR('',#1188,1.);
#1188 = DIRECTION('',(-1.,0.));
#1189 = ( GEOMETRIC_REPRESENTATION_CONTEXT(2) 
PARAMETRIC_REPRESENTATION_CONTEXT() REPRESENTATION_CONTEXT('2D SPACE',''
  ) );
#1190 = ORIENTED_EDGE('',*,*,#1191,.T.);
#1191 = EDGE_CURVE('',#1164,#1192,#1194,.T.);
#1192 = VERTEX_POINT('',#1193);
#1193 = CARTESIAN_POINT('',(146.,-15.5,-97.));
#1194 = SURFACE_CURVE('',#1195,(#1199,#1206),.PCURVE_S1.);
#1195 = LINE('',#1196,#1197);
#1196 = CARTESIAN_POINT('',(146.,-31.53192735962,-97.));
#1197 = VECTOR('',#1198,1.);
#1198 = DIRECTION('',(-0.,-1.,-0.));
#1199 = PCURVE('',#336,#1200);
#1200 = DEFINITIONAL_REPRESENTATION('',(#1201),#1205);
#1201 = LINE('',#1202,#1203);
#1202 = CARTESIAN_POINT('',(-22.44714762664,27.031927359623));
#1203 = VECTOR('',#1204,1.);
#1204 = DIRECTION('',(-0.,-1.));
#1205 = ( GEOMETRIC_REPRESENTATION_CONTEXT(2) 
PARAMETRIC_REPRESENTATION_CONTEXT() REPRESENTATION_CONTEXT('2D SPACE',''
  ) );
#1206 = PCURVE('',#1207,#1212);
#1207 = PLANE('',#1208);
#1208 = AXIS2_PLACEMENT_3D('',#1209,#1210,#1211);
#1209 = CARTESIAN_POINT('',(130.,-4.5,-97.));
#1210 = DIRECTION('',(0.,0.,1.));
#1211 = DIRECTION('',(-1.,0.,0.));
#1212 = DEFINITIONAL_REPRESENTATION('',(#1213),#1217);
#1213 = LINE('',#1214,#1215);
#1214 = CARTESIAN_POINT('',(-16.,27.031927359623));
#1215 = VECTOR('',#1216,1.);
#1216 = DIRECTION('',(-0.,1.));
#1217 = ( GEOMETRIC_REPRESENTATION_CONTEXT(2) 
PARAMETRIC_REPRESENTATION_CONTEXT() REPRESENTATION_CONTEXT('2D SPACE',''
  ) );
#1218 = ORIENTED_EDGE('',*,*,#1219,.F.);
#1219 = EDGE_CURVE('',#1220,#1192,#1222,.T.);
#1220 = VERTEX_POINT('',#1221);
#1221 = CARTESIAN_POINT('',(146.,-15.5,-81.));
#1222 = SURFACE_CURVE('',#1223,(#1227,#1234),.PCURVE_S1.);
#1223 = LINE('',#1224,#1225);
#1224 = CARTESIAN_POINT('',(146.,-15.5,-85.77642618667));
#1225 = VECTOR('',#1226,1.);
#1226 = DIRECTION('',(-0.,-0.,-1.));
#1227 = PCURVE('',#336,#1228);
#1228 = DEFINITIONAL_REPRESENTATION('',(#1229),#1233);
#1229 = LINE('',#1230,#1231);
#1230 = CARTESIAN_POINT('',(-11.22357381332,43.063854719247));
#1231 = VECTOR('',#1232,1.);
#1232 = DIRECTION('',(-1.,0.));
#1233 = ( GEOMETRIC_REPRESENTATION_CONTEXT(2) 
PARAMETRIC_REPRESENTATION_CONTEXT() REPRESENTATION_CONTEXT('2D SPACE',''
  ) );
#1234 = PCURVE('',#1235,#1240);
#1235 = PLANE('',#1236);
#1236 = AXIS2_PLACEMENT_3D('',#1237,#1238,#1239);
#1237 = CARTESIAN_POINT('',(130.,-15.5,-97.));
#1238 = DIRECTION('',(0.,-1.,0.));
#1239 = DIRECTION('',(0.,0.,-1.));
#1240 = DEFINITIONAL_REPRESENTATION('',(#1241),#1245);
#1241 = LINE('',#1242,#1243);
#1242 = CARTESIAN_POINT('',(-11.22357381332,16.));
#1243 = VECTOR('',#1244,1.);
#1244 = DIRECTION('',(1.,-0.));
#1245 = ( GEOMETRIC_REPRESENTATION_CONTEXT(2) 
PARAMETRIC_REPRESENTATION_CONTEXT() REPRESENTATION_CONTEXT('2D SPACE',''
  ) );
#1246 = ORIENTED_EDGE('',*,*,#1247,.F.);
#1247 = EDGE_CURVE('',#1248,#1220,#1250,.T.);
#1248 = VERTEX_POINT('',#1249);
#1249 = CARTESIAN_POINT('',(146.,-9.,-81.));
#1250 = SURFACE_CURVE('',#1251,(#1255,#1262),.PCURVE_S1.);
#1251 = LINE('',#1252,#1253);
#1252 = CARTESIAN_POINT('',(146.,-30.28192735962,-81.));
#1253 = VECTOR('',#1254,1.);
#1254 = DIRECTION('',(-0.,-1.,-0.));
#1255 = PCURVE('',#336,#1256);
#1256 = DEFINITIONAL_REPRESENTATION('',(#1257),#1261);
#1257 = LINE('',#1258,#1259);
#1258 = CARTESIAN_POINT('',(-6.447147626644,28.281927359623));
#1259 = VECTOR('',#1260,1.);
#1260 = DIRECTION('',(-0.,-1.));
#1261 = ( GEOMETRIC_REPRESENTATION_CONTEXT(2) 
PARAMETRIC_REPRESENTATION_CONTEXT() REPRESENTATION_CONTEXT('2D SPACE',''
  ) );
#1262 = PCURVE('',#1263,#1268);
#1263 = PLANE('',#1264);
#1264 = AXIS2_PLACEMENT_3D('',#1265,#1266,#1267);
#1265 = CARTESIAN_POINT('',(137.,-2.,-81.));
#1266 = DIRECTION('',(0.,0.,1.));
#1267 = DIRECTION('',(-1.,0.,0.));
#1268 = DEFINITIONAL_REPRESENTATION('',(#1269),#1273);
#1269 = LINE('',#1270,#1271);
#1270 = CARTESIAN_POINT('',(-9.,28.281927359623));
#1271 = VECTOR('',#1272,1.);
#1272 = DIRECTION('',(-0.,1.));
#1273 = ( GEOMETRIC_REPRESENTATION_CONTEXT(2) 
PARAMETRIC_REPRESENTATION_CONTEXT() REPRESENTATION_CONTEXT('2D SPACE',''
  ) );
#1274 = ORIENTED_EDGE('',*,*,#1275,.T.);
#1275 = EDGE_CURVE('',#1248,#1276,#1278,.T.);
#1276 = VERTEX_POINT('',#1277);
#1277 = CARTESIAN_POINT('',(146.,-9.,-55.));
#1278 = SURFACE_CURVE('',#1279,(#1283,#1290),.PCURVE_S1.);
#1279 = LINE('',#1280,#1281);
#1280 = CARTESIAN_POINT('',(146.,-9.,-100.));
#1281 = VECTOR('',#1282,1.);
#1282 = DIRECTION('',(-0.,-0.,1.));
#1283 = PCURVE('',#336,#1284);
#1284 = DEFINITIONAL_REPRESENTATION('',(#1285),#1289);
#1285 = LINE('',#1286,#1287);
#1286 = CARTESIAN_POINT('',(-25.44714762664,49.563854719247));
#1287 = VECTOR('',#1288,1.);
#1288 = DIRECTION('',(1.,-0.));
#1289 = ( GEOMETRIC_REPRESENTATION_CONTEXT(2) 
PARAMETRIC_REPRESENTATION_CONTEXT() REPRESENTATION_CONTEXT('2D SPACE',''
  ) );
#1290 = PCURVE('',#1291,#1296);
#1291 = PLANE('',#1292);
#1292 = AXIS2_PLACEMENT_3D('',#1293,#1294,#1295);
#1293 = CARTESIAN_POINT('',(141.,-9.,-100.));
#1294 = DIRECTION('',(-0.,1.,-0.));
#1295 = DIRECTION('',(0.,0.,-1.));
#1296 = DEFINITIONAL_REPRESENTATION('',(#1297),#1301);
#1297 = LINE('',#1298,#1299);
#1298 = CARTESIAN_POINT('',(-0.,-5.));
#1299 = VECTOR('',#1300,1.);
#1300 = DIRECTION('',(-1.,0.));
#1301 = ( GEOMETRIC_REPRESENTATION_CONTEXT(2) 
PARAMETRIC_REPRESENTATION_CONTEXT() REPRESENTATION_CONTEXT('2D SPACE',''
  ) );
#1302 = ORIENTED_EDGE('',*,*,#1303,.T.);
#1303 = EDGE_CURVE('',#1276,#1304,#1306,.T.);
#1304 = VERTEX_POINT('',#1305);
#1305 = CARTESIAN_POINT('',(146.,-15.5,-55.));
#1306 = SURFACE_CURVE('',#1307,(#1311,#1318),.PCURVE_S1.);
#1307 = LINE('',#1308,#1309);
#1308 = CARTESIAN_POINT('',(146.,-30.28192735962,-55.));
#1309 = VECTOR('',#1310,1.);
#1310 = DIRECTION('',(-0.,-1.,-0.));
#1311 = PCURVE('',#336,#1312);
#1312 = DEFINITIONAL_REPRESENTATION('',(#1313),#1317);
#1313 = LINE('',#1314,#1315);
#1314 = CARTESIAN_POINT('',(19.552852373356,28.281927359623));
#1315 = VECTOR('',#1316,1.);
#1316 = DIRECTION('',(-0.,-1.));
#1317 = ( GEOMETRIC_REPRESENTATION_CONTEXT(2) 
PARAMETRIC_REPRESENTATION_CONTEXT() REPRESENTATION_CONTEXT('2D SPACE',''
  ) );
#1318 = PCURVE('',#1319,#1324);
#1319 = PLANE('',#1320);
#1320 = AXIS2_PLACEMENT_3D('',#1321,#1322,#1323);
#1321 = CARTESIAN_POINT('',(137.,-2.,-55.));
#1322 = DIRECTION('',(0.,0.,1.));
#1323 = DIRECTION('',(-1.,0.,0.));
#1324 = DEFINITIONAL_REPRESENTATION('',(#1325),#1329);
#1325 = LINE('',#1326,#1327);
#1326 = CARTESIAN_POINT('',(-9.,28.281927359623));
#1327 = VECTOR('',#1328,1.);
#1328 = DIRECTION('',(-0.,1.));
#1329 = ( GEOMETRIC_REPRESENTATION_CONTEXT(2) 
PARAMETRIC_REPRESENTATION_CONTEXT() REPRESENTATION_CONTEXT('2D SPACE',''
  ) );
#1330 = ORIENTED_EDGE('',*,*,#1331,.F.);
#1331 = EDGE_CURVE('',#1332,#1304,#1334,.T.);
#1332 = VERTEX_POINT('',#1333);
#1333 = CARTESIAN_POINT('',(146.,-15.5,-39.));
#1334 = SURFACE_CURVE('',#1335,(#1339,#1346),.PCURVE_S1.);
#1335 = LINE('',#1336,#1337);
#1336 = CARTESIAN_POINT('',(146.,-15.5,-85.77642618667));
#1337 = VECTOR('',#1338,1.);
#1338 = DIRECTION('',(-0.,-0.,-1.));
#1339 = PCURVE('',#336,#1340);
#1340 = DEFINITIONAL_REPRESENTATION('',(#1341),#1345);
#1341 = LINE('',#1342,#1343);
#1342 = CARTESIAN_POINT('',(-11.22357381332,43.063854719247));
#1343 = VECTOR('',#1344,1.);
#1344 = DIRECTION('',(-1.,0.));
#1345 = ( GEOMETRIC_REPRESENTATION_CONTEXT(2) 
PARAMETRIC_REPRESENTATION_CONTEXT() REPRESENTATION_CONTEXT('2D SPACE',''
  ) );
#1346 = PCURVE('',#1235,#1347);
#1347 = DEFINITIONAL_REPRESENTATION('',(#1348),#1352);
#1348 = LINE('',#1349,#1350);
#1349 = CARTESIAN_POINT('',(-11.22357381332,16.));
#1350 = VECTOR('',#1351,1.);
#1351 = DIRECTION('',(1.,-0.));
#1352 = ( GEOMETRIC_REPRESENTATION_CONTEXT(2) 
PARAMETRIC_REPRESENTATION_CONTEXT() REPRESENTATION_CONTEXT('2D SPACE',''
  ) );
#1353 = ORIENTED_EDGE('',*,*,#1354,.F.);
#1354 = EDGE_CURVE('',#1355,#1332,#1357,.T.);
#1355 = VERTEX_POINT('',#1356);
#1356 = CARTESIAN_POINT('',(146.,-9.,-39.));
#1357 = SURFACE_CURVE('',#1358,(#1362,#1369),.PCURVE_S1.);
#1358 = LINE('',#1359,#1360);
#1359 = CARTESIAN_POINT('',(146.,-31.53192735962,-39.));
#1360 = VECTOR('',#1361,1.);
#1361 = DIRECTION('',(-0.,-1.,-0.));
#1362 = PCURVE('',#336,#1363);
#1363 = DEFINITIONAL_REPRESENTATION('',(#1364),#1368);
#1364 = LINE('',#1365,#1366);
#1365 = CARTESIAN_POINT('',(35.552852373356,27.031927359623));
#1366 = VECTOR('',#1367,1.);
#1367 = DIRECTION('',(-0.,-1.));
#1368 = ( GEOMETRIC_REPRESENTATION_CONTEXT(2) 
PARAMETRIC_REPRESENTATION_CONTEXT() REPRESENTATION_CONTEXT('2D SPACE',''
  ) );
#1369 = PCURVE('',#1370,#1375);
#1370 = PLANE('',#1371);
#1371 = AXIS2_PLACEMENT_3D('',#1372,#1373,#1374);
#1372 = CARTESIAN_POINT('',(130.,-4.5,-39.));
#1373 = DIRECTION('',(0.,0.,1.));
#1374 = DIRECTION('',(-1.,0.,0.));
#1375 = DEFINITIONAL_REPRESENTATION('',(#1376),#1380);
#1376 = LINE('',#1377,#1378);
#1377 = CARTESIAN_POINT('',(-16.,27.031927359623));
#1378 = VECTOR('',#1379,1.);
#1379 = DIRECTION('',(-0.,1.));
#1380 = ( GEOMETRIC_REPRESENTATION_CONTEXT(2) 
PARAMETRIC_REPRESENTATION_CONTEXT() REPRESENTATION_CONTEXT('2D SPACE',''
  ) );
#1381 = ORIENTED_EDGE('',*,*,#1382,.T.);
#1382 = EDGE_CURVE('',#1355,#1383,#1385,.T.);
#1383 = VERTEX_POINT('',#1384);
#1384 = CARTESIAN_POINT('',(146.,-9.,-37.));
#1385 = SURFACE_CURVE('',#1386,(#1390,#1397),.PCURVE_S1.);
#1386 = LINE('',#1387,#1388);
#1387 = CARTESIAN_POINT('',(146.,-9.,-100.));
#1388 = VECTOR('',#1389,1.);
#1389 = DIRECTION('',(-0.,-0.,1.));
#1390 = PCURVE('',#336,#1391);
#1391 = DEFINITIONAL_REPRESENTATION('',(#1392),#1396);
#1392 = LINE('',#1393,#1394);
#1393 = CARTESIAN_POINT('',(-25.44714762664,49.563854719247));
#1394 = VECTOR('',#1395,1.);
#1395 = DIRECTION('',(1.,-0.));
#1396 = ( GEOMETRIC_REPRESENTATION_CONTEXT(2) 
PARAMETRIC_REPRESENTATION_CONTEXT() REPRESENTATION_CONTEXT('2D SPACE',''
  ) );
#1397 = PCURVE('',#1398,#1403);
#1398 = PLANE('',#1399);
#1399 = AXIS2_PLACEMENT_3D('',#1400,#1401,#1402);
#1400 = CARTESIAN_POINT('',(141.,-9.,-100.));
#1401 = DIRECTION('',(-0.,1.,-0.));
#1402 = DIRECTION('',(0.,0.,-1.));
#1403 = DEFINITIONAL_REPRESENTATION('',(#1404),#1408);
#1404 = LINE('',#1405,#1406);
#1405 = CARTESIAN_POINT('',(-0.,-5.));
#1406 = VECTOR('',#1407,1.);
#1407 = DIRECTION('',(-1.,0.));
#1408 = ( GEOMETRIC_REPRESENTATION_CONTEXT(2) 
PARAMETRIC_REPRESENTATION_CONTEXT() REPRESENTATION_CONTEXT('2D SPACE',''
  ) );
#1409 = ORIENTED_EDGE('',*,*,#1410,.T.);
#1410 = EDGE_CURVE('',#1383,#726,#1411,.T.);
#1411 = SURFACE_CURVE('',#1412,(#1416,#1423),.PCURVE_S1.);
#1412 = LINE('',#1413,#1414);
#1413 = CARTESIAN_POINT('',(146.,-9.,-37.));
#1414 = VECTOR('',#1415,1.);
#1415 = DIRECTION('',(-0.,-0.77962036012,0.626252420424));
#1416 = PCURVE('',#336,#1417);
#1417 = DEFINITIONAL_REPRESENTATION('',(#1418),#1422);
#1418 = LINE('',#1419,#1420);
#1419 = CARTESIAN_POINT('',(37.552852373356,49.563854719247));
#1420 = VECTOR('',#1421,1.);
#1421 = DIRECTION('',(0.626252420424,-0.77962036012));
#1422 = ( GEOMETRIC_REPRESENTATION_CONTEXT(2) 
PARAMETRIC_REPRESENTATION_CONTEXT() REPRESENTATION_CONTEXT('2D SPACE',''
  ) );
#1423 = PCURVE('',#766,#1424);
#1424 = DEFINITIONAL_REPRESENTATION('',(#1425),#1429);
#1425 = LINE('',#1426,#1427);
#1426 = CARTESIAN_POINT('',(-0.,-5.));
#1427 = VECTOR('',#1428,1.);
#1428 = DIRECTION('',(-1.,0.));
#1429 = ( GEOMETRIC_REPRESENTATION_CONTEXT(2) 
PARAMETRIC_REPRESENTATION_CONTEXT() REPRESENTATION_CONTEXT('2D SPACE',''
  ) );
#1430 = ORIENTED_EDGE('',*,*,#725,.T.);
#1431 = ORIENTED_EDGE('',*,*,#1432,.F.);
#1432 = EDGE_CURVE('',#1433,#728,#1435,.T.);
#1433 = VERTEX_POINT('',#1434);
#1434 = CARTESIAN_POINT('',(146.,-18.,-43.));
#1435 = SURFACE_CURVE('',#1436,(#1440,#1447),.PCURVE_S1.);
#1436 = LINE('',#1437,#1438);
#1437 = CARTESIAN_POINT('',(146.,-23.340910437,-38.97089212646));
#1438 = VECTOR('',#1439,1.);
#1439 = DIRECTION('',(-0.,-0.798316195833,0.602238533698));
#1440 = PCURVE('',#336,#1441);
#1441 = DEFINITIONAL_REPRESENTATION('',(#1442),#1446);
#1442 = LINE('',#1443,#1444);
#1443 = CARTESIAN_POINT('',(35.581960246889,35.222944282238));
#1444 = VECTOR('',#1445,1.);
#1445 = DIRECTION('',(0.602238533698,-0.798316195833));
#1446 = ( GEOMETRIC_REPRESENTATION_CONTEXT(2) 
PARAMETRIC_REPRESENTATION_CONTEXT() REPRESENTATION_CONTEXT('2D SPACE',''
  ) );
#1447 = PCURVE('',#815,#1448);
#1448 = DEFINITIONAL_REPRESENTATION('',(#1449),#1453);
#1449 = LINE('',#1450,#1451);
#1450 = CARTESIAN_POINT('',(-6.690219320225,-7.));
#1451 = VECTOR('',#1452,1.);
#1452 = DIRECTION('',(-1.,0.));
#1453 = ( GEOMETRIC_REPRESENTATION_CONTEXT(2) 
PARAMETRIC_REPRESENTATION_CONTEXT() REPRESENTATION_CONTEXT('2D SPACE',''
  ) );
#1454 = ORIENTED_EDGE('',*,*,#1455,.F.);
#1455 = EDGE_CURVE('',#1456,#1433,#1458,.T.);
#1456 = VERTEX_POINT('',#1457);
#1457 = CARTESIAN_POINT('',(146.,-18.,-83.));
#1458 = SURFACE_CURVE('',#1459,(#1463,#1470),.PCURVE_S1.);
#1459 = LINE('',#1460,#1461);
#1460 = CARTESIAN_POINT('',(146.,-18.,-82.27642618667));
#1461 = VECTOR('',#1462,1.);
#1462 = DIRECTION('',(-0.,-0.,1.));
#1463 = PCURVE('',#336,#1464);
#1464 = DEFINITIONAL_REPRESENTATION('',(#1465),#1469);
#1465 = LINE('',#1466,#1467);
#1466 = CARTESIAN_POINT('',(-7.723573813322,40.563854719247));
#1467 = VECTOR('',#1468,1.);
#1468 = DIRECTION('',(1.,-0.));
#1469 = ( GEOMETRIC_REPRESENTATION_CONTEXT(2) 
PARAMETRIC_REPRESENTATION_CONTEXT() REPRESENTATION_CONTEXT('2D SPACE',''
  ) );
#1470 = PCURVE('',#1471,#1476);
#1471 = PLANE('',#1472);
#1472 = AXIS2_PLACEMENT_3D('',#1473,#1474,#1475);
#1473 = CARTESIAN_POINT('',(139.,-18.,-90.));
#1474 = DIRECTION('',(-0.,1.,-0.));
#1475 = DIRECTION('',(0.,0.,-1.));
#1476 = DEFINITIONAL_REPRESENTATION('',(#1477),#1481);
#1477 = LINE('',#1478,#1479);
#1478 = CARTESIAN_POINT('',(-7.723573813322,-7.));
#1479 = VECTOR('',#1480,1.);
#1480 = DIRECTION('',(-1.,0.));
#1481 = ( GEOMETRIC_REPRESENTATION_CONTEXT(2) 
PARAMETRIC_REPRESENTATION_CONTEXT() REPRESENTATION_CONTEXT('2D SPACE',''
  ) );
#1482 = ORIENTED_EDGE('',*,*,#1483,.F.);
#1483 = EDGE_CURVE('',#1484,#1456,#1486,.T.);
#1484 = VERTEX_POINT('',#1485);
#1485 = CARTESIAN_POINT('',(146.,-18.,-90.));
#1486 = SURFACE_CURVE('',#1487,(#1491,#1498),.PCURVE_S1.);
#1487 = LINE('',#1488,#1489);
#1488 = CARTESIAN_POINT('',(146.,-18.,-82.27642618667));
#1489 = VECTOR('',#1490,1.);
#1490 = DIRECTION('',(-0.,-0.,1.));
#1491 = PCURVE('',#336,#1492);
#1492 = DEFINITIONAL_REPRESENTATION('',(#1493),#1497);
#1493 = LINE('',#1494,#1495);
#1494 = CARTESIAN_POINT('',(-7.723573813322,40.563854719247));
#1495 = VECTOR('',#1496,1.);
#1496 = DIRECTION('',(1.,-0.));
#1497 = ( GEOMETRIC_REPRESENTATION_CONTEXT(2) 
PARAMETRIC_REPRESENTATION_CONTEXT() REPRESENTATION_CONTEXT('2D SPACE',''
  ) );
#1498 = PCURVE('',#1499,#1504);
#1499 = PLANE('',#1500);
#1500 = AXIS2_PLACEMENT_3D('',#1501,#1502,#1503);
#1501 = CARTESIAN_POINT('',(139.,-18.,-90.));
#1502 = DIRECTION('',(-0.,1.,-0.));
#1503 = DIRECTION('',(0.,0.,-1.));
#1504 = DEFINITIONAL_REPRESENTATION('',(#1505),#1509);
#1505 = LINE('',#1506,#1507);
#1506 = CARTESIAN_POINT('',(-7.723573813322,-7.));
#1507 = VECTOR('',#1508,1.);
#1508 = DIRECTION('',(-1.,0.));
#1509 = ( GEOMETRIC_REPRESENTATION_CONTEXT(2) 
PARAMETRIC_REPRESENTATION_CONTEXT() REPRESENTATION_CONTEXT('2D SPACE',''
  ) );
#1510 = ORIENTED_EDGE('',*,*,#1511,.F.);
#1511 = EDGE_CURVE('',#1512,#1484,#1514,.T.);
#1512 = VERTEX_POINT('',#1513);
#1513 = CARTESIAN_POINT('',(146.,-81.,-153.));
#1514 = SURFACE_CURVE('',#1515,(#1519,#1526),.PCURVE_S1.);
#1515 = LINE('',#1516,#1517);
#1516 = CARTESIAN_POINT('',(146.,-55.77917677315,-127.7791767731));
#1517 = VECTOR('',#1518,1.);
#1518 = DIRECTION('',(-0.,0.707106781187,0.707106781187));
#1519 = PCURVE('',#336,#1520);
#1520 = DEFINITIONAL_REPRESENTATION('',(#1521),#1525);
#1521 = LINE('',#1522,#1523);
#1522 = CARTESIAN_POINT('',(-53.22632439979,2.784677946096));
#1523 = VECTOR('',#1524,1.);
#1524 = DIRECTION('',(0.707106781187,0.707106781187));
#1525 = ( GEOMETRIC_REPRESENTATION_CONTEXT(2) 
PARAMETRIC_REPRESENTATION_CONTEXT() REPRESENTATION_CONTEXT('2D SPACE',''
  ) );
#1526 = PCURVE('',#1527,#1532);
#1527 = PLANE('',#1528);
#1528 = AXIS2_PLACEMENT_3D('',#1529,#1530,#1531);
#1529 = CARTESIAN_POINT('',(139.,-81.,-153.));
#1530 = DIRECTION('',(0.,0.707106781187,-0.707106781187));
#1531 = DIRECTION('',(0.,-0.707106781187,-0.707106781187));
#1532 = DEFINITIONAL_REPRESENTATION('',(#1533),#1537);
#1533 = LINE('',#1534,#1535);
#1534 = CARTESIAN_POINT('',(-35.66763026162,-7.));
#1535 = VECTOR('',#1536,1.);
#1536 = DIRECTION('',(-1.,0.));
#1537 = ( GEOMETRIC_REPRESENTATION_CONTEXT(2) 
PARAMETRIC_REPRESENTATION_CONTEXT() REPRESENTATION_CONTEXT('2D SPACE',''
  ) );
#1538 = ORIENTED_EDGE('',*,*,#1539,.F.);
#1539 = EDGE_CURVE('',#1540,#1512,#1542,.T.);
#1540 = VERTEX_POINT('',#1541);
#1541 = CARTESIAN_POINT('',(146.,-81.,-18.));
#1542 = SURFACE_CURVE('',#1543,(#1547,#1554),.PCURVE_S1.);
#1543 = LINE('',#1544,#1545);
#1544 = CARTESIAN_POINT('',(146.,-81.,-37.27642618667));
#1545 = VECTOR('',#1546,1.);
#1546 = DIRECTION('',(-0.,-0.,-1.));
#1547 = PCURVE('',#336,#1548);
#1548 = DEFINITIONAL_REPRESENTATION('',(#1549),#1553);
#1549 = LINE('',#1550,#1551);
#1550 = CARTESIAN_POINT('',(37.276426186678,-22.43614528075));
#1551 = VECTOR('',#1552,1.);
#1552 = DIRECTION('',(-1.,0.));
#1553 = ( GEOMETRIC_REPRESENTATION_CONTEXT(2) 
PARAMETRIC_REPRESENTATION_CONTEXT() REPRESENTATION_CONTEXT('2D SPACE',''
  ) );
#1554 = PCURVE('',#1555,#1560);
#1555 = PLANE('',#1556);
#1556 = AXIS2_PLACEMENT_3D('',#1557,#1558,#1559);
#1557 = CARTESIAN_POINT('',(139.,-81.,0.));
#1558 = DIRECTION('',(-0.,-1.,-0.));
#1559 = DIRECTION('',(0.,0.,1.));
#1560 = DEFINITIONAL_REPRESENTATION('',(#1561),#1565);
#1561 = LINE('',#1562,#1563);
#1562 = CARTESIAN_POINT('',(-37.27642618667,-7.));
#1563 = VECTOR('',#1564,1.);
#1564 = DIRECTION('',(-1.,0.));
#1565 = ( GEOMETRIC_REPRESENTATION_CONTEXT(2) 
PARAMETRIC_REPRESENTATION_CONTEXT() REPRESENTATION_CONTEXT('2D SPACE',''
  ) );
#1566 = ORIENTED_EDGE('',*,*,#1567,.T.);
#1567 = EDGE_CURVE('',#1540,#1568,#1570,.T.);
#1568 = VERTEX_POINT('',#1569);
#1569 = CARTESIAN_POINT('',(146.,-82.38748219369,-18.));
#1570 = SURFACE_CURVE('',#1571,(#1575,#1582),.PCURVE_S1.);
#1571 = LINE('',#1572,#1573);
#1572 = CARTESIAN_POINT('',(146.,-63.78192735962,-18.));
#1573 = VECTOR('',#1574,1.);
#1574 = DIRECTION('',(-0.,-1.,-0.));
#1575 = PCURVE('',#336,#1576);
#1576 = DEFINITIONAL_REPRESENTATION('',(#1577),#1581);
#1577 = LINE('',#1578,#1579);
#1578 = CARTESIAN_POINT('',(56.552852373356,-5.218072640377));
#1579 = VECTOR('',#1580,1.);
#1580 = DIRECTION('',(-0.,-1.));
#1581 = ( GEOMETRIC_REPRESENTATION_CONTEXT(2) 
PARAMETRIC_REPRESENTATION_CONTEXT() REPRESENTATION_CONTEXT('2D SPACE',''
  ) );
#1582 = PCURVE('',#1583,#1588);
#1583 = PLANE('',#1584);
#1584 = AXIS2_PLACEMENT_3D('',#1585,#1586,#1587);
#1585 = CARTESIAN_POINT('',(145.,-78.,-18.));
#1586 = DIRECTION('',(-0.,-0.,1.));
#1587 = DIRECTION('',(-1.,0.,0.));
#1588 = DEFINITIONAL_REPRESENTATION('',(#1589),#1593);
#1589 = LINE('',#1590,#1591);
#1590 = CARTESIAN_POINT('',(-1.,-14.21807264037));
#1591 = VECTOR('',#1592,1.);
#1592 = DIRECTION('',(-0.,1.));
#1593 = ( GEOMETRIC_REPRESENTATION_CONTEXT(2) 
PARAMETRIC_REPRESENTATION_CONTEXT() REPRESENTATION_CONTEXT('2D SPACE',''
  ) );
#1594 = ORIENTED_EDGE('',*,*,#1595,.T.);
#1595 = EDGE_CURVE('',#1568,#1036,#1596,.T.);
#1596 = SURFACE_CURVE('',#1597,(#1601,#1608),.PCURVE_S1.);
#1597 = LINE('',#1598,#1599);
#1598 = CARTESIAN_POINT('',(146.,-63.78192735962,-18.));
#1599 = VECTOR('',#1600,1.);
#1600 = DIRECTION('',(-0.,-1.,-0.));
#1601 = PCURVE('',#336,#1602);
#1602 = DEFINITIONAL_REPRESENTATION('',(#1603),#1607);
#1603 = LINE('',#1604,#1605);
#1604 = CARTESIAN_POINT('',(56.552852373356,-5.218072640377));
#1605 = VECTOR('',#1606,1.);
#1606 = DIRECTION('',(-0.,-1.));
#1607 = ( GEOMETRIC_REPRESENTATION_CONTEXT(2) 
PARAMETRIC_REPRESENTATION_CONTEXT() REPRESENTATION_CONTEXT('2D SPACE',''
  ) );
#1608 = PCURVE('',#668,#1609);
#1609 = DEFINITIONAL_REPRESENTATION('',(#1610),#1614);
#1610 = LINE('',#1611,#1612);
#1611 = CARTESIAN_POINT('',(-10.,-5.218072640377));
#1612 = VECTOR('',#1613,1.);
#1613 = DIRECTION('',(-0.,1.));
#1614 = ( GEOMETRIC_REPRESENTATION_CONTEXT(2) 
PARAMETRIC_REPRESENTATION_CONTEXT() REPRESENTATION_CONTEXT('2D SPACE',''
  ) );
#1615 = ORIENTED_EDGE('',*,*,#1058,.F.);
#1616 = ORIENTED_EDGE('',*,*,#320,.T.);
#1617 = ADVANCED_FACE('',(#1618),#308,.T.);
#1618 = FACE_BOUND('',#1619,.F.);
#1619 = EDGE_LOOP('',(#1620,#1643,#1644,#1645));
#1620 = ORIENTED_EDGE('',*,*,#1621,.F.);
#1621 = EDGE_CURVE('',#265,#1622,#1624,.T.);
#1622 = VERTEX_POINT('',#1623);
#1623 = CARTESIAN_POINT('',(141.,-89.,-164.));
#1624 = SURFACE_CURVE('',#1625,(#1629,#1636),.PCURVE_S1.);
#1625 = LINE('',#1626,#1627);
#1626 = CARTESIAN_POINT('',(141.,-89.,12.));
#1627 = VECTOR('',#1628,1.);
#1628 = DIRECTION('',(-0.,-0.,-1.));
#1629 = PCURVE('',#308,#1630);
#1630 = DEFINITIONAL_REPRESENTATION('',(#1631),#1635);
#1631 = LINE('',#1632,#1633);
#1632 = CARTESIAN_POINT('',(-0.,-0.));
#1633 = VECTOR('',#1634,1.);
#1634 = DIRECTION('',(-1.,0.));
#1635 = ( GEOMETRIC_REPRESENTATION_CONTEXT(2) 
PARAMETRIC_REPRESENTATION_CONTEXT() REPRESENTATION_CONTEXT('2D SPACE',''
  ) );
#1636 = PCURVE('',#280,#1637);
#1637 = DEFINITIONAL_REPRESENTATION('',(#1638),#1642);
#1638 = LINE('',#1639,#1640);
#1639 = CARTESIAN_POINT('',(86.552852373356,-30.43614528075));
#1640 = VECTOR('',#1641,1.);
#1641 = DIRECTION('',(-1.,0.));
#1642 = ( GEOMETRIC_REPRESENTATION_CONTEXT(2) 
PARAMETRIC_REPRESENTATION_CONTEXT() REPRESENTATION_CONTEXT('2D SPACE',''
  ) );
#1643 = ORIENTED_EDGE('',*,*,#292,.T.);
#1644 = ORIENTED_EDGE('',*,*,#1084,.T.);
#1645 = ORIENTED_EDGE('',*,*,#1646,.F.);
#1646 = EDGE_CURVE('',#1622,#1085,#1647,.T.);
#1647 = SURFACE_CURVE('',#1648,(#1652,#1659),.PCURVE_S1.);
#1648 = LINE('',#1649,#1650);
#1649 = CARTESIAN_POINT('',(137.5,-89.,-164.));
#1650 = VECTOR('',#1651,1.);
#1651 = DIRECTION('',(1.,-0.,-0.));
#1652 = PCURVE('',#308,#1653);
#1653 = DEFINITIONAL_REPRESENTATION('',(#1654),#1658);
#1654 = LINE('',#1655,#1656);
#1655 = CARTESIAN_POINT('',(-176.,3.5));
#1656 = VECTOR('',#1657,1.);
#1657 = DIRECTION('',(-0.,-1.));
#1658 = ( GEOMETRIC_REPRESENTATION_CONTEXT(2) 
PARAMETRIC_REPRESENTATION_CONTEXT() REPRESENTATION_CONTEXT('2D SPACE',''
  ) );
#1659 = PCURVE('',#1123,#1660);
#1660 = DEFINITIONAL_REPRESENTATION('',(#1661),#1665);
#1661 = LINE('',#1662,#1663);
#1662 = CARTESIAN_POINT('',(-3.5,14.));
#1663 = VECTOR('',#1664,1.);
#1664 = DIRECTION('',(-1.,-0.));
#1665 = ( GEOMETRIC_REPRESENTATION_CONTEXT(2) 
PARAMETRIC_REPRESENTATION_CONTEXT() REPRESENTATION_CONTEXT('2D SPACE',''
  ) );
#1666 = ADVANCED_FACE('',(#1667),#280,.T.);
#1667 = FACE_BOUND('',#1668,.F.);
#1668 = EDGE_LOOP('',(#1669,#1670,#1693,#1716,#1739,#1762,#1790,#1813,
    #1836,#1859,#1882,#1905,#1928,#1949,#1950,#1973,#1996,#2019,#2042,
    #2065,#2088,#2109));
#1669 = ORIENTED_EDGE('',*,*,#1621,.T.);
#1670 = ORIENTED_EDGE('',*,*,#1671,.F.);
#1671 = EDGE_CURVE('',#1672,#1622,#1674,.T.);
#1672 = VERTEX_POINT('',#1673);
#1673 = CARTESIAN_POINT('',(141.,-75.95384615384,-164.));
#1674 = SURFACE_CURVE('',#1675,(#1679,#1686),.PCURVE_S1.);
#1675 = LINE('',#1676,#1677);
#1676 = CARTESIAN_POINT('',(141.,-66.78192735962,-164.));
#1677 = VECTOR('',#1678,1.);
#1678 = DIRECTION('',(-0.,-1.,-0.));
#1679 = PCURVE('',#280,#1680);
#1680 = DEFINITIONAL_REPRESENTATION('',(#1681),#1685);
#1681 = LINE('',#1682,#1683);
#1682 = CARTESIAN_POINT('',(-89.44714762664,-8.218072640377));
#1683 = VECTOR('',#1684,1.);
#1684 = DIRECTION('',(-0.,-1.));
#1685 = ( GEOMETRIC_REPRESENTATION_CONTEXT(2) 
PARAMETRIC_REPRESENTATION_CONTEXT() REPRESENTATION_CONTEXT('2D SPACE',''
  ) );
#1686 = PCURVE('',#1123,#1687);
#1687 = DEFINITIONAL_REPRESENTATION('',(#1688),#1692);
#1688 = LINE('',#1689,#1690);
#1689 = CARTESIAN_POINT('',(-7.,-8.218072640377));
#1690 = VECTOR('',#1691,1.);
#1691 = DIRECTION('',(-0.,1.));
#1692 = ( GEOMETRIC_REPRESENTATION_CONTEXT(2) 
PARAMETRIC_REPRESENTATION_CONTEXT() REPRESENTATION_CONTEXT('2D SPACE',''
  ) );
#1693 = ORIENTED_EDGE('',*,*,#1694,.T.);
#1694 = EDGE_CURVE('',#1672,#1695,#1697,.T.);
#1695 = VERTEX_POINT('',#1696);
#1696 = CARTESIAN_POINT('',(141.,-9.,-100.));
#1697 = SURFACE_CURVE('',#1698,(#1702,#1709),.PCURVE_S1.);
#1698 = LINE('',#1699,#1700);
#1699 = CARTESIAN_POINT('',(141.,-77.,-165.));
#1700 = VECTOR('',#1701,1.);
#1701 = DIRECTION('',(-0.,0.722872686114,0.69098124408));
#1702 = PCURVE('',#280,#1703);
#1703 = DEFINITIONAL_REPRESENTATION('',(#1704),#1708);
#1704 = LINE('',#1705,#1706);
#1705 = CARTESIAN_POINT('',(-90.44714762664,-18.43614528075));
#1706 = VECTOR('',#1707,1.);
#1707 = DIRECTION('',(0.69098124408,0.722872686114));
#1708 = ( GEOMETRIC_REPRESENTATION_CONTEXT(2) 
PARAMETRIC_REPRESENTATION_CONTEXT() REPRESENTATION_CONTEXT('2D SPACE',''
  ) );
#1709 = PCURVE('',#1151,#1710);
#1710 = DEFINITIONAL_REPRESENTATION('',(#1711),#1715);
#1711 = LINE('',#1712,#1713);
#1712 = CARTESIAN_POINT('',(-0.,0.));
#1713 = VECTOR('',#1714,1.);
#1714 = DIRECTION('',(-1.,0.));
#1715 = ( GEOMETRIC_REPRESENTATION_CONTEXT(2) 
PARAMETRIC_REPRESENTATION_CONTEXT() REPRESENTATION_CONTEXT('2D SPACE',''
  ) );
#1716 = ORIENTED_EDGE('',*,*,#1717,.T.);
#1717 = EDGE_CURVE('',#1695,#1718,#1720,.T.);
#1718 = VERTEX_POINT('',#1719);
#1719 = CARTESIAN_POINT('',(141.,-9.,-97.));
#1720 = SURFACE_CURVE('',#1721,(#1725,#1732),.PCURVE_S1.);
#1721 = LINE('',#1722,#1723);
#1722 = CARTESIAN_POINT('',(141.,-9.,-100.));
#1723 = VECTOR('',#1724,1.);
#1724 = DIRECTION('',(-0.,-0.,1.));
#1725 = PCURVE('',#280,#1726);
#1726 = DEFINITIONAL_REPRESENTATION('',(#1727),#1731);
#1727 = LINE('',#1728,#1729);
#1728 = CARTESIAN_POINT('',(-25.44714762664,49.563854719247));
#1729 = VECTOR('',#1730,1.);
#1730 = DIRECTION('',(1.,-0.));
#1731 = ( GEOMETRIC_REPRESENTATION_CONTEXT(2) 
PARAMETRIC_REPRESENTATION_CONTEXT() REPRESENTATION_CONTEXT('2D SPACE',''
  ) );
#1732 = PCURVE('',#1179,#1733);
#1733 = DEFINITIONAL_REPRESENTATION('',(#1734),#1738);
#1734 = LINE('',#1735,#1736);
#1735 = CARTESIAN_POINT('',(-0.,-0.));
#1736 = VECTOR('',#1737,1.);
#1737 = DIRECTION('',(-1.,0.));
#1738 = ( GEOMETRIC_REPRESENTATION_CONTEXT(2) 
PARAMETRIC_REPRESENTATION_CONTEXT() REPRESENTATION_CONTEXT('2D SPACE',''
  ) );
#1739 = ORIENTED_EDGE('',*,*,#1740,.T.);
#1740 = EDGE_CURVE('',#1718,#1741,#1743,.T.);
#1741 = VERTEX_POINT('',#1742);
#1742 = CARTESIAN_POINT('',(141.,-15.5,-97.));
#1743 = SURFACE_CURVE('',#1744,(#1748,#1755),.PCURVE_S1.);
#1744 = LINE('',#1745,#1746);
#1745 = CARTESIAN_POINT('',(141.,-31.53192735962,-97.));
#1746 = VECTOR('',#1747,1.);
#1747 = DIRECTION('',(-0.,-1.,-0.));
#1748 = PCURVE('',#280,#1749);
#1749 = DEFINITIONAL_REPRESENTATION('',(#1750),#1754);
#1750 = LINE('',#1751,#1752);
#1751 = CARTESIAN_POINT('',(-22.44714762664,27.031927359623));
#1752 = VECTOR('',#1753,1.);
#1753 = DIRECTION('',(-0.,-1.));
#1754 = ( GEOMETRIC_REPRESENTATION_CONTEXT(2) 
PARAMETRIC_REPRESENTATION_CONTEXT() REPRESENTATION_CONTEXT('2D SPACE',''
  ) );
#1755 = PCURVE('',#1207,#1756);
#1756 = DEFINITIONAL_REPRESENTATION('',(#1757),#1761);
#1757 = LINE('',#1758,#1759);
#1758 = CARTESIAN_POINT('',(-11.,27.031927359623));
#1759 = VECTOR('',#1760,1.);
#1760 = DIRECTION('',(-0.,1.));
#1761 = ( GEOMETRIC_REPRESENTATION_CONTEXT(2) 
PARAMETRIC_REPRESENTATION_CONTEXT() REPRESENTATION_CONTEXT('2D SPACE',''
  ) );
#1762 = ORIENTED_EDGE('',*,*,#1763,.F.);
#1763 = EDGE_CURVE('',#1764,#1741,#1766,.T.);
#1764 = VERTEX_POINT('',#1765);
#1765 = CARTESIAN_POINT('',(141.,-15.5,-81.));
#1766 = SURFACE_CURVE('',#1767,(#1771,#1778),.PCURVE_S1.);
#1767 = LINE('',#1768,#1769);
#1768 = CARTESIAN_POINT('',(141.,-15.5,-85.77642618667));
#1769 = VECTOR('',#1770,1.);
#1770 = DIRECTION('',(-0.,-0.,-1.));
#1771 = PCURVE('',#280,#1772);
#1772 = DEFINITIONAL_REPRESENTATION('',(#1773),#1777);
#1773 = LINE('',#1774,#1775);
#1774 = CARTESIAN_POINT('',(-11.22357381332,43.063854719247));
#1775 = VECTOR('',#1776,1.);
#1776 = DIRECTION('',(-1.,0.));
#1777 = ( GEOMETRIC_REPRESENTATION_CONTEXT(2) 
PARAMETRIC_REPRESENTATION_CONTEXT() REPRESENTATION_CONTEXT('2D SPACE',''
  ) );
#1778 = PCURVE('',#1779,#1784);
#1779 = PLANE('',#1780);
#1780 = AXIS2_PLACEMENT_3D('',#1781,#1782,#1783);
#1781 = CARTESIAN_POINT('',(130.,-15.5,-97.));
#1782 = DIRECTION('',(0.,-1.,0.));
#1783 = DIRECTION('',(0.,0.,-1.));
#1784 = DEFINITIONAL_REPRESENTATION('',(#1785),#1789);
#1785 = LINE('',#1786,#1787);
#1786 = CARTESIAN_POINT('',(-11.22357381332,11.));
#1787 = VECTOR('',#1788,1.);
#1788 = DIRECTION('',(1.,-0.));
#1789 = ( GEOMETRIC_REPRESENTATION_CONTEXT(2) 
PARAMETRIC_REPRESENTATION_CONTEXT() REPRESENTATION_CONTEXT('2D SPACE',''
  ) );
#1790 = ORIENTED_EDGE('',*,*,#1791,.F.);
#1791 = EDGE_CURVE('',#1792,#1764,#1794,.T.);
#1792 = VERTEX_POINT('',#1793);
#1793 = CARTESIAN_POINT('',(141.,-9.,-81.));
#1794 = SURFACE_CURVE('',#1795,(#1799,#1806),.PCURVE_S1.);
#1795 = LINE('',#1796,#1797);
#1796 = CARTESIAN_POINT('',(141.,-30.28192735962,-81.));
#1797 = VECTOR('',#1798,1.);
#1798 = DIRECTION('',(-0.,-1.,-0.));
#1799 = PCURVE('',#280,#1800);
#1800 = DEFINITIONAL_REPRESENTATION('',(#1801),#1805);
#1801 = LINE('',#1802,#1803);
#1802 = CARTESIAN_POINT('',(-6.447147626644,28.281927359623));
#1803 = VECTOR('',#1804,1.);
#1804 = DIRECTION('',(-0.,-1.));
#1805 = ( GEOMETRIC_REPRESENTATION_CONTEXT(2) 
PARAMETRIC_REPRESENTATION_CONTEXT() REPRESENTATION_CONTEXT('2D SPACE',''
  ) );
#1806 = PCURVE('',#1263,#1807);
#1807 = DEFINITIONAL_REPRESENTATION('',(#1808),#1812);
#1808 = LINE('',#1809,#1810);
#1809 = CARTESIAN_POINT('',(-4.,28.281927359623));
#1810 = VECTOR('',#1811,1.);
#1811 = DIRECTION('',(-0.,1.));
#1812 = ( GEOMETRIC_REPRESENTATION_CONTEXT(2) 
PARAMETRIC_REPRESENTATION_CONTEXT() REPRESENTATION_CONTEXT('2D SPACE',''
  ) );
#1813 = ORIENTED_EDGE('',*,*,#1814,.T.);
#1814 = EDGE_CURVE('',#1792,#1815,#1817,.T.);
#1815 = VERTEX_POINT('',#1816);
#1816 = CARTESIAN_POINT('',(141.,-9.,-55.));
#1817 = SURFACE_CURVE('',#1818,(#1822,#1829),.PCURVE_S1.);
#1818 = LINE('',#1819,#1820);
#1819 = CARTESIAN_POINT('',(141.,-9.,-100.));
#1820 = VECTOR('',#1821,1.);
#1821 = DIRECTION('',(-0.,-0.,1.));
#1822 = PCURVE('',#280,#1823);
#1823 = DEFINITIONAL_REPRESENTATION('',(#1824),#1828);
#1824 = LINE('',#1825,#1826);
#1825 = CARTESIAN_POINT('',(-25.44714762664,49.563854719247));
#1826 = VECTOR('',#1827,1.);
#1827 = DIRECTION('',(1.,-0.));
#1828 = ( GEOMETRIC_REPRESENTATION_CONTEXT(2) 
PARAMETRIC_REPRESENTATION_CONTEXT() REPRESENTATION_CONTEXT('2D SPACE',''
  ) );
#1829 = PCURVE('',#1291,#1830);
#1830 = DEFINITIONAL_REPRESENTATION('',(#1831),#1835);
#1831 = LINE('',#1832,#1833);
#1832 = CARTESIAN_POINT('',(-0.,-0.));
#1833 = VECTOR('',#1834,1.);
#1834 = DIRECTION('',(-1.,0.));
#1835 = ( GEOMETRIC_REPRESENTATION_CONTEXT(2) 
PARAMETRIC_REPRESENTATION_CONTEXT() REPRESENTATION_CONTEXT('2D SPACE',''
  ) );
#1836 = ORIENTED_EDGE('',*,*,#1837,.T.);
#1837 = EDGE_CURVE('',#1815,#1838,#1840,.T.);
#1838 = VERTEX_POINT('',#1839);
#1839 = CARTESIAN_POINT('',(141.,-15.5,-55.));
#1840 = SURFACE_CURVE('',#1841,(#1845,#1852),.PCURVE_S1.);
#1841 = LINE('',#1842,#1843);
#1842 = CARTESIAN_POINT('',(141.,-30.28192735962,-55.));
#1843 = VECTOR('',#1844,1.);
#1844 = DIRECTION('',(-0.,-1.,-0.));
#1845 = PCURVE('',#280,#1846);
#1846 = DEFINITIONAL_REPRESENTATION('',(#1847),#1851);
#1847 = LINE('',#1848,#1849);
#1848 = CARTESIAN_POINT('',(19.552852373356,28.281927359623));
#1849 = VECTOR('',#1850,1.);
#1850 = DIRECTION('',(-0.,-1.));
#1851 = ( GEOMETRIC_REPRESENTATION_CONTEXT(2) 
PARAMETRIC_REPRESENTATION_CONTEXT() REPRESENTATION_CONTEXT('2D SPACE',''
  ) );
#1852 = PCURVE('',#1319,#1853);
#1853 = DEFINITIONAL_REPRESENTATION('',(#1854),#1858);
#1854 = LINE('',#1855,#1856);
#1855 = CARTESIAN_POINT('',(-4.,28.281927359623));
#1856 = VECTOR('',#1857,1.);
#1857 = DIRECTION('',(-0.,1.));
#1858 = ( GEOMETRIC_REPRESENTATION_CONTEXT(2) 
PARAMETRIC_REPRESENTATION_CONTEXT() REPRESENTATION_CONTEXT('2D SPACE',''
  ) );
#1859 = ORIENTED_EDGE('',*,*,#1860,.F.);
#1860 = EDGE_CURVE('',#1861,#1838,#1863,.T.);
#1861 = VERTEX_POINT('',#1862);
#1862 = CARTESIAN_POINT('',(141.,-15.5,-39.));
#1863 = SURFACE_CURVE('',#1864,(#1868,#1875),.PCURVE_S1.);
#1864 = LINE('',#1865,#1866);
#1865 = CARTESIAN_POINT('',(141.,-15.5,-85.77642618667));
#1866 = VECTOR('',#1867,1.);
#1867 = DIRECTION('',(-0.,-0.,-1.));
#1868 = PCURVE('',#280,#1869);
#1869 = DEFINITIONAL_REPRESENTATION('',(#1870),#1874);
#1870 = LINE('',#1871,#1872);
#1871 = CARTESIAN_POINT('',(-11.22357381332,43.063854719247));
#1872 = VECTOR('',#1873,1.);
#1873 = DIRECTION('',(-1.,0.));
#1874 = ( GEOMETRIC_REPRESENTATION_CONTEXT(2) 
PARAMETRIC_REPRESENTATION_CONTEXT() REPRESENTATION_CONTEXT('2D SPACE',''
  ) );
#1875 = PCURVE('',#1779,#1876);
#1876 = DEFINITIONAL_REPRESENTATION('',(#1877),#1881);
#1877 = LINE('',#1878,#1879);
#1878 = CARTESIAN_POINT('',(-11.22357381332,11.));
#1879 = VECTOR('',#1880,1.);
#1880 = DIRECTION('',(1.,-0.));
#1881 = ( GEOMETRIC_REPRESENTATION_CONTEXT(2) 
PARAMETRIC_REPRESENTATION_CONTEXT() REPRESENTATION_CONTEXT('2D SPACE',''
  ) );
#1882 = ORIENTED_EDGE('',*,*,#1883,.F.);
#1883 = EDGE_CURVE('',#1884,#1861,#1886,.T.);
#1884 = VERTEX_POINT('',#1885);
#1885 = CARTESIAN_POINT('',(141.,-9.,-39.));
#1886 = SURFACE_CURVE('',#1887,(#1891,#1898),.PCURVE_S1.);
#1887 = LINE('',#1888,#1889);
#1888 = CARTESIAN_POINT('',(141.,-31.53192735962,-39.));
#1889 = VECTOR('',#1890,1.);
#1890 = DIRECTION('',(-0.,-1.,-0.));
#1891 = PCURVE('',#280,#1892);
#1892 = DEFINITIONAL_REPRESENTATION('',(#1893),#1897);
#1893 = LINE('',#1894,#1895);
#1894 = CARTESIAN_POINT('',(35.552852373356,27.031927359623));
#1895 = VECTOR('',#1896,1.);
#1896 = DIRECTION('',(-0.,-1.));
#1897 = ( GEOMETRIC_REPRESENTATION_CONTEXT(2) 
PARAMETRIC_REPRESENTATION_CONTEXT() REPRESENTATION_CONTEXT('2D SPACE',''
  ) );
#1898 = PCURVE('',#1370,#1899);
#1899 = DEFINITIONAL_REPRESENTATION('',(#1900),#1904);
#1900 = LINE('',#1901,#1902);
#1901 = CARTESIAN_POINT('',(-11.,27.031927359623));
#1902 = VECTOR('',#1903,1.);
#1903 = DIRECTION('',(-0.,1.));
#1904 = ( GEOMETRIC_REPRESENTATION_CONTEXT(2) 
PARAMETRIC_REPRESENTATION_CONTEXT() REPRESENTATION_CONTEXT('2D SPACE',''
  ) );
#1905 = ORIENTED_EDGE('',*,*,#1906,.T.);
#1906 = EDGE_CURVE('',#1884,#1907,#1909,.T.);
#1907 = VERTEX_POINT('',#1908);
#1908 = CARTESIAN_POINT('',(141.,-9.,-37.));
#1909 = SURFACE_CURVE('',#1910,(#1914,#1921),.PCURVE_S1.);
#1910 = LINE('',#1911,#1912);
#1911 = CARTESIAN_POINT('',(141.,-9.,-100.));
#1912 = VECTOR('',#1913,1.);
#1913 = DIRECTION('',(-0.,-0.,1.));
#1914 = PCURVE('',#280,#1915);
#1915 = DEFINITIONAL_REPRESENTATION('',(#1916),#1920);
#1916 = LINE('',#1917,#1918);
#1917 = CARTESIAN_POINT('',(-25.44714762664,49.563854719247));
#1918 = VECTOR('',#1919,1.);
#1919 = DIRECTION('',(1.,-0.));
#1920 = ( GEOMETRIC_REPRESENTATION_CONTEXT(2) 
PARAMETRIC_REPRESENTATION_CONTEXT() REPRESENTATION_CONTEXT('2D SPACE',''
  ) );
#1921 = PCURVE('',#1398,#1922);
#1922 = DEFINITIONAL_REPRESENTATION('',(#1923),#1927);
#1923 = LINE('',#1924,#1925);
#1924 = CARTESIAN_POINT('',(-0.,-0.));
#1925 = VECTOR('',#1926,1.);
#1926 = DIRECTION('',(-1.,0.));
#1927 = ( GEOMETRIC_REPRESENTATION_CONTEXT(2) 
PARAMETRIC_REPRESENTATION_CONTEXT() REPRESENTATION_CONTEXT('2D SPACE',''
  ) );
#1928 = ORIENTED_EDGE('',*,*,#1929,.T.);
#1929 = EDGE_CURVE('',#1907,#751,#1930,.T.);
#1930 = SURFACE_CURVE('',#1931,(#1935,#1942),.PCURVE_S1.);
#1931 = LINE('',#1932,#1933);
#1932 = CARTESIAN_POINT('',(141.,-9.,-37.));
#1933 = VECTOR('',#1934,1.);
#1934 = DIRECTION('',(-0.,-0.77962036012,0.626252420424));
#1935 = PCURVE('',#280,#1936);
#1936 = DEFINITIONAL_REPRESENTATION('',(#1937),#1941);
#1937 = LINE('',#1938,#1939);
#1938 = CARTESIAN_POINT('',(37.552852373356,49.563854719247));
#1939 = VECTOR('',#1940,1.);
#1940 = DIRECTION('',(0.626252420424,-0.77962036012));
#1941 = ( GEOMETRIC_REPRESENTATION_CONTEXT(2) 
PARAMETRIC_REPRESENTATION_CONTEXT() REPRESENTATION_CONTEXT('2D SPACE',''
  ) );
#1942 = PCURVE('',#766,#1943);
#1943 = DEFINITIONAL_REPRESENTATION('',(#1944),#1948);
#1944 = LINE('',#1945,#1946);
#1945 = CARTESIAN_POINT('',(-0.,-0.));
#1946 = VECTOR('',#1947,1.);
#1947 = DIRECTION('',(-1.,0.));
#1948 = ( GEOMETRIC_REPRESENTATION_CONTEXT(2) 
PARAMETRIC_REPRESENTATION_CONTEXT() REPRESENTATION_CONTEXT('2D SPACE',''
  ) );
#1949 = ORIENTED_EDGE('',*,*,#778,.T.);
#1950 = ORIENTED_EDGE('',*,*,#1951,.F.);
#1951 = EDGE_CURVE('',#1952,#779,#1954,.T.);
#1952 = VERTEX_POINT('',#1953);
#1953 = CARTESIAN_POINT('',(141.,-18.,-43.));
#1954 = SURFACE_CURVE('',#1955,(#1959,#1966),.PCURVE_S1.);
#1955 = LINE('',#1956,#1957);
#1956 = CARTESIAN_POINT('',(141.,-23.340910437,-38.97089212646));
#1957 = VECTOR('',#1958,1.);
#1958 = DIRECTION('',(-0.,-0.798316195833,0.602238533698));
#1959 = PCURVE('',#280,#1960);
#1960 = DEFINITIONAL_REPRESENTATION('',(#1961),#1965);
#1961 = LINE('',#1962,#1963);
#1962 = CARTESIAN_POINT('',(35.581960246889,35.222944282238));
#1963 = VECTOR('',#1964,1.);
#1964 = DIRECTION('',(0.602238533698,-0.798316195833));
#1965 = ( GEOMETRIC_REPRESENTATION_CONTEXT(2) 
PARAMETRIC_REPRESENTATION_CONTEXT() REPRESENTATION_CONTEXT('2D SPACE',''
  ) );
#1966 = PCURVE('',#815,#1967);
#1967 = DEFINITIONAL_REPRESENTATION('',(#1968),#1972);
#1968 = LINE('',#1969,#1970);
#1969 = CARTESIAN_POINT('',(-6.690219320225,-2.));
#1970 = VECTOR('',#1971,1.);
#1971 = DIRECTION('',(-1.,0.));
#1972 = ( GEOMETRIC_REPRESENTATION_CONTEXT(2) 
PARAMETRIC_REPRESENTATION_CONTEXT() REPRESENTATION_CONTEXT('2D SPACE',''
  ) );
#1973 = ORIENTED_EDGE('',*,*,#1974,.F.);
#1974 = EDGE_CURVE('',#1975,#1952,#1977,.T.);
#1975 = VERTEX_POINT('',#1976);
#1976 = CARTESIAN_POINT('',(141.,-18.,-83.));
#1977 = SURFACE_CURVE('',#1978,(#1982,#1989),.PCURVE_S1.);
#1978 = LINE('',#1979,#1980);
#1979 = CARTESIAN_POINT('',(141.,-18.,-82.27642618667));
#1980 = VECTOR('',#1981,1.);
#1981 = DIRECTION('',(-0.,-0.,1.));
#1982 = PCURVE('',#280,#1983);
#1983 = DEFINITIONAL_REPRESENTATION('',(#1984),#1988);
#1984 = LINE('',#1985,#1986);
#1985 = CARTESIAN_POINT('',(-7.723573813322,40.563854719247));
#1986 = VECTOR('',#1987,1.);
#1987 = DIRECTION('',(1.,-0.));
#1988 = ( GEOMETRIC_REPRESENTATION_CONTEXT(2) 
PARAMETRIC_REPRESENTATION_CONTEXT() REPRESENTATION_CONTEXT('2D SPACE',''
  ) );
#1989 = PCURVE('',#1471,#1990);
#1990 = DEFINITIONAL_REPRESENTATION('',(#1991),#1995);
#1991 = LINE('',#1992,#1993);
#1992 = CARTESIAN_POINT('',(-7.723573813322,-2.));
#1993 = VECTOR('',#1994,1.);
#1994 = DIRECTION('',(-1.,0.));
#1995 = ( GEOMETRIC_REPRESENTATION_CONTEXT(2) 
PARAMETRIC_REPRESENTATION_CONTEXT() REPRESENTATION_CONTEXT('2D SPACE',''
  ) );
#1996 = ORIENTED_EDGE('',*,*,#1997,.F.);
#1997 = EDGE_CURVE('',#1998,#1975,#2000,.T.);
#1998 = VERTEX_POINT('',#1999);
#1999 = CARTESIAN_POINT('',(141.,-18.,-90.));
#2000 = SURFACE_CURVE('',#2001,(#2005,#2012),.PCURVE_S1.);
#2001 = LINE('',#2002,#2003);
#2002 = CARTESIAN_POINT('',(141.,-18.,-82.27642618667));
#2003 = VECTOR('',#2004,1.);
#2004 = DIRECTION('',(-0.,-0.,1.));
#2005 = PCURVE('',#280,#2006);
#2006 = DEFINITIONAL_REPRESENTATION('',(#2007),#2011);
#2007 = LINE('',#2008,#2009);
#2008 = CARTESIAN_POINT('',(-7.723573813322,40.563854719247));
#2009 = VECTOR('',#2010,1.);
#2010 = DIRECTION('',(1.,-0.));
#2011 = ( GEOMETRIC_REPRESENTATION_CONTEXT(2) 
PARAMETRIC_REPRESENTATION_CONTEXT() REPRESENTATION_CONTEXT('2D SPACE',''
  ) );
#2012 = PCURVE('',#1499,#2013);
#2013 = DEFINITIONAL_REPRESENTATION('',(#2014),#2018);
#2014 = LINE('',#2015,#2016);
#2015 = CARTESIAN_POINT('',(-7.723573813322,-2.));
#2016 = VECTOR('',#2017,1.);
#2017 = DIRECTION('',(-1.,0.));
#2018 = ( GEOMETRIC_REPRESENTATION_CONTEXT(2) 
PARAMETRIC_REPRESENTATION_CONTEXT() REPRESENTATION_CONTEXT('2D SPACE',''
  ) );
#2019 = ORIENTED_EDGE('',*,*,#2020,.F.);
#2020 = EDGE_CURVE('',#2021,#1998,#2023,.T.);
#2021 = VERTEX_POINT('',#2022);
#2022 = CARTESIAN_POINT('',(141.,-81.,-153.));
#2023 = SURFACE_CURVE('',#2024,(#2028,#2035),.PCURVE_S1.);
#2024 = LINE('',#2025,#2026);
#2025 = CARTESIAN_POINT('',(141.,-55.77917677315,-127.7791767731));
#2026 = VECTOR('',#2027,1.);
#2027 = DIRECTION('',(-0.,0.707106781187,0.707106781187));
#2028 = PCURVE('',#280,#2029);
#2029 = DEFINITIONAL_REPRESENTATION('',(#2030),#2034);
#2030 = LINE('',#2031,#2032);
#2031 = CARTESIAN_POINT('',(-53.22632439979,2.784677946096));
#2032 = VECTOR('',#2033,1.);
#2033 = DIRECTION('',(0.707106781187,0.707106781187));
#2034 = ( GEOMETRIC_REPRESENTATION_CONTEXT(2) 
PARAMETRIC_REPRESENTATION_CONTEXT() REPRESENTATION_CONTEXT('2D SPACE',''
  ) );
#2035 = PCURVE('',#1527,#2036);
#2036 = DEFINITIONAL_REPRESENTATION('',(#2037),#2041);
#2037 = LINE('',#2038,#2039);
#2038 = CARTESIAN_POINT('',(-35.66763026162,-2.));
#2039 = VECTOR('',#2040,1.);
#2040 = DIRECTION('',(-1.,0.));
#2041 = ( GEOMETRIC_REPRESENTATION_CONTEXT(2) 
PARAMETRIC_REPRESENTATION_CONTEXT() REPRESENTATION_CONTEXT('2D SPACE',''
  ) );
#2042 = ORIENTED_EDGE('',*,*,#2043,.F.);
#2043 = EDGE_CURVE('',#2044,#2021,#2046,.T.);
#2044 = VERTEX_POINT('',#2045);
#2045 = CARTESIAN_POINT('',(141.,-81.,-18.));
#2046 = SURFACE_CURVE('',#2047,(#2051,#2058),.PCURVE_S1.);
#2047 = LINE('',#2048,#2049);
#2048 = CARTESIAN_POINT('',(141.,-81.,-37.27642618667));
#2049 = VECTOR('',#2050,1.);
#2050 = DIRECTION('',(-0.,-0.,-1.));
#2051 = PCURVE('',#280,#2052);
#2052 = DEFINITIONAL_REPRESENTATION('',(#2053),#2057);
#2053 = LINE('',#2054,#2055);
#2054 = CARTESIAN_POINT('',(37.276426186678,-22.43614528075));
#2055 = VECTOR('',#2056,1.);
#2056 = DIRECTION('',(-1.,0.));
#2057 = ( GEOMETRIC_REPRESENTATION_CONTEXT(2) 
PARAMETRIC_REPRESENTATION_CONTEXT() REPRESENTATION_CONTEXT('2D SPACE',''
  ) );
#2058 = PCURVE('',#1555,#2059);
#2059 = DEFINITIONAL_REPRESENTATION('',(#2060),#2064);
#2060 = LINE('',#2061,#2062);
#2061 = CARTESIAN_POINT('',(-37.27642618667,-2.));
#2062 = VECTOR('',#2063,1.);
#2063 = DIRECTION('',(-1.,0.));
#2064 = ( GEOMETRIC_REPRESENTATION_CONTEXT(2) 
PARAMETRIC_REPRESENTATION_CONTEXT() REPRESENTATION_CONTEXT('2D SPACE',''
  ) );
#2065 = ORIENTED_EDGE('',*,*,#2066,.T.);
#2066 = EDGE_CURVE('',#2044,#2067,#2069,.T.);
#2067 = VERTEX_POINT('',#2068);
#2068 = CARTESIAN_POINT('',(141.,-87.,-18.));
#2069 = SURFACE_CURVE('',#2070,(#2074,#2081),.PCURVE_S1.);
#2070 = LINE('',#2071,#2072);
#2071 = CARTESIAN_POINT('',(141.,-63.78192735962,-18.));
#2072 = VECTOR('',#2073,1.);
#2073 = DIRECTION('',(-0.,-1.,-0.));
#2074 = PCURVE('',#280,#2075);
#2075 = DEFINITIONAL_REPRESENTATION('',(#2076),#2080);
#2076 = LINE('',#2077,#2078);
#2077 = CARTESIAN_POINT('',(56.552852373356,-5.218072640377));
#2078 = VECTOR('',#2079,1.);
#2079 = DIRECTION('',(-0.,-1.));
#2080 = ( GEOMETRIC_REPRESENTATION_CONTEXT(2) 
PARAMETRIC_REPRESENTATION_CONTEXT() REPRESENTATION_CONTEXT('2D SPACE',''
  ) );
#2081 = PCURVE('',#668,#2082);
#2082 = DEFINITIONAL_REPRESENTATION('',(#2083),#2087);
#2083 = LINE('',#2084,#2085);
#2084 = CARTESIAN_POINT('',(-5.,-5.218072640377));
#2085 = VECTOR('',#2086,1.);
#2086 = DIRECTION('',(-0.,1.));
#2087 = ( GEOMETRIC_REPRESENTATION_CONTEXT(2) 
PARAMETRIC_REPRESENTATION_CONTEXT() REPRESENTATION_CONTEXT('2D SPACE',''
  ) );
#2088 = ORIENTED_EDGE('',*,*,#2089,.F.);
#2089 = EDGE_CURVE('',#237,#2067,#2090,.T.);
#2090 = SURFACE_CURVE('',#2091,(#2095,#2102),.PCURVE_S1.);
#2091 = LINE('',#2092,#2093);
#2092 = CARTESIAN_POINT('',(141.,-87.,-46.27642618667));
#2093 = VECTOR('',#2094,1.);
#2094 = DIRECTION('',(-0.,-0.,-1.));
#2095 = PCURVE('',#280,#2096);
#2096 = DEFINITIONAL_REPRESENTATION('',(#2097),#2101);
#2097 = LINE('',#2098,#2099);
#2098 = CARTESIAN_POINT('',(28.276426186678,-28.43614528075));
#2099 = VECTOR('',#2100,1.);
#2100 = DIRECTION('',(-1.,0.));
#2101 = ( GEOMETRIC_REPRESENTATION_CONTEXT(2) 
PARAMETRIC_REPRESENTATION_CONTEXT() REPRESENTATION_CONTEXT('2D SPACE',''
  ) );
#2102 = PCURVE('',#252,#2103);
#2103 = DEFINITIONAL_REPRESENTATION('',(#2104),#2108);
#2104 = LINE('',#2105,#2106);
#2105 = CARTESIAN_POINT('',(28.276426186678,5.));
#2106 = VECTOR('',#2107,1.);
#2107 = DIRECTION('',(1.,-0.));
#2108 = ( GEOMETRIC_REPRESENTATION_CONTEXT(2) 
PARAMETRIC_REPRESENTATION_CONTEXT() REPRESENTATION_CONTEXT('2D SPACE',''
  ) );
#2109 = ORIENTED_EDGE('',*,*,#264,.T.);
#2110 = ADVANCED_FACE('',(#2111),#252,.T.);
#2111 = FACE_BOUND('',#2112,.F.);
#2112 = EDGE_LOOP('',(#2113,#2136,#2157,#2158));
#2113 = ORIENTED_EDGE('',*,*,#2114,.F.);
#2114 = EDGE_CURVE('',#2115,#2067,#2117,.T.);
#2115 = VERTEX_POINT('',#2116);
#2116 = CARTESIAN_POINT('',(138.37477270848,-87.,-18.));
#2117 = SURFACE_CURVE('',#2118,(#2122,#2129),.PCURVE_S1.);
#2118 = LINE('',#2119,#2120);
#2119 = CARTESIAN_POINT('',(136.,-87.,-18.));
#2120 = VECTOR('',#2121,1.);
#2121 = DIRECTION('',(1.,0.,-0.));
#2122 = PCURVE('',#252,#2123);
#2123 = DEFINITIONAL_REPRESENTATION('',(#2124),#2128);
#2124 = LINE('',#2125,#2126);
#2125 = CARTESIAN_POINT('',(-0.,0.));
#2126 = VECTOR('',#2127,1.);
#2127 = DIRECTION('',(-0.,1.));
#2128 = ( GEOMETRIC_REPRESENTATION_CONTEXT(2) 
PARAMETRIC_REPRESENTATION_CONTEXT() REPRESENTATION_CONTEXT('2D SPACE',''
  ) );
#2129 = PCURVE('',#668,#2130);
#2130 = DEFINITIONAL_REPRESENTATION('',(#2131),#2135);
#2131 = LINE('',#2132,#2133);
#2132 = CARTESIAN_POINT('',(-0.,18.));
#2133 = VECTOR('',#2134,1.);
#2134 = DIRECTION('',(-1.,0.));
#2135 = ( GEOMETRIC_REPRESENTATION_CONTEXT(2) 
PARAMETRIC_REPRESENTATION_CONTEXT() REPRESENTATION_CONTEXT('2D SPACE',''
  ) );
#2136 = ORIENTED_EDGE('',*,*,#2137,.F.);
#2137 = EDGE_CURVE('',#208,#2115,#2138,.T.);
#2138 = SURFACE_CURVE('',#2139,(#2143,#2150),.PCURVE_S1.);
#2139 = LINE('',#2140,#2141);
#2140 = CARTESIAN_POINT('',(138.37477270848,-87.,-18.));
#2141 = VECTOR('',#2142,1.);
#2142 = DIRECTION('',(-0.,0.,-1.));
#2143 = PCURVE('',#252,#2144);
#2144 = DEFINITIONAL_REPRESENTATION('',(#2145),#2149);
#2145 = LINE('',#2146,#2147);
#2146 = CARTESIAN_POINT('',(-0.,2.374772708487));
#2147 = VECTOR('',#2148,1.);
#2148 = DIRECTION('',(1.,-0.));
#2149 = ( GEOMETRIC_REPRESENTATION_CONTEXT(2) 
PARAMETRIC_REPRESENTATION_CONTEXT() REPRESENTATION_CONTEXT('2D SPACE',''
  ) );
#2150 = PCURVE('',#224,#2151);
#2151 = DEFINITIONAL_REPRESENTATION('',(#2152),#2156);
#2152 = LINE('',#2153,#2154);
#2153 = CARTESIAN_POINT('',(0.628874925495,0.));
#2154 = VECTOR('',#2155,1.);
#2155 = DIRECTION('',(0.,1.));
#2156 = ( GEOMETRIC_REPRESENTATION_CONTEXT(2) 
PARAMETRIC_REPRESENTATION_CONTEXT() REPRESENTATION_CONTEXT('2D SPACE',''
  ) );
#2157 = ORIENTED_EDGE('',*,*,#236,.T.);
#2158 = ORIENTED_EDGE('',*,*,#2089,.T.);
#2159 = ADVANCED_FACE('',(#2160),#224,.F.);
#2160 = FACE_BOUND('',#2161,.F.);
#2161 = EDGE_LOOP('',(#2162,#2190,#2211,#2212,#2213,#2241,#2262,#2263));
#2162 = ORIENTED_EDGE('',*,*,#2163,.F.);
#2163 = EDGE_CURVE('',#2164,#2115,#2166,.T.);
#2164 = VERTEX_POINT('',#2165);
#2165 = CARTESIAN_POINT('',(138.7,-86.,-18.));
#2166 = SURFACE_CURVE('',#2167,(#2172,#2179),.PCURVE_S1.);
#2167 = CIRCLE('',#2168,1.7);
#2168 = AXIS2_PLACEMENT_3D('',#2169,#2170,#2171);
#2169 = CARTESIAN_POINT('',(137.,-86.,-18.));
#2170 = DIRECTION('',(0.,0.,-1.));
#2171 = DIRECTION('',(1.,-0.,-0.));
#2172 = PCURVE('',#224,#2173);
#2173 = DEFINITIONAL_REPRESENTATION('',(#2174),#2178);
#2174 = LINE('',#2175,#2176);
#2175 = CARTESIAN_POINT('',(0.,0.));
#2176 = VECTOR('',#2177,1.);
#2177 = DIRECTION('',(1.,0.));
#2178 = ( GEOMETRIC_REPRESENTATION_CONTEXT(2) 
PARAMETRIC_REPRESENTATION_CONTEXT() REPRESENTATION_CONTEXT('2D SPACE',''
  ) );
#2179 = PCURVE('',#668,#2180);
#2180 = DEFINITIONAL_REPRESENTATION('',(#2181),#2189);
#2181 = ( BOUNDED_CURVE() B_SPLINE_CURVE(2,(#2182,#2183,#2184,#2185,
#2186,#2187,#2188),.UNSPECIFIED.,.T.,.F.) B_SPLINE_CURVE_WITH_KNOTS((1,2
    ,2,2,2,1),(-2.094395102393,0.,2.094395102393,4.188790204786,
6.28318530718,8.377580409573),.UNSPECIFIED.) CURVE() 
GEOMETRIC_REPRESENTATION_ITEM() RATIONAL_B_SPLINE_CURVE((1.,0.5,1.,0.5,
1.,0.5,1.)) REPRESENTATION_ITEM('') );
#2182 = CARTESIAN_POINT('',(-2.7,17.));
#2183 = CARTESIAN_POINT('',(-2.7,19.944486372867));
#2184 = CARTESIAN_POINT('',(-0.15,18.472243186434));
#2185 = CARTESIAN_POINT('',(2.4,17.));
#2186 = CARTESIAN_POINT('',(-0.15,15.527756813566));
#2187 = CARTESIAN_POINT('',(-2.7,14.055513627133));
#2188 = CARTESIAN_POINT('',(-2.7,17.));
#2189 = ( GEOMETRIC_REPRESENTATION_CONTEXT(2) 
PARAMETRIC_REPRESENTATION_CONTEXT() REPRESENTATION_CONTEXT('2D SPACE',''
  ) );
#2190 = ORIENTED_EDGE('',*,*,#2191,.T.);
#2191 = EDGE_CURVE('',#2164,#567,#2192,.T.);
#2192 = SEAM_CURVE('',#2193,(#2197,#2204),.PCURVE_S1.);
#2193 = LINE('',#2194,#2195);
#2194 = CARTESIAN_POINT('',(138.7,-86.,-18.));
#2195 = VECTOR('',#2196,1.);
#2196 = DIRECTION('',(-0.,-0.,1.));
#2197 = PCURVE('',#224,#2198);
#2198 = DEFINITIONAL_REPRESENTATION('',(#2199),#2203);
#2199 = LINE('',#2200,#2201);
#2200 = CARTESIAN_POINT('',(6.28318530718,0.));
#2201 = VECTOR('',#2202,1.);
#2202 = DIRECTION('',(0.,-1.));
#2203 = ( GEOMETRIC_REPRESENTATION_CONTEXT(2) 
PARAMETRIC_REPRESENTATION_CONTEXT() REPRESENTATION_CONTEXT('2D SPACE',''
  ) );
#2204 = PCURVE('',#224,#2205);
#2205 = DEFINITIONAL_REPRESENTATION('',(#2206),#2210);
#2206 = LINE('',#2207,#2208);
#2207 = CARTESIAN_POINT('',(0.,0.));
#2208 = VECTOR('',#2209,1.);
#2209 = DIRECTION('',(0.,-1.));
#2210 = ( GEOMETRIC_REPRESENTATION_CONTEXT(2) 
PARAMETRIC_REPRESENTATION_CONTEXT() REPRESENTATION_CONTEXT('2D SPACE',''
  ) );
#2211 = ORIENTED_EDGE('',*,*,#566,.F.);
#2212 = ORIENTED_EDGE('',*,*,#2191,.F.);
#2213 = ORIENTED_EDGE('',*,*,#2214,.F.);
#2214 = EDGE_CURVE('',#2215,#2164,#2217,.T.);
#2215 = VERTEX_POINT('',#2216);
#2216 = CARTESIAN_POINT('',(136.,-84.62522729151,-18.));
#2217 = SURFACE_CURVE('',#2218,(#2223,#2230),.PCURVE_S1.);
#2218 = CIRCLE('',#2219,1.7);
#2219 = AXIS2_PLACEMENT_3D('',#2220,#2221,#2222);
#2220 = CARTESIAN_POINT('',(137.,-86.,-18.));
#2221 = DIRECTION('',(0.,0.,-1.));
#2222 = DIRECTION('',(1.,-0.,-0.));
#2223 = PCURVE('',#224,#2224);
#2224 = DEFINITIONAL_REPRESENTATION('',(#2225),#2229);
#2225 = LINE('',#2226,#2227);
#2226 = CARTESIAN_POINT('',(0.,0.));
#2227 = VECTOR('',#2228,1.);
#2228 = DIRECTION('',(1.,0.));
#2229 = ( GEOMETRIC_REPRESENTATION_CONTEXT(2) 
PARAMETRIC_REPRESENTATION_CONTEXT() REPRESENTATION_CONTEXT('2D SPACE',''
  ) );
#2230 = PCURVE('',#668,#2231);
#2231 = DEFINITIONAL_REPRESENTATION('',(#2232),#2240);
#2232 = ( BOUNDED_CURVE() B_SPLINE_CURVE(2,(#2233,#2234,#2235,#2236,
#2237,#2238,#2239),.UNSPECIFIED.,.T.,.F.) B_SPLINE_CURVE_WITH_KNOTS((1,2
    ,2,2,2,1),(-2.094395102393,0.,2.094395102393,4.188790204786,
6.28318530718,8.377580409573),.UNSPECIFIED.) CURVE() 
GEOMETRIC_REPRESENTATION_ITEM() RATIONAL_B_SPLINE_CURVE((1.,0.5,1.,0.5,
1.,0.5,1.)) REPRESENTATION_ITEM('') );
#2233 = CARTESIAN_POINT('',(-2.7,17.));
#2234 = CARTESIAN_POINT('',(-2.7,19.944486372867));
#2235 = CARTESIAN_POINT('',(-0.15,18.472243186434));
#2236 = CARTESIAN_POINT('',(2.4,17.));
#2237 = CARTESIAN_POINT('',(-0.15,15.527756813566));
#2238 = CARTESIAN_POINT('',(-2.7,14.055513627133));
#2239 = CARTESIAN_POINT('',(-2.7,17.));
#2240 = ( GEOMETRIC_REPRESENTATION_CONTEXT(2) 
PARAMETRIC_REPRESENTATION_CONTEXT() REPRESENTATION_CONTEXT('2D SPACE',''
  ) );
#2241 = ORIENTED_EDGE('',*,*,#2242,.F.);
#2242 = EDGE_CURVE('',#180,#2215,#2243,.T.);
#2243 = SURFACE_CURVE('',#2244,(#2248,#2255),.PCURVE_S1.);
#2244 = LINE('',#2245,#2246);
#2245 = CARTESIAN_POINT('',(136.,-84.62522729151,-18.));
#2246 = VECTOR('',#2247,1.);
#2247 = DIRECTION('',(-0.,0.,-1.));
#2248 = PCURVE('',#224,#2249);
#2249 = DEFINITIONAL_REPRESENTATION('',(#2250),#2254);
#2250 = LINE('',#2251,#2252);
#2251 = CARTESIAN_POINT('',(4.08351405489,0.));
#2252 = VECTOR('',#2253,1.);
#2253 = DIRECTION('',(0.,1.));
#2254 = ( GEOMETRIC_REPRESENTATION_CONTEXT(2) 
PARAMETRIC_REPRESENTATION_CONTEXT() REPRESENTATION_CONTEXT('2D SPACE',''
  ) );
#2255 = PCURVE('',#195,#2256);
#2256 = DEFINITIONAL_REPRESENTATION('',(#2257),#2261);
#2257 = LINE('',#2258,#2259);
#2258 = CARTESIAN_POINT('',(-0.,-15.62522729151));
#2259 = VECTOR('',#2260,1.);
#2260 = DIRECTION('',(1.,-0.));
#2261 = ( GEOMETRIC_REPRESENTATION_CONTEXT(2) 
PARAMETRIC_REPRESENTATION_CONTEXT() REPRESENTATION_CONTEXT('2D SPACE',''
  ) );
#2262 = ORIENTED_EDGE('',*,*,#207,.T.);
#2263 = ORIENTED_EDGE('',*,*,#2137,.T.);
#2264 = ADVANCED_FACE('',(#2265),#195,.F.);
#2265 = FACE_BOUND('',#2266,.T.);
#2266 = EDGE_LOOP('',(#2267,#2268,#2291,#2312));
#2267 = ORIENTED_EDGE('',*,*,#179,.F.);
#2268 = ORIENTED_EDGE('',*,*,#2269,.T.);
#2269 = EDGE_CURVE('',#151,#2270,#2272,.T.);
#2270 = VERTEX_POINT('',#2271);
#2271 = CARTESIAN_POINT('',(136.,-71.37477270848,-18.));
#2272 = SURFACE_CURVE('',#2273,(#2277,#2284),.PCURVE_S1.);
#2273 = LINE('',#2274,#2275);
#2274 = CARTESIAN_POINT('',(136.,-71.37477270848,-18.));
#2275 = VECTOR('',#2276,1.);
#2276 = DIRECTION('',(-0.,0.,-1.));
#2277 = PCURVE('',#195,#2278);
#2278 = DEFINITIONAL_REPRESENTATION('',(#2279),#2283);
#2279 = LINE('',#2280,#2281);
#2280 = CARTESIAN_POINT('',(-0.,-2.374772708487));
#2281 = VECTOR('',#2282,1.);
#2282 = DIRECTION('',(1.,-0.));
#2283 = ( GEOMETRIC_REPRESENTATION_CONTEXT(2) 
PARAMETRIC_REPRESENTATION_CONTEXT() REPRESENTATION_CONTEXT('2D SPACE',''
  ) );
#2284 = PCURVE('',#167,#2285);
#2285 = DEFINITIONAL_REPRESENTATION('',(#2286),#2290);
#2286 = LINE('',#2287,#2288);
#2287 = CARTESIAN_POINT('',(2.19967125229,0.));
#2288 = VECTOR('',#2289,1.);
#2289 = DIRECTION('',(0.,1.));
#2290 = ( GEOMETRIC_REPRESENTATION_CONTEXT(2) 
PARAMETRIC_REPRESENTATION_CONTEXT() REPRESENTATION_CONTEXT('2D SPACE',''
  ) );
#2291 = ORIENTED_EDGE('',*,*,#2292,.T.);
#2292 = EDGE_CURVE('',#2270,#2215,#2293,.T.);
#2293 = SURFACE_CURVE('',#2294,(#2298,#2305),.PCURVE_S1.);
#2294 = LINE('',#2295,#2296);
#2295 = CARTESIAN_POINT('',(136.,-69.,-18.));
#2296 = VECTOR('',#2297,1.);
#2297 = DIRECTION('',(0.,-1.,0.));
#2298 = PCURVE('',#195,#2299);
#2299 = DEFINITIONAL_REPRESENTATION('',(#2300),#2304);
#2300 = LINE('',#2301,#2302);
#2301 = CARTESIAN_POINT('',(-0.,0.));
#2302 = VECTOR('',#2303,1.);
#2303 = DIRECTION('',(-0.,-1.));
#2304 = ( GEOMETRIC_REPRESENTATION_CONTEXT(2) 
PARAMETRIC_REPRESENTATION_CONTEXT() REPRESENTATION_CONTEXT('2D SPACE',''
  ) );
#2305 = PCURVE('',#668,#2306);
#2306 = DEFINITIONAL_REPRESENTATION('',(#2307),#2311);
#2307 = LINE('',#2308,#2309);
#2308 = CARTESIAN_POINT('',(-0.,-0.));
#2309 = VECTOR('',#2310,1.);
#2310 = DIRECTION('',(-0.,1.));
#2311 = ( GEOMETRIC_REPRESENTATION_CONTEXT(2) 
PARAMETRIC_REPRESENTATION_CONTEXT() REPRESENTATION_CONTEXT('2D SPACE',''
  ) );
#2312 = ORIENTED_EDGE('',*,*,#2242,.F.);
#2313 = ADVANCED_FACE('',(#2314),#167,.F.);
#2314 = FACE_BOUND('',#2315,.F.);
#2315 = EDGE_LOOP('',(#2316,#2344,#2365,#2366,#2367,#2393,#2394,#2395));
#2316 = ORIENTED_EDGE('',*,*,#2317,.F.);
#2317 = EDGE_CURVE('',#2318,#2270,#2320,.T.);
#2318 = VERTEX_POINT('',#2319);
#2319 = CARTESIAN_POINT('',(138.7,-70.,-18.));
#2320 = SURFACE_CURVE('',#2321,(#2326,#2333),.PCURVE_S1.);
#2321 = CIRCLE('',#2322,1.7);
#2322 = AXIS2_PLACEMENT_3D('',#2323,#2324,#2325);
#2323 = CARTESIAN_POINT('',(137.,-70.,-18.));
#2324 = DIRECTION('',(0.,0.,-1.));
#2325 = DIRECTION('',(1.,-0.,-0.));
#2326 = PCURVE('',#167,#2327);
#2327 = DEFINITIONAL_REPRESENTATION('',(#2328),#2332);
#2328 = LINE('',#2329,#2330);
#2329 = CARTESIAN_POINT('',(0.,0.));
#2330 = VECTOR('',#2331,1.);
#2331 = DIRECTION('',(1.,0.));
#2332 = ( GEOMETRIC_REPRESENTATION_CONTEXT(2) 
PARAMETRIC_REPRESENTATION_CONTEXT() REPRESENTATION_CONTEXT('2D SPACE',''
  ) );
#2333 = PCURVE('',#668,#2334);
#2334 = DEFINITIONAL_REPRESENTATION('',(#2335),#2343);
#2335 = ( BOUNDED_CURVE() B_SPLINE_CURVE(2,(#2336,#2337,#2338,#2339,
#2340,#2341,#2342),.UNSPECIFIED.,.T.,.F.) B_SPLINE_CURVE_WITH_KNOTS((1,2
    ,2,2,2,1),(-2.094395102393,0.,2.094395102393,4.188790204786,
6.28318530718,8.377580409573),.UNSPECIFIED.) CURVE() 
GEOMETRIC_REPRESENTATION_ITEM() RATIONAL_B_SPLINE_CURVE((1.,0.5,1.,0.5,
1.,0.5,1.)) REPRESENTATION_ITEM('') );
#2336 = CARTESIAN_POINT('',(-2.7,1.));
#2337 = CARTESIAN_POINT('',(-2.7,3.944486372867));
#2338 = CARTESIAN_POINT('',(-0.15,2.472243186434));
#2339 = CARTESIAN_POINT('',(2.4,1.));
#2340 = CARTESIAN_POINT('',(-0.15,-0.472243186434));
#2341 = CARTESIAN_POINT('',(-2.7,-1.944486372867));
#2342 = CARTESIAN_POINT('',(-2.7,1.));
#2343 = ( GEOMETRIC_REPRESENTATION_CONTEXT(2) 
PARAMETRIC_REPRESENTATION_CONTEXT() REPRESENTATION_CONTEXT('2D SPACE',''
  ) );
#2344 = ORIENTED_EDGE('',*,*,#2345,.T.);
#2345 = EDGE_CURVE('',#2318,#515,#2346,.T.);
#2346 = SEAM_CURVE('',#2347,(#2351,#2358),.PCURVE_S1.);
#2347 = LINE('',#2348,#2349);
#2348 = CARTESIAN_POINT('',(138.7,-70.,-18.));
#2349 = VECTOR('',#2350,1.);
#2350 = DIRECTION('',(-0.,-0.,1.));
#2351 = PCURVE('',#167,#2352);
#2352 = DEFINITIONAL_REPRESENTATION('',(#2353),#2357);
#2353 = LINE('',#2354,#2355);
#2354 = CARTESIAN_POINT('',(6.28318530718,0.));
#2355 = VECTOR('',#2356,1.);
#2356 = DIRECTION('',(0.,-1.));
#2357 = ( GEOMETRIC_REPRESENTATION_CONTEXT(2) 
PARAMETRIC_REPRESENTATION_CONTEXT() REPRESENTATION_CONTEXT('2D SPACE',''
  ) );
#2358 = PCURVE('',#167,#2359);
#2359 = DEFINITIONAL_REPRESENTATION('',(#2360),#2364);
#2360 = LINE('',#2361,#2362);
#2361 = CARTESIAN_POINT('',(0.,0.));
#2362 = VECTOR('',#2363,1.);
#2363 = DIRECTION('',(0.,-1.));
#2364 = ( GEOMETRIC_REPRESENTATION_CONTEXT(2) 
PARAMETRIC_REPRESENTATION_CONTEXT() REPRESENTATION_CONTEXT('2D SPACE',''
  ) );
#2365 = ORIENTED_EDGE('',*,*,#514,.F.);
#2366 = ORIENTED_EDGE('',*,*,#2345,.F.);
#2367 = ORIENTED_EDGE('',*,*,#2368,.F.);
#2368 = EDGE_CURVE('',#651,#2318,#2369,.T.);
#2369 = SURFACE_CURVE('',#2370,(#2375,#2382),.PCURVE_S1.);
#2370 = CIRCLE('',#2371,1.7);
#2371 = AXIS2_PLACEMENT_3D('',#2372,#2373,#2374);
#2372 = CARTESIAN_POINT('',(137.,-70.,-18.));
#2373 = DIRECTION('',(0.,0.,-1.));
#2374 = DIRECTION('',(1.,-0.,-0.));
#2375 = PCURVE('',#167,#2376);
#2376 = DEFINITIONAL_REPRESENTATION('',(#2377),#2381);
#2377 = LINE('',#2378,#2379);
#2378 = CARTESIAN_POINT('',(0.,0.));
#2379 = VECTOR('',#2380,1.);
#2380 = DIRECTION('',(1.,0.));
#2381 = ( GEOMETRIC_REPRESENTATION_CONTEXT(2) 
PARAMETRIC_REPRESENTATION_CONTEXT() REPRESENTATION_CONTEXT('2D SPACE',''
  ) );
#2382 = PCURVE('',#668,#2383);
#2383 = DEFINITIONAL_REPRESENTATION('',(#2384),#2392);
#2384 = ( BOUNDED_CURVE() B_SPLINE_CURVE(2,(#2385,#2386,#2387,#2388,
#2389,#2390,#2391),.UNSPECIFIED.,.T.,.F.) B_SPLINE_CURVE_WITH_KNOTS((1,2
    ,2,2,2,1),(-2.094395102393,0.,2.094395102393,4.188790204786,
6.28318530718,8.377580409573),.UNSPECIFIED.) CURVE() 
GEOMETRIC_REPRESENTATION_ITEM() RATIONAL_B_SPLINE_CURVE((1.,0.5,1.,0.5,
1.,0.5,1.)) REPRESENTATION_ITEM('') );
#2385 = CARTESIAN_POINT('',(-2.7,1.));
#2386 = CARTESIAN_POINT('',(-2.7,3.944486372867));
#2387 = CARTESIAN_POINT('',(-0.15,2.472243186434));
#2388 = CARTESIAN_POINT('',(2.4,1.));
#2389 = CARTESIAN_POINT('',(-0.15,-0.472243186434));
#2390 = CARTESIAN_POINT('',(-2.7,-1.944486372867));
#2391 = CARTESIAN_POINT('',(-2.7,1.));
#2392 = ( GEOMETRIC_REPRESENTATION_CONTEXT(2) 
PARAMETRIC_REPRESENTATION_CONTEXT() REPRESENTATION_CONTEXT('2D SPACE',''
  ) );
#2393 = ORIENTED_EDGE('',*,*,#680,.F.);
#2394 = ORIENTED_EDGE('',*,*,#150,.T.);
#2395 = ORIENTED_EDGE('',*,*,#2269,.T.);
#2396 = ADVANCED_FACE('',(#2397),#609,.F.);
#2397 = FACE_BOUND('',#2398,.F.);
#2398 = EDGE_LOOP('',(#2399,#2427,#2448,#2449,#2450,#2478,#2511,#2539));
#2399 = ORIENTED_EDGE('',*,*,#2400,.F.);
#2400 = EDGE_CURVE('',#2401,#1568,#2403,.T.);
#2401 = VERTEX_POINT('',#2402);
#2402 = CARTESIAN_POINT('',(149.5,-78.,-18.));
#2403 = SURFACE_CURVE('',#2404,(#2409,#2416),.PCURVE_S1.);
#2404 = CIRCLE('',#2405,4.5);
#2405 = AXIS2_PLACEMENT_3D('',#2406,#2407,#2408);
#2406 = CARTESIAN_POINT('',(145.,-78.,-18.));
#2407 = DIRECTION('',(0.,0.,-1.));
#2408 = DIRECTION('',(1.,-0.,-0.));
#2409 = PCURVE('',#609,#2410);
#2410 = DEFINITIONAL_REPRESENTATION('',(#2411),#2415);
#2411 = LINE('',#2412,#2413);
#2412 = CARTESIAN_POINT('',(0.,0.));
#2413 = VECTOR('',#2414,1.);
#2414 = DIRECTION('',(1.,0.));
#2415 = ( GEOMETRIC_REPRESENTATION_CONTEXT(2) 
PARAMETRIC_REPRESENTATION_CONTEXT() REPRESENTATION_CONTEXT('2D SPACE',''
  ) );
#2416 = PCURVE('',#668,#2417);
#2417 = DEFINITIONAL_REPRESENTATION('',(#2418),#2426);
#2418 = ( BOUNDED_CURVE() B_SPLINE_CURVE(2,(#2419,#2420,#2421,#2422,
#2423,#2424,#2425),.UNSPECIFIED.,.T.,.F.) B_SPLINE_CURVE_WITH_KNOTS((1,2
    ,2,2,2,1),(-2.094395102393,0.,2.094395102393,4.188790204786,
6.28318530718,8.377580409573),.UNSPECIFIED.) CURVE() 
GEOMETRIC_REPRESENTATION_ITEM() RATIONAL_B_SPLINE_CURVE((1.,0.5,1.,0.5,
1.,0.5,1.)) REPRESENTATION_ITEM('') );
#2419 = CARTESIAN_POINT('',(-13.5,9.));
#2420 = CARTESIAN_POINT('',(-13.5,16.79422863406));
#2421 = CARTESIAN_POINT('',(-6.75,12.89711431703));
#2422 = CARTESIAN_POINT('',(-1.7763568394E-15,9.));
#2423 = CARTESIAN_POINT('',(-6.75,5.10288568297));
#2424 = CARTESIAN_POINT('',(-13.5,1.20577136594));
#2425 = CARTESIAN_POINT('',(-13.5,9.));
#2426 = ( GEOMETRIC_REPRESENTATION_CONTEXT(2) 
PARAMETRIC_REPRESENTATION_CONTEXT() REPRESENTATION_CONTEXT('2D SPACE',''
  ) );
#2427 = ORIENTED_EDGE('',*,*,#2428,.T.);
#2428 = EDGE_CURVE('',#2401,#593,#2429,.T.);
#2429 = SEAM_CURVE('',#2430,(#2434,#2441),.PCURVE_S1.);
#2430 = LINE('',#2431,#2432);
#2431 = CARTESIAN_POINT('',(149.5,-78.,-18.));
#2432 = VECTOR('',#2433,1.);
#2433 = DIRECTION('',(-0.,-0.,1.));
#2434 = PCURVE('',#609,#2435);
#2435 = DEFINITIONAL_REPRESENTATION('',(#2436),#2440);
#2436 = LINE('',#2437,#2438);
#2437 = CARTESIAN_POINT('',(6.28318530718,0.));
#2438 = VECTOR('',#2439,1.);
#2439 = DIRECTION('',(0.,-1.));
#2440 = ( GEOMETRIC_REPRESENTATION_CONTEXT(2) 
PARAMETRIC_REPRESENTATION_CONTEXT() REPRESENTATION_CONTEXT('2D SPACE',''
  ) );
#2441 = PCURVE('',#609,#2442);
#2442 = DEFINITIONAL_REPRESENTATION('',(#2443),#2447);
#2443 = LINE('',#2444,#2445);
#2444 = CARTESIAN_POINT('',(0.,0.));
#2445 = VECTOR('',#2446,1.);
#2446 = DIRECTION('',(0.,-1.));
#2447 = ( GEOMETRIC_REPRESENTATION_CONTEXT(2) 
PARAMETRIC_REPRESENTATION_CONTEXT() REPRESENTATION_CONTEXT('2D SPACE',''
  ) );
#2448 = ORIENTED_EDGE('',*,*,#592,.F.);
#2449 = ORIENTED_EDGE('',*,*,#2428,.F.);
#2450 = ORIENTED_EDGE('',*,*,#2451,.F.);
#2451 = EDGE_CURVE('',#2452,#2401,#2454,.T.);
#2452 = VERTEX_POINT('',#2453);
#2453 = CARTESIAN_POINT('',(146.,-73.6125178063,-18.));
#2454 = SURFACE_CURVE('',#2455,(#2460,#2467),.PCURVE_S1.);
#2455 = CIRCLE('',#2456,4.5);
#2456 = AXIS2_PLACEMENT_3D('',#2457,#2458,#2459);
#2457 = CARTESIAN_POINT('',(145.,-78.,-18.));
#2458 = DIRECTION('',(0.,0.,-1.));
#2459 = DIRECTION('',(1.,-0.,-0.));
#2460 = PCURVE('',#609,#2461);
#2461 = DEFINITIONAL_REPRESENTATION('',(#2462),#2466);
#2462 = LINE('',#2463,#2464);
#2463 = CARTESIAN_POINT('',(0.,0.));
#2464 = VECTOR('',#2465,1.);
#2465 = DIRECTION('',(1.,0.));
#2466 = ( GEOMETRIC_REPRESENTATION_CONTEXT(2) 
PARAMETRIC_REPRESENTATION_CONTEXT() REPRESENTATION_CONTEXT('2D SPACE',''
  ) );
#2467 = PCURVE('',#668,#2468);
#2468 = DEFINITIONAL_REPRESENTATION('',(#2469),#2477);
#2469 = ( BOUNDED_CURVE() B_SPLINE_CURVE(2,(#2470,#2471,#2472,#2473,
#2474,#2475,#2476),.UNSPECIFIED.,.T.,.F.) B_SPLINE_CURVE_WITH_KNOTS((1,2
    ,2,2,2,1),(-2.094395102393,0.,2.094395102393,4.188790204786,
6.28318530718,8.377580409573),.UNSPECIFIED.) CURVE() 
GEOMETRIC_REPRESENTATION_ITEM() RATIONAL_B_SPLINE_CURVE((1.,0.5,1.,0.5,
1.,0.5,1.)) REPRESENTATION_ITEM('') );
#2470 = CARTESIAN_POINT('',(-13.5,9.));
#2471 = CARTESIAN_POINT('',(-13.5,16.79422863406));
#2472 = CARTESIAN_POINT('',(-6.75,12.89711431703));
#2473 = CARTESIAN_POINT('',(-1.7763568394E-15,9.));
#2474 = CARTESIAN_POINT('',(-6.75,5.10288568297));
#2475 = CARTESIAN_POINT('',(-13.5,1.20577136594));
#2476 = CARTESIAN_POINT('',(-13.5,9.));
#2477 = ( GEOMETRIC_REPRESENTATION_CONTEXT(2) 
PARAMETRIC_REPRESENTATION_CONTEXT() REPRESENTATION_CONTEXT('2D SPACE',''
  ) );
#2478 = ORIENTED_EDGE('',*,*,#2479,.F.);
#2479 = EDGE_CURVE('',#2480,#2452,#2482,.T.);
#2480 = VERTEX_POINT('',#2481);
#2481 = CARTESIAN_POINT('',(141.,-75.93844718719,-18.));
#2482 = SURFACE_CURVE('',#2483,(#2488,#2495),.PCURVE_S1.);
#2483 = CIRCLE('',#2484,4.5);
#2484 = AXIS2_PLACEMENT_3D('',#2485,#2486,#2487);
#2485 = CARTESIAN_POINT('',(145.,-78.,-18.));
#2486 = DIRECTION('',(0.,0.,-1.));
#2487 = DIRECTION('',(1.,-0.,-0.));
#2488 = PCURVE('',#609,#2489);
#2489 = DEFINITIONAL_REPRESENTATION('',(#2490),#2494);
#2490 = LINE('',#2491,#2492);
#2491 = CARTESIAN_POINT('',(0.,0.));
#2492 = VECTOR('',#2493,1.);
#2493 = DIRECTION('',(1.,0.));
#2494 = ( GEOMETRIC_REPRESENTATION_CONTEXT(2) 
PARAMETRIC_REPRESENTATION_CONTEXT() REPRESENTATION_CONTEXT('2D SPACE',''
  ) );
#2495 = PCURVE('',#2496,#2501);
#2496 = PLANE('',#2497);
#2497 = AXIS2_PLACEMENT_3D('',#2498,#2499,#2500);
#2498 = CARTESIAN_POINT('',(145.,-78.,-18.));
#2499 = DIRECTION('',(-0.,-0.,1.));
#2500 = DIRECTION('',(-1.,0.,0.));
#2501 = DEFINITIONAL_REPRESENTATION('',(#2502),#2510);
#2502 = ( BOUNDED_CURVE() B_SPLINE_CURVE(2,(#2503,#2504,#2505,#2506,
#2507,#2508,#2509),.UNSPECIFIED.,.T.,.F.) B_SPLINE_CURVE_WITH_KNOTS((1,2
    ,2,2,2,1),(-2.094395102393,0.,2.094395102393,4.188790204786,
6.28318530718,8.377580409573),.UNSPECIFIED.) CURVE() 
GEOMETRIC_REPRESENTATION_ITEM() RATIONAL_B_SPLINE_CURVE((1.,0.5,1.,0.5,
1.,0.5,1.)) REPRESENTATION_ITEM('') );
#2503 = CARTESIAN_POINT('',(-4.5,0.));
#2504 = CARTESIAN_POINT('',(-4.5,7.79422863406));
#2505 = CARTESIAN_POINT('',(2.25,3.89711431703));
#2506 = CARTESIAN_POINT('',(9.,1.102182119233E-15));
#2507 = CARTESIAN_POINT('',(2.25,-3.89711431703));
#2508 = CARTESIAN_POINT('',(-4.5,-7.79422863406));
#2509 = CARTESIAN_POINT('',(-4.5,0.));
#2510 = ( GEOMETRIC_REPRESENTATION_CONTEXT(2) 
PARAMETRIC_REPRESENTATION_CONTEXT() REPRESENTATION_CONTEXT('2D SPACE',''
  ) );
#2511 = ORIENTED_EDGE('',*,*,#2512,.F.);
#2512 = EDGE_CURVE('',#2513,#2480,#2515,.T.);
#2513 = VERTEX_POINT('',#2514);
#2514 = CARTESIAN_POINT('',(141.64589803375,-81.,-18.));
#2515 = SURFACE_CURVE('',#2516,(#2521,#2528),.PCURVE_S1.);
#2516 = CIRCLE('',#2517,4.5);
#2517 = AXIS2_PLACEMENT_3D('',#2518,#2519,#2520);
#2518 = CARTESIAN_POINT('',(145.,-78.,-18.));
#2519 = DIRECTION('',(0.,0.,-1.));
#2520 = DIRECTION('',(1.,-0.,-0.));
#2521 = PCURVE('',#609,#2522);
#2522 = DEFINITIONAL_REPRESENTATION('',(#2523),#2527);
#2523 = LINE('',#2524,#2525);
#2524 = CARTESIAN_POINT('',(0.,0.));
#2525 = VECTOR('',#2526,1.);
#2526 = DIRECTION('',(1.,0.));
#2527 = ( GEOMETRIC_REPRESENTATION_CONTEXT(2) 
PARAMETRIC_REPRESENTATION_CONTEXT() REPRESENTATION_CONTEXT('2D SPACE',''
  ) );
#2528 = PCURVE('',#668,#2529);
#2529 = DEFINITIONAL_REPRESENTATION('',(#2530),#2538);
#2530 = ( BOUNDED_CURVE() B_SPLINE_CURVE(2,(#2531,#2532,#2533,#2534,
#2535,#2536,#2537),.UNSPECIFIED.,.T.,.F.) B_SPLINE_CURVE_WITH_KNOTS((1,2
    ,2,2,2,1),(-2.094395102393,0.,2.094395102393,4.188790204786,
6.28318530718,8.377580409573),.UNSPECIFIED.) CURVE() 
GEOMETRIC_REPRESENTATION_ITEM() RATIONAL_B_SPLINE_CURVE((1.,0.5,1.,0.5,
1.,0.5,1.)) REPRESENTATION_ITEM('') );
#2531 = CARTESIAN_POINT('',(-13.5,9.));
#2532 = CARTESIAN_POINT('',(-13.5,16.79422863406));
#2533 = CARTESIAN_POINT('',(-6.75,12.89711431703));
#2534 = CARTESIAN_POINT('',(-1.7763568394E-15,9.));
#2535 = CARTESIAN_POINT('',(-6.75,5.10288568297));
#2536 = CARTESIAN_POINT('',(-13.5,1.20577136594));
#2537 = CARTESIAN_POINT('',(-13.5,9.));
#2538 = ( GEOMETRIC_REPRESENTATION_CONTEXT(2) 
PARAMETRIC_REPRESENTATION_CONTEXT() REPRESENTATION_CONTEXT('2D SPACE',''
  ) );
#2539 = ORIENTED_EDGE('',*,*,#2540,.F.);
#2540 = EDGE_CURVE('',#1568,#2513,#2541,.T.);
#2541 = SURFACE_CURVE('',#2542,(#2547,#2554),.PCURVE_S1.);
#2542 = CIRCLE('',#2543,4.5);
#2543 = AXIS2_PLACEMENT_3D('',#2544,#2545,#2546);
#2544 = CARTESIAN_POINT('',(145.,-78.,-18.));
#2545 = DIRECTION('',(0.,0.,-1.));
#2546 = DIRECTION('',(1.,-0.,-0.));
#2547 = PCURVE('',#609,#2548);
#2548 = DEFINITIONAL_REPRESENTATION('',(#2549),#2553);
#2549 = LINE('',#2550,#2551);
#2550 = CARTESIAN_POINT('',(0.,0.));
#2551 = VECTOR('',#2552,1.);
#2552 = DIRECTION('',(1.,0.));
#2553 = ( GEOMETRIC_REPRESENTATION_CONTEXT(2) 
PARAMETRIC_REPRESENTATION_CONTEXT() REPRESENTATION_CONTEXT('2D SPACE',''
  ) );
#2554 = PCURVE('',#1583,#2555);
#2555 = DEFINITIONAL_REPRESENTATION('',(#2556),#2564);
#2556 = ( BOUNDED_CURVE() B_SPLINE_CURVE(2,(#2557,#2558,#2559,#2560,
#2561,#2562,#2563),.UNSPECIFIED.,.T.,.F.) B_SPLINE_CURVE_WITH_KNOTS((1,2
    ,2,2,2,1),(-2.094395102393,0.,2.094395102393,4.188790204786,
6.28318530718,8.377580409573),.UNSPECIFIED.) CURVE() 
GEOMETRIC_REPRESENTATION_ITEM() RATIONAL_B_SPLINE_CURVE((1.,0.5,1.,0.5,
1.,0.5,1.)) REPRESENTATION_ITEM('') );
#2557 = CARTESIAN_POINT('',(-4.5,0.));
#2558 = CARTESIAN_POINT('',(-4.5,7.79422863406));
#2559 = CARTESIAN_POINT('',(2.25,3.89711431703));
#2560 = CARTESIAN_POINT('',(9.,1.102182119233E-15));
#2561 = CARTESIAN_POINT('',(2.25,-3.89711431703));
#2562 = CARTESIAN_POINT('',(-4.5,-7.79422863406));
#2563 = CARTESIAN_POINT('',(-4.5,0.));
#2564 = ( GEOMETRIC_REPRESENTATION_CONTEXT(2) 
PARAMETRIC_REPRESENTATION_CONTEXT() REPRESENTATION_CONTEXT('2D SPACE',''
  ) );
#2565 = ADVANCED_FACE('',(#2566),#668,.F.);
#2566 = FACE_BOUND('',#2567,.T.);
#2567 = EDGE_LOOP('',(#2568,#2569,#2570,#2571,#2572,#2573,#2574,#2575,
    #2576,#2577,#2578,#2579,#2580,#2581,#2582,#2610,#2638,#2664,#2665,
    #2686));
#2568 = ORIENTED_EDGE('',*,*,#2114,.F.);
#2569 = ORIENTED_EDGE('',*,*,#2163,.F.);
#2570 = ORIENTED_EDGE('',*,*,#2214,.F.);
#2571 = ORIENTED_EDGE('',*,*,#2292,.F.);
#2572 = ORIENTED_EDGE('',*,*,#2317,.F.);
#2573 = ORIENTED_EDGE('',*,*,#2368,.F.);
#2574 = ORIENTED_EDGE('',*,*,#650,.T.);
#2575 = ORIENTED_EDGE('',*,*,#856,.F.);
#2576 = ORIENTED_EDGE('',*,*,#910,.T.);
#2577 = ORIENTED_EDGE('',*,*,#983,.F.);
#2578 = ORIENTED_EDGE('',*,*,#1035,.F.);
#2579 = ORIENTED_EDGE('',*,*,#1595,.F.);
#2580 = ORIENTED_EDGE('',*,*,#2400,.F.);
#2581 = ORIENTED_EDGE('',*,*,#2451,.F.);
#2582 = ORIENTED_EDGE('',*,*,#2583,.T.);
#2583 = EDGE_CURVE('',#2452,#2584,#2586,.T.);
#2584 = VERTEX_POINT('',#2585);
#2585 = CARTESIAN_POINT('',(146.,-69.45833333333,-18.));
#2586 = SURFACE_CURVE('',#2587,(#2591,#2598),.PCURVE_S1.);
#2587 = LINE('',#2588,#2589);
#2588 = CARTESIAN_POINT('',(146.,-59.03677855465,-18.));
#2589 = VECTOR('',#2590,1.);
#2590 = DIRECTION('',(-0.,1.,-0.));
#2591 = PCURVE('',#668,#2592);
#2592 = DEFINITIONAL_REPRESENTATION('',(#2593),#2597);
#2593 = LINE('',#2594,#2595);
#2594 = CARTESIAN_POINT('',(-10.,-9.963221445341));
#2595 = VECTOR('',#2596,1.);
#2596 = DIRECTION('',(-0.,-1.));
#2597 = ( GEOMETRIC_REPRESENTATION_CONTEXT(2) 
PARAMETRIC_REPRESENTATION_CONTEXT() REPRESENTATION_CONTEXT('2D SPACE',''
  ) );
#2598 = PCURVE('',#2599,#2604);
#2599 = PLANE('',#2600);
#2600 = AXIS2_PLACEMENT_3D('',#2601,#2602,#2603);
#2601 = CARTESIAN_POINT('',(146.,-49.07355710931,-48.63815031011));
#2602 = DIRECTION('',(1.,-0.,-0.));
#2603 = DIRECTION('',(0.,0.,-1.));
#2604 = DEFINITIONAL_REPRESENTATION('',(#2605),#2609);
#2605 = LINE('',#2606,#2607);
#2606 = CARTESIAN_POINT('',(-30.63815031011,-9.963221445341));
#2607 = VECTOR('',#2608,1.);
#2608 = DIRECTION('',(-0.,1.));
#2609 = ( GEOMETRIC_REPRESENTATION_CONTEXT(2) 
PARAMETRIC_REPRESENTATION_CONTEXT() REPRESENTATION_CONTEXT('2D SPACE',''
  ) );
#2610 = ORIENTED_EDGE('',*,*,#2611,.F.);
#2611 = EDGE_CURVE('',#2612,#2584,#2614,.T.);
#2612 = VERTEX_POINT('',#2613);
#2613 = CARTESIAN_POINT('',(141.,-69.45833333333,-18.));
#2614 = SURFACE_CURVE('',#2615,(#2619,#2626),.PCURVE_S1.);
#2615 = LINE('',#2616,#2617);
#2616 = CARTESIAN_POINT('',(138.5,-69.45833333333,-18.));
#2617 = VECTOR('',#2618,1.);
#2618 = DIRECTION('',(1.,-0.,-0.));
#2619 = PCURVE('',#668,#2620);
#2620 = DEFINITIONAL_REPRESENTATION('',(#2621),#2625);
#2621 = LINE('',#2622,#2623);
#2622 = CARTESIAN_POINT('',(-2.5,0.458333333333));
#2623 = VECTOR('',#2624,1.);
#2624 = DIRECTION('',(-1.,-0.));
#2625 = ( GEOMETRIC_REPRESENTATION_CONTEXT(2) 
PARAMETRIC_REPRESENTATION_CONTEXT() REPRESENTATION_CONTEXT('2D SPACE',''
  ) );
#2626 = PCURVE('',#2627,#2632);
#2627 = PLANE('',#2628);
#2628 = AXIS2_PLACEMENT_3D('',#2629,#2630,#2631);
#2629 = CARTESIAN_POINT('',(141.,-75.,-11.));
#2630 = DIRECTION('',(-0.,-0.784045824462,-0.620702944366));
#2631 = DIRECTION('',(-0.,-0.620702944366,0.784045824462));
#2632 = DEFINITIONAL_REPRESENTATION('',(#2633),#2637);
#2633 = LINE('',#2634,#2635);
#2634 = CARTESIAN_POINT('',(-8.928049587925,2.5));
#2635 = VECTOR('',#2636,1.);
#2636 = DIRECTION('',(-0.,-1.));
#2637 = ( GEOMETRIC_REPRESENTATION_CONTEXT(2) 
PARAMETRIC_REPRESENTATION_CONTEXT() REPRESENTATION_CONTEXT('2D SPACE',''
  ) );
#2638 = ORIENTED_EDGE('',*,*,#2639,.F.);
#2639 = EDGE_CURVE('',#2480,#2612,#2640,.T.);
#2640 = SURFACE_CURVE('',#2641,(#2645,#2652),.PCURVE_S1.);
#2641 = LINE('',#2642,#2643);
#2642 = CARTESIAN_POINT('',(141.,-59.03677855465,-18.));
#2643 = VECTOR('',#2644,1.);
#2644 = DIRECTION('',(-0.,1.,-0.));
#2645 = PCURVE('',#668,#2646);
#2646 = DEFINITIONAL_REPRESENTATION('',(#2647),#2651);
#2647 = LINE('',#2648,#2649);
#2648 = CARTESIAN_POINT('',(-5.,-9.963221445341));
#2649 = VECTOR('',#2650,1.);
#2650 = DIRECTION('',(-0.,-1.));
#2651 = ( GEOMETRIC_REPRESENTATION_CONTEXT(2) 
PARAMETRIC_REPRESENTATION_CONTEXT() REPRESENTATION_CONTEXT('2D SPACE',''
  ) );
#2652 = PCURVE('',#2653,#2658);
#2653 = PLANE('',#2654);
#2654 = AXIS2_PLACEMENT_3D('',#2655,#2656,#2657);
#2655 = CARTESIAN_POINT('',(141.,-49.07355710931,-48.63815031011));
#2656 = DIRECTION('',(1.,-0.,-0.));
#2657 = DIRECTION('',(0.,0.,-1.));
#2658 = DEFINITIONAL_REPRESENTATION('',(#2659),#2663);
#2659 = LINE('',#2660,#2661);
#2660 = CARTESIAN_POINT('',(-30.63815031011,-9.963221445341));
#2661 = VECTOR('',#2662,1.);
#2662 = DIRECTION('',(-0.,1.));
#2663 = ( GEOMETRIC_REPRESENTATION_CONTEXT(2) 
PARAMETRIC_REPRESENTATION_CONTEXT() REPRESENTATION_CONTEXT('2D SPACE',''
  ) );
#2664 = ORIENTED_EDGE('',*,*,#2512,.F.);
#2665 = ORIENTED_EDGE('',*,*,#2666,.F.);
#2666 = EDGE_CURVE('',#2044,#2513,#2667,.T.);
#2667 = SURFACE_CURVE('',#2668,(#2672,#2679),.PCURVE_S1.);
#2668 = LINE('',#2669,#2670);
#2669 = CARTESIAN_POINT('',(137.5,-81.,-18.));
#2670 = VECTOR('',#2671,1.);
#2671 = DIRECTION('',(1.,-0.,-0.));
#2672 = PCURVE('',#668,#2673);
#2673 = DEFINITIONAL_REPRESENTATION('',(#2674),#2678);
#2674 = LINE('',#2675,#2676);
#2675 = CARTESIAN_POINT('',(-1.5,12.));
#2676 = VECTOR('',#2677,1.);
#2677 = DIRECTION('',(-1.,-0.));
#2678 = ( GEOMETRIC_REPRESENTATION_CONTEXT(2) 
PARAMETRIC_REPRESENTATION_CONTEXT() REPRESENTATION_CONTEXT('2D SPACE',''
  ) );
#2679 = PCURVE('',#1555,#2680);
#2680 = DEFINITIONAL_REPRESENTATION('',(#2681),#2685);
#2681 = LINE('',#2682,#2683);
#2682 = CARTESIAN_POINT('',(-18.,1.5));
#2683 = VECTOR('',#2684,1.);
#2684 = DIRECTION('',(-0.,-1.));
#2685 = ( GEOMETRIC_REPRESENTATION_CONTEXT(2) 
PARAMETRIC_REPRESENTATION_CONTEXT() REPRESENTATION_CONTEXT('2D SPACE',''
  ) );
#2686 = ORIENTED_EDGE('',*,*,#2066,.T.);
#2687 = ADVANCED_FACE('',(#2688),#766,.T.);
#2688 = FACE_BOUND('',#2689,.F.);
#2689 = EDGE_LOOP('',(#2690,#2691,#2712,#2713));
#2690 = ORIENTED_EDGE('',*,*,#1929,.F.);
#2691 = ORIENTED_EDGE('',*,*,#2692,.T.);
#2692 = EDGE_CURVE('',#1907,#1383,#2693,.T.);
#2693 = SURFACE_CURVE('',#2694,(#2698,#2705),.PCURVE_S1.);
#2694 = LINE('',#2695,#2696);
#2695 = CARTESIAN_POINT('',(141.,-9.,-37.));
#2696 = VECTOR('',#2697,1.);
#2697 = DIRECTION('',(1.,-0.,-0.));
#2698 = PCURVE('',#766,#2699);
#2699 = DEFINITIONAL_REPRESENTATION('',(#2700),#2704);
#2700 = LINE('',#2701,#2702);
#2701 = CARTESIAN_POINT('',(-0.,-0.));
#2702 = VECTOR('',#2703,1.);
#2703 = DIRECTION('',(-0.,-1.));
#2704 = ( GEOMETRIC_REPRESENTATION_CONTEXT(2) 
PARAMETRIC_REPRESENTATION_CONTEXT() REPRESENTATION_CONTEXT('2D SPACE',''
  ) );
#2705 = PCURVE('',#1398,#2706);
#2706 = DEFINITIONAL_REPRESENTATION('',(#2707),#2711);
#2707 = LINE('',#2708,#2709);
#2708 = CARTESIAN_POINT('',(-63.,-0.));
#2709 = VECTOR('',#2710,1.);
#2710 = DIRECTION('',(-0.,-1.));
#2711 = ( GEOMETRIC_REPRESENTATION_CONTEXT(2) 
PARAMETRIC_REPRESENTATION_CONTEXT() REPRESENTATION_CONTEXT('2D SPACE',''
  ) );
#2712 = ORIENTED_EDGE('',*,*,#1410,.T.);
#2713 = ORIENTED_EDGE('',*,*,#750,.T.);
#2714 = ADVANCED_FACE('',(#2715),#815,.F.);
#2715 = FACE_BOUND('',#2716,.T.);
#2716 = EDGE_LOOP('',(#2717,#2718,#2739,#2740));
#2717 = ORIENTED_EDGE('',*,*,#1951,.F.);
#2718 = ORIENTED_EDGE('',*,*,#2719,.T.);
#2719 = EDGE_CURVE('',#1952,#1433,#2720,.T.);
#2720 = SURFACE_CURVE('',#2721,(#2725,#2732),.PCURVE_S1.);
#2721 = LINE('',#2722,#2723);
#2722 = CARTESIAN_POINT('',(139.,-18.,-43.));
#2723 = VECTOR('',#2724,1.);
#2724 = DIRECTION('',(1.,-0.,-0.));
#2725 = PCURVE('',#815,#2726);
#2726 = DEFINITIONAL_REPRESENTATION('',(#2727),#2731);
#2727 = LINE('',#2728,#2729);
#2728 = CARTESIAN_POINT('',(-0.,-0.));
#2729 = VECTOR('',#2730,1.);
#2730 = DIRECTION('',(-0.,-1.));
#2731 = ( GEOMETRIC_REPRESENTATION_CONTEXT(2) 
PARAMETRIC_REPRESENTATION_CONTEXT() REPRESENTATION_CONTEXT('2D SPACE',''
  ) );
#2732 = PCURVE('',#1471,#2733);
#2733 = DEFINITIONAL_REPRESENTATION('',(#2734),#2738);
#2734 = LINE('',#2735,#2736);
#2735 = CARTESIAN_POINT('',(-47.,-0.));
#2736 = VECTOR('',#2737,1.);
#2737 = DIRECTION('',(-0.,-1.));
#2738 = ( GEOMETRIC_REPRESENTATION_CONTEXT(2) 
PARAMETRIC_REPRESENTATION_CONTEXT() REPRESENTATION_CONTEXT('2D SPACE',''
  ) );
#2739 = ORIENTED_EDGE('',*,*,#1432,.T.);
#2740 = ORIENTED_EDGE('',*,*,#801,.T.);
#2741 = ADVANCED_FACE('',(#2742),#1583,.T.);
#2742 = FACE_BOUND('',#2743,.F.);
#2743 = EDGE_LOOP('',(#2744,#2745,#2746));
#2744 = ORIENTED_EDGE('',*,*,#1567,.T.);
#2745 = ORIENTED_EDGE('',*,*,#2540,.T.);
#2746 = ORIENTED_EDGE('',*,*,#2747,.T.);
#2747 = EDGE_CURVE('',#2513,#1540,#2748,.T.);
#2748 = SURFACE_CURVE('',#2749,(#2753,#2760),.PCURVE_S1.);
#2749 = LINE('',#2750,#2751);
#2750 = CARTESIAN_POINT('',(137.5,-81.,-18.));
#2751 = VECTOR('',#2752,1.);
#2752 = DIRECTION('',(1.,-0.,-0.));
#2753 = PCURVE('',#1583,#2754);
#2754 = DEFINITIONAL_REPRESENTATION('',(#2755),#2759);
#2755 = LINE('',#2756,#2757);
#2756 = CARTESIAN_POINT('',(7.5,3.));
#2757 = VECTOR('',#2758,1.);
#2758 = DIRECTION('',(-1.,0.));
#2759 = ( GEOMETRIC_REPRESENTATION_CONTEXT(2) 
PARAMETRIC_REPRESENTATION_CONTEXT() REPRESENTATION_CONTEXT('2D SPACE',''
  ) );
#2760 = PCURVE('',#1555,#2761);
#2761 = DEFINITIONAL_REPRESENTATION('',(#2762),#2766);
#2762 = LINE('',#2763,#2764);
#2763 = CARTESIAN_POINT('',(-18.,1.5));
#2764 = VECTOR('',#2765,1.);
#2765 = DIRECTION('',(-0.,-1.));
#2766 = ( GEOMETRIC_REPRESENTATION_CONTEXT(2) 
PARAMETRIC_REPRESENTATION_CONTEXT() REPRESENTATION_CONTEXT('2D SPACE',''
  ) );
#2767 = ADVANCED_FACE('',(#2768),#1555,.F.);
#2768 = FACE_BOUND('',#2769,.T.);
#2769 = EDGE_LOOP('',(#2770,#2771,#2772,#2773,#2774));
#2770 = ORIENTED_EDGE('',*,*,#2043,.F.);
#2771 = ORIENTED_EDGE('',*,*,#2666,.T.);
#2772 = ORIENTED_EDGE('',*,*,#2747,.T.);
#2773 = ORIENTED_EDGE('',*,*,#1539,.T.);
#2774 = ORIENTED_EDGE('',*,*,#2775,.F.);
#2775 = EDGE_CURVE('',#2021,#1512,#2776,.T.);
#2776 = SURFACE_CURVE('',#2777,(#2781,#2788),.PCURVE_S1.);
#2777 = LINE('',#2778,#2779);
#2778 = CARTESIAN_POINT('',(139.,-81.,-153.));
#2779 = VECTOR('',#2780,1.);
#2780 = DIRECTION('',(1.,-0.,-0.));
#2781 = PCURVE('',#1555,#2782);
#2782 = DEFINITIONAL_REPRESENTATION('',(#2783),#2787);
#2783 = LINE('',#2784,#2785);
#2784 = CARTESIAN_POINT('',(-153.,0.));
#2785 = VECTOR('',#2786,1.);
#2786 = DIRECTION('',(-0.,-1.));
#2787 = ( GEOMETRIC_REPRESENTATION_CONTEXT(2) 
PARAMETRIC_REPRESENTATION_CONTEXT() REPRESENTATION_CONTEXT('2D SPACE',''
  ) );
#2788 = PCURVE('',#1527,#2789);
#2789 = DEFINITIONAL_REPRESENTATION('',(#2790),#2794);
#2790 = LINE('',#2791,#2792);
#2791 = CARTESIAN_POINT('',(-0.,0.));
#2792 = VECTOR('',#2793,1.);
#2793 = DIRECTION('',(-0.,-1.));
#2794 = ( GEOMETRIC_REPRESENTATION_CONTEXT(2) 
PARAMETRIC_REPRESENTATION_CONTEXT() REPRESENTATION_CONTEXT('2D SPACE',''
  ) );
#2795 = ADVANCED_FACE('',(#2796),#1527,.F.);
#2796 = FACE_BOUND('',#2797,.T.);
#2797 = EDGE_LOOP('',(#2798,#2799,#2800,#2801));
#2798 = ORIENTED_EDGE('',*,*,#2020,.F.);
#2799 = ORIENTED_EDGE('',*,*,#2775,.T.);
#2800 = ORIENTED_EDGE('',*,*,#1511,.T.);
#2801 = ORIENTED_EDGE('',*,*,#2802,.F.);
#2802 = EDGE_CURVE('',#1998,#1484,#2803,.T.);
#2803 = SURFACE_CURVE('',#2804,(#2808,#2815),.PCURVE_S1.);
#2804 = LINE('',#2805,#2806);
#2805 = CARTESIAN_POINT('',(139.,-18.,-90.));
#2806 = VECTOR('',#2807,1.);
#2807 = DIRECTION('',(1.,-0.,-0.));
#2808 = PCURVE('',#1527,#2809);
#2809 = DEFINITIONAL_REPRESENTATION('',(#2810),#2814);
#2810 = LINE('',#2811,#2812);
#2811 = CARTESIAN_POINT('',(-89.0954544295,0.));
#2812 = VECTOR('',#2813,1.);
#2813 = DIRECTION('',(-0.,-1.));
#2814 = ( GEOMETRIC_REPRESENTATION_CONTEXT(2) 
PARAMETRIC_REPRESENTATION_CONTEXT() REPRESENTATION_CONTEXT('2D SPACE',''
  ) );
#2815 = PCURVE('',#1499,#2816);
#2816 = DEFINITIONAL_REPRESENTATION('',(#2817),#2821);
#2817 = LINE('',#2818,#2819);
#2818 = CARTESIAN_POINT('',(-0.,-0.));
#2819 = VECTOR('',#2820,1.);
#2820 = DIRECTION('',(-0.,-1.));
#2821 = ( GEOMETRIC_REPRESENTATION_CONTEXT(2) 
PARAMETRIC_REPRESENTATION_CONTEXT() REPRESENTATION_CONTEXT('2D SPACE',''
  ) );
#2822 = ADVANCED_FACE('',(#2823),#1499,.F.);
#2823 = FACE_BOUND('',#2824,.T.);
#2824 = EDGE_LOOP('',(#2825,#2826,#2827,#2828));
#2825 = ORIENTED_EDGE('',*,*,#1997,.F.);
#2826 = ORIENTED_EDGE('',*,*,#2802,.T.);
#2827 = ORIENTED_EDGE('',*,*,#1483,.T.);
#2828 = ORIENTED_EDGE('',*,*,#2829,.F.);
#2829 = EDGE_CURVE('',#1975,#1456,#2830,.T.);
#2830 = SURFACE_CURVE('',#2831,(#2835,#2842),.PCURVE_S1.);
#2831 = LINE('',#2832,#2833);
#2832 = CARTESIAN_POINT('',(141.,-18.,-83.));
#2833 = VECTOR('',#2834,1.);
#2834 = DIRECTION('',(1.,-0.,-0.));
#2835 = PCURVE('',#1499,#2836);
#2836 = DEFINITIONAL_REPRESENTATION('',(#2837),#2841);
#2837 = LINE('',#2838,#2839);
#2838 = CARTESIAN_POINT('',(-7.,-2.));
#2839 = VECTOR('',#2840,1.);
#2840 = DIRECTION('',(-0.,-1.));
#2841 = ( GEOMETRIC_REPRESENTATION_CONTEXT(2) 
PARAMETRIC_REPRESENTATION_CONTEXT() REPRESENTATION_CONTEXT('2D SPACE',''
  ) );
#2842 = PCURVE('',#1471,#2843);
#2843 = DEFINITIONAL_REPRESENTATION('',(#2844),#2848);
#2844 = LINE('',#2845,#2846);
#2845 = CARTESIAN_POINT('',(-7.,-2.));
#2846 = VECTOR('',#2847,1.);
#2847 = DIRECTION('',(-0.,-1.));
#2848 = ( GEOMETRIC_REPRESENTATION_CONTEXT(2) 
PARAMETRIC_REPRESENTATION_CONTEXT() REPRESENTATION_CONTEXT('2D SPACE',''
  ) );
#2849 = ADVANCED_FACE('',(#2850),#1471,.F.);
#2850 = FACE_BOUND('',#2851,.T.);
#2851 = EDGE_LOOP('',(#2852,#2853,#2854,#2855));
#2852 = ORIENTED_EDGE('',*,*,#1974,.F.);
#2853 = ORIENTED_EDGE('',*,*,#2829,.T.);
#2854 = ORIENTED_EDGE('',*,*,#1455,.T.);
#2855 = ORIENTED_EDGE('',*,*,#2719,.F.);
#2856 = ADVANCED_FACE('',(#2857),#1398,.T.);
#2857 = FACE_BOUND('',#2858,.F.);
#2858 = EDGE_LOOP('',(#2859,#2860,#2881,#2882));
#2859 = ORIENTED_EDGE('',*,*,#1906,.F.);
#2860 = ORIENTED_EDGE('',*,*,#2861,.F.);
#2861 = EDGE_CURVE('',#1355,#1884,#2862,.T.);
#2862 = SURFACE_CURVE('',#2863,(#2867,#2874),.PCURVE_S1.);
#2863 = LINE('',#2864,#2865);
#2864 = CARTESIAN_POINT('',(135.5,-9.,-39.));
#2865 = VECTOR('',#2866,1.);
#2866 = DIRECTION('',(-1.,-0.,-0.));
#2867 = PCURVE('',#1398,#2868);
#2868 = DEFINITIONAL_REPRESENTATION('',(#2869),#2873);
#2869 = LINE('',#2870,#2871);
#2870 = CARTESIAN_POINT('',(-61.,5.5));
#2871 = VECTOR('',#2872,1.);
#2872 = DIRECTION('',(-0.,1.));
#2873 = ( GEOMETRIC_REPRESENTATION_CONTEXT(2) 
PARAMETRIC_REPRESENTATION_CONTEXT() REPRESENTATION_CONTEXT('2D SPACE',''
  ) );
#2874 = PCURVE('',#1370,#2875);
#2875 = DEFINITIONAL_REPRESENTATION('',(#2876),#2880);
#2876 = LINE('',#2877,#2878);
#2877 = CARTESIAN_POINT('',(-5.5,4.5));
#2878 = VECTOR('',#2879,1.);
#2879 = DIRECTION('',(1.,-0.));
#2880 = ( GEOMETRIC_REPRESENTATION_CONTEXT(2) 
PARAMETRIC_REPRESENTATION_CONTEXT() REPRESENTATION_CONTEXT('2D SPACE',''
  ) );
#2881 = ORIENTED_EDGE('',*,*,#1382,.T.);
#2882 = ORIENTED_EDGE('',*,*,#2692,.F.);
#2883 = ADVANCED_FACE('',(#2884),#1370,.T.);
#2884 = FACE_BOUND('',#2885,.F.);
#2885 = EDGE_LOOP('',(#2886,#2916,#2944,#2972,#2993,#2994,#2995,#2996));
#2886 = ORIENTED_EDGE('',*,*,#2887,.F.);
#2887 = EDGE_CURVE('',#2888,#2890,#2892,.T.);
#2888 = VERTEX_POINT('',#2889);
#2889 = CARTESIAN_POINT('',(130.,-8.285299151843,-39.));
#2890 = VERTEX_POINT('',#2891);
#2891 = CARTESIAN_POINT('',(130.,-15.5,-39.));
#2892 = SURFACE_CURVE('',#2893,(#2897,#2904),.PCURVE_S1.);
#2893 = LINE('',#2894,#2895);
#2894 = CARTESIAN_POINT('',(130.,-4.5,-39.));
#2895 = VECTOR('',#2896,1.);
#2896 = DIRECTION('',(0.,-1.,0.));
#2897 = PCURVE('',#1370,#2898);
#2898 = DEFINITIONAL_REPRESENTATION('',(#2899),#2903);
#2899 = LINE('',#2900,#2901);
#2900 = CARTESIAN_POINT('',(-0.,-0.));
#2901 = VECTOR('',#2902,1.);
#2902 = DIRECTION('',(-0.,1.));
#2903 = ( GEOMETRIC_REPRESENTATION_CONTEXT(2) 
PARAMETRIC_REPRESENTATION_CONTEXT() REPRESENTATION_CONTEXT('2D SPACE',''
  ) );
#2904 = PCURVE('',#2905,#2910);
#2905 = PLANE('',#2906);
#2906 = AXIS2_PLACEMENT_3D('',#2907,#2908,#2909);
#2907 = CARTESIAN_POINT('',(130.,-4.5,-97.));
#2908 = DIRECTION('',(1.,0.,-0.));
#2909 = DIRECTION('',(0.,0.,-1.));
#2910 = DEFINITIONAL_REPRESENTATION('',(#2911),#2915);
#2911 = LINE('',#2912,#2913);
#2912 = CARTESIAN_POINT('',(-58.,0.));
#2913 = VECTOR('',#2914,1.);
#2914 = DIRECTION('',(-0.,-1.));
#2915 = ( GEOMETRIC_REPRESENTATION_CONTEXT(2) 
PARAMETRIC_REPRESENTATION_CONTEXT() REPRESENTATION_CONTEXT('2D SPACE',''
  ) );
#2916 = ORIENTED_EDGE('',*,*,#2917,.F.);
#2917 = EDGE_CURVE('',#2918,#2888,#2920,.T.);
#2918 = VERTEX_POINT('',#2919);
#2919 = CARTESIAN_POINT('',(160.,-8.285299151843,-39.));
#2920 = SURFACE_CURVE('',#2921,(#2925,#2932),.PCURVE_S1.);
#2921 = LINE('',#2922,#2923);
#2922 = CARTESIAN_POINT('',(81.,-8.285299151843,-39.));
#2923 = VECTOR('',#2924,1.);
#2924 = DIRECTION('',(-1.,-0.,0.));
#2925 = PCURVE('',#1370,#2926);
#2926 = DEFINITIONAL_REPRESENTATION('',(#2927),#2931);
#2927 = LINE('',#2928,#2929);
#2928 = CARTESIAN_POINT('',(49.,3.785299151843));
#2929 = VECTOR('',#2930,1.);
#2930 = DIRECTION('',(1.,-0.));
#2931 = ( GEOMETRIC_REPRESENTATION_CONTEXT(2) 
PARAMETRIC_REPRESENTATION_CONTEXT() REPRESENTATION_CONTEXT('2D SPACE',''
  ) );
#2932 = PCURVE('',#2933,#2938);
#2933 = PLANE('',#2934);
#2934 = AXIS2_PLACEMENT_3D('',#2935,#2936,#2937);
#2935 = CARTESIAN_POINT('',(32.,-8.217837094414,-36.87526754894));
#2936 = DIRECTION('',(-0.,-0.999496322613,3.173485597322E-02));
#2937 = DIRECTION('',(0.,3.173485597322E-02,0.999496322613));
#2938 = DEFINITIONAL_REPRESENTATION('',(#2939),#2943);
#2939 = LINE('',#2940,#2941);
#2940 = CARTESIAN_POINT('',(-2.125803170038,-49.));
#2941 = VECTOR('',#2942,1.);
#2942 = DIRECTION('',(-0.,1.));
#2943 = ( GEOMETRIC_REPRESENTATION_CONTEXT(2) 
PARAMETRIC_REPRESENTATION_CONTEXT() REPRESENTATION_CONTEXT('2D SPACE',''
  ) );
#2944 = ORIENTED_EDGE('',*,*,#2945,.T.);
#2945 = EDGE_CURVE('',#2918,#2946,#2948,.T.);
#2946 = VERTEX_POINT('',#2947);
#2947 = CARTESIAN_POINT('',(160.,-15.5,-39.));
#2948 = SURFACE_CURVE('',#2949,(#2953,#2960),.PCURVE_S1.);
#2949 = LINE('',#2950,#2951);
#2950 = CARTESIAN_POINT('',(160.,-4.5,-39.));
#2951 = VECTOR('',#2952,1.);
#2952 = DIRECTION('',(0.,-1.,0.));
#2953 = PCURVE('',#1370,#2954);
#2954 = DEFINITIONAL_REPRESENTATION('',(#2955),#2959);
#2955 = LINE('',#2956,#2957);
#2956 = CARTESIAN_POINT('',(-30.,-0.));
#2957 = VECTOR('',#2958,1.);
#2958 = DIRECTION('',(-0.,1.));
#2959 = ( GEOMETRIC_REPRESENTATION_CONTEXT(2) 
PARAMETRIC_REPRESENTATION_CONTEXT() REPRESENTATION_CONTEXT('2D SPACE',''
  ) );
#2960 = PCURVE('',#2961,#2966);
#2961 = PLANE('',#2962);
#2962 = AXIS2_PLACEMENT_3D('',#2963,#2964,#2965);
#2963 = CARTESIAN_POINT('',(160.,-4.5,-97.));
#2964 = DIRECTION('',(1.,0.,-0.));
#2965 = DIRECTION('',(0.,0.,-1.));
#2966 = DEFINITIONAL_REPRESENTATION('',(#2967),#2971);
#2967 = LINE('',#2968,#2969);
#2968 = CARTESIAN_POINT('',(-58.,0.));
#2969 = VECTOR('',#2970,1.);
#2970 = DIRECTION('',(-0.,-1.));
#2971 = ( GEOMETRIC_REPRESENTATION_CONTEXT(2) 
PARAMETRIC_REPRESENTATION_CONTEXT() REPRESENTATION_CONTEXT('2D SPACE',''
  ) );
#2972 = ORIENTED_EDGE('',*,*,#2973,.F.);
#2973 = EDGE_CURVE('',#1332,#2946,#2974,.T.);
#2974 = SURFACE_CURVE('',#2975,(#2979,#2986),.PCURVE_S1.);
#2975 = LINE('',#2976,#2977);
#2976 = CARTESIAN_POINT('',(130.,-15.5,-39.));
#2977 = VECTOR('',#2978,1.);
#2978 = DIRECTION('',(1.,0.,-0.));
#2979 = PCURVE('',#1370,#2980);
#2980 = DEFINITIONAL_REPRESENTATION('',(#2981),#2985);
#2981 = LINE('',#2982,#2983);
#2982 = CARTESIAN_POINT('',(-0.,11.));
#2983 = VECTOR('',#2984,1.);
#2984 = DIRECTION('',(-1.,0.));
#2985 = ( GEOMETRIC_REPRESENTATION_CONTEXT(2) 
PARAMETRIC_REPRESENTATION_CONTEXT() REPRESENTATION_CONTEXT('2D SPACE',''
  ) );
#2986 = PCURVE('',#1235,#2987);
#2987 = DEFINITIONAL_REPRESENTATION('',(#2988),#2992);
#2988 = LINE('',#2989,#2990);
#2989 = CARTESIAN_POINT('',(-58.,0.));
#2990 = VECTOR('',#2991,1.);
#2991 = DIRECTION('',(-0.,1.));
#2992 = ( GEOMETRIC_REPRESENTATION_CONTEXT(2) 
PARAMETRIC_REPRESENTATION_CONTEXT() REPRESENTATION_CONTEXT('2D SPACE',''
  ) );
#2993 = ORIENTED_EDGE('',*,*,#1354,.F.);
#2994 = ORIENTED_EDGE('',*,*,#2861,.T.);
#2995 = ORIENTED_EDGE('',*,*,#1883,.T.);
#2996 = ORIENTED_EDGE('',*,*,#2997,.F.);
#2997 = EDGE_CURVE('',#2890,#1861,#2998,.T.);
#2998 = SURFACE_CURVE('',#2999,(#3003,#3010),.PCURVE_S1.);
#2999 = LINE('',#3000,#3001);
#3000 = CARTESIAN_POINT('',(130.,-15.5,-39.));
#3001 = VECTOR('',#3002,1.);
#3002 = DIRECTION('',(1.,0.,-0.));
#3003 = PCURVE('',#1370,#3004);
#3004 = DEFINITIONAL_REPRESENTATION('',(#3005),#3009);
#3005 = LINE('',#3006,#3007);
#3006 = CARTESIAN_POINT('',(-0.,11.));
#3007 = VECTOR('',#3008,1.);
#3008 = DIRECTION('',(-1.,0.));
#3009 = ( GEOMETRIC_REPRESENTATION_CONTEXT(2) 
PARAMETRIC_REPRESENTATION_CONTEXT() REPRESENTATION_CONTEXT('2D SPACE',''
  ) );
#3010 = PCURVE('',#1779,#3011);
#3011 = DEFINITIONAL_REPRESENTATION('',(#3012),#3016);
#3012 = LINE('',#3013,#3014);
#3013 = CARTESIAN_POINT('',(-58.,0.));
#3014 = VECTOR('',#3015,1.);
#3015 = DIRECTION('',(-0.,1.));
#3016 = ( GEOMETRIC_REPRESENTATION_CONTEXT(2) 
PARAMETRIC_REPRESENTATION_CONTEXT() REPRESENTATION_CONTEXT('2D SPACE',''
  ) );
#3017 = ADVANCED_FACE('',(#3018,#3139,#3174),#1235,.T.);
#3018 = FACE_BOUND('',#3019,.F.);
#3019 = EDGE_LOOP('',(#3020,#3043,#3044,#3067,#3095,#3116,#3117,#3118));
#3020 = ORIENTED_EDGE('',*,*,#3021,.F.);
#3021 = EDGE_CURVE('',#1192,#3022,#3024,.T.);
#3022 = VERTEX_POINT('',#3023);
#3023 = CARTESIAN_POINT('',(160.,-15.5,-97.));
#3024 = SURFACE_CURVE('',#3025,(#3029,#3036),.PCURVE_S1.);
#3025 = LINE('',#3026,#3027);
#3026 = CARTESIAN_POINT('',(130.,-15.5,-97.));
#3027 = VECTOR('',#3028,1.);
#3028 = DIRECTION('',(1.,0.,-0.));
#3029 = PCURVE('',#1235,#3030);
#3030 = DEFINITIONAL_REPRESENTATION('',(#3031),#3035);
#3031 = LINE('',#3032,#3033);
#3032 = CARTESIAN_POINT('',(-0.,0.));
#3033 = VECTOR('',#3034,1.);
#3034 = DIRECTION('',(-0.,1.));
#3035 = ( GEOMETRIC_REPRESENTATION_CONTEXT(2) 
PARAMETRIC_REPRESENTATION_CONTEXT() REPRESENTATION_CONTEXT('2D SPACE',''
  ) );
#3036 = PCURVE('',#1207,#3037);
#3037 = DEFINITIONAL_REPRESENTATION('',(#3038),#3042);
#3038 = LINE('',#3039,#3040);
#3039 = CARTESIAN_POINT('',(-0.,11.));
#3040 = VECTOR('',#3041,1.);
#3041 = DIRECTION('',(-1.,0.));
#3042 = ( GEOMETRIC_REPRESENTATION_CONTEXT(2) 
PARAMETRIC_REPRESENTATION_CONTEXT() REPRESENTATION_CONTEXT('2D SPACE',''
  ) );
#3043 = ORIENTED_EDGE('',*,*,#1219,.F.);
#3044 = ORIENTED_EDGE('',*,*,#3045,.T.);
#3045 = EDGE_CURVE('',#1220,#3046,#3048,.T.);
#3046 = VERTEX_POINT('',#3047);
#3047 = CARTESIAN_POINT('',(153.,-15.5,-81.));
#3048 = SURFACE_CURVE('',#3049,(#3053,#3060),.PCURVE_S1.);
#3049 = LINE('',#3050,#3051);
#3050 = CARTESIAN_POINT('',(133.5,-15.5,-81.));
#3051 = VECTOR('',#3052,1.);
#3052 = DIRECTION('',(1.,-0.,-0.));
#3053 = PCURVE('',#1235,#3054);
#3054 = DEFINITIONAL_REPRESENTATION('',(#3055),#3059);
#3055 = LINE('',#3056,#3057);
#3056 = CARTESIAN_POINT('',(-16.,3.5));
#3057 = VECTOR('',#3058,1.);
#3058 = DIRECTION('',(-0.,1.));
#3059 = ( GEOMETRIC_REPRESENTATION_CONTEXT(2) 
PARAMETRIC_REPRESENTATION_CONTEXT() REPRESENTATION_CONTEXT('2D SPACE',''
  ) );
#3060 = PCURVE('',#1263,#3061);
#3061 = DEFINITIONAL_REPRESENTATION('',(#3062),#3066);
#3062 = LINE('',#3063,#3064);
#3063 = CARTESIAN_POINT('',(3.5,13.5));
#3064 = VECTOR('',#3065,1.);
#3065 = DIRECTION('',(-1.,-0.));
#3066 = ( GEOMETRIC_REPRESENTATION_CONTEXT(2) 
PARAMETRIC_REPRESENTATION_CONTEXT() REPRESENTATION_CONTEXT('2D SPACE',''
  ) );
#3067 = ORIENTED_EDGE('',*,*,#3068,.F.);
#3068 = EDGE_CURVE('',#3069,#3046,#3071,.T.);
#3069 = VERTEX_POINT('',#3070);
#3070 = CARTESIAN_POINT('',(153.,-15.5,-55.));
#3071 = SURFACE_CURVE('',#3072,(#3076,#3083),.PCURVE_S1.);
#3072 = LINE('',#3073,#3074);
#3073 = CARTESIAN_POINT('',(153.,-15.5,-89.));
#3074 = VECTOR('',#3075,1.);
#3075 = DIRECTION('',(-0.,-0.,-1.));
#3076 = PCURVE('',#1235,#3077);
#3077 = DEFINITIONAL_REPRESENTATION('',(#3078),#3082);
#3078 = LINE('',#3079,#3080);
#3079 = CARTESIAN_POINT('',(-8.,23.));
#3080 = VECTOR('',#3081,1.);
#3081 = DIRECTION('',(1.,-0.));
#3082 = ( GEOMETRIC_REPRESENTATION_CONTEXT(2) 
PARAMETRIC_REPRESENTATION_CONTEXT() REPRESENTATION_CONTEXT('2D SPACE',''
  ) );
#3083 = PCURVE('',#3084,#3089);
#3084 = PLANE('',#3085);
#3085 = AXIS2_PLACEMENT_3D('',#3086,#3087,#3088);
#3086 = CARTESIAN_POINT('',(153.,-2.,-81.));
#3087 = DIRECTION('',(1.,0.,-0.));
#3088 = DIRECTION('',(0.,0.,-1.));
#3089 = DEFINITIONAL_REPRESENTATION('',(#3090),#3094);
#3090 = LINE('',#3091,#3092);
#3091 = CARTESIAN_POINT('',(8.,-13.5));
#3092 = VECTOR('',#3093,1.);
#3093 = DIRECTION('',(1.,-0.));
#3094 = ( GEOMETRIC_REPRESENTATION_CONTEXT(2) 
PARAMETRIC_REPRESENTATION_CONTEXT() REPRESENTATION_CONTEXT('2D SPACE',''
  ) );
#3095 = ORIENTED_EDGE('',*,*,#3096,.F.);
#3096 = EDGE_CURVE('',#1304,#3069,#3097,.T.);
#3097 = SURFACE_CURVE('',#3098,(#3102,#3109),.PCURVE_S1.);
#3098 = LINE('',#3099,#3100);
#3099 = CARTESIAN_POINT('',(133.5,-15.5,-55.));
#3100 = VECTOR('',#3101,1.);
#3101 = DIRECTION('',(1.,-0.,-0.));
#3102 = PCURVE('',#1235,#3103);
#3103 = DEFINITIONAL_REPRESENTATION('',(#3104),#3108);
#3104 = LINE('',#3105,#3106);
#3105 = CARTESIAN_POINT('',(-42.,3.5));
#3106 = VECTOR('',#3107,1.);
#3107 = DIRECTION('',(-0.,1.));
#3108 = ( GEOMETRIC_REPRESENTATION_CONTEXT(2) 
PARAMETRIC_REPRESENTATION_CONTEXT() REPRESENTATION_CONTEXT('2D SPACE',''
  ) );
#3109 = PCURVE('',#1319,#3110);
#3110 = DEFINITIONAL_REPRESENTATION('',(#3111),#3115);
#3111 = LINE('',#3112,#3113);
#3112 = CARTESIAN_POINT('',(3.5,13.5));
#3113 = VECTOR('',#3114,1.);
#3114 = DIRECTION('',(-1.,-0.));
#3115 = ( GEOMETRIC_REPRESENTATION_CONTEXT(2) 
PARAMETRIC_REPRESENTATION_CONTEXT() REPRESENTATION_CONTEXT('2D SPACE',''
  ) );
#3116 = ORIENTED_EDGE('',*,*,#1331,.F.);
#3117 = ORIENTED_EDGE('',*,*,#2973,.T.);
#3118 = ORIENTED_EDGE('',*,*,#3119,.F.);
#3119 = EDGE_CURVE('',#3022,#2946,#3120,.T.);
#3120 = SURFACE_CURVE('',#3121,(#3125,#3132),.PCURVE_S1.);
#3121 = LINE('',#3122,#3123);
#3122 = CARTESIAN_POINT('',(160.,-15.5,-97.));
#3123 = VECTOR('',#3124,1.);
#3124 = DIRECTION('',(0.,0.,1.));
#3125 = PCURVE('',#1235,#3126);
#3126 = DEFINITIONAL_REPRESENTATION('',(#3127),#3131);
#3127 = LINE('',#3128,#3129);
#3128 = CARTESIAN_POINT('',(-0.,30.));
#3129 = VECTOR('',#3130,1.);
#3130 = DIRECTION('',(-1.,0.));
#3131 = ( GEOMETRIC_REPRESENTATION_CONTEXT(2) 
PARAMETRIC_REPRESENTATION_CONTEXT() REPRESENTATION_CONTEXT('2D SPACE',''
  ) );
#3132 = PCURVE('',#2961,#3133);
#3133 = DEFINITIONAL_REPRESENTATION('',(#3134),#3138);
#3134 = LINE('',#3135,#3136);
#3135 = CARTESIAN_POINT('',(-0.,-11.));
#3136 = VECTOR('',#3137,1.);
#3137 = DIRECTION('',(-1.,0.));
#3138 = ( GEOMETRIC_REPRESENTATION_CONTEXT(2) 
PARAMETRIC_REPRESENTATION_CONTEXT() REPRESENTATION_CONTEXT('2D SPACE',''
  ) );
#3139 = FACE_BOUND('',#3140,.F.);
#3140 = EDGE_LOOP('',(#3141));
#3141 = ORIENTED_EDGE('',*,*,#3142,.F.);
#3142 = EDGE_CURVE('',#3143,#3143,#3145,.T.);
#3143 = VERTEX_POINT('',#3144);
#3144 = CARTESIAN_POINT('',(153.7,-15.5,-88.));
#3145 = SURFACE_CURVE('',#3146,(#3151,#3162),.PCURVE_S1.);
#3146 = CIRCLE('',#3147,1.7);
#3147 = AXIS2_PLACEMENT_3D('',#3148,#3149,#3150);
#3148 = CARTESIAN_POINT('',(152.,-15.5,-88.));
#3149 = DIRECTION('',(0.,1.,-0.));
#3150 = DIRECTION('',(1.,-0.,-0.));
#3151 = PCURVE('',#1235,#3152);
#3152 = DEFINITIONAL_REPRESENTATION('',(#3153),#3161);
#3153 = ( BOUNDED_CURVE() B_SPLINE_CURVE(2,(#3154,#3155,#3156,#3157,
#3158,#3159,#3160),.UNSPECIFIED.,.T.,.F.) B_SPLINE_CURVE_WITH_KNOTS((1,2
    ,2,2,2,1),(-2.094395102393,0.,2.094395102393,4.188790204786,
6.28318530718,8.377580409573),.UNSPECIFIED.) CURVE() 
GEOMETRIC_REPRESENTATION_ITEM() RATIONAL_B_SPLINE_CURVE((1.,0.5,1.,0.5,
1.,0.5,1.)) REPRESENTATION_ITEM('') );
#3154 = CARTESIAN_POINT('',(-9.,23.7));
#3155 = CARTESIAN_POINT('',(-6.055513627133,23.7));
#3156 = CARTESIAN_POINT('',(-7.527756813566,21.15));
#3157 = CARTESIAN_POINT('',(-9.,18.6));
#3158 = CARTESIAN_POINT('',(-10.47224318643,21.15));
#3159 = CARTESIAN_POINT('',(-11.94448637286,23.7));
#3160 = CARTESIAN_POINT('',(-9.,23.7));
#3161 = ( GEOMETRIC_REPRESENTATION_CONTEXT(2) 
PARAMETRIC_REPRESENTATION_CONTEXT() REPRESENTATION_CONTEXT('2D SPACE',''
  ) );
#3162 = PCURVE('',#3163,#3168);
#3163 = CYLINDRICAL_SURFACE('',#3164,1.7);
#3164 = AXIS2_PLACEMENT_3D('',#3165,#3166,#3167);
#3165 = CARTESIAN_POINT('',(152.,-23.,-88.));
#3166 = DIRECTION('',(-0.,-1.,-0.));
#3167 = DIRECTION('',(1.,-0.,-0.));
#3168 = DEFINITIONAL_REPRESENTATION('',(#3169),#3173);
#3169 = LINE('',#3170,#3171);
#3170 = CARTESIAN_POINT('',(6.28318530718,-7.5));
#3171 = VECTOR('',#3172,1.);
#3172 = DIRECTION('',(-1.,0.));
#3173 = ( GEOMETRIC_REPRESENTATION_CONTEXT(2) 
PARAMETRIC_REPRESENTATION_CONTEXT() REPRESENTATION_CONTEXT('2D SPACE',''
  ) );
#3174 = FACE_BOUND('',#3175,.F.);
#3175 = EDGE_LOOP('',(#3176));
#3176 = ORIENTED_EDGE('',*,*,#3177,.F.);
#3177 = EDGE_CURVE('',#3178,#3178,#3180,.T.);
#3178 = VERTEX_POINT('',#3179);
#3179 = CARTESIAN_POINT('',(153.7,-15.5,-48.));
#3180 = SURFACE_CURVE('',#3181,(#3186,#3197),.PCURVE_S1.);
#3181 = CIRCLE('',#3182,1.7);
#3182 = AXIS2_PLACEMENT_3D('',#3183,#3184,#3185);
#3183 = CARTESIAN_POINT('',(152.,-15.5,-48.));
#3184 = DIRECTION('',(0.,1.,-0.));
#3185 = DIRECTION('',(1.,-0.,-0.));
#3186 = PCURVE('',#1235,#3187);
#3187 = DEFINITIONAL_REPRESENTATION('',(#3188),#3196);
#3188 = ( BOUNDED_CURVE() B_SPLINE_CURVE(2,(#3189,#3190,#3191,#3192,
#3193,#3194,#3195),.UNSPECIFIED.,.T.,.F.) B_SPLINE_CURVE_WITH_KNOTS((1,2
    ,2,2,2,1),(-2.094395102393,0.,2.094395102393,4.188790204786,
6.28318530718,8.377580409573),.UNSPECIFIED.) CURVE() 
GEOMETRIC_REPRESENTATION_ITEM() RATIONAL_B_SPLINE_CURVE((1.,0.5,1.,0.5,
1.,0.5,1.)) REPRESENTATION_ITEM('') );
#3189 = CARTESIAN_POINT('',(-49.,23.7));
#3190 = CARTESIAN_POINT('',(-46.05551362713,23.7));
#3191 = CARTESIAN_POINT('',(-47.52775681356,21.15));
#3192 = CARTESIAN_POINT('',(-49.,18.6));
#3193 = CARTESIAN_POINT('',(-50.47224318643,21.15));
#3194 = CARTESIAN_POINT('',(-51.94448637286,23.7));
#3195 = CARTESIAN_POINT('',(-49.,23.7));
#3196 = ( GEOMETRIC_REPRESENTATION_CONTEXT(2) 
PARAMETRIC_REPRESENTATION_CONTEXT() REPRESENTATION_CONTEXT('2D SPACE',''
  ) );
#3197 = PCURVE('',#3198,#3203);
#3198 = CYLINDRICAL_SURFACE('',#3199,1.7);
#3199 = AXIS2_PLACEMENT_3D('',#3200,#3201,#3202);
#3200 = CARTESIAN_POINT('',(152.,-23.,-48.));
#3201 = DIRECTION('',(-0.,-1.,-0.));
#3202 = DIRECTION('',(1.,-0.,-0.));
#3203 = DEFINITIONAL_REPRESENTATION('',(#3204),#3208);
#3204 = LINE('',#3205,#3206);
#3205 = CARTESIAN_POINT('',(6.28318530718,-7.5));
#3206 = VECTOR('',#3207,1.);
#3207 = DIRECTION('',(-1.,0.));
#3208 = ( GEOMETRIC_REPRESENTATION_CONTEXT(2) 
PARAMETRIC_REPRESENTATION_CONTEXT() REPRESENTATION_CONTEXT('2D SPACE',''
  ) );
#3209 = ADVANCED_FACE('',(#3210),#1319,.F.);
#3210 = FACE_BOUND('',#3211,.T.);
#3211 = EDGE_LOOP('',(#3212,#3242,#3270,#3291,#3292,#3293,#3314,#3315));
#3212 = ORIENTED_EDGE('',*,*,#3213,.F.);
#3213 = EDGE_CURVE('',#3214,#3216,#3218,.T.);
#3214 = VERTEX_POINT('',#3215);
#3215 = CARTESIAN_POINT('',(137.,-8.299477205897,-55.));
#3216 = VERTEX_POINT('',#3217);
#3217 = CARTESIAN_POINT('',(137.,-15.5,-55.));
#3218 = SURFACE_CURVE('',#3219,(#3223,#3230),.PCURVE_S1.);
#3219 = LINE('',#3220,#3221);
#3220 = CARTESIAN_POINT('',(137.,-2.,-55.));
#3221 = VECTOR('',#3222,1.);
#3222 = DIRECTION('',(0.,-1.,0.));
#3223 = PCURVE('',#1319,#3224);
#3224 = DEFINITIONAL_REPRESENTATION('',(#3225),#3229);
#3225 = LINE('',#3226,#3227);
#3226 = CARTESIAN_POINT('',(-0.,-0.));
#3227 = VECTOR('',#3228,1.);
#3228 = DIRECTION('',(-0.,1.));
#3229 = ( GEOMETRIC_REPRESENTATION_CONTEXT(2) 
PARAMETRIC_REPRESENTATION_CONTEXT() REPRESENTATION_CONTEXT('2D SPACE',''
  ) );
#3230 = PCURVE('',#3231,#3236);
#3231 = PLANE('',#3232);
#3232 = AXIS2_PLACEMENT_3D('',#3233,#3234,#3235);
#3233 = CARTESIAN_POINT('',(137.,-2.,-81.));
#3234 = DIRECTION('',(1.,0.,-0.));
#3235 = DIRECTION('',(0.,0.,-1.));
#3236 = DEFINITIONAL_REPRESENTATION('',(#3237),#3241);
#3237 = LINE('',#3238,#3239);
#3238 = CARTESIAN_POINT('',(-26.,0.));
#3239 = VECTOR('',#3240,1.);
#3240 = DIRECTION('',(-0.,-1.));
#3241 = ( GEOMETRIC_REPRESENTATION_CONTEXT(2) 
PARAMETRIC_REPRESENTATION_CONTEXT() REPRESENTATION_CONTEXT('2D SPACE',''
  ) );
#3242 = ORIENTED_EDGE('',*,*,#3243,.T.);
#3243 = EDGE_CURVE('',#3214,#3244,#3246,.T.);
#3244 = VERTEX_POINT('',#3245);
#3245 = CARTESIAN_POINT('',(153.,-8.299477205897,-55.));
#3246 = SURFACE_CURVE('',#3247,(#3251,#3258),.PCURVE_S1.);
#3247 = LINE('',#3248,#3249);
#3248 = CARTESIAN_POINT('',(84.5,-8.299477205897,-55.));
#3249 = VECTOR('',#3250,1.);
#3250 = DIRECTION('',(1.,-0.,-0.));
#3251 = PCURVE('',#1319,#3252);
#3252 = DEFINITIONAL_REPRESENTATION('',(#3253),#3257);
#3253 = LINE('',#3254,#3255);
#3254 = CARTESIAN_POINT('',(52.5,6.299477205897));
#3255 = VECTOR('',#3256,1.);
#3256 = DIRECTION('',(-1.,-0.));
#3257 = ( GEOMETRIC_REPRESENTATION_CONTEXT(2) 
PARAMETRIC_REPRESENTATION_CONTEXT() REPRESENTATION_CONTEXT('2D SPACE',''
  ) );
#3258 = PCURVE('',#3259,#3264);
#3259 = PLANE('',#3260);
#3260 = AXIS2_PLACEMENT_3D('',#3261,#3262,#3263);
#3261 = CARTESIAN_POINT('',(32.,-8.337947025561,-53.36881039375));
#3262 = DIRECTION('',(-0.,-0.999722015684,-2.357734840245E-02));
#3263 = DIRECTION('',(-0.,-2.357734840245E-02,0.999722015684));
#3264 = DEFINITIONAL_REPRESENTATION('',(#3265),#3269);
#3265 = LINE('',#3266,#3267);
#3266 = CARTESIAN_POINT('',(-1.63164317746,-52.5));
#3267 = VECTOR('',#3268,1.);
#3268 = DIRECTION('',(-0.,-1.));
#3269 = ( GEOMETRIC_REPRESENTATION_CONTEXT(2) 
PARAMETRIC_REPRESENTATION_CONTEXT() REPRESENTATION_CONTEXT('2D SPACE',''
  ) );
#3270 = ORIENTED_EDGE('',*,*,#3271,.T.);
#3271 = EDGE_CURVE('',#3244,#3069,#3272,.T.);
#3272 = SURFACE_CURVE('',#3273,(#3277,#3284),.PCURVE_S1.);
#3273 = LINE('',#3274,#3275);
#3274 = CARTESIAN_POINT('',(153.,-2.,-55.));
#3275 = VECTOR('',#3276,1.);
#3276 = DIRECTION('',(0.,-1.,0.));
#3277 = PCURVE('',#1319,#3278);
#3278 = DEFINITIONAL_REPRESENTATION('',(#3279),#3283);
#3279 = LINE('',#3280,#3281);
#3280 = CARTESIAN_POINT('',(-16.,-0.));
#3281 = VECTOR('',#3282,1.);
#3282 = DIRECTION('',(-0.,1.));
#3283 = ( GEOMETRIC_REPRESENTATION_CONTEXT(2) 
PARAMETRIC_REPRESENTATION_CONTEXT() REPRESENTATION_CONTEXT('2D SPACE',''
  ) );
#3284 = PCURVE('',#3084,#3285);
#3285 = DEFINITIONAL_REPRESENTATION('',(#3286),#3290);
#3286 = LINE('',#3287,#3288);
#3287 = CARTESIAN_POINT('',(-26.,0.));
#3288 = VECTOR('',#3289,1.);
#3289 = DIRECTION('',(-0.,-1.));
#3290 = ( GEOMETRIC_REPRESENTATION_CONTEXT(2) 
PARAMETRIC_REPRESENTATION_CONTEXT() REPRESENTATION_CONTEXT('2D SPACE',''
  ) );
#3291 = ORIENTED_EDGE('',*,*,#3096,.F.);
#3292 = ORIENTED_EDGE('',*,*,#1303,.F.);
#3293 = ORIENTED_EDGE('',*,*,#3294,.T.);
#3294 = EDGE_CURVE('',#1276,#1815,#3295,.T.);
#3295 = SURFACE_CURVE('',#3296,(#3300,#3307),.PCURVE_S1.);
#3296 = LINE('',#3297,#3298);
#3297 = CARTESIAN_POINT('',(139.,-9.,-55.));
#3298 = VECTOR('',#3299,1.);
#3299 = DIRECTION('',(-1.,-0.,-0.));
#3300 = PCURVE('',#1319,#3301);
#3301 = DEFINITIONAL_REPRESENTATION('',(#3302),#3306);
#3302 = LINE('',#3303,#3304);
#3303 = CARTESIAN_POINT('',(-2.,7.));
#3304 = VECTOR('',#3305,1.);
#3305 = DIRECTION('',(1.,-0.));
#3306 = ( GEOMETRIC_REPRESENTATION_CONTEXT(2) 
PARAMETRIC_REPRESENTATION_CONTEXT() REPRESENTATION_CONTEXT('2D SPACE',''
  ) );
#3307 = PCURVE('',#1291,#3308);
#3308 = DEFINITIONAL_REPRESENTATION('',(#3309),#3313);
#3309 = LINE('',#3310,#3311);
#3310 = CARTESIAN_POINT('',(-45.,2.));
#3311 = VECTOR('',#3312,1.);
#3312 = DIRECTION('',(-0.,1.));
#3313 = ( GEOMETRIC_REPRESENTATION_CONTEXT(2) 
PARAMETRIC_REPRESENTATION_CONTEXT() REPRESENTATION_CONTEXT('2D SPACE',''
  ) );
#3314 = ORIENTED_EDGE('',*,*,#1837,.T.);
#3315 = ORIENTED_EDGE('',*,*,#3316,.F.);
#3316 = EDGE_CURVE('',#3216,#1838,#3317,.T.);
#3317 = SURFACE_CURVE('',#3318,(#3322,#3329),.PCURVE_S1.);
#3318 = LINE('',#3319,#3320);
#3319 = CARTESIAN_POINT('',(133.5,-15.5,-55.));
#3320 = VECTOR('',#3321,1.);
#3321 = DIRECTION('',(1.,-0.,-0.));
#3322 = PCURVE('',#1319,#3323);
#3323 = DEFINITIONAL_REPRESENTATION('',(#3324),#3328);
#3324 = LINE('',#3325,#3326);
#3325 = CARTESIAN_POINT('',(3.5,13.5));
#3326 = VECTOR('',#3327,1.);
#3327 = DIRECTION('',(-1.,-0.));
#3328 = ( GEOMETRIC_REPRESENTATION_CONTEXT(2) 
PARAMETRIC_REPRESENTATION_CONTEXT() REPRESENTATION_CONTEXT('2D SPACE',''
  ) );
#3329 = PCURVE('',#1779,#3330);
#3330 = DEFINITIONAL_REPRESENTATION('',(#3331),#3335);
#3331 = LINE('',#3332,#3333);
#3332 = CARTESIAN_POINT('',(-42.,3.5));
#3333 = VECTOR('',#3334,1.);
#3334 = DIRECTION('',(-0.,1.));
#3335 = ( GEOMETRIC_REPRESENTATION_CONTEXT(2) 
PARAMETRIC_REPRESENTATION_CONTEXT() REPRESENTATION_CONTEXT('2D SPACE',''
  ) );
#3336 = ADVANCED_FACE('',(#3337),#1291,.T.);
#3337 = FACE_BOUND('',#3338,.F.);
#3338 = EDGE_LOOP('',(#3339,#3340,#3361,#3362));
#3339 = ORIENTED_EDGE('',*,*,#1814,.F.);
#3340 = ORIENTED_EDGE('',*,*,#3341,.F.);
#3341 = EDGE_CURVE('',#1248,#1792,#3342,.T.);
#3342 = SURFACE_CURVE('',#3343,(#3347,#3354),.PCURVE_S1.);
#3343 = LINE('',#3344,#3345);
#3344 = CARTESIAN_POINT('',(139.,-9.,-81.));
#3345 = VECTOR('',#3346,1.);
#3346 = DIRECTION('',(-1.,-0.,-0.));
#3347 = PCURVE('',#1291,#3348);
#3348 = DEFINITIONAL_REPRESENTATION('',(#3349),#3353);
#3349 = LINE('',#3350,#3351);
#3350 = CARTESIAN_POINT('',(-19.,2.));
#3351 = VECTOR('',#3352,1.);
#3352 = DIRECTION('',(-0.,1.));
#3353 = ( GEOMETRIC_REPRESENTATION_CONTEXT(2) 
PARAMETRIC_REPRESENTATION_CONTEXT() REPRESENTATION_CONTEXT('2D SPACE',''
  ) );
#3354 = PCURVE('',#1263,#3355);
#3355 = DEFINITIONAL_REPRESENTATION('',(#3356),#3360);
#3356 = LINE('',#3357,#3358);
#3357 = CARTESIAN_POINT('',(-2.,7.));
#3358 = VECTOR('',#3359,1.);
#3359 = DIRECTION('',(1.,-0.));
#3360 = ( GEOMETRIC_REPRESENTATION_CONTEXT(2) 
PARAMETRIC_REPRESENTATION_CONTEXT() REPRESENTATION_CONTEXT('2D SPACE',''
  ) );
#3361 = ORIENTED_EDGE('',*,*,#1275,.T.);
#3362 = ORIENTED_EDGE('',*,*,#3294,.T.);
#3363 = ADVANCED_FACE('',(#3364),#1263,.T.);
#3364 = FACE_BOUND('',#3365,.F.);
#3365 = EDGE_LOOP('',(#3366,#3391,#3419,#3440,#3441,#3442,#3443,#3444));
#3366 = ORIENTED_EDGE('',*,*,#3367,.F.);
#3367 = EDGE_CURVE('',#3368,#3370,#3372,.T.);
#3368 = VERTEX_POINT('',#3369);
#3369 = CARTESIAN_POINT('',(137.,-6.988495923641,-81.));
#3370 = VERTEX_POINT('',#3371);
#3371 = CARTESIAN_POINT('',(137.,-15.5,-81.));
#3372 = SURFACE_CURVE('',#3373,(#3377,#3384),.PCURVE_S1.);
#3373 = LINE('',#3374,#3375);
#3374 = CARTESIAN_POINT('',(137.,-2.,-81.));
#3375 = VECTOR('',#3376,1.);
#3376 = DIRECTION('',(0.,-1.,0.));
#3377 = PCURVE('',#1263,#3378);
#3378 = DEFINITIONAL_REPRESENTATION('',(#3379),#3383);
#3379 = LINE('',#3380,#3381);
#3380 = CARTESIAN_POINT('',(-0.,-0.));
#3381 = VECTOR('',#3382,1.);
#3382 = DIRECTION('',(-0.,1.));
#3383 = ( GEOMETRIC_REPRESENTATION_CONTEXT(2) 
PARAMETRIC_REPRESENTATION_CONTEXT() REPRESENTATION_CONTEXT('2D SPACE',''
  ) );
#3384 = PCURVE('',#3231,#3385);
#3385 = DEFINITIONAL_REPRESENTATION('',(#3386),#3390);
#3386 = LINE('',#3387,#3388);
#3387 = CARTESIAN_POINT('',(-0.,0.));
#3388 = VECTOR('',#3389,1.);
#3389 = DIRECTION('',(-0.,-1.));
#3390 = ( GEOMETRIC_REPRESENTATION_CONTEXT(2) 
PARAMETRIC_REPRESENTATION_CONTEXT() REPRESENTATION_CONTEXT('2D SPACE',''
  ) );
#3391 = ORIENTED_EDGE('',*,*,#3392,.T.);
#3392 = EDGE_CURVE('',#3368,#3393,#3395,.T.);
#3393 = VERTEX_POINT('',#3394);
#3394 = CARTESIAN_POINT('',(153.,-6.988495923641,-81.));
#3395 = SURFACE_CURVE('',#3396,(#3400,#3407),.PCURVE_S1.);
#3396 = LINE('',#3397,#3398);
#3397 = CARTESIAN_POINT('',(84.5,-6.988495923641,-81.));
#3398 = VECTOR('',#3399,1.);
#3399 = DIRECTION('',(1.,-0.,-0.));
#3400 = PCURVE('',#1263,#3401);
#3401 = DEFINITIONAL_REPRESENTATION('',(#3402),#3406);
#3402 = LINE('',#3403,#3404);
#3403 = CARTESIAN_POINT('',(52.5,4.988495923641));
#3404 = VECTOR('',#3405,1.);
#3405 = DIRECTION('',(-1.,-0.));
#3406 = ( GEOMETRIC_REPRESENTATION_CONTEXT(2) 
PARAMETRIC_REPRESENTATION_CONTEXT() REPRESENTATION_CONTEXT('2D SPACE',''
  ) );
#3407 = PCURVE('',#3408,#3413);
#3408 = PLANE('',#3409);
#3409 = AXIS2_PLACEMENT_3D('',#3410,#3411,#3412);
#3410 = CARTESIAN_POINT('',(32.,-7.156687907998,-78.663516937));
#3411 = DIRECTION('',(-0.,-0.997419098228,-7.179932096371E-02));
#3412 = DIRECTION('',(-0.,-7.179932096371E-02,0.997419098228));
#3413 = DEFINITIONAL_REPRESENTATION('',(#3414),#3418);
#3414 = LINE('',#3415,#3416);
#3415 = CARTESIAN_POINT('',(-2.342528899984,-52.5));
#3416 = VECTOR('',#3417,1.);
#3417 = DIRECTION('',(-0.,-1.));
#3418 = ( GEOMETRIC_REPRESENTATION_CONTEXT(2) 
PARAMETRIC_REPRESENTATION_CONTEXT() REPRESENTATION_CONTEXT('2D SPACE',''
  ) );
#3419 = ORIENTED_EDGE('',*,*,#3420,.T.);
#3420 = EDGE_CURVE('',#3393,#3046,#3421,.T.);
#3421 = SURFACE_CURVE('',#3422,(#3426,#3433),.PCURVE_S1.);
#3422 = LINE('',#3423,#3424);
#3423 = CARTESIAN_POINT('',(153.,-2.,-81.));
#3424 = VECTOR('',#3425,1.);
#3425 = DIRECTION('',(0.,-1.,0.));
#3426 = PCURVE('',#1263,#3427);
#3427 = DEFINITIONAL_REPRESENTATION('',(#3428),#3432);
#3428 = LINE('',#3429,#3430);
#3429 = CARTESIAN_POINT('',(-16.,-0.));
#3430 = VECTOR('',#3431,1.);
#3431 = DIRECTION('',(-0.,1.));
#3432 = ( GEOMETRIC_REPRESENTATION_CONTEXT(2) 
PARAMETRIC_REPRESENTATION_CONTEXT() REPRESENTATION_CONTEXT('2D SPACE',''
  ) );
#3433 = PCURVE('',#3084,#3434);
#3434 = DEFINITIONAL_REPRESENTATION('',(#3435),#3439);
#3435 = LINE('',#3436,#3437);
#3436 = CARTESIAN_POINT('',(-0.,0.));
#3437 = VECTOR('',#3438,1.);
#3438 = DIRECTION('',(-0.,-1.));
#3439 = ( GEOMETRIC_REPRESENTATION_CONTEXT(2) 
PARAMETRIC_REPRESENTATION_CONTEXT() REPRESENTATION_CONTEXT('2D SPACE',''
  ) );
#3440 = ORIENTED_EDGE('',*,*,#3045,.F.);
#3441 = ORIENTED_EDGE('',*,*,#1247,.F.);
#3442 = ORIENTED_EDGE('',*,*,#3341,.T.);
#3443 = ORIENTED_EDGE('',*,*,#1791,.T.);
#3444 = ORIENTED_EDGE('',*,*,#3445,.F.);
#3445 = EDGE_CURVE('',#3370,#1764,#3446,.T.);
#3446 = SURFACE_CURVE('',#3447,(#3451,#3458),.PCURVE_S1.);
#3447 = LINE('',#3448,#3449);
#3448 = CARTESIAN_POINT('',(133.5,-15.5,-81.));
#3449 = VECTOR('',#3450,1.);
#3450 = DIRECTION('',(1.,-0.,-0.));
#3451 = PCURVE('',#1263,#3452);
#3452 = DEFINITIONAL_REPRESENTATION('',(#3453),#3457);
#3453 = LINE('',#3454,#3455);
#3454 = CARTESIAN_POINT('',(3.5,13.5));
#3455 = VECTOR('',#3456,1.);
#3456 = DIRECTION('',(-1.,-0.));
#3457 = ( GEOMETRIC_REPRESENTATION_CONTEXT(2) 
PARAMETRIC_REPRESENTATION_CONTEXT() REPRESENTATION_CONTEXT('2D SPACE',''
  ) );
#3458 = PCURVE('',#1779,#3459);
#3459 = DEFINITIONAL_REPRESENTATION('',(#3460),#3464);
#3460 = LINE('',#3461,#3462);
#3461 = CARTESIAN_POINT('',(-16.,3.5));
#3462 = VECTOR('',#3463,1.);
#3463 = DIRECTION('',(-0.,1.));
#3464 = ( GEOMETRIC_REPRESENTATION_CONTEXT(2) 
PARAMETRIC_REPRESENTATION_CONTEXT() REPRESENTATION_CONTEXT('2D SPACE',''
  ) );
#3465 = ADVANCED_FACE('',(#3466),#1207,.F.);
#3466 = FACE_BOUND('',#3467,.T.);
#3467 = EDGE_LOOP('',(#3468,#3493,#3521,#3542,#3543,#3544,#3565,#3566));
#3468 = ORIENTED_EDGE('',*,*,#3469,.F.);
#3469 = EDGE_CURVE('',#3470,#3472,#3474,.T.);
#3470 = VERTEX_POINT('',#3471);
#3471 = CARTESIAN_POINT('',(130.,-5.661380910932,-97.));
#3472 = VERTEX_POINT('',#3473);
#3473 = CARTESIAN_POINT('',(130.,-15.5,-97.));
#3474 = SURFACE_CURVE('',#3475,(#3479,#3486),.PCURVE_S1.);
#3475 = LINE('',#3476,#3477);
#3476 = CARTESIAN_POINT('',(130.,-4.5,-97.));
#3477 = VECTOR('',#3478,1.);
#3478 = DIRECTION('',(0.,-1.,0.));
#3479 = PCURVE('',#1207,#3480);
#3480 = DEFINITIONAL_REPRESENTATION('',(#3481),#3485);
#3481 = LINE('',#3482,#3483);
#3482 = CARTESIAN_POINT('',(-0.,-0.));
#3483 = VECTOR('',#3484,1.);
#3484 = DIRECTION('',(-0.,1.));
#3485 = ( GEOMETRIC_REPRESENTATION_CONTEXT(2) 
PARAMETRIC_REPRESENTATION_CONTEXT() REPRESENTATION_CONTEXT('2D SPACE',''
  ) );
#3486 = PCURVE('',#2905,#3487);
#3487 = DEFINITIONAL_REPRESENTATION('',(#3488),#3492);
#3488 = LINE('',#3489,#3490);
#3489 = CARTESIAN_POINT('',(-0.,0.));
#3490 = VECTOR('',#3491,1.);
#3491 = DIRECTION('',(-0.,-1.));
#3492 = ( GEOMETRIC_REPRESENTATION_CONTEXT(2) 
PARAMETRIC_REPRESENTATION_CONTEXT() REPRESENTATION_CONTEXT('2D SPACE',''
  ) );
#3493 = ORIENTED_EDGE('',*,*,#3494,.F.);
#3494 = EDGE_CURVE('',#3495,#3470,#3497,.T.);
#3495 = VERTEX_POINT('',#3496);
#3496 = CARTESIAN_POINT('',(160.,-5.661380910932,-97.));
#3497 = SURFACE_CURVE('',#3498,(#3502,#3509),.PCURVE_S1.);
#3498 = LINE('',#3499,#3500);
#3499 = CARTESIAN_POINT('',(81.,-5.661380910932,-97.));
#3500 = VECTOR('',#3501,1.);
#3501 = DIRECTION('',(-1.,-0.,-0.));
#3502 = PCURVE('',#1207,#3503);
#3503 = DEFINITIONAL_REPRESENTATION('',(#3504),#3508);
#3504 = LINE('',#3505,#3506);
#3505 = CARTESIAN_POINT('',(49.,1.161380910932));
#3506 = VECTOR('',#3507,1.);
#3507 = DIRECTION('',(1.,-0.));
#3508 = ( GEOMETRIC_REPRESENTATION_CONTEXT(2) 
PARAMETRIC_REPRESENTATION_CONTEXT() REPRESENTATION_CONTEXT('2D SPACE',''
  ) );
#3509 = PCURVE('',#3510,#3515);
#3510 = PLANE('',#3511);
#3511 = AXIS2_PLACEMENT_3D('',#3512,#3513,#3514);
#3512 = CARTESIAN_POINT('',(32.,-5.696065739691,-96.63118960624));
#3513 = DIRECTION('',(-0.,-0.995606874723,-9.363199775946E-02));
#3514 = DIRECTION('',(-0.,-9.363199775946E-02,0.995606874723));
#3515 = DEFINITIONAL_REPRESENTATION('',(#3516),#3520);
#3516 = LINE('',#3517,#3518);
#3517 = CARTESIAN_POINT('',(-0.370437773299,-49.));
#3518 = VECTOR('',#3519,1.);
#3519 = DIRECTION('',(-0.,1.));
#3520 = ( GEOMETRIC_REPRESENTATION_CONTEXT(2) 
PARAMETRIC_REPRESENTATION_CONTEXT() REPRESENTATION_CONTEXT('2D SPACE',''
  ) );
#3521 = ORIENTED_EDGE('',*,*,#3522,.T.);
#3522 = EDGE_CURVE('',#3495,#3022,#3523,.T.);
#3523 = SURFACE_CURVE('',#3524,(#3528,#3535),.PCURVE_S1.);
#3524 = LINE('',#3525,#3526);
#3525 = CARTESIAN_POINT('',(160.,-4.5,-97.));
#3526 = VECTOR('',#3527,1.);
#3527 = DIRECTION('',(0.,-1.,0.));
#3528 = PCURVE('',#1207,#3529);
#3529 = DEFINITIONAL_REPRESENTATION('',(#3530),#3534);
#3530 = LINE('',#3531,#3532);
#3531 = CARTESIAN_POINT('',(-30.,-0.));
#3532 = VECTOR('',#3533,1.);
#3533 = DIRECTION('',(-0.,1.));
#3534 = ( GEOMETRIC_REPRESENTATION_CONTEXT(2) 
PARAMETRIC_REPRESENTATION_CONTEXT() REPRESENTATION_CONTEXT('2D SPACE',''
  ) );
#3535 = PCURVE('',#2961,#3536);
#3536 = DEFINITIONAL_REPRESENTATION('',(#3537),#3541);
#3537 = LINE('',#3538,#3539);
#3538 = CARTESIAN_POINT('',(-0.,0.));
#3539 = VECTOR('',#3540,1.);
#3540 = DIRECTION('',(-0.,-1.));
#3541 = ( GEOMETRIC_REPRESENTATION_CONTEXT(2) 
PARAMETRIC_REPRESENTATION_CONTEXT() REPRESENTATION_CONTEXT('2D SPACE',''
  ) );
#3542 = ORIENTED_EDGE('',*,*,#3021,.F.);
#3543 = ORIENTED_EDGE('',*,*,#1191,.F.);
#3544 = ORIENTED_EDGE('',*,*,#3545,.T.);
#3545 = EDGE_CURVE('',#1164,#1718,#3546,.T.);
#3546 = SURFACE_CURVE('',#3547,(#3551,#3558),.PCURVE_S1.);
#3547 = LINE('',#3548,#3549);
#3548 = CARTESIAN_POINT('',(135.5,-9.,-97.));
#3549 = VECTOR('',#3550,1.);
#3550 = DIRECTION('',(-1.,-0.,-0.));
#3551 = PCURVE('',#1207,#3552);
#3552 = DEFINITIONAL_REPRESENTATION('',(#3553),#3557);
#3553 = LINE('',#3554,#3555);
#3554 = CARTESIAN_POINT('',(-5.5,4.5));
#3555 = VECTOR('',#3556,1.);
#3556 = DIRECTION('',(1.,-0.));
#3557 = ( GEOMETRIC_REPRESENTATION_CONTEXT(2) 
PARAMETRIC_REPRESENTATION_CONTEXT() REPRESENTATION_CONTEXT('2D SPACE',''
  ) );
#3558 = PCURVE('',#1179,#3559);
#3559 = DEFINITIONAL_REPRESENTATION('',(#3560),#3564);
#3560 = LINE('',#3561,#3562);
#3561 = CARTESIAN_POINT('',(-3.,5.5));
#3562 = VECTOR('',#3563,1.);
#3563 = DIRECTION('',(-0.,1.));
#3564 = ( GEOMETRIC_REPRESENTATION_CONTEXT(2) 
PARAMETRIC_REPRESENTATION_CONTEXT() REPRESENTATION_CONTEXT('2D SPACE',''
  ) );
#3565 = ORIENTED_EDGE('',*,*,#1740,.T.);
#3566 = ORIENTED_EDGE('',*,*,#3567,.F.);
#3567 = EDGE_CURVE('',#3472,#1741,#3568,.T.);
#3568 = SURFACE_CURVE('',#3569,(#3573,#3580),.PCURVE_S1.);
#3569 = LINE('',#3570,#3571);
#3570 = CARTESIAN_POINT('',(130.,-15.5,-97.));
#3571 = VECTOR('',#3572,1.);
#3572 = DIRECTION('',(1.,0.,-0.));
#3573 = PCURVE('',#1207,#3574);
#3574 = DEFINITIONAL_REPRESENTATION('',(#3575),#3579);
#3575 = LINE('',#3576,#3577);
#3576 = CARTESIAN_POINT('',(-0.,11.));
#3577 = VECTOR('',#3578,1.);
#3578 = DIRECTION('',(-1.,0.));
#3579 = ( GEOMETRIC_REPRESENTATION_CONTEXT(2) 
PARAMETRIC_REPRESENTATION_CONTEXT() REPRESENTATION_CONTEXT('2D SPACE',''
  ) );
#3580 = PCURVE('',#1779,#3581);
#3581 = DEFINITIONAL_REPRESENTATION('',(#3582),#3586);
#3582 = LINE('',#3583,#3584);
#3583 = CARTESIAN_POINT('',(-0.,0.));
#3584 = VECTOR('',#3585,1.);
#3585 = DIRECTION('',(-0.,1.));
#3586 = ( GEOMETRIC_REPRESENTATION_CONTEXT(2) 
PARAMETRIC_REPRESENTATION_CONTEXT() REPRESENTATION_CONTEXT('2D SPACE',''
  ) );
#3587 = ADVANCED_FACE('',(#3588),#1179,.T.);
#3588 = FACE_BOUND('',#3589,.F.);
#3589 = EDGE_LOOP('',(#3590,#3591,#3612,#3613));
#3590 = ORIENTED_EDGE('',*,*,#1717,.F.);
#3591 = ORIENTED_EDGE('',*,*,#3592,.T.);
#3592 = EDGE_CURVE('',#1695,#1136,#3593,.T.);
#3593 = SURFACE_CURVE('',#3594,(#3598,#3605),.PCURVE_S1.);
#3594 = LINE('',#3595,#3596);
#3595 = CARTESIAN_POINT('',(141.,-9.,-100.));
#3596 = VECTOR('',#3597,1.);
#3597 = DIRECTION('',(1.,-0.,-0.));
#3598 = PCURVE('',#1179,#3599);
#3599 = DEFINITIONAL_REPRESENTATION('',(#3600),#3604);
#3600 = LINE('',#3601,#3602);
#3601 = CARTESIAN_POINT('',(-0.,-0.));
#3602 = VECTOR('',#3603,1.);
#3603 = DIRECTION('',(-0.,-1.));
#3604 = ( GEOMETRIC_REPRESENTATION_CONTEXT(2) 
PARAMETRIC_REPRESENTATION_CONTEXT() REPRESENTATION_CONTEXT('2D SPACE',''
  ) );
#3605 = PCURVE('',#1151,#3606);
#3606 = DEFINITIONAL_REPRESENTATION('',(#3607),#3611);
#3607 = LINE('',#3608,#3609);
#3608 = CARTESIAN_POINT('',(-94.06912352095,0.));
#3609 = VECTOR('',#3610,1.);
#3610 = DIRECTION('',(-0.,-1.));
#3611 = ( GEOMETRIC_REPRESENTATION_CONTEXT(2) 
PARAMETRIC_REPRESENTATION_CONTEXT() REPRESENTATION_CONTEXT('2D SPACE',''
  ) );
#3612 = ORIENTED_EDGE('',*,*,#1163,.T.);
#3613 = ORIENTED_EDGE('',*,*,#3545,.T.);
#3614 = ADVANCED_FACE('',(#3615),#1151,.T.);
#3615 = FACE_BOUND('',#3616,.F.);
#3616 = EDGE_LOOP('',(#3617,#3618,#3639,#3640));
#3617 = ORIENTED_EDGE('',*,*,#1694,.F.);
#3618 = ORIENTED_EDGE('',*,*,#3619,.F.);
#3619 = EDGE_CURVE('',#1108,#1672,#3620,.T.);
#3620 = SURFACE_CURVE('',#3621,(#3625,#3632),.PCURVE_S1.);
#3621 = LINE('',#3622,#3623);
#3622 = CARTESIAN_POINT('',(137.5,-75.95384615384,-164.));
#3623 = VECTOR('',#3624,1.);
#3624 = DIRECTION('',(-1.,-0.,0.));
#3625 = PCURVE('',#1151,#3626);
#3626 = DEFINITIONAL_REPRESENTATION('',(#3627),#3631);
#3627 = LINE('',#3628,#3629);
#3628 = CARTESIAN_POINT('',(-1.447217284938,3.5));
#3629 = VECTOR('',#3630,1.);
#3630 = DIRECTION('',(-0.,1.));
#3631 = ( GEOMETRIC_REPRESENTATION_CONTEXT(2) 
PARAMETRIC_REPRESENTATION_CONTEXT() REPRESENTATION_CONTEXT('2D SPACE',''
  ) );
#3632 = PCURVE('',#1123,#3633);
#3633 = DEFINITIONAL_REPRESENTATION('',(#3634),#3638);
#3634 = LINE('',#3635,#3636);
#3635 = CARTESIAN_POINT('',(-3.5,0.953846153846));
#3636 = VECTOR('',#3637,1.);
#3637 = DIRECTION('',(1.,-0.));
#3638 = ( GEOMETRIC_REPRESENTATION_CONTEXT(2) 
PARAMETRIC_REPRESENTATION_CONTEXT() REPRESENTATION_CONTEXT('2D SPACE',''
  ) );
#3639 = ORIENTED_EDGE('',*,*,#1135,.T.);
#3640 = ORIENTED_EDGE('',*,*,#3592,.F.);
#3641 = ADVANCED_FACE('',(#3642,#3756),#1123,.T.);
#3642 = FACE_BOUND('',#3643,.F.);
#3643 = EDGE_LOOP('',(#3644,#3674,#3702,#3730));
#3644 = ORIENTED_EDGE('',*,*,#3645,.F.);
#3645 = EDGE_CURVE('',#3646,#3648,#3650,.T.);
#3646 = VERTEX_POINT('',#3647);
#3647 = CARTESIAN_POINT('',(134.,-75.,-164.));
#3648 = VERTEX_POINT('',#3649);
#3649 = CARTESIAN_POINT('',(134.,-91.,-164.));
#3650 = SURFACE_CURVE('',#3651,(#3655,#3662),.PCURVE_S1.);
#3651 = LINE('',#3652,#3653);
#3652 = CARTESIAN_POINT('',(134.,-75.,-164.));
#3653 = VECTOR('',#3654,1.);
#3654 = DIRECTION('',(0.,-1.,0.));
#3655 = PCURVE('',#1123,#3656);
#3656 = DEFINITIONAL_REPRESENTATION('',(#3657),#3661);
#3657 = LINE('',#3658,#3659);
#3658 = CARTESIAN_POINT('',(-0.,-0.));
#3659 = VECTOR('',#3660,1.);
#3660 = DIRECTION('',(-0.,1.));
#3661 = ( GEOMETRIC_REPRESENTATION_CONTEXT(2) 
PARAMETRIC_REPRESENTATION_CONTEXT() REPRESENTATION_CONTEXT('2D SPACE',''
  ) );
#3662 = PCURVE('',#3663,#3668);
#3663 = PLANE('',#3664);
#3664 = AXIS2_PLACEMENT_3D('',#3665,#3666,#3667);
#3665 = CARTESIAN_POINT('',(134.,-75.,-169.));
#3666 = DIRECTION('',(1.,0.,-0.));
#3667 = DIRECTION('',(0.,0.,-1.));
#3668 = DEFINITIONAL_REPRESENTATION('',(#3669),#3673);
#3669 = LINE('',#3670,#3671);
#3670 = CARTESIAN_POINT('',(-5.,0.));
#3671 = VECTOR('',#3672,1.);
#3672 = DIRECTION('',(-0.,-1.));
#3673 = ( GEOMETRIC_REPRESENTATION_CONTEXT(2) 
PARAMETRIC_REPRESENTATION_CONTEXT() REPRESENTATION_CONTEXT('2D SPACE',''
  ) );
#3674 = ORIENTED_EDGE('',*,*,#3675,.T.);
#3675 = EDGE_CURVE('',#3646,#3676,#3678,.T.);
#3676 = VERTEX_POINT('',#3677);
#3677 = CARTESIAN_POINT('',(156.,-75.,-164.));
#3678 = SURFACE_CURVE('',#3679,(#3683,#3690),.PCURVE_S1.);
#3679 = LINE('',#3680,#3681);
#3680 = CARTESIAN_POINT('',(134.,-75.,-164.));
#3681 = VECTOR('',#3682,1.);
#3682 = DIRECTION('',(1.,0.,-0.));
#3683 = PCURVE('',#1123,#3684);
#3684 = DEFINITIONAL_REPRESENTATION('',(#3685),#3689);
#3685 = LINE('',#3686,#3687);
#3686 = CARTESIAN_POINT('',(-0.,-0.));
#3687 = VECTOR('',#3688,1.);
#3688 = DIRECTION('',(-1.,0.));
#3689 = ( GEOMETRIC_REPRESENTATION_CONTEXT(2) 
PARAMETRIC_REPRESENTATION_CONTEXT() REPRESENTATION_CONTEXT('2D SPACE',''
  ) );
#3690 = PCURVE('',#3691,#3696);
#3691 = PLANE('',#3692);
#3692 = AXIS2_PLACEMENT_3D('',#3693,#3694,#3695);
#3693 = CARTESIAN_POINT('',(134.,-75.,-169.));
#3694 = DIRECTION('',(0.,-1.,0.));
#3695 = DIRECTION('',(0.,0.,-1.));
#3696 = DEFINITIONAL_REPRESENTATION('',(#3697),#3701);
#3697 = LINE('',#3698,#3699);
#3698 = CARTESIAN_POINT('',(-5.,0.));
#3699 = VECTOR('',#3700,1.);
#3700 = DIRECTION('',(-0.,1.));
#3701 = ( GEOMETRIC_REPRESENTATION_CONTEXT(2) 
PARAMETRIC_REPRESENTATION_CONTEXT() REPRESENTATION_CONTEXT('2D SPACE',''
  ) );
#3702 = ORIENTED_EDGE('',*,*,#3703,.T.);
#3703 = EDGE_CURVE('',#3676,#3704,#3706,.T.);
#3704 = VERTEX_POINT('',#3705);
#3705 = CARTESIAN_POINT('',(156.,-91.,-164.));
#3706 = SURFACE_CURVE('',#3707,(#3711,#3718),.PCURVE_S1.);
#3707 = LINE('',#3708,#3709);
#3708 = CARTESIAN_POINT('',(156.,-75.,-164.));
#3709 = VECTOR('',#3710,1.);
#3710 = DIRECTION('',(0.,-1.,0.));
#3711 = PCURVE('',#1123,#3712);
#3712 = DEFINITIONAL_REPRESENTATION('',(#3713),#3717);
#3713 = LINE('',#3714,#3715);
#3714 = CARTESIAN_POINT('',(-22.,-0.));
#3715 = VECTOR('',#3716,1.);
#3716 = DIRECTION('',(-0.,1.));
#3717 = ( GEOMETRIC_REPRESENTATION_CONTEXT(2) 
PARAMETRIC_REPRESENTATION_CONTEXT() REPRESENTATION_CONTEXT('2D SPACE',''
  ) );
#3718 = PCURVE('',#3719,#3724);
#3719 = PLANE('',#3720);
#3720 = AXIS2_PLACEMENT_3D('',#3721,#3722,#3723);
#3721 = CARTESIAN_POINT('',(156.,-75.,-169.));
#3722 = DIRECTION('',(1.,0.,-0.));
#3723 = DIRECTION('',(0.,0.,-1.));
#3724 = DEFINITIONAL_REPRESENTATION('',(#3725),#3729);
#3725 = LINE('',#3726,#3727);
#3726 = CARTESIAN_POINT('',(-5.,0.));
#3727 = VECTOR('',#3728,1.);
#3728 = DIRECTION('',(-0.,-1.));
#3729 = ( GEOMETRIC_REPRESENTATION_CONTEXT(2) 
PARAMETRIC_REPRESENTATION_CONTEXT() REPRESENTATION_CONTEXT('2D SPACE',''
  ) );
#3730 = ORIENTED_EDGE('',*,*,#3731,.F.);
#3731 = EDGE_CURVE('',#3648,#3704,#3732,.T.);
#3732 = SURFACE_CURVE('',#3733,(#3737,#3744),.PCURVE_S1.);
#3733 = LINE('',#3734,#3735);
#3734 = CARTESIAN_POINT('',(134.,-91.,-164.));
#3735 = VECTOR('',#3736,1.);
#3736 = DIRECTION('',(1.,0.,-0.));
#3737 = PCURVE('',#1123,#3738);
#3738 = DEFINITIONAL_REPRESENTATION('',(#3739),#3743);
#3739 = LINE('',#3740,#3741);
#3740 = CARTESIAN_POINT('',(-0.,16.));
#3741 = VECTOR('',#3742,1.);
#3742 = DIRECTION('',(-1.,0.));
#3743 = ( GEOMETRIC_REPRESENTATION_CONTEXT(2) 
PARAMETRIC_REPRESENTATION_CONTEXT() REPRESENTATION_CONTEXT('2D SPACE',''
  ) );
#3744 = PCURVE('',#3745,#3750);
#3745 = PLANE('',#3746);
#3746 = AXIS2_PLACEMENT_3D('',#3747,#3748,#3749);
#3747 = CARTESIAN_POINT('',(134.,-91.,-169.));
#3748 = DIRECTION('',(0.,-1.,0.));
#3749 = DIRECTION('',(0.,0.,-1.));
#3750 = DEFINITIONAL_REPRESENTATION('',(#3751),#3755);
#3751 = LINE('',#3752,#3753);
#3752 = CARTESIAN_POINT('',(-5.,0.));
#3753 = VECTOR('',#3754,1.);
#3754 = DIRECTION('',(-0.,1.));
#3755 = ( GEOMETRIC_REPRESENTATION_CONTEXT(2) 
PARAMETRIC_REPRESENTATION_CONTEXT() REPRESENTATION_CONTEXT('2D SPACE',''
  ) );
#3756 = FACE_BOUND('',#3757,.F.);
#3757 = EDGE_LOOP('',(#3758,#3759,#3760,#3761));
#3758 = ORIENTED_EDGE('',*,*,#1107,.F.);
#3759 = ORIENTED_EDGE('',*,*,#3619,.T.);
#3760 = ORIENTED_EDGE('',*,*,#1671,.T.);
#3761 = ORIENTED_EDGE('',*,*,#1646,.T.);
#3762 = ADVANCED_FACE('',(#3763,#3813,#3848),#1779,.T.);
#3763 = FACE_BOUND('',#3764,.F.);
#3764 = EDGE_LOOP('',(#3765,#3766,#3787,#3788,#3789,#3790,#3811,#3812));
#3765 = ORIENTED_EDGE('',*,*,#3567,.F.);
#3766 = ORIENTED_EDGE('',*,*,#3767,.T.);
#3767 = EDGE_CURVE('',#3472,#2890,#3768,.T.);
#3768 = SURFACE_CURVE('',#3769,(#3773,#3780),.PCURVE_S1.);
#3769 = LINE('',#3770,#3771);
#3770 = CARTESIAN_POINT('',(130.,-15.5,-97.));
#3771 = VECTOR('',#3772,1.);
#3772 = DIRECTION('',(0.,0.,1.));
#3773 = PCURVE('',#1779,#3774);
#3774 = DEFINITIONAL_REPRESENTATION('',(#3775),#3779);
#3775 = LINE('',#3776,#3777);
#3776 = CARTESIAN_POINT('',(-0.,0.));
#3777 = VECTOR('',#3778,1.);
#3778 = DIRECTION('',(-1.,0.));
#3779 = ( GEOMETRIC_REPRESENTATION_CONTEXT(2) 
PARAMETRIC_REPRESENTATION_CONTEXT() REPRESENTATION_CONTEXT('2D SPACE',''
  ) );
#3780 = PCURVE('',#2905,#3781);
#3781 = DEFINITIONAL_REPRESENTATION('',(#3782),#3786);
#3782 = LINE('',#3783,#3784);
#3783 = CARTESIAN_POINT('',(-0.,-11.));
#3784 = VECTOR('',#3785,1.);
#3785 = DIRECTION('',(-1.,0.));
#3786 = ( GEOMETRIC_REPRESENTATION_CONTEXT(2) 
PARAMETRIC_REPRESENTATION_CONTEXT() REPRESENTATION_CONTEXT('2D SPACE',''
  ) );
#3787 = ORIENTED_EDGE('',*,*,#2997,.T.);
#3788 = ORIENTED_EDGE('',*,*,#1860,.T.);
#3789 = ORIENTED_EDGE('',*,*,#3316,.F.);
#3790 = ORIENTED_EDGE('',*,*,#3791,.T.);
#3791 = EDGE_CURVE('',#3216,#3370,#3792,.T.);
#3792 = SURFACE_CURVE('',#3793,(#3797,#3804),.PCURVE_S1.);
#3793 = LINE('',#3794,#3795);
#3794 = CARTESIAN_POINT('',(137.,-15.5,-89.));
#3795 = VECTOR('',#3796,1.);
#3796 = DIRECTION('',(-0.,-0.,-1.));
#3797 = PCURVE('',#1779,#3798);
#3798 = DEFINITIONAL_REPRESENTATION('',(#3799),#3803);
#3799 = LINE('',#3800,#3801);
#3800 = CARTESIAN_POINT('',(-8.,7.));
#3801 = VECTOR('',#3802,1.);
#3802 = DIRECTION('',(1.,-0.));
#3803 = ( GEOMETRIC_REPRESENTATION_CONTEXT(2) 
PARAMETRIC_REPRESENTATION_CONTEXT() REPRESENTATION_CONTEXT('2D SPACE',''
  ) );
#3804 = PCURVE('',#3231,#3805);
#3805 = DEFINITIONAL_REPRESENTATION('',(#3806),#3810);
#3806 = LINE('',#3807,#3808);
#3807 = CARTESIAN_POINT('',(8.,-13.5));
#3808 = VECTOR('',#3809,1.);
#3809 = DIRECTION('',(1.,-0.));
#3810 = ( GEOMETRIC_REPRESENTATION_CONTEXT(2) 
PARAMETRIC_REPRESENTATION_CONTEXT() REPRESENTATION_CONTEXT('2D SPACE',''
  ) );
#3811 = ORIENTED_EDGE('',*,*,#3445,.T.);
#3812 = ORIENTED_EDGE('',*,*,#1763,.T.);
#3813 = FACE_BOUND('',#3814,.F.);
#3814 = EDGE_LOOP('',(#3815));
#3815 = ORIENTED_EDGE('',*,*,#3816,.F.);
#3816 = EDGE_CURVE('',#3817,#3817,#3819,.T.);
#3817 = VERTEX_POINT('',#3818);
#3818 = CARTESIAN_POINT('',(139.7,-15.5,-88.));
#3819 = SURFACE_CURVE('',#3820,(#3825,#3836),.PCURVE_S1.);
#3820 = CIRCLE('',#3821,1.7);
#3821 = AXIS2_PLACEMENT_3D('',#3822,#3823,#3824);
#3822 = CARTESIAN_POINT('',(138.,-15.5,-88.));
#3823 = DIRECTION('',(0.,1.,-0.));
#3824 = DIRECTION('',(1.,-0.,-0.));
#3825 = PCURVE('',#1779,#3826);
#3826 = DEFINITIONAL_REPRESENTATION('',(#3827),#3835);
#3827 = ( BOUNDED_CURVE() B_SPLINE_CURVE(2,(#3828,#3829,#3830,#3831,
#3832,#3833,#3834),.UNSPECIFIED.,.T.,.F.) B_SPLINE_CURVE_WITH_KNOTS((1,2
    ,2,2,2,1),(-2.094395102393,0.,2.094395102393,4.188790204786,
6.28318530718,8.377580409573),.UNSPECIFIED.) CURVE() 
GEOMETRIC_REPRESENTATION_ITEM() RATIONAL_B_SPLINE_CURVE((1.,0.5,1.,0.5,
1.,0.5,1.)) REPRESENTATION_ITEM('') );
#3828 = CARTESIAN_POINT('',(-9.,9.7));
#3829 = CARTESIAN_POINT('',(-6.055513627133,9.7));
#3830 = CARTESIAN_POINT('',(-7.527756813566,7.15));
#3831 = CARTESIAN_POINT('',(-9.,4.6));
#3832 = CARTESIAN_POINT('',(-10.47224318643,7.15));
#3833 = CARTESIAN_POINT('',(-11.94448637286,9.7));
#3834 = CARTESIAN_POINT('',(-9.,9.7));
#3835 = ( GEOMETRIC_REPRESENTATION_CONTEXT(2) 
PARAMETRIC_REPRESENTATION_CONTEXT() REPRESENTATION_CONTEXT('2D SPACE',''
  ) );
#3836 = PCURVE('',#3837,#3842);
#3837 = CYLINDRICAL_SURFACE('',#3838,1.7);
#3838 = AXIS2_PLACEMENT_3D('',#3839,#3840,#3841);
#3839 = CARTESIAN_POINT('',(138.,-23.,-88.));
#3840 = DIRECTION('',(-0.,-1.,-0.));
#3841 = DIRECTION('',(1.,-0.,-0.));
#3842 = DEFINITIONAL_REPRESENTATION('',(#3843),#3847);
#3843 = LINE('',#3844,#3845);
#3844 = CARTESIAN_POINT('',(6.28318530718,-7.5));
#3845 = VECTOR('',#3846,1.);
#3846 = DIRECTION('',(-1.,0.));
#3847 = ( GEOMETRIC_REPRESENTATION_CONTEXT(2) 
PARAMETRIC_REPRESENTATION_CONTEXT() REPRESENTATION_CONTEXT('2D SPACE',''
  ) );
#3848 = FACE_BOUND('',#3849,.F.);
#3849 = EDGE_LOOP('',(#3850));
#3850 = ORIENTED_EDGE('',*,*,#3851,.F.);
#3851 = EDGE_CURVE('',#3852,#3852,#3854,.T.);
#3852 = VERTEX_POINT('',#3853);
#3853 = CARTESIAN_POINT('',(139.7,-15.5,-48.));
#3854 = SURFACE_CURVE('',#3855,(#3860,#3871),.PCURVE_S1.);
#3855 = CIRCLE('',#3856,1.7);
#3856 = AXIS2_PLACEMENT_3D('',#3857,#3858,#3859);
#3857 = CARTESIAN_POINT('',(138.,-15.5,-48.));
#3858 = DIRECTION('',(0.,1.,-0.));
#3859 = DIRECTION('',(1.,-0.,-0.));
#3860 = PCURVE('',#1779,#3861);
#3861 = DEFINITIONAL_REPRESENTATION('',(#3862),#3870);
#3862 = ( BOUNDED_CURVE() B_SPLINE_CURVE(2,(#3863,#3864,#3865,#3866,
#3867,#3868,#3869),.UNSPECIFIED.,.T.,.F.) B_SPLINE_CURVE_WITH_KNOTS((1,2
    ,2,2,2,1),(-2.094395102393,0.,2.094395102393,4.188790204786,
6.28318530718,8.377580409573),.UNSPECIFIED.) CURVE() 
GEOMETRIC_REPRESENTATION_ITEM() RATIONAL_B_SPLINE_CURVE((1.,0.5,1.,0.5,
1.,0.5,1.)) REPRESENTATION_ITEM('') );
#3863 = CARTESIAN_POINT('',(-49.,9.7));
#3864 = CARTESIAN_POINT('',(-46.05551362713,9.7));
#3865 = CARTESIAN_POINT('',(-47.52775681356,7.15));
#3866 = CARTESIAN_POINT('',(-49.,4.6));
#3867 = CARTESIAN_POINT('',(-50.47224318643,7.15));
#3868 = CARTESIAN_POINT('',(-51.94448637286,9.7));
#3869 = CARTESIAN_POINT('',(-49.,9.7));
#3870 = ( GEOMETRIC_REPRESENTATION_CONTEXT(2) 
PARAMETRIC_REPRESENTATION_CONTEXT() REPRESENTATION_CONTEXT('2D SPACE',''
  ) );
#3871 = PCURVE('',#3872,#3877);
#3872 = CYLINDRICAL_SURFACE('',#3873,1.7);
#3873 = AXIS2_PLACEMENT_3D('',#3874,#3875,#3876);
#3874 = CARTESIAN_POINT('',(138.,-23.,-48.));
#3875 = DIRECTION('',(-0.,-1.,-0.));
#3876 = DIRECTION('',(1.,-0.,-0.));
#3877 = DEFINITIONAL_REPRESENTATION('',(#3878),#3882);
#3878 = LINE('',#3879,#3880);
#3879 = CARTESIAN_POINT('',(6.28318530718,-7.5));
#3880 = VECTOR('',#3881,1.);
#3881 = DIRECTION('',(-1.,0.));
#3882 = ( GEOMETRIC_REPRESENTATION_CONTEXT(2) 
PARAMETRIC_REPRESENTATION_CONTEXT() REPRESENTATION_CONTEXT('2D SPACE',''
  ) );
#3883 = ADVANCED_FACE('',(#3884),#2496,.T.);
#3884 = FACE_BOUND('',#3885,.F.);
#3885 = EDGE_LOOP('',(#3886,#3887,#3910,#3938));
#3886 = ORIENTED_EDGE('',*,*,#2479,.T.);
#3887 = ORIENTED_EDGE('',*,*,#3888,.F.);
#3888 = EDGE_CURVE('',#3889,#2452,#3891,.T.);
#3889 = VERTEX_POINT('',#3890);
#3890 = CARTESIAN_POINT('',(146.,-77.59154929577,-18.));
#3891 = SURFACE_CURVE('',#3892,(#3896,#3903),.PCURVE_S1.);
#3892 = LINE('',#3893,#3894);
#3893 = CARTESIAN_POINT('',(146.,-59.03677855465,-18.));
#3894 = VECTOR('',#3895,1.);
#3895 = DIRECTION('',(-0.,1.,-0.));
#3896 = PCURVE('',#2496,#3897);
#3897 = DEFINITIONAL_REPRESENTATION('',(#3898),#3902);
#3898 = LINE('',#3899,#3900);
#3899 = CARTESIAN_POINT('',(-1.,-18.96322144534));
#3900 = VECTOR('',#3901,1.);
#3901 = DIRECTION('',(-0.,-1.));
#3902 = ( GEOMETRIC_REPRESENTATION_CONTEXT(2) 
PARAMETRIC_REPRESENTATION_CONTEXT() REPRESENTATION_CONTEXT('2D SPACE',''
  ) );
#3903 = PCURVE('',#2599,#3904);
#3904 = DEFINITIONAL_REPRESENTATION('',(#3905),#3909);
#3905 = LINE('',#3906,#3907);
#3906 = CARTESIAN_POINT('',(-30.63815031011,-9.963221445341));
#3907 = VECTOR('',#3908,1.);
#3908 = DIRECTION('',(-0.,1.));
#3909 = ( GEOMETRIC_REPRESENTATION_CONTEXT(2) 
PARAMETRIC_REPRESENTATION_CONTEXT() REPRESENTATION_CONTEXT('2D SPACE',''
  ) );
#3910 = ORIENTED_EDGE('',*,*,#3911,.T.);
#3911 = EDGE_CURVE('',#3889,#3912,#3914,.T.);
#3912 = VERTEX_POINT('',#3913);
#3913 = CARTESIAN_POINT('',(141.,-77.59154929577,-18.));
#3914 = SURFACE_CURVE('',#3915,(#3919,#3926),.PCURVE_S1.);
#3915 = LINE('',#3916,#3917);
#3916 = CARTESIAN_POINT('',(138.5,-77.59154929577,-18.));
#3917 = VECTOR('',#3918,1.);
#3918 = DIRECTION('',(-1.,-0.,-0.));
#3919 = PCURVE('',#2496,#3920);
#3920 = DEFINITIONAL_REPRESENTATION('',(#3921),#3925);
#3921 = LINE('',#3922,#3923);
#3922 = CARTESIAN_POINT('',(6.5,-0.408450704225));
#3923 = VECTOR('',#3924,1.);
#3924 = DIRECTION('',(1.,-0.));
#3925 = ( GEOMETRIC_REPRESENTATION_CONTEXT(2) 
PARAMETRIC_REPRESENTATION_CONTEXT() REPRESENTATION_CONTEXT('2D SPACE',''
  ) );
#3926 = PCURVE('',#3927,#3932);
#3927 = PLANE('',#3928);
#3928 = AXIS2_PLACEMENT_3D('',#3929,#3930,#3931);
#3929 = CARTESIAN_POINT('',(141.,-23.,-86.));
#3930 = DIRECTION('',(-0.,0.779796144218,0.626033524232));
#3931 = DIRECTION('',(0.,0.626033524232,-0.779796144218));
#3932 = DEFINITIONAL_REPRESENTATION('',(#3933),#3937);
#3933 = LINE('',#3934,#3935);
#3934 = CARTESIAN_POINT('',(-87.20227780576,2.5));
#3935 = VECTOR('',#3936,1.);
#3936 = DIRECTION('',(-0.,1.));
#3937 = ( GEOMETRIC_REPRESENTATION_CONTEXT(2) 
PARAMETRIC_REPRESENTATION_CONTEXT() REPRESENTATION_CONTEXT('2D SPACE',''
  ) );
#3938 = ORIENTED_EDGE('',*,*,#3939,.T.);
#3939 = EDGE_CURVE('',#3912,#2480,#3940,.T.);
#3940 = SURFACE_CURVE('',#3941,(#3945,#3952),.PCURVE_S1.);
#3941 = LINE('',#3942,#3943);
#3942 = CARTESIAN_POINT('',(141.,-59.03677855465,-18.));
#3943 = VECTOR('',#3944,1.);
#3944 = DIRECTION('',(-0.,1.,-0.));
#3945 = PCURVE('',#2496,#3946);
#3946 = DEFINITIONAL_REPRESENTATION('',(#3947),#3951);
#3947 = LINE('',#3948,#3949);
#3948 = CARTESIAN_POINT('',(4.,-18.96322144534));
#3949 = VECTOR('',#3950,1.);
#3950 = DIRECTION('',(-0.,-1.));
#3951 = ( GEOMETRIC_REPRESENTATION_CONTEXT(2) 
PARAMETRIC_REPRESENTATION_CONTEXT() REPRESENTATION_CONTEXT('2D SPACE',''
  ) );
#3952 = PCURVE('',#2653,#3953);
#3953 = DEFINITIONAL_REPRESENTATION('',(#3954),#3958);
#3954 = LINE('',#3955,#3956);
#3955 = CARTESIAN_POINT('',(-30.63815031011,-9.963221445341));
#3956 = VECTOR('',#3957,1.);
#3957 = DIRECTION('',(-0.,1.));
#3958 = ( GEOMETRIC_REPRESENTATION_CONTEXT(2) 
PARAMETRIC_REPRESENTATION_CONTEXT() REPRESENTATION_CONTEXT('2D SPACE',''
  ) );
#3959 = ADVANCED_FACE('',(#3960),#2653,.F.);
#3960 = FACE_BOUND('',#3961,.T.);
#3961 = EDGE_LOOP('',(#3962,#3983,#4011,#4032,#4033));
#3962 = ORIENTED_EDGE('',*,*,#3963,.T.);
#3963 = EDGE_CURVE('',#2612,#1975,#3964,.T.);
#3964 = SURFACE_CURVE('',#3965,(#3969,#3976),.PCURVE_S1.);
#3965 = LINE('',#3966,#3967);
#3966 = CARTESIAN_POINT('',(141.,-75.,-11.));
#3967 = VECTOR('',#3968,1.);
#3968 = DIRECTION('',(0.,0.620702944366,-0.784045824462));
#3969 = PCURVE('',#2653,#3970);
#3970 = DEFINITIONAL_REPRESENTATION('',(#3971),#3975);
#3971 = LINE('',#3972,#3973);
#3972 = CARTESIAN_POINT('',(-37.63815031011,-25.92644289068));
#3973 = VECTOR('',#3974,1.);
#3974 = DIRECTION('',(0.784045824462,0.620702944366));
#3975 = ( GEOMETRIC_REPRESENTATION_CONTEXT(2) 
PARAMETRIC_REPRESENTATION_CONTEXT() REPRESENTATION_CONTEXT('2D SPACE',''
  ) );
#3976 = PCURVE('',#2627,#3977);
#3977 = DEFINITIONAL_REPRESENTATION('',(#3978),#3982);
#3978 = LINE('',#3979,#3980);
#3979 = CARTESIAN_POINT('',(-0.,-0.));
#3980 = VECTOR('',#3981,1.);
#3981 = DIRECTION('',(-1.,0.));
#3982 = ( GEOMETRIC_REPRESENTATION_CONTEXT(2) 
PARAMETRIC_REPRESENTATION_CONTEXT() REPRESENTATION_CONTEXT('2D SPACE',''
  ) );
#3983 = ORIENTED_EDGE('',*,*,#3984,.T.);
#3984 = EDGE_CURVE('',#1975,#3985,#3987,.T.);
#3985 = VERTEX_POINT('',#3986);
#3986 = CARTESIAN_POINT('',(141.,-23.,-86.));
#3987 = SURFACE_CURVE('',#3988,(#3992,#3999),.PCURVE_S1.);
#3988 = LINE('',#3989,#3990);
#3989 = CARTESIAN_POINT('',(141.,-18.,-83.));
#3990 = VECTOR('',#3991,1.);
#3991 = DIRECTION('',(-0.,-0.857492925713,-0.514495755428));
#3992 = PCURVE('',#2653,#3993);
#3993 = DEFINITIONAL_REPRESENTATION('',(#3994),#3998);
#3994 = LINE('',#3995,#3996);
#3995 = CARTESIAN_POINT('',(34.361849689882,31.073557109318));
#3996 = VECTOR('',#3997,1.);
#3997 = DIRECTION('',(0.514495755428,-0.857492925713));
#3998 = ( GEOMETRIC_REPRESENTATION_CONTEXT(2) 
PARAMETRIC_REPRESENTATION_CONTEXT() REPRESENTATION_CONTEXT('2D SPACE',''
  ) );
#3999 = PCURVE('',#4000,#4005);
#4000 = PLANE('',#4001);
#4001 = AXIS2_PLACEMENT_3D('',#4002,#4003,#4004);
#4002 = CARTESIAN_POINT('',(141.,-18.,-83.));
#4003 = DIRECTION('',(-0.,-0.514495755428,0.857492925713));
#4004 = DIRECTION('',(0.,0.857492925713,0.514495755428));
#4005 = DEFINITIONAL_REPRESENTATION('',(#4006),#4010);
#4006 = LINE('',#4007,#4008);
#4007 = CARTESIAN_POINT('',(-0.,-0.));
#4008 = VECTOR('',#4009,1.);
#4009 = DIRECTION('',(-1.,0.));
#4010 = ( GEOMETRIC_REPRESENTATION_CONTEXT(2) 
PARAMETRIC_REPRESENTATION_CONTEXT() REPRESENTATION_CONTEXT('2D SPACE',''
  ) );
#4011 = ORIENTED_EDGE('',*,*,#4012,.T.);
#4012 = EDGE_CURVE('',#3985,#3912,#4013,.T.);
#4013 = SURFACE_CURVE('',#4014,(#4018,#4025),.PCURVE_S1.);
#4014 = LINE('',#4015,#4016);
#4015 = CARTESIAN_POINT('',(141.,-23.,-86.));
#4016 = VECTOR('',#4017,1.);
#4017 = DIRECTION('',(-0.,-0.626033524232,0.779796144218));
#4018 = PCURVE('',#2653,#4019);
#4019 = DEFINITIONAL_REPRESENTATION('',(#4020),#4024);
#4020 = LINE('',#4021,#4022);
#4021 = CARTESIAN_POINT('',(37.361849689882,26.073557109318));
#4022 = VECTOR('',#4023,1.);
#4023 = DIRECTION('',(-0.779796144218,-0.626033524232));
#4024 = ( GEOMETRIC_REPRESENTATION_CONTEXT(2) 
PARAMETRIC_REPRESENTATION_CONTEXT() REPRESENTATION_CONTEXT('2D SPACE',''
  ) );
#4025 = PCURVE('',#3927,#4026);
#4026 = DEFINITIONAL_REPRESENTATION('',(#4027),#4031);
#4027 = LINE('',#4028,#4029);
#4028 = CARTESIAN_POINT('',(-0.,-0.));
#4029 = VECTOR('',#4030,1.);
#4030 = DIRECTION('',(-1.,0.));
#4031 = ( GEOMETRIC_REPRESENTATION_CONTEXT(2) 
PARAMETRIC_REPRESENTATION_CONTEXT() REPRESENTATION_CONTEXT('2D SPACE',''
  ) );
#4032 = ORIENTED_EDGE('',*,*,#3939,.T.);
#4033 = ORIENTED_EDGE('',*,*,#2639,.T.);
#4034 = ADVANCED_FACE('',(#4035),#2627,.F.);
#4035 = FACE_BOUND('',#4036,.T.);
#4036 = EDGE_LOOP('',(#4037,#4038,#4039,#4060));
#4037 = ORIENTED_EDGE('',*,*,#3963,.F.);
#4038 = ORIENTED_EDGE('',*,*,#2611,.T.);
#4039 = ORIENTED_EDGE('',*,*,#4040,.T.);
#4040 = EDGE_CURVE('',#2584,#1456,#4041,.T.);
#4041 = SURFACE_CURVE('',#4042,(#4046,#4053),.PCURVE_S1.);
#4042 = LINE('',#4043,#4044);
#4043 = CARTESIAN_POINT('',(146.,-75.,-11.));
#4044 = VECTOR('',#4045,1.);
#4045 = DIRECTION('',(0.,0.620702944366,-0.784045824462));
#4046 = PCURVE('',#2627,#4047);
#4047 = DEFINITIONAL_REPRESENTATION('',(#4048),#4052);
#4048 = LINE('',#4049,#4050);
#4049 = CARTESIAN_POINT('',(-0.,-5.));
#4050 = VECTOR('',#4051,1.);
#4051 = DIRECTION('',(-1.,0.));
#4052 = ( GEOMETRIC_REPRESENTATION_CONTEXT(2) 
PARAMETRIC_REPRESENTATION_CONTEXT() REPRESENTATION_CONTEXT('2D SPACE',''
  ) );
#4053 = PCURVE('',#2599,#4054);
#4054 = DEFINITIONAL_REPRESENTATION('',(#4055),#4059);
#4055 = LINE('',#4056,#4057);
#4056 = CARTESIAN_POINT('',(-37.63815031011,-25.92644289068));
#4057 = VECTOR('',#4058,1.);
#4058 = DIRECTION('',(0.784045824462,0.620702944366));
#4059 = ( GEOMETRIC_REPRESENTATION_CONTEXT(2) 
PARAMETRIC_REPRESENTATION_CONTEXT() REPRESENTATION_CONTEXT('2D SPACE',''
  ) );
#4060 = ORIENTED_EDGE('',*,*,#2829,.F.);
#4061 = ADVANCED_FACE('',(#4062),#2599,.T.);
#4062 = FACE_BOUND('',#4063,.F.);
#4063 = EDGE_LOOP('',(#4064,#4065,#4088,#4109,#4110));
#4064 = ORIENTED_EDGE('',*,*,#4040,.T.);
#4065 = ORIENTED_EDGE('',*,*,#4066,.T.);
#4066 = EDGE_CURVE('',#1456,#4067,#4069,.T.);
#4067 = VERTEX_POINT('',#4068);
#4068 = CARTESIAN_POINT('',(146.,-23.,-86.));
#4069 = SURFACE_CURVE('',#4070,(#4074,#4081),.PCURVE_S1.);
#4070 = LINE('',#4071,#4072);
#4071 = CARTESIAN_POINT('',(146.,-18.,-83.));
#4072 = VECTOR('',#4073,1.);
#4073 = DIRECTION('',(-0.,-0.857492925713,-0.514495755428));
#4074 = PCURVE('',#2599,#4075);
#4075 = DEFINITIONAL_REPRESENTATION('',(#4076),#4080);
#4076 = LINE('',#4077,#4078);
#4077 = CARTESIAN_POINT('',(34.361849689882,31.073557109318));
#4078 = VECTOR('',#4079,1.);
#4079 = DIRECTION('',(0.514495755428,-0.857492925713));
#4080 = ( GEOMETRIC_REPRESENTATION_CONTEXT(2) 
PARAMETRIC_REPRESENTATION_CONTEXT() REPRESENTATION_CONTEXT('2D SPACE',''
  ) );
#4081 = PCURVE('',#4000,#4082);
#4082 = DEFINITIONAL_REPRESENTATION('',(#4083),#4087);
#4083 = LINE('',#4084,#4085);
#4084 = CARTESIAN_POINT('',(-0.,-5.));
#4085 = VECTOR('',#4086,1.);
#4086 = DIRECTION('',(-1.,0.));
#4087 = ( GEOMETRIC_REPRESENTATION_CONTEXT(2) 
PARAMETRIC_REPRESENTATION_CONTEXT() REPRESENTATION_CONTEXT('2D SPACE',''
  ) );
#4088 = ORIENTED_EDGE('',*,*,#4089,.T.);
#4089 = EDGE_CURVE('',#4067,#3889,#4090,.T.);
#4090 = SURFACE_CURVE('',#4091,(#4095,#4102),.PCURVE_S1.);
#4091 = LINE('',#4092,#4093);
#4092 = CARTESIAN_POINT('',(146.,-23.,-86.));
#4093 = VECTOR('',#4094,1.);
#4094 = DIRECTION('',(-0.,-0.626033524232,0.779796144218));
#4095 = PCURVE('',#2599,#4096);
#4096 = DEFINITIONAL_REPRESENTATION('',(#4097),#4101);
#4097 = LINE('',#4098,#4099);
#4098 = CARTESIAN_POINT('',(37.361849689882,26.073557109318));
#4099 = VECTOR('',#4100,1.);
#4100 = DIRECTION('',(-0.779796144218,-0.626033524232));
#4101 = ( GEOMETRIC_REPRESENTATION_CONTEXT(2) 
PARAMETRIC_REPRESENTATION_CONTEXT() REPRESENTATION_CONTEXT('2D SPACE',''
  ) );
#4102 = PCURVE('',#3927,#4103);
#4103 = DEFINITIONAL_REPRESENTATION('',(#4104),#4108);
#4104 = LINE('',#4105,#4106);
#4105 = CARTESIAN_POINT('',(-0.,-5.));
#4106 = VECTOR('',#4107,1.);
#4107 = DIRECTION('',(-1.,0.));
#4108 = ( GEOMETRIC_REPRESENTATION_CONTEXT(2) 
PARAMETRIC_REPRESENTATION_CONTEXT() REPRESENTATION_CONTEXT('2D SPACE',''
  ) );
#4109 = ORIENTED_EDGE('',*,*,#3888,.T.);
#4110 = ORIENTED_EDGE('',*,*,#2583,.T.);
#4111 = ADVANCED_FACE('',(#4112),#2905,.F.);
#4112 = FACE_BOUND('',#4113,.T.);
#4113 = EDGE_LOOP('',(#4114,#4115,#4138,#4166,#4194,#4222,#4250,#4273,
    #4301,#4329,#4357,#4385,#4413,#4441,#4464,#4492,#4520,#4548,#4576,
    #4597,#4598));
#4114 = ORIENTED_EDGE('',*,*,#2887,.F.);
#4115 = ORIENTED_EDGE('',*,*,#4116,.F.);
#4116 = EDGE_CURVE('',#4117,#2888,#4119,.T.);
#4117 = VERTEX_POINT('',#4118);
#4118 = CARTESIAN_POINT('',(130.,-8.31705,-40.));
#4119 = SURFACE_CURVE('',#4120,(#4124,#4131),.PCURVE_S1.);
#4120 = LINE('',#4121,#4122);
#4121 = CARTESIAN_POINT('',(130.,-9.169509317162,-66.8483951337));
#4122 = VECTOR('',#4123,1.);
#4123 = DIRECTION('',(-0.,3.173485597322E-02,0.999496322613));
#4124 = PCURVE('',#2905,#4125);
#4125 = DEFINITIONAL_REPRESENTATION('',(#4126),#4130);
#4126 = LINE('',#4127,#4128);
#4127 = CARTESIAN_POINT('',(-30.15160486629,-4.669509317162));
#4128 = VECTOR('',#4129,1.);
#4129 = DIRECTION('',(-0.999496322613,3.173485597322E-02));
#4130 = ( GEOMETRIC_REPRESENTATION_CONTEXT(2) 
PARAMETRIC_REPRESENTATION_CONTEXT() REPRESENTATION_CONTEXT('2D SPACE',''
  ) );
#4131 = PCURVE('',#2933,#4132);
#4132 = DEFINITIONAL_REPRESENTATION('',(#4133),#4137);
#4133 = LINE('',#4134,#4135);
#4134 = CARTESIAN_POINT('',(-29.98823197908,-98.));
#4135 = VECTOR('',#4136,1.);
#4136 = DIRECTION('',(1.,-0.));
#4137 = ( GEOMETRIC_REPRESENTATION_CONTEXT(2) 
PARAMETRIC_REPRESENTATION_CONTEXT() REPRESENTATION_CONTEXT('2D SPACE',''
  ) );
#4138 = ORIENTED_EDGE('',*,*,#4139,.F.);
#4139 = EDGE_CURVE('',#4140,#4117,#4142,.T.);
#4140 = VERTEX_POINT('',#4141);
#4141 = CARTESIAN_POINT('',(130.,-8.377757778564,-43.22066501823));
#4142 = SURFACE_CURVE('',#4143,(#4147,#4154),.PCURVE_S1.);
#4143 = LINE('',#4144,#4145);
#4144 = CARTESIAN_POINT('',(130.,-8.853390786321,-68.45391561372));
#4145 = VECTOR('',#4146,1.);
#4146 = DIRECTION('',(-0.,1.884610671954E-02,0.999822396359));
#4147 = PCURVE('',#2905,#4148);
#4148 = DEFINITIONAL_REPRESENTATION('',(#4149),#4153);
#4149 = LINE('',#4150,#4151);
#4150 = CARTESIAN_POINT('',(-28.54608438627,-4.353390786321));
#4151 = VECTOR('',#4152,1.);
#4152 = DIRECTION('',(-0.999822396359,1.884610671954E-02));
#4153 = ( GEOMETRIC_REPRESENTATION_CONTEXT(2) 
PARAMETRIC_REPRESENTATION_CONTEXT() REPRESENTATION_CONTEXT('2D SPACE',''
  ) );
#4154 = PCURVE('',#4155,#4160);
#4155 = PLANE('',#4156);
#4156 = AXIS2_PLACEMENT_3D('',#4157,#4158,#4159);
#4157 = CARTESIAN_POINT('',(32.,-8.31705,-40.));
#4158 = DIRECTION('',(-0.,-0.999822396359,1.884610671954E-02));
#4159 = DIRECTION('',(0.,1.884610671954E-02,0.999822396359));
#4160 = DEFINITIONAL_REPRESENTATION('',(#4161),#4165);
#4161 = LINE('',#4162,#4163);
#4162 = CARTESIAN_POINT('',(-28.45897003041,-98.));
#4163 = VECTOR('',#4164,1.);
#4164 = DIRECTION('',(1.,-0.));
#4165 = ( GEOMETRIC_REPRESENTATION_CONTEXT(2) 
PARAMETRIC_REPRESENTATION_CONTEXT() REPRESENTATION_CONTEXT('2D SPACE',''
  ) );
#4166 = ORIENTED_EDGE('',*,*,#4167,.F.);
#4167 = EDGE_CURVE('',#4168,#4140,#4170,.T.);
#4168 = VERTEX_POINT('',#4169);
#4169 = CARTESIAN_POINT('',(130.,-8.400727768418,-46.52843498469));
#4170 = SURFACE_CURVE('',#4171,(#4175,#4182),.PCURVE_S1.);
#4171 = LINE('',#4172,#4173);
#4172 = CARTESIAN_POINT('',(130.,-8.564383921755,-70.09557246548));
#4173 = VECTOR('',#4174,1.);
#4174 = DIRECTION('',(-0.,6.944085069566E-03,0.999975889551));
#4175 = PCURVE('',#2905,#4176);
#4176 = DEFINITIONAL_REPRESENTATION('',(#4177),#4181);
#4177 = LINE('',#4178,#4179);
#4178 = CARTESIAN_POINT('',(-26.90442753451,-4.064383921755));
#4179 = VECTOR('',#4180,1.);
#4180 = DIRECTION('',(-0.999975889551,6.944085069566E-03));
#4181 = ( GEOMETRIC_REPRESENTATION_CONTEXT(2) 
PARAMETRIC_REPRESENTATION_CONTEXT() REPRESENTATION_CONTEXT('2D SPACE',''
  ) );
#4182 = PCURVE('',#4183,#4188);
#4183 = PLANE('',#4184);
#4184 = AXIS2_PLACEMENT_3D('',#4185,#4186,#4187);
#4185 = CARTESIAN_POINT('',(32.,-8.377757778564,-43.22066501823));
#4186 = DIRECTION('',(-0.,-0.999975889551,6.944085069566E-03));
#4187 = DIRECTION('',(0.,6.944085069566E-03,0.999975889551));
#4188 = DEFINITIONAL_REPRESENTATION('',(#4189),#4193);
#4189 = LINE('',#4190,#4191);
#4190 = CARTESIAN_POINT('',(-26.87555542897,-98.));
#4191 = VECTOR('',#4192,1.);
#4192 = DIRECTION('',(1.,-0.));
#4193 = ( GEOMETRIC_REPRESENTATION_CONTEXT(2) 
PARAMETRIC_REPRESENTATION_CONTEXT() REPRESENTATION_CONTEXT('2D SPACE',''
  ) );
#4194 = ORIENTED_EDGE('',*,*,#4195,.F.);
#4195 = EDGE_CURVE('',#4196,#4168,#4198,.T.);
#4196 = VERTEX_POINT('',#4197);
#4197 = CARTESIAN_POINT('',(130.,-8.387016841114,-49.91424353182));
#4198 = SURFACE_CURVE('',#4199,(#4203,#4210),.PCURVE_S1.);
#4199 = LINE('',#4200,#4201);
#4200 = CARTESIAN_POINT('',(130.,-8.298504447596,-71.77170158973));
#4201 = VECTOR('',#4202,1.);
#4202 = DIRECTION('',(-0.,-4.049495030438E-03,0.999991800761));
#4203 = PCURVE('',#2905,#4204);
#4204 = DEFINITIONAL_REPRESENTATION('',(#4205),#4209);
#4205 = LINE('',#4206,#4207);
#4206 = CARTESIAN_POINT('',(-25.22829841026,-3.798504447596));
#4207 = VECTOR('',#4208,1.);
#4208 = DIRECTION('',(-0.999991800761,-4.049495030438E-03));
#4209 = ( GEOMETRIC_REPRESENTATION_CONTEXT(2) 
PARAMETRIC_REPRESENTATION_CONTEXT() REPRESENTATION_CONTEXT('2D SPACE',''
  ) );
#4210 = PCURVE('',#4211,#4216);
#4211 = PLANE('',#4212);
#4212 = AXIS2_PLACEMENT_3D('',#4213,#4214,#4215);
#4213 = CARTESIAN_POINT('',(32.,-8.400727768418,-46.52843498469));
#4214 = DIRECTION('',(-0.,-0.999991800761,-4.049495030438E-03));
#4215 = DIRECTION('',(-0.,-4.049495030438E-03,0.999991800761));
#4216 = DEFINITIONAL_REPRESENTATION('',(#4217),#4221);
#4217 = LINE('',#4218,#4219);
#4218 = CARTESIAN_POINT('',(-25.2434735823,-98.));
#4219 = VECTOR('',#4220,1.);
#4220 = DIRECTION('',(1.,-0.));
#4221 = ( GEOMETRIC_REPRESENTATION_CONTEXT(2) 
PARAMETRIC_REPRESENTATION_CONTEXT() REPRESENTATION_CONTEXT('2D SPACE',''
  ) );
#4222 = ORIENTED_EDGE('',*,*,#4223,.F.);
#4223 = EDGE_CURVE('',#4224,#4196,#4226,.T.);
#4224 = VERTEX_POINT('',#4225);
#4225 = CARTESIAN_POINT('',(130.,-8.337947025561,-53.36881039375));
#4226 = SURFACE_CURVE('',#4227,(#4231,#4238),.PCURVE_S1.);
#4227 = LINE('',#4228,#4229);
#4228 = CARTESIAN_POINT('',(130.,-8.052281385156,-73.47997331164));
#4229 = VECTOR('',#4230,1.);
#4230 = DIRECTION('',(-0.,-1.420289953121E-02,0.999899133735));
#4231 = PCURVE('',#2905,#4232);
#4232 = DEFINITIONAL_REPRESENTATION('',(#4233),#4237);
#4233 = LINE('',#4234,#4235);
#4234 = CARTESIAN_POINT('',(-23.52002668835,-3.552281385156));
#4235 = VECTOR('',#4236,1.);
#4236 = DIRECTION('',(-0.999899133735,-1.420289953121E-02));
#4237 = ( GEOMETRIC_REPRESENTATION_CONTEXT(2) 
PARAMETRIC_REPRESENTATION_CONTEXT() REPRESENTATION_CONTEXT('2D SPACE',''
  ) );
#4238 = PCURVE('',#4239,#4244);
#4239 = PLANE('',#4240);
#4240 = AXIS2_PLACEMENT_3D('',#4241,#4242,#4243);
#4241 = CARTESIAN_POINT('',(32.,-8.387016841114,-49.91424353182));
#4242 = DIRECTION('',(-0.,-0.999899133735,-1.420289953121E-02));
#4243 = DIRECTION('',(-0.,-1.420289953121E-02,0.999899133735));
#4244 = DEFINITIONAL_REPRESENTATION('',(#4245),#4249);
#4245 = LINE('',#4246,#4247);
#4246 = CARTESIAN_POINT('',(-23.56810700673,-98.));
#4247 = VECTOR('',#4248,1.);
#4248 = DIRECTION('',(1.,-0.));
#4249 = ( GEOMETRIC_REPRESENTATION_CONTEXT(2) 
PARAMETRIC_REPRESENTATION_CONTEXT() REPRESENTATION_CONTEXT('2D SPACE',''
  ) );
#4250 = ORIENTED_EDGE('',*,*,#4251,.F.);
#4251 = EDGE_CURVE('',#4252,#4224,#4254,.T.);
#4252 = VERTEX_POINT('',#4253);
#4253 = CARTESIAN_POINT('',(130.,-8.255076571138,-56.88266684282));
#4254 = SURFACE_CURVE('',#4255,(#4259,#4266),.PCURVE_S1.);
#4255 = LINE('',#4256,#4257);
#4256 = CARTESIAN_POINT('',(130.,-7.822669387801,-75.21750982614));
#4257 = VECTOR('',#4258,1.);
#4258 = DIRECTION('',(-0.,-2.357734840245E-02,0.999722015684));
#4259 = PCURVE('',#2905,#4260);
#4260 = DEFINITIONAL_REPRESENTATION('',(#4261),#4265);
#4261 = LINE('',#4262,#4263);
#4262 = CARTESIAN_POINT('',(-21.78249017385,-3.322669387801));
#4263 = VECTOR('',#4264,1.);
#4264 = DIRECTION('',(-0.999722015684,-2.357734840245E-02));
#4265 = ( GEOMETRIC_REPRESENTATION_CONTEXT(2) 
PARAMETRIC_REPRESENTATION_CONTEXT() REPRESENTATION_CONTEXT('2D SPACE',''
  ) );
#4266 = PCURVE('',#3259,#4267);
#4267 = DEFINITIONAL_REPRESENTATION('',(#4268),#4272);
#4268 = LINE('',#4269,#4270);
#4269 = CARTESIAN_POINT('',(-21.85477471699,-98.));
#4270 = VECTOR('',#4271,1.);
#4271 = DIRECTION('',(1.,-0.));
#4272 = ( GEOMETRIC_REPRESENTATION_CONTEXT(2) 
PARAMETRIC_REPRESENTATION_CONTEXT() REPRESENTATION_CONTEXT('2D SPACE',''
  ) );
#4273 = ORIENTED_EDGE('',*,*,#4274,.F.);
#4274 = EDGE_CURVE('',#4275,#4252,#4277,.T.);
#4275 = VERTEX_POINT('',#4276);
#4276 = CARTESIAN_POINT('',(130.,-8.140167721403,-60.44618164275));
#4277 = SURFACE_CURVE('',#4278,(#4282,#4289),.PCURVE_S1.);
#4278 = LINE('',#4279,#4280);
#4279 = CARTESIAN_POINT('',(130.,-7.606987825792,-76.98097816554));
#4280 = VECTOR('',#4281,1.);
#4281 = DIRECTION('',(-0.,-3.222917866762E-02,0.999480505084));
#4282 = PCURVE('',#2905,#4283);
#4283 = DEFINITIONAL_REPRESENTATION('',(#4284),#4288);
#4284 = LINE('',#4285,#4286);
#4285 = CARTESIAN_POINT('',(-20.01902183445,-3.106987825792));
#4286 = VECTOR('',#4287,1.);
#4287 = DIRECTION('',(-0.999480505084,-3.222917866762E-02));
#4288 = ( GEOMETRIC_REPRESENTATION_CONTEXT(2) 
PARAMETRIC_REPRESENTATION_CONTEXT() REPRESENTATION_CONTEXT('2D SPACE',''
  ) );
#4289 = PCURVE('',#4290,#4295);
#4290 = PLANE('',#4291);
#4291 = AXIS2_PLACEMENT_3D('',#4292,#4293,#4294);
#4292 = CARTESIAN_POINT('',(32.,-8.255076571138,-56.88266684282));
#4293 = DIRECTION('',(-0.,-0.999480505084,-3.222917866762E-02));
#4294 = DIRECTION('',(-0.,-3.222917866762E-02,0.999480505084));
#4295 = DEFINITIONAL_REPRESENTATION('',(#4296),#4300);
#4296 = LINE('',#4297,#4298);
#4297 = CARTESIAN_POINT('',(-20.10875772013,-98.));
#4298 = VECTOR('',#4299,1.);
#4299 = DIRECTION('',(1.,-0.));
#4300 = ( GEOMETRIC_REPRESENTATION_CONTEXT(2) 
PARAMETRIC_REPRESENTATION_CONTEXT() REPRESENTATION_CONTEXT('2D SPACE',''
  ) );
#4301 = ORIENTED_EDGE('',*,*,#4302,.F.);
#4302 = EDGE_CURVE('',#4303,#4275,#4305,.T.);
#4303 = VERTEX_POINT('',#4304);
#4304 = CARTESIAN_POINT('',(130.,-7.995152522624,-64.04958744718));
#4305 = SURFACE_CURVE('',#4306,(#4310,#4317),.PCURVE_S1.);
#4306 = LINE('',#4307,#4308);
#4307 = CARTESIAN_POINT('',(130.,-7.402879462358,-78.76666676811));
#4308 = VECTOR('',#4309,1.);
#4309 = DIRECTION('',(-0.,-4.021137715166E-02,0.999191195491));
#4310 = PCURVE('',#2905,#4311);
#4311 = DEFINITIONAL_REPRESENTATION('',(#4312),#4316);
#4312 = LINE('',#4313,#4314);
#4313 = CARTESIAN_POINT('',(-18.23333323188,-2.902879462358));
#4314 = VECTOR('',#4315,1.);
#4315 = DIRECTION('',(-0.999191195491,-4.021137715166E-02));
#4316 = ( GEOMETRIC_REPRESENTATION_CONTEXT(2) 
PARAMETRIC_REPRESENTATION_CONTEXT() REPRESENTATION_CONTEXT('2D SPACE',''
  ) );
#4317 = PCURVE('',#4318,#4323);
#4318 = PLANE('',#4319);
#4319 = AXIS2_PLACEMENT_3D('',#4320,#4321,#4322);
#4320 = CARTESIAN_POINT('',(32.,-8.140167721403,-60.44618164275));
#4321 = DIRECTION('',(-0.,-0.999191195491,-4.021137715166E-02));
#4322 = DIRECTION('',(-0.,-4.021137715166E-02,0.999191195491));
#4323 = DEFINITIONAL_REPRESENTATION('',(#4324),#4328);
#4324 = LINE('',#4325,#4326);
#4325 = CARTESIAN_POINT('',(-18.33531481064,-98.));
#4326 = VECTOR('',#4327,1.);
#4327 = DIRECTION('',(1.,-0.));
#4328 = ( GEOMETRIC_REPRESENTATION_CONTEXT(2) 
PARAMETRIC_REPRESENTATION_CONTEXT() REPRESENTATION_CONTEXT('2D SPACE',''
  ) );
#4329 = ORIENTED_EDGE('',*,*,#4330,.F.);
#4330 = EDGE_CURVE('',#4331,#4303,#4333,.T.);
#4331 = VERTEX_POINT('',#4332);
#4332 = CARTESIAN_POINT('',(130.,-7.82209798814,-67.68300757126));
#4333 = SURFACE_CURVE('',#4334,(#4338,#4345),.PCURVE_S1.);
#4334 = LINE('',#4335,#4336);
#4335 = CARTESIAN_POINT('',(130.,-7.208282982824,-80.57055079235));
#4336 = VECTOR('',#4337,1.);
#4337 = DIRECTION('',(-0.,-4.757462022794E-02,0.998867686688));
#4338 = PCURVE('',#2905,#4339);
#4339 = DEFINITIONAL_REPRESENTATION('',(#4340),#4344);
#4340 = LINE('',#4341,#4342);
#4341 = CARTESIAN_POINT('',(-16.42944920764,-2.708282982824));
#4342 = VECTOR('',#4343,1.);
#4343 = DIRECTION('',(-0.998867686688,-4.757462022794E-02));
#4344 = ( GEOMETRIC_REPRESENTATION_CONTEXT(2) 
PARAMETRIC_REPRESENTATION_CONTEXT() REPRESENTATION_CONTEXT('2D SPACE',''
  ) );
#4345 = PCURVE('',#4346,#4351);
#4346 = PLANE('',#4347);
#4347 = AXIS2_PLACEMENT_3D('',#4348,#4349,#4350);
#4348 = CARTESIAN_POINT('',(32.,-7.995152522624,-64.04958744718));
#4349 = DIRECTION('',(-0.,-0.998867686688,-4.757462022794E-02));
#4350 = DIRECTION('',(-0.,-4.757462022794E-02,0.998867686688));
#4351 = DEFINITIONAL_REPRESENTATION('',(#4352),#4356);
#4352 = LINE('',#4353,#4354);
#4353 = CARTESIAN_POINT('',(-16.53969145798,-98.));
#4354 = VECTOR('',#4355,1.);
#4355 = DIRECTION('',(1.,-0.));
#4356 = ( GEOMETRIC_REPRESENTATION_CONTEXT(2) 
PARAMETRIC_REPRESENTATION_CONTEXT() REPRESENTATION_CONTEXT('2D SPACE',''
  ) );
#4357 = ORIENTED_EDGE('',*,*,#4358,.F.);
#4358 = EDGE_CURVE('',#4359,#4331,#4361,.T.);
#4359 = VERTEX_POINT('',#4360);
#4360 = CARTESIAN_POINT('',(130.,-7.623171882263,-71.33648306299));
#4361 = SURFACE_CURVE('',#4362,(#4366,#4373),.PCURVE_S1.);
#4362 = LINE('',#4363,#4364);
#4363 = CARTESIAN_POINT('',(130.,-7.021414806425,-82.38834937719));
#4364 = VECTOR('',#4365,1.);
#4365 = DIRECTION('',(-0.,-5.436792685412E-02,0.998520970501));
#4366 = PCURVE('',#2905,#4367);
#4367 = DEFINITIONAL_REPRESENTATION('',(#4368),#4372);
#4368 = LINE('',#4369,#4370);
#4369 = CARTESIAN_POINT('',(-14.6116506228,-2.521414806425));
#4370 = VECTOR('',#4371,1.);
#4371 = DIRECTION('',(-0.998520970501,-5.436792685412E-02));
#4372 = ( GEOMETRIC_REPRESENTATION_CONTEXT(2) 
PARAMETRIC_REPRESENTATION_CONTEXT() REPRESENTATION_CONTEXT('2D SPACE',''
  ) );
#4373 = PCURVE('',#4374,#4379);
#4374 = PLANE('',#4375);
#4375 = AXIS2_PLACEMENT_3D('',#4376,#4377,#4378);
#4376 = CARTESIAN_POINT('',(32.,-7.82209798814,-67.68300757126));
#4377 = DIRECTION('',(-0.,-0.998520970501,-5.436792685412E-02));
#4378 = DIRECTION('',(-0.,-5.436792685412E-02,0.998520970501));
#4379 = DEFINITIONAL_REPRESENTATION('',(#4380),#4384);
#4380 = LINE('',#4381,#4382);
#4381 = CARTESIAN_POINT('',(-14.72712365626,-98.));
#4382 = VECTOR('',#4383,1.);
#4383 = DIRECTION('',(1.,-0.));
#4384 = ( GEOMETRIC_REPRESENTATION_CONTEXT(2) 
PARAMETRIC_REPRESENTATION_CONTEXT() REPRESENTATION_CONTEXT('2D SPACE',''
  ) );
#4385 = ORIENTED_EDGE('',*,*,#4386,.F.);
#4386 = EDGE_CURVE('',#4387,#4359,#4389,.T.);
#4387 = VERTEX_POINT('',#4388);
#4388 = CARTESIAN_POINT('',(130.,-7.40061028008,-75.));
#4389 = SURFACE_CURVE('',#4390,(#4394,#4401),.PCURVE_S1.);
#4390 = LINE('',#4391,#4392);
#4391 = CARTESIAN_POINT('',(130.,-6.840756574679,-84.21557677453));
#4392 = VECTOR('',#4393,1.);
#4393 = DIRECTION('',(-0.,-6.063900882683E-02,0.998159762066));
#4394 = PCURVE('',#2905,#4395);
#4395 = DEFINITIONAL_REPRESENTATION('',(#4396),#4400);
#4396 = LINE('',#4397,#4398);
#4397 = CARTESIAN_POINT('',(-12.78442322546,-2.340756574679));
#4398 = VECTOR('',#4399,1.);
#4399 = DIRECTION('',(-0.998159762066,-6.063900882683E-02));
#4400 = ( GEOMETRIC_REPRESENTATION_CONTEXT(2) 
PARAMETRIC_REPRESENTATION_CONTEXT() REPRESENTATION_CONTEXT('2D SPACE',''
  ) );
#4401 = PCURVE('',#4402,#4407);
#4402 = PLANE('',#4403);
#4403 = AXIS2_PLACEMENT_3D('',#4404,#4405,#4406);
#4404 = CARTESIAN_POINT('',(32.,-7.623171882263,-71.33648306299));
#4405 = DIRECTION('',(-0.,-0.998159762066,-6.063900882683E-02));
#4406 = DIRECTION('',(-0.,-6.063900882683E-02,0.998159762066));
#4407 = DEFINITIONAL_REPRESENTATION('',(#4408),#4412);
#4408 = LINE('',#4409,#4410);
#4409 = CARTESIAN_POINT('',(-12.90283800348,-98.));
#4410 = VECTOR('',#4411,1.);
#4411 = DIRECTION('',(1.,-0.));
#4412 = ( GEOMETRIC_REPRESENTATION_CONTEXT(2) 
PARAMETRIC_REPRESENTATION_CONTEXT() REPRESENTATION_CONTEXT('2D SPACE',''
  ) );
#4413 = ORIENTED_EDGE('',*,*,#4414,.F.);
#4414 = EDGE_CURVE('',#4415,#4387,#4417,.T.);
#4415 = VERTEX_POINT('',#4416);
#4416 = CARTESIAN_POINT('',(130.,-7.156687907998,-78.663516937));
#4417 = SURFACE_CURVE('',#4418,(#4422,#4429),.PCURVE_S1.);
#4418 = LINE('',#4419,#4420);
#4419 = CARTESIAN_POINT('',(130.,-6.66504551218,-86.04758847031));
#4420 = VECTOR('',#4421,1.);
#4421 = DIRECTION('',(-0.,-6.643438585429E-02,0.997790795897));
#4422 = PCURVE('',#2905,#4423);
#4423 = DEFINITIONAL_REPRESENTATION('',(#4424),#4428);
#4424 = LINE('',#4425,#4426);
#4425 = CARTESIAN_POINT('',(-10.95241152968,-2.16504551218));
#4426 = VECTOR('',#4427,1.);
#4427 = DIRECTION('',(-0.997790795897,-6.643438585429E-02));
#4428 = ( GEOMETRIC_REPRESENTATION_CONTEXT(2) 
PARAMETRIC_REPRESENTATION_CONTEXT() REPRESENTATION_CONTEXT('2D SPACE',''
  ) );
#4429 = PCURVE('',#4430,#4435);
#4430 = PLANE('',#4431);
#4431 = AXIS2_PLACEMENT_3D('',#4432,#4433,#4434);
#4432 = CARTESIAN_POINT('',(32.,-7.40061028008,-75.));
#4433 = DIRECTION('',(-0.,-0.997790795897,-6.643438585429E-02));
#4434 = DIRECTION('',(-0.,-6.643438585429E-02,0.997790795897));
#4435 = DEFINITIONAL_REPRESENTATION('',(#4436),#4440);
#4436 = LINE('',#4437,#4438);
#4437 = CARTESIAN_POINT('',(-11.07204888614,-98.));
#4438 = VECTOR('',#4439,1.);
#4439 = DIRECTION('',(1.,-0.));
#4440 = ( GEOMETRIC_REPRESENTATION_CONTEXT(2) 
PARAMETRIC_REPRESENTATION_CONTEXT() REPRESENTATION_CONTEXT('2D SPACE',''
  ) );
#4441 = ORIENTED_EDGE('',*,*,#4442,.F.);
#4442 = EDGE_CURVE('',#4443,#4415,#4445,.T.);
#4443 = VERTEX_POINT('',#4444);
#4444 = CARTESIAN_POINT('',(130.,-6.893692082141,-82.31699242873));
#4445 = SURFACE_CURVE('',#4446,(#4450,#4457),.PCURVE_S1.);
#4446 = LINE('',#4447,#4448);
#4447 = CARTESIAN_POINT('',(130.,-6.493265528531,-87.87962291949));
#4448 = VECTOR('',#4449,1.);
#4449 = DIRECTION('',(-0.,-7.179932096371E-02,0.997419098228));
#4450 = PCURVE('',#2905,#4451);
#4451 = DEFINITIONAL_REPRESENTATION('',(#4452),#4456);
#4452 = LINE('',#4453,#4454);
#4453 = CARTESIAN_POINT('',(-9.120377080505,-1.993265528531));
#4454 = VECTOR('',#4455,1.);
#4455 = DIRECTION('',(-0.997419098228,-7.179932096371E-02));
#4456 = ( GEOMETRIC_REPRESENTATION_CONTEXT(2) 
PARAMETRIC_REPRESENTATION_CONTEXT() REPRESENTATION_CONTEXT('2D SPACE',''
  ) );
#4457 = PCURVE('',#3408,#4458);
#4458 = DEFINITIONAL_REPRESENTATION('',(#4459),#4463);
#4459 = LINE('',#4460,#4461);
#4460 = CARTESIAN_POINT('',(-9.239953394582,-98.));
#4461 = VECTOR('',#4462,1.);
#4462 = DIRECTION('',(1.,-0.));
#4463 = ( GEOMETRIC_REPRESENTATION_CONTEXT(2) 
PARAMETRIC_REPRESENTATION_CONTEXT() REPRESENTATION_CONTEXT('2D SPACE',''
  ) );
#4464 = ORIENTED_EDGE('',*,*,#4465,.F.);
#4465 = EDGE_CURVE('',#4466,#4443,#4468,.T.);
#4466 = VERTEX_POINT('',#4467);
#4467 = CARTESIAN_POINT('',(130.,-6.613900846731,-85.95041255281));
#4468 = SURFACE_CURVE('',#4469,(#4473,#4480),.PCURVE_S1.);
#4469 = LINE('',#4470,#4471);
#4470 = CARTESIAN_POINT('',(130.,-6.324637499908,-89.70683924706));
#4471 = VECTOR('',#4472,1.);
#4472 = DIRECTION('',(-0.,-7.677762269008E-02,0.997048241889));
#4473 = PCURVE('',#2905,#4474);
#4474 = DEFINITIONAL_REPRESENTATION('',(#4475),#4479);
#4475 = LINE('',#4476,#4477);
#4476 = CARTESIAN_POINT('',(-7.293160752939,-1.824637499908));
#4477 = VECTOR('',#4478,1.);
#4478 = DIRECTION('',(-0.997048241889,-7.677762269008E-02));
#4479 = ( GEOMETRIC_REPRESENTATION_CONTEXT(2) 
PARAMETRIC_REPRESENTATION_CONTEXT() REPRESENTATION_CONTEXT('2D SPACE',''
  ) );
#4480 = PCURVE('',#4481,#4486);
#4481 = PLANE('',#4482);
#4482 = AXIS2_PLACEMENT_3D('',#4483,#4484,#4485);
#4483 = CARTESIAN_POINT('',(32.,-6.893692082141,-82.31699242873));
#4484 = DIRECTION('',(-0.,-0.997048241889,-7.677762269008E-02));
#4485 = DIRECTION('',(-0.,-7.677762269008E-02,0.997048241889));
#4486 = DEFINITIONAL_REPRESENTATION('',(#4487),#4491);
#4487 = LINE('',#4488,#4489);
#4488 = CARTESIAN_POINT('',(-7.411724436046,-98.));
#4489 = VECTOR('',#4490,1.);
#4490 = DIRECTION('',(1.,-0.));
#4491 = ( GEOMETRIC_REPRESENTATION_CONTEXT(2) 
PARAMETRIC_REPRESENTATION_CONTEXT() REPRESENTATION_CONTEXT('2D SPACE',''
  ) );
#4492 = ORIENTED_EDGE('',*,*,#4493,.F.);
#4493 = EDGE_CURVE('',#4494,#4466,#4496,.T.);
#4494 = VERTEX_POINT('',#4495);
#4495 = CARTESIAN_POINT('',(130.,-6.319565682663,-89.55381835724));
#4496 = SURFACE_CURVE('',#4497,(#4501,#4508),.PCURVE_S1.);
#4497 = LINE('',#4498,#4499);
#4498 = CARTESIAN_POINT('',(130.,-6.158607655492,-91.52435113817));
#4499 = VECTOR('',#4500,1.);
#4500 = DIRECTION('',(-0.,-8.141135355662E-02,0.996680586503));
#4501 = PCURVE('',#2905,#4502);
#4502 = DEFINITIONAL_REPRESENTATION('',(#4503),#4507);
#4503 = LINE('',#4504,#4505);
#4504 = CARTESIAN_POINT('',(-5.47564886183,-1.658607655492));
#4505 = VECTOR('',#4506,1.);
#4506 = DIRECTION('',(-0.996680586503,-8.141135355662E-02));
#4507 = ( GEOMETRIC_REPRESENTATION_CONTEXT(2) 
PARAMETRIC_REPRESENTATION_CONTEXT() REPRESENTATION_CONTEXT('2D SPACE',''
  ) );
#4508 = PCURVE('',#4509,#4514);
#4509 = PLANE('',#4510);
#4510 = AXIS2_PLACEMENT_3D('',#4511,#4512,#4513);
#4511 = CARTESIAN_POINT('',(32.,-6.613900846731,-85.95041255281));
#4512 = DIRECTION('',(-0.,-0.996680586503,-8.141135355662E-02));
#4513 = DIRECTION('',(-0.,-8.141135355662E-02,0.996680586503));
#4514 = DEFINITIONAL_REPRESENTATION('',(#4515),#4519);
#4515 = LINE('',#4516,#4517);
#4516 = CARTESIAN_POINT('',(-5.592502413346,-98.));
#4517 = VECTOR('',#4518,1.);
#4518 = DIRECTION('',(1.,-0.));
#4519 = ( GEOMETRIC_REPRESENTATION_CONTEXT(2) 
PARAMETRIC_REPRESENTATION_CONTEXT() REPRESENTATION_CONTEXT('2D SPACE',''
  ) );
#4520 = ORIENTED_EDGE('',*,*,#4521,.F.);
#4521 = EDGE_CURVE('',#4522,#4494,#4524,.T.);
#4522 = VERTEX_POINT('',#4523);
#4523 = CARTESIAN_POINT('',(130.,-6.012898918185,-93.11733315717));
#4524 = SURFACE_CURVE('',#4525,(#4529,#4536),.PCURVE_S1.);
#4525 = LINE('',#4526,#4527);
#4526 = CARTESIAN_POINT('',(130.,-5.994833412586,-93.32725710077));
#4527 = VECTOR('',#4528,1.);
#4528 = DIRECTION('',(-0.,-8.574047891734E-02,0.996317504752));
#4529 = PCURVE('',#2905,#4530);
#4530 = DEFINITIONAL_REPRESENTATION('',(#4531),#4535);
#4531 = LINE('',#4532,#4533);
#4532 = CARTESIAN_POINT('',(-3.672742899224,-1.494833412586));
#4533 = VECTOR('',#4534,1.);
#4534 = DIRECTION('',(-0.996317504752,-8.574047891734E-02));
#4535 = ( GEOMETRIC_REPRESENTATION_CONTEXT(2) 
PARAMETRIC_REPRESENTATION_CONTEXT() REPRESENTATION_CONTEXT('2D SPACE',''
  ) );
#4536 = PCURVE('',#4537,#4542);
#4537 = PLANE('',#4538);
#4538 = AXIS2_PLACEMENT_3D('',#4539,#4540,#4541);
#4539 = CARTESIAN_POINT('',(32.,-6.319565682663,-89.55381835724));
#4540 = DIRECTION('',(-0.,-0.996317504752,-8.574047891734E-02));
#4541 = DIRECTION('',(-0.,-8.574047891734E-02,0.996317504752));
#4542 = DEFINITIONAL_REPRESENTATION('',(#4543),#4547);
#4543 = LINE('',#4544,#4545);
#4544 = CARTESIAN_POINT('',(-3.787385773647,-98.));
#4545 = VECTOR('',#4546,1.);
#4546 = DIRECTION('',(1.,-0.));
#4547 = ( GEOMETRIC_REPRESENTATION_CONTEXT(2) 
PARAMETRIC_REPRESENTATION_CONTEXT() REPRESENTATION_CONTEXT('2D SPACE',''
  ) );
#4548 = ORIENTED_EDGE('',*,*,#4549,.F.);
#4549 = EDGE_CURVE('',#4550,#4522,#4552,.T.);
#4550 = VERTEX_POINT('',#4551);
#4551 = CARTESIAN_POINT('',(130.,-5.696065739691,-96.63118960624));
#4552 = SURFACE_CURVE('',#4553,(#4557,#4564),.PCURVE_S1.);
#4553 = LINE('',#4554,#4555);
#4554 = CARTESIAN_POINT('',(130.,-5.833166365181,-95.11066729435));
#4555 = VECTOR('',#4556,1.);
#4556 = DIRECTION('',(-0.,-8.98024858149E-02,0.995959594332));
#4557 = PCURVE('',#2905,#4558);
#4558 = DEFINITIONAL_REPRESENTATION('',(#4559),#4563);
#4559 = LINE('',#4560,#4561);
#4560 = CARTESIAN_POINT('',(-1.889332705647,-1.333166365181));
#4561 = VECTOR('',#4562,1.);
#4562 = DIRECTION('',(-0.995959594332,-8.98024858149E-02));
#4563 = ( GEOMETRIC_REPRESENTATION_CONTEXT(2) 
PARAMETRIC_REPRESENTATION_CONTEXT() REPRESENTATION_CONTEXT('2D SPACE',''
  ) );
#4564 = PCURVE('',#4565,#4570);
#4565 = PLANE('',#4566);
#4566 = AXIS2_PLACEMENT_3D('',#4567,#4568,#4569);
#4567 = CARTESIAN_POINT('',(32.,-6.012898918185,-93.11733315717));
#4568 = DIRECTION('',(-0.,-0.995959594332,-8.98024858149E-02));
#4569 = DIRECTION('',(-0.,-8.98024858149E-02,0.995959594332));
#4570 = DEFINITIONAL_REPRESENTATION('',(#4571),#4575);
#4571 = LINE('',#4572,#4573);
#4572 = CARTESIAN_POINT('',(-2.001420688672,-98.));
#4573 = VECTOR('',#4574,1.);
#4574 = DIRECTION('',(1.,-0.));
#4575 = ( GEOMETRIC_REPRESENTATION_CONTEXT(2) 
PARAMETRIC_REPRESENTATION_CONTEXT() REPRESENTATION_CONTEXT('2D SPACE',''
  ) );
#4576 = ORIENTED_EDGE('',*,*,#4577,.F.);
#4577 = EDGE_CURVE('',#3470,#4550,#4578,.T.);
#4578 = SURFACE_CURVE('',#4579,(#4583,#4590),.PCURVE_S1.);
#4579 = LINE('',#4580,#4581);
#4580 = CARTESIAN_POINT('',(130.,-5.67363244054,-96.86972715102));
#4581 = VECTOR('',#4582,1.);
#4582 = DIRECTION('',(-0.,-9.363199775946E-02,0.995606874723));
#4583 = PCURVE('',#2905,#4584);
#4584 = DEFINITIONAL_REPRESENTATION('',(#4585),#4589);
#4585 = LINE('',#4586,#4587);
#4586 = CARTESIAN_POINT('',(-0.130272848977,-1.17363244054));
#4587 = VECTOR('',#4588,1.);
#4588 = DIRECTION('',(-0.995606874723,-9.363199775946E-02));
#4589 = ( GEOMETRIC_REPRESENTATION_CONTEXT(2) 
PARAMETRIC_REPRESENTATION_CONTEXT() REPRESENTATION_CONTEXT('2D SPACE',''
  ) );
#4590 = PCURVE('',#3510,#4591);
#4591 = DEFINITIONAL_REPRESENTATION('',(#4592),#4596);
#4592 = LINE('',#4593,#4594);
#4593 = CARTESIAN_POINT('',(-0.239590094075,-98.));
#4594 = VECTOR('',#4595,1.);
#4595 = DIRECTION('',(1.,-0.));
#4596 = ( GEOMETRIC_REPRESENTATION_CONTEXT(2) 
PARAMETRIC_REPRESENTATION_CONTEXT() REPRESENTATION_CONTEXT('2D SPACE',''
  ) );
#4597 = ORIENTED_EDGE('',*,*,#3469,.T.);
#4598 = ORIENTED_EDGE('',*,*,#3767,.T.);
#4599 = ADVANCED_FACE('',(#4600),#2961,.T.);
#4600 = FACE_BOUND('',#4601,.F.);
#4601 = EDGE_LOOP('',(#4602,#4603,#4626,#4649,#4672,#4695,#4718,#4741,
    #4769,#4797,#4825,#4853,#4881,#4909,#4932,#4955,#4978,#5001,#5024,
    #5045,#5046));
#4602 = ORIENTED_EDGE('',*,*,#2945,.F.);
#4603 = ORIENTED_EDGE('',*,*,#4604,.F.);
#4604 = EDGE_CURVE('',#4605,#2918,#4607,.T.);
#4605 = VERTEX_POINT('',#4606);
#4606 = CARTESIAN_POINT('',(160.,-8.31705,-40.));
#4607 = SURFACE_CURVE('',#4608,(#4612,#4619),.PCURVE_S1.);
#4608 = LINE('',#4609,#4610);
#4609 = CARTESIAN_POINT('',(160.,-9.169509317162,-66.8483951337));
#4610 = VECTOR('',#4611,1.);
#4611 = DIRECTION('',(-0.,3.173485597322E-02,0.999496322613));
#4612 = PCURVE('',#2961,#4613);
#4613 = DEFINITIONAL_REPRESENTATION('',(#4614),#4618);
#4614 = LINE('',#4615,#4616);
#4615 = CARTESIAN_POINT('',(-30.15160486629,-4.669509317162));
#4616 = VECTOR('',#4617,1.);
#4617 = DIRECTION('',(-0.999496322613,3.173485597322E-02));
#4618 = ( GEOMETRIC_REPRESENTATION_CONTEXT(2) 
PARAMETRIC_REPRESENTATION_CONTEXT() REPRESENTATION_CONTEXT('2D SPACE',''
  ) );
#4619 = PCURVE('',#2933,#4620);
#4620 = DEFINITIONAL_REPRESENTATION('',(#4621),#4625);
#4621 = LINE('',#4622,#4623);
#4622 = CARTESIAN_POINT('',(-29.98823197908,-128.));
#4623 = VECTOR('',#4624,1.);
#4624 = DIRECTION('',(1.,-0.));
#4625 = ( GEOMETRIC_REPRESENTATION_CONTEXT(2) 
PARAMETRIC_REPRESENTATION_CONTEXT() REPRESENTATION_CONTEXT('2D SPACE',''
  ) );
#4626 = ORIENTED_EDGE('',*,*,#4627,.F.);
#4627 = EDGE_CURVE('',#4628,#4605,#4630,.T.);
#4628 = VERTEX_POINT('',#4629);
#4629 = CARTESIAN_POINT('',(160.,-8.377757778564,-43.22066501823));
#4630 = SURFACE_CURVE('',#4631,(#4635,#4642),.PCURVE_S1.);
#4631 = LINE('',#4632,#4633);
#4632 = CARTESIAN_POINT('',(160.,-8.853390786321,-68.45391561372));
#4633 = VECTOR('',#4634,1.);
#4634 = DIRECTION('',(-0.,1.884610671954E-02,0.999822396359));
#4635 = PCURVE('',#2961,#4636);
#4636 = DEFINITIONAL_REPRESENTATION('',(#4637),#4641);
#4637 = LINE('',#4638,#4639);
#4638 = CARTESIAN_POINT('',(-28.54608438627,-4.353390786321));
#4639 = VECTOR('',#4640,1.);
#4640 = DIRECTION('',(-0.999822396359,1.884610671954E-02));
#4641 = ( GEOMETRIC_REPRESENTATION_CONTEXT(2) 
PARAMETRIC_REPRESENTATION_CONTEXT() REPRESENTATION_CONTEXT('2D SPACE',''
  ) );
#4642 = PCURVE('',#4155,#4643);
#4643 = DEFINITIONAL_REPRESENTATION('',(#4644),#4648);
#4644 = LINE('',#4645,#4646);
#4645 = CARTESIAN_POINT('',(-28.45897003041,-128.));
#4646 = VECTOR('',#4647,1.);
#4647 = DIRECTION('',(1.,-0.));
#4648 = ( GEOMETRIC_REPRESENTATION_CONTEXT(2) 
PARAMETRIC_REPRESENTATION_CONTEXT() REPRESENTATION_CONTEXT('2D SPACE',''
  ) );
#4649 = ORIENTED_EDGE('',*,*,#4650,.F.);
#4650 = EDGE_CURVE('',#4651,#4628,#4653,.T.);
#4651 = VERTEX_POINT('',#4652);
#4652 = CARTESIAN_POINT('',(160.,-8.400727768418,-46.52843498469));
#4653 = SURFACE_CURVE('',#4654,(#4658,#4665),.PCURVE_S1.);
#4654 = LINE('',#4655,#4656);
#4655 = CARTESIAN_POINT('',(160.,-8.564383921755,-70.09557246548));
#4656 = VECTOR('',#4657,1.);
#4657 = DIRECTION('',(-0.,6.944085069566E-03,0.999975889551));
#4658 = PCURVE('',#2961,#4659);
#4659 = DEFINITIONAL_REPRESENTATION('',(#4660),#4664);
#4660 = LINE('',#4661,#4662);
#4661 = CARTESIAN_POINT('',(-26.90442753451,-4.064383921755));
#4662 = VECTOR('',#4663,1.);
#4663 = DIRECTION('',(-0.999975889551,6.944085069566E-03));
#4664 = ( GEOMETRIC_REPRESENTATION_CONTEXT(2) 
PARAMETRIC_REPRESENTATION_CONTEXT() REPRESENTATION_CONTEXT('2D SPACE',''
  ) );
#4665 = PCURVE('',#4183,#4666);
#4666 = DEFINITIONAL_REPRESENTATION('',(#4667),#4671);
#4667 = LINE('',#4668,#4669);
#4668 = CARTESIAN_POINT('',(-26.87555542897,-128.));
#4669 = VECTOR('',#4670,1.);
#4670 = DIRECTION('',(1.,-0.));
#4671 = ( GEOMETRIC_REPRESENTATION_CONTEXT(2) 
PARAMETRIC_REPRESENTATION_CONTEXT() REPRESENTATION_CONTEXT('2D SPACE',''
  ) );
#4672 = ORIENTED_EDGE('',*,*,#4673,.F.);
#4673 = EDGE_CURVE('',#4674,#4651,#4676,.T.);
#4674 = VERTEX_POINT('',#4675);
#4675 = CARTESIAN_POINT('',(160.,-8.387016841114,-49.91424353182));
#4676 = SURFACE_CURVE('',#4677,(#4681,#4688),.PCURVE_S1.);
#4677 = LINE('',#4678,#4679);
#4678 = CARTESIAN_POINT('',(160.,-8.298504447596,-71.77170158973));
#4679 = VECTOR('',#4680,1.);
#4680 = DIRECTION('',(-0.,-4.049495030438E-03,0.999991800761));
#4681 = PCURVE('',#2961,#4682);
#4682 = DEFINITIONAL_REPRESENTATION('',(#4683),#4687);
#4683 = LINE('',#4684,#4685);
#4684 = CARTESIAN_POINT('',(-25.22829841026,-3.798504447596));
#4685 = VECTOR('',#4686,1.);
#4686 = DIRECTION('',(-0.999991800761,-4.049495030438E-03));
#4687 = ( GEOMETRIC_REPRESENTATION_CONTEXT(2) 
PARAMETRIC_REPRESENTATION_CONTEXT() REPRESENTATION_CONTEXT('2D SPACE',''
  ) );
#4688 = PCURVE('',#4211,#4689);
#4689 = DEFINITIONAL_REPRESENTATION('',(#4690),#4694);
#4690 = LINE('',#4691,#4692);
#4691 = CARTESIAN_POINT('',(-25.2434735823,-128.));
#4692 = VECTOR('',#4693,1.);
#4693 = DIRECTION('',(1.,-0.));
#4694 = ( GEOMETRIC_REPRESENTATION_CONTEXT(2) 
PARAMETRIC_REPRESENTATION_CONTEXT() REPRESENTATION_CONTEXT('2D SPACE',''
  ) );
#4695 = ORIENTED_EDGE('',*,*,#4696,.F.);
#4696 = EDGE_CURVE('',#4697,#4674,#4699,.T.);
#4697 = VERTEX_POINT('',#4698);
#4698 = CARTESIAN_POINT('',(160.,-8.337947025561,-53.36881039375));
#4699 = SURFACE_CURVE('',#4700,(#4704,#4711),.PCURVE_S1.);
#4700 = LINE('',#4701,#4702);
#4701 = CARTESIAN_POINT('',(160.,-8.052281385156,-73.47997331164));
#4702 = VECTOR('',#4703,1.);
#4703 = DIRECTION('',(-0.,-1.420289953121E-02,0.999899133735));
#4704 = PCURVE('',#2961,#4705);
#4705 = DEFINITIONAL_REPRESENTATION('',(#4706),#4710);
#4706 = LINE('',#4707,#4708);
#4707 = CARTESIAN_POINT('',(-23.52002668835,-3.552281385156));
#4708 = VECTOR('',#4709,1.);
#4709 = DIRECTION('',(-0.999899133735,-1.420289953121E-02));
#4710 = ( GEOMETRIC_REPRESENTATION_CONTEXT(2) 
PARAMETRIC_REPRESENTATION_CONTEXT() REPRESENTATION_CONTEXT('2D SPACE',''
  ) );
#4711 = PCURVE('',#4239,#4712);
#4712 = DEFINITIONAL_REPRESENTATION('',(#4713),#4717);
#4713 = LINE('',#4714,#4715);
#4714 = CARTESIAN_POINT('',(-23.56810700673,-128.));
#4715 = VECTOR('',#4716,1.);
#4716 = DIRECTION('',(1.,-0.));
#4717 = ( GEOMETRIC_REPRESENTATION_CONTEXT(2) 
PARAMETRIC_REPRESENTATION_CONTEXT() REPRESENTATION_CONTEXT('2D SPACE',''
  ) );
#4718 = ORIENTED_EDGE('',*,*,#4719,.F.);
#4719 = EDGE_CURVE('',#4720,#4697,#4722,.T.);
#4720 = VERTEX_POINT('',#4721);
#4721 = CARTESIAN_POINT('',(160.,-8.255076571138,-56.88266684282));
#4722 = SURFACE_CURVE('',#4723,(#4727,#4734),.PCURVE_S1.);
#4723 = LINE('',#4724,#4725);
#4724 = CARTESIAN_POINT('',(160.,-7.822669387801,-75.21750982614));
#4725 = VECTOR('',#4726,1.);
#4726 = DIRECTION('',(-0.,-2.357734840245E-02,0.999722015684));
#4727 = PCURVE('',#2961,#4728);
#4728 = DEFINITIONAL_REPRESENTATION('',(#4729),#4733);
#4729 = LINE('',#4730,#4731);
#4730 = CARTESIAN_POINT('',(-21.78249017385,-3.322669387801));
#4731 = VECTOR('',#4732,1.);
#4732 = DIRECTION('',(-0.999722015684,-2.357734840245E-02));
#4733 = ( GEOMETRIC_REPRESENTATION_CONTEXT(2) 
PARAMETRIC_REPRESENTATION_CONTEXT() REPRESENTATION_CONTEXT('2D SPACE',''
  ) );
#4734 = PCURVE('',#3259,#4735);
#4735 = DEFINITIONAL_REPRESENTATION('',(#4736),#4740);
#4736 = LINE('',#4737,#4738);
#4737 = CARTESIAN_POINT('',(-21.85477471699,-128.));
#4738 = VECTOR('',#4739,1.);
#4739 = DIRECTION('',(1.,-0.));
#4740 = ( GEOMETRIC_REPRESENTATION_CONTEXT(2) 
PARAMETRIC_REPRESENTATION_CONTEXT() REPRESENTATION_CONTEXT('2D SPACE',''
  ) );
#4741 = ORIENTED_EDGE('',*,*,#4742,.F.);
#4742 = EDGE_CURVE('',#4743,#4720,#4745,.T.);
#4743 = VERTEX_POINT('',#4744);
#4744 = CARTESIAN_POINT('',(160.,-8.140167721403,-60.44618164275));
#4745 = SURFACE_CURVE('',#4746,(#4750,#4757),.PCURVE_S1.);
#4746 = LINE('',#4747,#4748);
#4747 = CARTESIAN_POINT('',(160.,-7.606987825792,-76.98097816554));
#4748 = VECTOR('',#4749,1.);
#4749 = DIRECTION('',(-0.,-3.222917866762E-02,0.999480505084));
#4750 = PCURVE('',#2961,#4751);
#4751 = DEFINITIONAL_REPRESENTATION('',(#4752),#4756);
#4752 = LINE('',#4753,#4754);
#4753 = CARTESIAN_POINT('',(-20.01902183445,-3.106987825792));
#4754 = VECTOR('',#4755,1.);
#4755 = DIRECTION('',(-0.999480505084,-3.222917866762E-02));
#4756 = ( GEOMETRIC_REPRESENTATION_CONTEXT(2) 
PARAMETRIC_REPRESENTATION_CONTEXT() REPRESENTATION_CONTEXT('2D SPACE',''
  ) );
#4757 = PCURVE('',#4758,#4763);
#4758 = PLANE('',#4759);
#4759 = AXIS2_PLACEMENT_3D('',#4760,#4761,#4762);
#4760 = CARTESIAN_POINT('',(32.,-8.255076571138,-56.88266684282));
#4761 = DIRECTION('',(-0.,-0.999480505084,-3.222917866762E-02));
#4762 = DIRECTION('',(-0.,-3.222917866762E-02,0.999480505084));
#4763 = DEFINITIONAL_REPRESENTATION('',(#4764),#4768);
#4764 = LINE('',#4765,#4766);
#4765 = CARTESIAN_POINT('',(-20.10875772013,-128.));
#4766 = VECTOR('',#4767,1.);
#4767 = DIRECTION('',(1.,-0.));
#4768 = ( GEOMETRIC_REPRESENTATION_CONTEXT(2) 
PARAMETRIC_REPRESENTATION_CONTEXT() REPRESENTATION_CONTEXT('2D SPACE',''
  ) );
#4769 = ORIENTED_EDGE('',*,*,#4770,.F.);
#4770 = EDGE_CURVE('',#4771,#4743,#4773,.T.);
#4771 = VERTEX_POINT('',#4772);
#4772 = CARTESIAN_POINT('',(160.,-7.995152522624,-64.04958744718));
#4773 = SURFACE_CURVE('',#4774,(#4778,#4785),.PCURVE_S1.);
#4774 = LINE('',#4775,#4776);
#4775 = CARTESIAN_POINT('',(160.,-7.402879462358,-78.76666676811));
#4776 = VECTOR('',#4777,1.);
#4777 = DIRECTION('',(-0.,-4.021137715166E-02,0.999191195491));
#4778 = PCURVE('',#2961,#4779);
#4779 = DEFINITIONAL_REPRESENTATION('',(#4780),#4784);
#4780 = LINE('',#4781,#4782);
#4781 = CARTESIAN_POINT('',(-18.23333323188,-2.902879462358));
#4782 = VECTOR('',#4783,1.);
#4783 = DIRECTION('',(-0.999191195491,-4.021137715166E-02));
#4784 = ( GEOMETRIC_REPRESENTATION_CONTEXT(2) 
PARAMETRIC_REPRESENTATION_CONTEXT() REPRESENTATION_CONTEXT('2D SPACE',''
  ) );
#4785 = PCURVE('',#4786,#4791);
#4786 = PLANE('',#4787);
#4787 = AXIS2_PLACEMENT_3D('',#4788,#4789,#4790);
#4788 = CARTESIAN_POINT('',(32.,-8.140167721403,-60.44618164275));
#4789 = DIRECTION('',(-0.,-0.999191195491,-4.021137715166E-02));
#4790 = DIRECTION('',(-0.,-4.021137715166E-02,0.999191195491));
#4791 = DEFINITIONAL_REPRESENTATION('',(#4792),#4796);
#4792 = LINE('',#4793,#4794);
#4793 = CARTESIAN_POINT('',(-18.33531481064,-128.));
#4794 = VECTOR('',#4795,1.);
#4795 = DIRECTION('',(1.,-0.));
#4796 = ( GEOMETRIC_REPRESENTATION_CONTEXT(2) 
PARAMETRIC_REPRESENTATION_CONTEXT() REPRESENTATION_CONTEXT('2D SPACE',''
  ) );
#4797 = ORIENTED_EDGE('',*,*,#4798,.F.);
#4798 = EDGE_CURVE('',#4799,#4771,#4801,.T.);
#4799 = VERTEX_POINT('',#4800);
#4800 = CARTESIAN_POINT('',(160.,-7.82209798814,-67.68300757126));
#4801 = SURFACE_CURVE('',#4802,(#4806,#4813),.PCURVE_S1.);
#4802 = LINE('',#4803,#4804);
#4803 = CARTESIAN_POINT('',(160.,-7.208282982824,-80.57055079235));
#4804 = VECTOR('',#4805,1.);
#4805 = DIRECTION('',(-0.,-4.757462022794E-02,0.998867686688));
#4806 = PCURVE('',#2961,#4807);
#4807 = DEFINITIONAL_REPRESENTATION('',(#4808),#4812);
#4808 = LINE('',#4809,#4810);
#4809 = CARTESIAN_POINT('',(-16.42944920764,-2.708282982824));
#4810 = VECTOR('',#4811,1.);
#4811 = DIRECTION('',(-0.998867686688,-4.757462022794E-02));
#4812 = ( GEOMETRIC_REPRESENTATION_CONTEXT(2) 
PARAMETRIC_REPRESENTATION_CONTEXT() REPRESENTATION_CONTEXT('2D SPACE',''
  ) );
#4813 = PCURVE('',#4814,#4819);
#4814 = PLANE('',#4815);
#4815 = AXIS2_PLACEMENT_3D('',#4816,#4817,#4818);
#4816 = CARTESIAN_POINT('',(32.,-7.995152522624,-64.04958744718));
#4817 = DIRECTION('',(-0.,-0.998867686688,-4.757462022794E-02));
#4818 = DIRECTION('',(-0.,-4.757462022794E-02,0.998867686688));
#4819 = DEFINITIONAL_REPRESENTATION('',(#4820),#4824);
#4820 = LINE('',#4821,#4822);
#4821 = CARTESIAN_POINT('',(-16.53969145798,-128.));
#4822 = VECTOR('',#4823,1.);
#4823 = DIRECTION('',(1.,-0.));
#4824 = ( GEOMETRIC_REPRESENTATION_CONTEXT(2) 
PARAMETRIC_REPRESENTATION_CONTEXT() REPRESENTATION_CONTEXT('2D SPACE',''
  ) );
#4825 = ORIENTED_EDGE('',*,*,#4826,.F.);
#4826 = EDGE_CURVE('',#4827,#4799,#4829,.T.);
#4827 = VERTEX_POINT('',#4828);
#4828 = CARTESIAN_POINT('',(160.,-7.623171882263,-71.33648306299));
#4829 = SURFACE_CURVE('',#4830,(#4834,#4841),.PCURVE_S1.);
#4830 = LINE('',#4831,#4832);
#4831 = CARTESIAN_POINT('',(160.,-7.021414806425,-82.38834937719));
#4832 = VECTOR('',#4833,1.);
#4833 = DIRECTION('',(-0.,-5.436792685412E-02,0.998520970501));
#4834 = PCURVE('',#2961,#4835);
#4835 = DEFINITIONAL_REPRESENTATION('',(#4836),#4840);
#4836 = LINE('',#4837,#4838);
#4837 = CARTESIAN_POINT('',(-14.6116506228,-2.521414806425));
#4838 = VECTOR('',#4839,1.);
#4839 = DIRECTION('',(-0.998520970501,-5.436792685412E-02));
#4840 = ( GEOMETRIC_REPRESENTATION_CONTEXT(2) 
PARAMETRIC_REPRESENTATION_CONTEXT() REPRESENTATION_CONTEXT('2D SPACE',''
  ) );
#4841 = PCURVE('',#4842,#4847);
#4842 = PLANE('',#4843);
#4843 = AXIS2_PLACEMENT_3D('',#4844,#4845,#4846);
#4844 = CARTESIAN_POINT('',(32.,-7.82209798814,-67.68300757126));
#4845 = DIRECTION('',(-0.,-0.998520970501,-5.436792685412E-02));
#4846 = DIRECTION('',(-0.,-5.436792685412E-02,0.998520970501));
#4847 = DEFINITIONAL_REPRESENTATION('',(#4848),#4852);
#4848 = LINE('',#4849,#4850);
#4849 = CARTESIAN_POINT('',(-14.72712365626,-128.));
#4850 = VECTOR('',#4851,1.);
#4851 = DIRECTION('',(1.,-0.));
#4852 = ( GEOMETRIC_REPRESENTATION_CONTEXT(2) 
PARAMETRIC_REPRESENTATION_CONTEXT() REPRESENTATION_CONTEXT('2D SPACE',''
  ) );
#4853 = ORIENTED_EDGE('',*,*,#4854,.F.);
#4854 = EDGE_CURVE('',#4855,#4827,#4857,.T.);
#4855 = VERTEX_POINT('',#4856);
#4856 = CARTESIAN_POINT('',(160.,-7.40061028008,-75.));
#4857 = SURFACE_CURVE('',#4858,(#4862,#4869),.PCURVE_S1.);
#4858 = LINE('',#4859,#4860);
#4859 = CARTESIAN_POINT('',(160.,-6.840756574679,-84.21557677453));
#4860 = VECTOR('',#4861,1.);
#4861 = DIRECTION('',(-0.,-6.063900882683E-02,0.998159762066));
#4862 = PCURVE('',#2961,#4863);
#4863 = DEFINITIONAL_REPRESENTATION('',(#4864),#4868);
#4864 = LINE('',#4865,#4866);
#4865 = CARTESIAN_POINT('',(-12.78442322546,-2.340756574679));
#4866 = VECTOR('',#4867,1.);
#4867 = DIRECTION('',(-0.998159762066,-6.063900882683E-02));
#4868 = ( GEOMETRIC_REPRESENTATION_CONTEXT(2) 
PARAMETRIC_REPRESENTATION_CONTEXT() REPRESENTATION_CONTEXT('2D SPACE',''
  ) );
#4869 = PCURVE('',#4870,#4875);
#4870 = PLANE('',#4871);
#4871 = AXIS2_PLACEMENT_3D('',#4872,#4873,#4874);
#4872 = CARTESIAN_POINT('',(32.,-7.623171882263,-71.33648306299));
#4873 = DIRECTION('',(-0.,-0.998159762066,-6.063900882683E-02));
#4874 = DIRECTION('',(-0.,-6.063900882683E-02,0.998159762066));
#4875 = DEFINITIONAL_REPRESENTATION('',(#4876),#4880);
#4876 = LINE('',#4877,#4878);
#4877 = CARTESIAN_POINT('',(-12.90283800348,-128.));
#4878 = VECTOR('',#4879,1.);
#4879 = DIRECTION('',(1.,-0.));
#4880 = ( GEOMETRIC_REPRESENTATION_CONTEXT(2) 
PARAMETRIC_REPRESENTATION_CONTEXT() REPRESENTATION_CONTEXT('2D SPACE',''
  ) );
#4881 = ORIENTED_EDGE('',*,*,#4882,.F.);
#4882 = EDGE_CURVE('',#4883,#4855,#4885,.T.);
#4883 = VERTEX_POINT('',#4884);
#4884 = CARTESIAN_POINT('',(160.,-7.156687907998,-78.663516937));
#4885 = SURFACE_CURVE('',#4886,(#4890,#4897),.PCURVE_S1.);
#4886 = LINE('',#4887,#4888);
#4887 = CARTESIAN_POINT('',(160.,-6.66504551218,-86.04758847031));
#4888 = VECTOR('',#4889,1.);
#4889 = DIRECTION('',(-0.,-6.643438585429E-02,0.997790795897));
#4890 = PCURVE('',#2961,#4891);
#4891 = DEFINITIONAL_REPRESENTATION('',(#4892),#4896);
#4892 = LINE('',#4893,#4894);
#4893 = CARTESIAN_POINT('',(-10.95241152968,-2.16504551218));
#4894 = VECTOR('',#4895,1.);
#4895 = DIRECTION('',(-0.997790795897,-6.643438585429E-02));
#4896 = ( GEOMETRIC_REPRESENTATION_CONTEXT(2) 
PARAMETRIC_REPRESENTATION_CONTEXT() REPRESENTATION_CONTEXT('2D SPACE',''
  ) );
#4897 = PCURVE('',#4898,#4903);
#4898 = PLANE('',#4899);
#4899 = AXIS2_PLACEMENT_3D('',#4900,#4901,#4902);
#4900 = CARTESIAN_POINT('',(32.,-7.40061028008,-75.));
#4901 = DIRECTION('',(-0.,-0.997790795897,-6.643438585429E-02));
#4902 = DIRECTION('',(-0.,-6.643438585429E-02,0.997790795897));
#4903 = DEFINITIONAL_REPRESENTATION('',(#4904),#4908);
#4904 = LINE('',#4905,#4906);
#4905 = CARTESIAN_POINT('',(-11.07204888614,-128.));
#4906 = VECTOR('',#4907,1.);
#4907 = DIRECTION('',(1.,-0.));
#4908 = ( GEOMETRIC_REPRESENTATION_CONTEXT(2) 
PARAMETRIC_REPRESENTATION_CONTEXT() REPRESENTATION_CONTEXT('2D SPACE',''
  ) );
#4909 = ORIENTED_EDGE('',*,*,#4910,.F.);
#4910 = EDGE_CURVE('',#4911,#4883,#4913,.T.);
#4911 = VERTEX_POINT('',#4912);
#4912 = CARTESIAN_POINT('',(160.,-6.893692082141,-82.31699242873));
#4913 = SURFACE_CURVE('',#4914,(#4918,#4925),.PCURVE_S1.);
#4914 = LINE('',#4915,#4916);
#4915 = CARTESIAN_POINT('',(160.,-6.493265528531,-87.87962291949));
#4916 = VECTOR('',#4917,1.);
#4917 = DIRECTION('',(-0.,-7.179932096371E-02,0.997419098228));
#4918 = PCURVE('',#2961,#4919);
#4919 = DEFINITIONAL_REPRESENTATION('',(#4920),#4924);
#4920 = LINE('',#4921,#4922);
#4921 = CARTESIAN_POINT('',(-9.120377080505,-1.993265528531));
#4922 = VECTOR('',#4923,1.);
#4923 = DIRECTION('',(-0.997419098228,-7.179932096371E-02));
#4924 = ( GEOMETRIC_REPRESENTATION_CONTEXT(2) 
PARAMETRIC_REPRESENTATION_CONTEXT() REPRESENTATION_CONTEXT('2D SPACE',''
  ) );
#4925 = PCURVE('',#3408,#4926);
#4926 = DEFINITIONAL_REPRESENTATION('',(#4927),#4931);
#4927 = LINE('',#4928,#4929);
#4928 = CARTESIAN_POINT('',(-9.239953394582,-128.));
#4929 = VECTOR('',#4930,1.);
#4930 = DIRECTION('',(1.,-0.));
#4931 = ( GEOMETRIC_REPRESENTATION_CONTEXT(2) 
PARAMETRIC_REPRESENTATION_CONTEXT() REPRESENTATION_CONTEXT('2D SPACE',''
  ) );
#4932 = ORIENTED_EDGE('',*,*,#4933,.F.);
#4933 = EDGE_CURVE('',#4934,#4911,#4936,.T.);
#4934 = VERTEX_POINT('',#4935);
#4935 = CARTESIAN_POINT('',(160.,-6.613900846731,-85.95041255281));
#4936 = SURFACE_CURVE('',#4937,(#4941,#4948),.PCURVE_S1.);
#4937 = LINE('',#4938,#4939);
#4938 = CARTESIAN_POINT('',(160.,-6.324637499908,-89.70683924706));
#4939 = VECTOR('',#4940,1.);
#4940 = DIRECTION('',(-0.,-7.677762269008E-02,0.997048241889));
#4941 = PCURVE('',#2961,#4942);
#4942 = DEFINITIONAL_REPRESENTATION('',(#4943),#4947);
#4943 = LINE('',#4944,#4945);
#4944 = CARTESIAN_POINT('',(-7.293160752939,-1.824637499908));
#4945 = VECTOR('',#4946,1.);
#4946 = DIRECTION('',(-0.997048241889,-7.677762269008E-02));
#4947 = ( GEOMETRIC_REPRESENTATION_CONTEXT(2) 
PARAMETRIC_REPRESENTATION_CONTEXT() REPRESENTATION_CONTEXT('2D SPACE',''
  ) );
#4948 = PCURVE('',#4481,#4949);
#4949 = DEFINITIONAL_REPRESENTATION('',(#4950),#4954);
#4950 = LINE('',#4951,#4952);
#4951 = CARTESIAN_POINT('',(-7.411724436046,-128.));
#4952 = VECTOR('',#4953,1.);
#4953 = DIRECTION('',(1.,-0.));
#4954 = ( GEOMETRIC_REPRESENTATION_CONTEXT(2) 
PARAMETRIC_REPRESENTATION_CONTEXT() REPRESENTATION_CONTEXT('2D SPACE',''
  ) );
#4955 = ORIENTED_EDGE('',*,*,#4956,.F.);
#4956 = EDGE_CURVE('',#4957,#4934,#4959,.T.);
#4957 = VERTEX_POINT('',#4958);
#4958 = CARTESIAN_POINT('',(160.,-6.319565682663,-89.55381835724));
#4959 = SURFACE_CURVE('',#4960,(#4964,#4971),.PCURVE_S1.);
#4960 = LINE('',#4961,#4962);
#4961 = CARTESIAN_POINT('',(160.,-6.158607655492,-91.52435113817));
#4962 = VECTOR('',#4963,1.);
#4963 = DIRECTION('',(-0.,-8.141135355662E-02,0.996680586503));
#4964 = PCURVE('',#2961,#4965);
#4965 = DEFINITIONAL_REPRESENTATION('',(#4966),#4970);
#4966 = LINE('',#4967,#4968);
#4967 = CARTESIAN_POINT('',(-5.47564886183,-1.658607655492));
#4968 = VECTOR('',#4969,1.);
#4969 = DIRECTION('',(-0.996680586503,-8.141135355662E-02));
#4970 = ( GEOMETRIC_REPRESENTATION_CONTEXT(2) 
PARAMETRIC_REPRESENTATION_CONTEXT() REPRESENTATION_CONTEXT('2D SPACE',''
  ) );
#4971 = PCURVE('',#4509,#4972);
#4972 = DEFINITIONAL_REPRESENTATION('',(#4973),#4977);
#4973 = LINE('',#4974,#4975);
#4974 = CARTESIAN_POINT('',(-5.592502413346,-128.));
#4975 = VECTOR('',#4976,1.);
#4976 = DIRECTION('',(1.,-0.));
#4977 = ( GEOMETRIC_REPRESENTATION_CONTEXT(2) 
PARAMETRIC_REPRESENTATION_CONTEXT() REPRESENTATION_CONTEXT('2D SPACE',''
  ) );
#4978 = ORIENTED_EDGE('',*,*,#4979,.F.);
#4979 = EDGE_CURVE('',#4980,#4957,#4982,.T.);
#4980 = VERTEX_POINT('',#4981);
#4981 = CARTESIAN_POINT('',(160.,-6.012898918185,-93.11733315717));
#4982 = SURFACE_CURVE('',#4983,(#4987,#4994),.PCURVE_S1.);
#4983 = LINE('',#4984,#4985);
#4984 = CARTESIAN_POINT('',(160.,-5.994833412586,-93.32725710077));
#4985 = VECTOR('',#4986,1.);
#4986 = DIRECTION('',(-0.,-8.574047891734E-02,0.996317504752));
#4987 = PCURVE('',#2961,#4988);
#4988 = DEFINITIONAL_REPRESENTATION('',(#4989),#4993);
#4989 = LINE('',#4990,#4991);
#4990 = CARTESIAN_POINT('',(-3.672742899224,-1.494833412586));
#4991 = VECTOR('',#4992,1.);
#4992 = DIRECTION('',(-0.996317504752,-8.574047891734E-02));
#4993 = ( GEOMETRIC_REPRESENTATION_CONTEXT(2) 
PARAMETRIC_REPRESENTATION_CONTEXT() REPRESENTATION_CONTEXT('2D SPACE',''
  ) );
#4994 = PCURVE('',#4537,#4995);
#4995 = DEFINITIONAL_REPRESENTATION('',(#4996),#5000);
#4996 = LINE('',#4997,#4998);
#4997 = CARTESIAN_POINT('',(-3.787385773647,-128.));
#4998 = VECTOR('',#4999,1.);
#4999 = DIRECTION('',(1.,-0.));
#5000 = ( GEOMETRIC_REPRESENTATION_CONTEXT(2) 
PARAMETRIC_REPRESENTATION_CONTEXT() REPRESENTATION_CONTEXT('2D SPACE',''
  ) );
#5001 = ORIENTED_EDGE('',*,*,#5002,.F.);
#5002 = EDGE_CURVE('',#5003,#4980,#5005,.T.);
#5003 = VERTEX_POINT('',#5004);
#5004 = CARTESIAN_POINT('',(160.,-5.696065739691,-96.63118960624));
#5005 = SURFACE_CURVE('',#5006,(#5010,#5017),.PCURVE_S1.);
#5006 = LINE('',#5007,#5008);
#5007 = CARTESIAN_POINT('',(160.,-5.833166365181,-95.11066729435));
#5008 = VECTOR('',#5009,1.);
#5009 = DIRECTION('',(-0.,-8.98024858149E-02,0.995959594332));
#5010 = PCURVE('',#2961,#5011);
#5011 = DEFINITIONAL_REPRESENTATION('',(#5012),#5016);
#5012 = LINE('',#5013,#5014);
#5013 = CARTESIAN_POINT('',(-1.889332705647,-1.333166365181));
#5014 = VECTOR('',#5015,1.);
#5015 = DIRECTION('',(-0.995959594332,-8.98024858149E-02));
#5016 = ( GEOMETRIC_REPRESENTATION_CONTEXT(2) 
PARAMETRIC_REPRESENTATION_CONTEXT() REPRESENTATION_CONTEXT('2D SPACE',''
  ) );
#5017 = PCURVE('',#4565,#5018);
#5018 = DEFINITIONAL_REPRESENTATION('',(#5019),#5023);
#5019 = LINE('',#5020,#5021);
#5020 = CARTESIAN_POINT('',(-2.001420688672,-128.));
#5021 = VECTOR('',#5022,1.);
#5022 = DIRECTION('',(1.,-0.));
#5023 = ( GEOMETRIC_REPRESENTATION_CONTEXT(2) 
PARAMETRIC_REPRESENTATION_CONTEXT() REPRESENTATION_CONTEXT('2D SPACE',''
  ) );
#5024 = ORIENTED_EDGE('',*,*,#5025,.F.);
#5025 = EDGE_CURVE('',#3495,#5003,#5026,.T.);
#5026 = SURFACE_CURVE('',#5027,(#5031,#5038),.PCURVE_S1.);
#5027 = LINE('',#5028,#5029);
#5028 = CARTESIAN_POINT('',(160.,-5.67363244054,-96.86972715102));
#5029 = VECTOR('',#5030,1.);
#5030 = DIRECTION('',(-0.,-9.363199775946E-02,0.995606874723));
#5031 = PCURVE('',#2961,#5032);
#5032 = DEFINITIONAL_REPRESENTATION('',(#5033),#5037);
#5033 = LINE('',#5034,#5035);
#5034 = CARTESIAN_POINT('',(-0.130272848977,-1.17363244054));
#5035 = VECTOR('',#5036,1.);
#5036 = DIRECTION('',(-0.995606874723,-9.363199775946E-02));
#5037 = ( GEOMETRIC_REPRESENTATION_CONTEXT(2) 
PARAMETRIC_REPRESENTATION_CONTEXT() REPRESENTATION_CONTEXT('2D SPACE',''
  ) );
#5038 = PCURVE('',#3510,#5039);
#5039 = DEFINITIONAL_REPRESENTATION('',(#5040),#5044);
#5040 = LINE('',#5041,#5042);
#5041 = CARTESIAN_POINT('',(-0.239590094075,-128.));
#5042 = VECTOR('',#5043,1.);
#5043 = DIRECTION('',(1.,-0.));
#5044 = ( GEOMETRIC_REPRESENTATION_CONTEXT(2) 
PARAMETRIC_REPRESENTATION_CONTEXT() REPRESENTATION_CONTEXT('2D SPACE',''
  ) );
#5045 = ORIENTED_EDGE('',*,*,#3522,.T.);
#5046 = ORIENTED_EDGE('',*,*,#3119,.T.);
#5047 = ADVANCED_FACE('',(#5048),#2933,.F.);
#5048 = FACE_BOUND('',#5049,.T.);
#5049 = EDGE_LOOP('',(#5050,#5071,#5072,#5073));
#5050 = ORIENTED_EDGE('',*,*,#5051,.F.);
#5051 = EDGE_CURVE('',#4117,#4605,#5052,.T.);
#5052 = SURFACE_CURVE('',#5053,(#5057,#5064),.PCURVE_S1.);
#5053 = LINE('',#5054,#5055);
#5054 = CARTESIAN_POINT('',(32.,-8.31705,-40.));
#5055 = VECTOR('',#5056,1.);
#5056 = DIRECTION('',(1.,-0.,-0.));
#5057 = PCURVE('',#2933,#5058);
#5058 = DEFINITIONAL_REPRESENTATION('',(#5059),#5063);
#5059 = LINE('',#5060,#5061);
#5060 = CARTESIAN_POINT('',(-3.126307101244,0.));
#5061 = VECTOR('',#5062,1.);
#5062 = DIRECTION('',(-0.,-1.));
#5063 = ( GEOMETRIC_REPRESENTATION_CONTEXT(2) 
PARAMETRIC_REPRESENTATION_CONTEXT() REPRESENTATION_CONTEXT('2D SPACE',''
  ) );
#5064 = PCURVE('',#4155,#5065);
#5065 = DEFINITIONAL_REPRESENTATION('',(#5066),#5070);
#5066 = LINE('',#5067,#5068);
#5067 = CARTESIAN_POINT('',(-0.,-0.));
#5068 = VECTOR('',#5069,1.);
#5069 = DIRECTION('',(-0.,-1.));
#5070 = ( GEOMETRIC_REPRESENTATION_CONTEXT(2) 
PARAMETRIC_REPRESENTATION_CONTEXT() REPRESENTATION_CONTEXT('2D SPACE',''
  ) );
#5071 = ORIENTED_EDGE('',*,*,#4116,.T.);
#5072 = ORIENTED_EDGE('',*,*,#2917,.F.);
#5073 = ORIENTED_EDGE('',*,*,#4604,.F.);
#5074 = ADVANCED_FACE('',(#5075),#3084,.F.);
#5075 = FACE_BOUND('',#5076,.T.);
#5076 = EDGE_LOOP('',(#5077,#5078,#5101,#5124,#5147,#5170,#5193,#5216,
    #5239,#5260,#5261));
#5077 = ORIENTED_EDGE('',*,*,#3271,.F.);
#5078 = ORIENTED_EDGE('',*,*,#5079,.T.);
#5079 = EDGE_CURVE('',#3244,#5080,#5082,.T.);
#5080 = VERTEX_POINT('',#5081);
#5081 = CARTESIAN_POINT('',(153.,-8.255076571138,-56.88266684282));
#5082 = SURFACE_CURVE('',#5083,(#5087,#5094),.PCURVE_S1.);
#5083 = LINE('',#5084,#5085);
#5084 = CARTESIAN_POINT('',(153.,-8.010540877759,-67.25142044983));
#5085 = VECTOR('',#5086,1.);
#5086 = DIRECTION('',(0.,2.357734840245E-02,-0.999722015684));
#5087 = PCURVE('',#3084,#5088);
#5088 = DEFINITIONAL_REPRESENTATION('',(#5089),#5093);
#5089 = LINE('',#5090,#5091);
#5090 = CARTESIAN_POINT('',(-13.74857955016,-6.010540877759));
#5091 = VECTOR('',#5092,1.);
#5092 = DIRECTION('',(0.999722015684,2.357734840245E-02));
#5093 = ( GEOMETRIC_REPRESENTATION_CONTEXT(2) 
PARAMETRIC_REPRESENTATION_CONTEXT() REPRESENTATION_CONTEXT('2D SPACE',''
  ) );
#5094 = PCURVE('',#3259,#5095);
#5095 = DEFINITIONAL_REPRESENTATION('',(#5096),#5100);
#5096 = LINE('',#5097,#5098);
#5097 = CARTESIAN_POINT('',(-13.88647027703,-121.));
#5098 = VECTOR('',#5099,1.);
#5099 = DIRECTION('',(-1.,0.));
#5100 = ( GEOMETRIC_REPRESENTATION_CONTEXT(2) 
PARAMETRIC_REPRESENTATION_CONTEXT() REPRESENTATION_CONTEXT('2D SPACE',''
  ) );
#5101 = ORIENTED_EDGE('',*,*,#5102,.T.);
#5102 = EDGE_CURVE('',#5080,#5103,#5105,.T.);
#5103 = VERTEX_POINT('',#5104);
#5104 = CARTESIAN_POINT('',(153.,-8.140167721403,-60.44618164275));
#5105 = SURFACE_CURVE('',#5106,(#5110,#5117),.PCURVE_S1.);
#5106 = LINE('',#5107,#5108);
#5107 = CARTESIAN_POINT('',(153.,-7.86338891203,-69.02955346992));
#5108 = VECTOR('',#5109,1.);
#5109 = DIRECTION('',(0.,3.222917866762E-02,-0.999480505084));
#5110 = PCURVE('',#3084,#5111);
#5111 = DEFINITIONAL_REPRESENTATION('',(#5112),#5116);
#5112 = LINE('',#5113,#5114);
#5113 = CARTESIAN_POINT('',(-11.97044653007,-5.86338891203));
#5114 = VECTOR('',#5115,1.);
#5115 = DIRECTION('',(0.999480505084,3.222917866762E-02));
#5116 = ( GEOMETRIC_REPRESENTATION_CONTEXT(2) 
PARAMETRIC_REPRESENTATION_CONTEXT() REPRESENTATION_CONTEXT('2D SPACE',''
  ) );
#5117 = PCURVE('',#4758,#5118);
#5118 = DEFINITIONAL_REPRESENTATION('',(#5119),#5123);
#5119 = LINE('',#5120,#5121);
#5120 = CARTESIAN_POINT('',(-12.15320015279,-121.));
#5121 = VECTOR('',#5122,1.);
#5122 = DIRECTION('',(-1.,0.));
#5123 = ( GEOMETRIC_REPRESENTATION_CONTEXT(2) 
PARAMETRIC_REPRESENTATION_CONTEXT() REPRESENTATION_CONTEXT('2D SPACE',''
  ) );
#5124 = ORIENTED_EDGE('',*,*,#5125,.T.);
#5125 = EDGE_CURVE('',#5103,#5126,#5128,.T.);
#5126 = VERTEX_POINT('',#5127);
#5127 = CARTESIAN_POINT('',(153.,-7.995152522624,-64.04958744718));
#5128 = SURFACE_CURVE('',#5129,(#5133,#5140),.PCURVE_S1.);
#5129 = LINE('',#5130,#5131);
#5130 = CARTESIAN_POINT('',(153.,-7.722289100861,-70.82982597444));
#5131 = VECTOR('',#5132,1.);
#5132 = DIRECTION('',(0.,4.021137715166E-02,-0.999191195491));
#5133 = PCURVE('',#3084,#5134);
#5134 = DEFINITIONAL_REPRESENTATION('',(#5135),#5139);
#5135 = LINE('',#5136,#5137);
#5136 = CARTESIAN_POINT('',(-10.17017402555,-5.722289100861));
#5137 = VECTOR('',#5138,1.);
#5138 = DIRECTION('',(0.999191195491,4.021137715166E-02));
#5139 = ( GEOMETRIC_REPRESENTATION_CONTEXT(2) 
PARAMETRIC_REPRESENTATION_CONTEXT() REPRESENTATION_CONTEXT('2D SPACE',''
  ) );
#5140 = PCURVE('',#4786,#5141);
#5141 = DEFINITIONAL_REPRESENTATION('',(#5142),#5146);
#5142 = LINE('',#5143,#5144);
#5143 = CARTESIAN_POINT('',(-10.39204946815,-121.));
#5144 = VECTOR('',#5145,1.);
#5145 = DIRECTION('',(-1.,0.));
#5146 = ( GEOMETRIC_REPRESENTATION_CONTEXT(2) 
PARAMETRIC_REPRESENTATION_CONTEXT() REPRESENTATION_CONTEXT('2D SPACE',''
  ) );
#5147 = ORIENTED_EDGE('',*,*,#5148,.T.);
#5148 = EDGE_CURVE('',#5126,#5149,#5151,.T.);
#5149 = VERTEX_POINT('',#5150);
#5150 = CARTESIAN_POINT('',(153.,-7.82209798814,-67.68300757126));
#5151 = SURFACE_CURVE('',#5152,(#5156,#5163),.PCURVE_S1.);
#5152 = LINE('',#5153,#5154);
#5153 = CARTESIAN_POINT('',(153.,-7.585619809029,-72.64805848684));
#5154 = VECTOR('',#5155,1.);
#5155 = DIRECTION('',(0.,4.757462022794E-02,-0.998867686688));
#5156 = PCURVE('',#3084,#5157);
#5157 = DEFINITIONAL_REPRESENTATION('',(#5158),#5162);
#5158 = LINE('',#5159,#5160);
#5159 = CARTESIAN_POINT('',(-8.35194151316,-5.585619809029));
#5160 = VECTOR('',#5161,1.);
#5161 = DIRECTION('',(0.998867686688,4.757462022794E-02));
#5162 = ( GEOMETRIC_REPRESENTATION_CONTEXT(2) 
PARAMETRIC_REPRESENTATION_CONTEXT() REPRESENTATION_CONTEXT('2D SPACE',''
  ) );
#5163 = PCURVE('',#4814,#5164);
#5164 = DEFINITIONAL_REPRESENTATION('',(#5165),#5169);
#5165 = LINE('',#5166,#5167);
#5166 = CARTESIAN_POINT('',(-8.608218239759,-121.));
#5167 = VECTOR('',#5168,1.);
#5168 = DIRECTION('',(-1.,0.));
#5169 = ( GEOMETRIC_REPRESENTATION_CONTEXT(2) 
PARAMETRIC_REPRESENTATION_CONTEXT() REPRESENTATION_CONTEXT('2D SPACE',''
  ) );
#5170 = ORIENTED_EDGE('',*,*,#5171,.T.);
#5171 = EDGE_CURVE('',#5149,#5172,#5174,.T.);
#5172 = VERTEX_POINT('',#5173);
#5173 = CARTESIAN_POINT('',(153.,-7.623171882263,-71.33648306299));
#5174 = SURFACE_CURVE('',#5175,(#5179,#5186),.PCURVE_S1.);
#5175 = LINE('',#5176,#5177);
#5176 = CARTESIAN_POINT('',(153.,-7.452020087778,-74.47985574281));
#5177 = VECTOR('',#5178,1.);
#5178 = DIRECTION('',(0.,5.436792685412E-02,-0.998520970501));
#5179 = PCURVE('',#3084,#5180);
#5180 = DEFINITIONAL_REPRESENTATION('',(#5181),#5185);
#5181 = LINE('',#5182,#5183);
#5182 = CARTESIAN_POINT('',(-6.520144257181,-5.452020087778));
#5183 = VECTOR('',#5184,1.);
#5184 = DIRECTION('',(0.998520970501,5.436792685412E-02));
#5185 = ( GEOMETRIC_REPRESENTATION_CONTEXT(2) 
PARAMETRIC_REPRESENTATION_CONTEXT() REPRESENTATION_CONTEXT('2D SPACE',''
  ) );
#5186 = PCURVE('',#4842,#5187);
#5187 = DEFINITIONAL_REPRESENTATION('',(#5188),#5192);
#5188 = LINE('',#5189,#5190);
#5189 = CARTESIAN_POINT('',(-6.806915800824,-121.));
#5190 = VECTOR('',#5191,1.);
#5191 = DIRECTION('',(-1.,0.));
#5192 = ( GEOMETRIC_REPRESENTATION_CONTEXT(2) 
PARAMETRIC_REPRESENTATION_CONTEXT() REPRESENTATION_CONTEXT('2D SPACE',''
  ) );
#5193 = ORIENTED_EDGE('',*,*,#5194,.T.);
#5194 = EDGE_CURVE('',#5172,#5195,#5197,.T.);
#5195 = VERTEX_POINT('',#5196);
#5196 = CARTESIAN_POINT('',(153.,-7.40061028008,-75.));
#5197 = SURFACE_CURVE('',#5198,(#5202,#5209),.PCURVE_S1.);
#5198 = LINE('',#5199,#5200);
#5199 = CARTESIAN_POINT('',(153.,-7.32037956192,-76.32065276294));
#5200 = VECTOR('',#5201,1.);
#5201 = DIRECTION('',(0.,6.063900882683E-02,-0.998159762066));
#5202 = PCURVE('',#3084,#5203);
#5203 = DEFINITIONAL_REPRESENTATION('',(#5204),#5208);
#5204 = LINE('',#5205,#5206);
#5205 = CARTESIAN_POINT('',(-4.679347237058,-5.32037956192));
#5206 = VECTOR('',#5207,1.);
#5207 = DIRECTION('',(0.998159762066,6.063900882683E-02));
#5208 = ( GEOMETRIC_REPRESENTATION_CONTEXT(2) 
PARAMETRIC_REPRESENTATION_CONTEXT() REPRESENTATION_CONTEXT('2D SPACE',''
  ) );
#5209 = PCURVE('',#4870,#5210);
#5210 = DEFINITIONAL_REPRESENTATION('',(#5211),#5215);
#5211 = LINE('',#5212,#5213);
#5212 = CARTESIAN_POINT('',(-4.993358667985,-121.));
#5213 = VECTOR('',#5214,1.);
#5214 = DIRECTION('',(-1.,0.));
#5215 = ( GEOMETRIC_REPRESENTATION_CONTEXT(2) 
PARAMETRIC_REPRESENTATION_CONTEXT() REPRESENTATION_CONTEXT('2D SPACE',''
  ) );
#5216 = ORIENTED_EDGE('',*,*,#5217,.T.);
#5217 = EDGE_CURVE('',#5195,#5218,#5220,.T.);
#5218 = VERTEX_POINT('',#5219);
#5219 = CARTESIAN_POINT('',(153.,-7.156687907998,-78.663516937));
#5220 = SURFACE_CURVE('',#5221,(#5225,#5232),.PCURVE_S1.);
#5221 = LINE('',#5222,#5223);
#5222 = CARTESIAN_POINT('',(153.,-7.189829552542,-78.16575621472));
#5223 = VECTOR('',#5224,1.);
#5224 = DIRECTION('',(0.,6.643438585429E-02,-0.997790795897));
#5225 = PCURVE('',#3084,#5226);
#5226 = DEFINITIONAL_REPRESENTATION('',(#5227),#5231);
#5227 = LINE('',#5228,#5229);
#5228 = CARTESIAN_POINT('',(-2.834243785276,-5.189829552542));
#5229 = VECTOR('',#5230,1.);
#5230 = DIRECTION('',(0.997790795897,6.643438585429E-02));
#5231 = ( GEOMETRIC_REPRESENTATION_CONTEXT(2) 
PARAMETRIC_REPRESENTATION_CONTEXT() REPRESENTATION_CONTEXT('2D SPACE',''
  ) );
#5232 = PCURVE('',#4898,#5233);
#5233 = DEFINITIONAL_REPRESENTATION('',(#5234),#5238);
#5234 = LINE('',#5235,#5236);
#5235 = CARTESIAN_POINT('',(-3.172765501288,-121.));
#5236 = VECTOR('',#5237,1.);
#5237 = DIRECTION('',(-1.,0.));
#5238 = ( GEOMETRIC_REPRESENTATION_CONTEXT(2) 
PARAMETRIC_REPRESENTATION_CONTEXT() REPRESENTATION_CONTEXT('2D SPACE',''
  ) );
#5239 = ORIENTED_EDGE('',*,*,#5240,.T.);
#5240 = EDGE_CURVE('',#5218,#3393,#5241,.T.);
#5241 = SURFACE_CURVE('',#5242,(#5246,#5253),.PCURVE_S1.);
#5242 = LINE('',#5243,#5244);
#5243 = CARTESIAN_POINT('',(153.,-7.059733712169,-80.01038157688));
#5244 = VECTOR('',#5245,1.);
#5245 = DIRECTION('',(0.,7.179932096371E-02,-0.997419098228));
#5246 = PCURVE('',#3084,#5247);
#5247 = DEFINITIONAL_REPRESENTATION('',(#5248),#5252);
#5248 = LINE('',#5249,#5250);
#5249 = CARTESIAN_POINT('',(-0.989618423117,-5.059733712169));
#5250 = VECTOR('',#5251,1.);
#5251 = DIRECTION('',(0.997419098228,7.179932096371E-02));
#5252 = ( GEOMETRIC_REPRESENTATION_CONTEXT(2) 
PARAMETRIC_REPRESENTATION_CONTEXT() REPRESENTATION_CONTEXT('2D SPACE',''
  ) );
#5253 = PCURVE('',#3408,#5254);
#5254 = DEFINITIONAL_REPRESENTATION('',(#5255),#5259);
#5255 = LINE('',#5256,#5257);
#5256 = CARTESIAN_POINT('',(-1.350349759966,-121.));
#5257 = VECTOR('',#5258,1.);
#5258 = DIRECTION('',(-1.,0.));
#5259 = ( GEOMETRIC_REPRESENTATION_CONTEXT(2) 
PARAMETRIC_REPRESENTATION_CONTEXT() REPRESENTATION_CONTEXT('2D SPACE',''
  ) );
#5260 = ORIENTED_EDGE('',*,*,#3420,.T.);
#5261 = ORIENTED_EDGE('',*,*,#3068,.F.);
#5262 = ADVANCED_FACE('',(#5263),#3163,.F.);
#5263 = FACE_BOUND('',#5264,.F.);
#5264 = EDGE_LOOP('',(#5265,#5266,#5289,#5330,#5362,#5401));
#5265 = ORIENTED_EDGE('',*,*,#3142,.T.);
#5266 = ORIENTED_EDGE('',*,*,#5267,.T.);
#5267 = EDGE_CURVE('',#3143,#5268,#5270,.T.);
#5268 = VERTEX_POINT('',#5269);
#5269 = CARTESIAN_POINT('',(153.7,-6.446485437454,-88.));
#5270 = SEAM_CURVE('',#5271,(#5275,#5282),.PCURVE_S1.);
#5271 = LINE('',#5272,#5273);
#5272 = CARTESIAN_POINT('',(153.7,-23.,-88.));
#5273 = VECTOR('',#5274,1.);
#5274 = DIRECTION('',(-0.,1.,-0.));
#5275 = PCURVE('',#3163,#5276);
#5276 = DEFINITIONAL_REPRESENTATION('',(#5277),#5281);
#5277 = LINE('',#5278,#5279);
#5278 = CARTESIAN_POINT('',(6.28318530718,0.));
#5279 = VECTOR('',#5280,1.);
#5280 = DIRECTION('',(0.,-1.));
#5281 = ( GEOMETRIC_REPRESENTATION_CONTEXT(2) 
PARAMETRIC_REPRESENTATION_CONTEXT() REPRESENTATION_CONTEXT('2D SPACE',''
  ) );
#5282 = PCURVE('',#3163,#5283);
#5283 = DEFINITIONAL_REPRESENTATION('',(#5284),#5288);
#5284 = LINE('',#5285,#5286);
#5285 = CARTESIAN_POINT('',(0.,0.));
#5286 = VECTOR('',#5287,1.);
#5287 = DIRECTION('',(0.,-1.));
#5288 = ( GEOMETRIC_REPRESENTATION_CONTEXT(2) 
PARAMETRIC_REPRESENTATION_CONTEXT() REPRESENTATION_CONTEXT('2D SPACE',''
  ) );
#5289 = ORIENTED_EDGE('',*,*,#5290,.F.);
#5290 = EDGE_CURVE('',#5291,#5268,#5293,.T.);
#5291 = VERTEX_POINT('',#5292);
#5292 = CARTESIAN_POINT('',(151.31032724231,-6.319565682663,
    -89.55381835724));
#5293 = SURFACE_CURVE('',#5294,(#5299,#5319),.PCURVE_S1.);
#5294 = ELLIPSE('',#5295,1.705661796789,1.7);
#5295 = AXIS2_PLACEMENT_3D('',#5296,#5297,#5298);
#5296 = CARTESIAN_POINT('',(152.,-6.446485437454,-88.));
#5297 = DIRECTION('',(0.,0.996680586503,8.141135355662E-02));
#5298 = DIRECTION('',(-0.,-8.141135355662E-02,0.996680586503));
#5299 = PCURVE('',#3163,#5300);
#5300 = DEFINITIONAL_REPRESENTATION('',(#5301),#5318);
#5301 = B_SPLINE_CURVE_WITH_KNOTS('',8,(#5302,#5303,#5304,#5305,#5306,
    #5307,#5308,#5309,#5310,#5311,#5312,#5313,#5314,#5315,#5316,#5317),
  .UNSPECIFIED.,.F.,.F.,(9,7,9),(1.570796326795,4.712388980385,
    7.853981633974),.UNSPECIFIED.);
#5302 = CARTESIAN_POINT('',(6.28318530718,-16.55351456254));
#5303 = CARTESIAN_POINT('',(5.890486225481,-16.60804484954));
#5304 = CARTESIAN_POINT('',(5.497787143783,-16.66257557134));
#5305 = CARTESIAN_POINT('',(5.105088062084,-16.70428752423));
#5306 = CARTESIAN_POINT('',(4.712388980382,-16.72039659178));
#5307 = CARTESIAN_POINT('',(4.319689898684,-16.70428752424));
#5308 = CARTESIAN_POINT('',(3.926990816988,-16.66257557134));
#5309 = CARTESIAN_POINT('',(3.534291735289,-16.60804484954));
#5310 = CARTESIAN_POINT('',(2.748893571891,-16.49898427554));
#5311 = CARTESIAN_POINT('',(2.356194490194,-16.44445355374));
#5312 = CARTESIAN_POINT('',(1.963495408513,-16.4027416008));
#5313 = CARTESIAN_POINT('',(1.570796326795,-16.38663253324));
#5314 = CARTESIAN_POINT('',(1.178097245123,-16.40274160081));
#5315 = CARTESIAN_POINT('',(0.785398163397,-16.44445355375));
#5316 = CARTESIAN_POINT('',(0.392699081699,-16.49898427554));
#5317 = CARTESIAN_POINT('',(1.68753899743E-14,-16.55351456254));
#5318 = ( GEOMETRIC_REPRESENTATION_CONTEXT(2) 
PARAMETRIC_REPRESENTATION_CONTEXT() REPRESENTATION_CONTEXT('2D SPACE',''
  ) );
#5319 = PCURVE('',#4509,#5320);
#5320 = DEFINITIONAL_REPRESENTATION('',(#5321),#5329);
#5321 = ( BOUNDED_CURVE() B_SPLINE_CURVE(2,(#5322,#5323,#5324,#5325,
#5326,#5327,#5328),.UNSPECIFIED.,.T.,.F.) B_SPLINE_CURVE_WITH_KNOTS((1,2
    ,2,2,2,1),(-2.094395102393,0.,2.094395102393,4.188790204786,
6.28318530718,8.377580409573),.UNSPECIFIED.) CURVE() 
GEOMETRIC_REPRESENTATION_ITEM() RATIONAL_B_SPLINE_CURVE((1.,0.5,1.,0.5,
1.,0.5,1.)) REPRESENTATION_ITEM('') );
#5322 = CARTESIAN_POINT('',(-0.350751737235,-120.));
#5323 = CARTESIAN_POINT('',(-0.350751737235,-122.9444863728));
#5324 = CARTESIAN_POINT('',(-2.909244432419,-121.4722431864));
#5325 = CARTESIAN_POINT('',(-5.467737127603,-120.));
#5326 = CARTESIAN_POINT('',(-2.909244432419,-118.5277568135));
#5327 = CARTESIAN_POINT('',(-0.350751737235,-117.0555136271));
#5328 = CARTESIAN_POINT('',(-0.350751737235,-120.));
#5329 = ( GEOMETRIC_REPRESENTATION_CONTEXT(2) 
PARAMETRIC_REPRESENTATION_CONTEXT() REPRESENTATION_CONTEXT('2D SPACE',''
  ) );
#5330 = ORIENTED_EDGE('',*,*,#5331,.F.);
#5331 = EDGE_CURVE('',#5332,#5291,#5334,.T.);
#5332 = VERTEX_POINT('',#5333);
#5333 = CARTESIAN_POINT('',(152.68967275768,-6.319565682663,
    -89.55381835724));
#5334 = SURFACE_CURVE('',#5335,(#5340,#5351),.PCURVE_S1.);
#5335 = ELLIPSE('',#5336,1.70628338044,1.7);
#5336 = AXIS2_PLACEMENT_3D('',#5337,#5338,#5339);
#5337 = CARTESIAN_POINT('',(152.,-6.453283226985,-88.));
#5338 = DIRECTION('',(0.,0.996317504752,8.574047891734E-02));
#5339 = DIRECTION('',(-0.,-8.574047891734E-02,0.996317504752));
#5340 = PCURVE('',#3163,#5341);
#5341 = DEFINITIONAL_REPRESENTATION('',(#5342),#5350);
#5342 = B_SPLINE_CURVE_WITH_KNOTS('',6,(#5343,#5344,#5345,#5346,#5347,
    #5348,#5349),.UNSPECIFIED.,.F.,.F.,(7,7),(2.352362937851,
    3.930822369328),.PIECEWISE_BEZIER_KNOTS.);
#5343 = CARTESIAN_POINT('',(5.501618696123,-16.64976764088));
#5344 = CARTESIAN_POINT('',(5.23854212421,-16.67708645885));
#5345 = CARTESIAN_POINT('',(4.975465552298,-16.6958464971));
#5346 = CARTESIAN_POINT('',(4.712388980385,-16.70264741523));
#5347 = CARTESIAN_POINT('',(4.449312408472,-16.6958464971));
#5348 = CARTESIAN_POINT('',(4.186235836559,-16.67708645885));
#5349 = CARTESIAN_POINT('',(3.923159264646,-16.64976764088));
#5350 = ( GEOMETRIC_REPRESENTATION_CONTEXT(2) 
PARAMETRIC_REPRESENTATION_CONTEXT() REPRESENTATION_CONTEXT('2D SPACE',''
  ) );
#5351 = PCURVE('',#4537,#5352);
#5352 = DEFINITIONAL_REPRESENTATION('',(#5353),#5361);
#5353 = ( BOUNDED_CURVE() B_SPLINE_CURVE(2,(#5354,#5355,#5356,#5357,
#5358,#5359,#5360),.UNSPECIFIED.,.T.,.F.) B_SPLINE_CURVE_WITH_KNOTS((1,2
    ,2,2,2,1),(-2.094395102393,0.,2.094395102393,4.188790204786,
6.28318530718,8.377580409573),.UNSPECIFIED.) CURVE() 
GEOMETRIC_REPRESENTATION_ITEM() RATIONAL_B_SPLINE_CURVE((1.,0.5,1.,0.5,
1.,0.5,1.)) REPRESENTATION_ITEM('') );
#5354 = CARTESIAN_POINT('',(3.265844815256,-120.));
#5355 = CARTESIAN_POINT('',(3.265844815256,-122.9444863728));
#5356 = CARTESIAN_POINT('',(0.706419744596,-121.4722431864));
#5357 = CARTESIAN_POINT('',(-1.853005326065,-120.));
#5358 = CARTESIAN_POINT('',(0.706419744596,-118.5277568135));
#5359 = CARTESIAN_POINT('',(3.265844815256,-117.0555136271));
#5360 = CARTESIAN_POINT('',(3.265844815256,-120.));
#5361 = ( GEOMETRIC_REPRESENTATION_CONTEXT(2) 
PARAMETRIC_REPRESENTATION_CONTEXT() REPRESENTATION_CONTEXT('2D SPACE',''
  ) );
#5362 = ORIENTED_EDGE('',*,*,#5363,.F.);
#5363 = EDGE_CURVE('',#5268,#5332,#5364,.T.);
#5364 = SURFACE_CURVE('',#5365,(#5370,#5390),.PCURVE_S1.);
#5365 = ELLIPSE('',#5366,1.705661796789,1.7);
#5366 = AXIS2_PLACEMENT_3D('',#5367,#5368,#5369);
#5367 = CARTESIAN_POINT('',(152.,-6.446485437454,-88.));
#5368 = DIRECTION('',(0.,0.996680586503,8.141135355662E-02));
#5369 = DIRECTION('',(-0.,-8.141135355662E-02,0.996680586503));
#5370 = PCURVE('',#3163,#5371);
#5371 = DEFINITIONAL_REPRESENTATION('',(#5372),#5389);
#5372 = B_SPLINE_CURVE_WITH_KNOTS('',8,(#5373,#5374,#5375,#5376,#5377,
    #5378,#5379,#5380,#5381,#5382,#5383,#5384,#5385,#5386,#5387,#5388),
  .UNSPECIFIED.,.F.,.F.,(9,7,9),(1.570796326795,4.712388980385,
    7.853981633974),.UNSPECIFIED.);
#5373 = CARTESIAN_POINT('',(6.28318530718,-16.55351456254));
#5374 = CARTESIAN_POINT('',(5.890486225481,-16.60804484954));
#5375 = CARTESIAN_POINT('',(5.497787143783,-16.66257557134));
#5376 = CARTESIAN_POINT('',(5.105088062084,-16.70428752423));
#5377 = CARTESIAN_POINT('',(4.712388980382,-16.72039659178));
#5378 = CARTESIAN_POINT('',(4.319689898684,-16.70428752424));
#5379 = CARTESIAN_POINT('',(3.926990816988,-16.66257557134));
#5380 = CARTESIAN_POINT('',(3.534291735289,-16.60804484954));
#5381 = CARTESIAN_POINT('',(2.748893571891,-16.49898427554));
#5382 = CARTESIAN_POINT('',(2.356194490194,-16.44445355374));
#5383 = CARTESIAN_POINT('',(1.963495408513,-16.4027416008));
#5384 = CARTESIAN_POINT('',(1.570796326795,-16.38663253324));
#5385 = CARTESIAN_POINT('',(1.178097245123,-16.40274160081));
#5386 = CARTESIAN_POINT('',(0.785398163397,-16.44445355375));
#5387 = CARTESIAN_POINT('',(0.392699081699,-16.49898427554));
#5388 = CARTESIAN_POINT('',(1.68753899743E-14,-16.55351456254));
#5389 = ( GEOMETRIC_REPRESENTATION_CONTEXT(2) 
PARAMETRIC_REPRESENTATION_CONTEXT() REPRESENTATION_CONTEXT('2D SPACE',''
  ) );
#5390 = PCURVE('',#4509,#5391);
#5391 = DEFINITIONAL_REPRESENTATION('',(#5392),#5400);
#5392 = ( BOUNDED_CURVE() B_SPLINE_CURVE(2,(#5393,#5394,#5395,#5396,
#5397,#5398,#5399),.UNSPECIFIED.,.T.,.F.) B_SPLINE_CURVE_WITH_KNOTS((1,2
    ,2,2,2,1),(-2.094395102393,0.,2.094395102393,4.188790204786,
6.28318530718,8.377580409573),.UNSPECIFIED.) CURVE() 
GEOMETRIC_REPRESENTATION_ITEM() RATIONAL_B_SPLINE_CURVE((1.,0.5,1.,0.5,
1.,0.5,1.)) REPRESENTATION_ITEM('') );
#5393 = CARTESIAN_POINT('',(-0.350751737235,-120.));
#5394 = CARTESIAN_POINT('',(-0.350751737235,-122.9444863728));
#5395 = CARTESIAN_POINT('',(-2.909244432419,-121.4722431864));
#5396 = CARTESIAN_POINT('',(-5.467737127603,-120.));
#5397 = CARTESIAN_POINT('',(-2.909244432419,-118.5277568135));
#5398 = CARTESIAN_POINT('',(-0.350751737235,-117.0555136271));
#5399 = CARTESIAN_POINT('',(-0.350751737235,-120.));
#5400 = ( GEOMETRIC_REPRESENTATION_CONTEXT(2) 
PARAMETRIC_REPRESENTATION_CONTEXT() REPRESENTATION_CONTEXT('2D SPACE',''
  ) );
#5401 = ORIENTED_EDGE('',*,*,#5267,.F.);
#5402 = ADVANCED_FACE('',(#5403),#3198,.F.);
#5403 = FACE_BOUND('',#5404,.F.);
#5404 = EDGE_LOOP('',(#5405,#5406,#5429,#5470,#5502,#5541));
#5405 = ORIENTED_EDGE('',*,*,#3177,.T.);
#5406 = ORIENTED_EDGE('',*,*,#5407,.T.);
#5407 = EDGE_CURVE('',#3178,#5408,#5410,.T.);
#5408 = VERTEX_POINT('',#5409);
#5409 = CARTESIAN_POINT('',(153.7,-8.394768624342,-48.));
#5410 = SEAM_CURVE('',#5411,(#5415,#5422),.PCURVE_S1.);
#5411 = LINE('',#5412,#5413);
#5412 = CARTESIAN_POINT('',(153.7,-23.,-48.));
#5413 = VECTOR('',#5414,1.);
#5414 = DIRECTION('',(-0.,1.,-0.));
#5415 = PCURVE('',#3198,#5416);
#5416 = DEFINITIONAL_REPRESENTATION('',(#5417),#5421);
#5417 = LINE('',#5418,#5419);
#5418 = CARTESIAN_POINT('',(6.28318530718,0.));
#5419 = VECTOR('',#5420,1.);
#5420 = DIRECTION('',(0.,-1.));
#5421 = ( GEOMETRIC_REPRESENTATION_CONTEXT(2) 
PARAMETRIC_REPRESENTATION_CONTEXT() REPRESENTATION_CONTEXT('2D SPACE',''
  ) );
#5422 = PCURVE('',#3198,#5423);
#5423 = DEFINITIONAL_REPRESENTATION('',(#5424),#5428);
#5424 = LINE('',#5425,#5426);
#5425 = CARTESIAN_POINT('',(0.,0.));
#5426 = VECTOR('',#5427,1.);
#5427 = DIRECTION('',(0.,-1.));
#5428 = ( GEOMETRIC_REPRESENTATION_CONTEXT(2) 
PARAMETRIC_REPRESENTATION_CONTEXT() REPRESENTATION_CONTEXT('2D SPACE',''
  ) );
#5429 = ORIENTED_EDGE('',*,*,#5430,.F.);
#5430 = EDGE_CURVE('',#5431,#5408,#5433,.T.);
#5431 = VERTEX_POINT('',#5432);
#5432 = CARTESIAN_POINT('',(152.85117354618,-8.400727768418,
    -46.52843498469));
#5433 = SURFACE_CURVE('',#5434,(#5439,#5459),.PCURVE_S1.);
#5434 = ELLIPSE('',#5435,1.70001393882,1.7);
#5435 = AXIS2_PLACEMENT_3D('',#5436,#5437,#5438);
#5436 = CARTESIAN_POINT('',(152.,-8.394768624342,-48.));
#5437 = DIRECTION('',(0.,0.999991800761,4.049495030438E-03));
#5438 = DIRECTION('',(-0.,-4.049495030438E-03,0.999991800761));
#5439 = PCURVE('',#3198,#5440);
#5440 = DEFINITIONAL_REPRESENTATION('',(#5441),#5458);
#5441 = B_SPLINE_CURVE_WITH_KNOTS('',8,(#5442,#5443,#5444,#5445,#5446,
    #5447,#5448,#5449,#5450,#5451,#5452,#5453,#5454,#5455,#5456,#5457),
  .UNSPECIFIED.,.F.,.F.,(9,7,9),(1.570796326795,4.712388980385,
    7.853981633974),.UNSPECIFIED.);
#5442 = CARTESIAN_POINT('',(6.28318530718,-14.60523137565));
#5443 = CARTESIAN_POINT('',(5.890486225481,-14.60793479389));
#5444 = CARTESIAN_POINT('',(5.497787143784,-14.61063823366));
#5445 = CARTESIAN_POINT('',(5.105088062077,-14.61270616433));
#5446 = CARTESIAN_POINT('',(4.712388980404,-14.61350479474));
#5447 = CARTESIAN_POINT('',(4.31968989868,-14.61270616434));
#5448 = CARTESIAN_POINT('',(3.92699081699,-14.61063823366));
#5449 = CARTESIAN_POINT('',(3.534291735289,-14.60793479389));
#5450 = CARTESIAN_POINT('',(2.748893571891,-14.60252795742));
#5451 = CARTESIAN_POINT('',(2.356194490196,-14.59982451762));
#5452 = CARTESIAN_POINT('',(1.963495408506,-14.59775658696));
#5453 = CARTESIAN_POINT('',(1.570796326795,-14.59695795645));
#5454 = CARTESIAN_POINT('',(1.178097245115,-14.59775658694));
#5455 = CARTESIAN_POINT('',(0.785398163399,-14.59982451763));
#5456 = CARTESIAN_POINT('',(0.392699081699,-14.60252795742));
#5457 = CARTESIAN_POINT('',(1.68753899743E-14,-14.60523137565));
#5458 = ( GEOMETRIC_REPRESENTATION_CONTEXT(2) 
PARAMETRIC_REPRESENTATION_CONTEXT() REPRESENTATION_CONTEXT('2D SPACE',''
  ) );
#5459 = PCURVE('',#4211,#5460);
#5460 = DEFINITIONAL_REPRESENTATION('',(#5461),#5469);
#5461 = ( BOUNDED_CURVE() B_SPLINE_CURVE(2,(#5462,#5463,#5464,#5465,
#5466,#5467,#5468),.UNSPECIFIED.,.T.,.F.) B_SPLINE_CURVE_WITH_KNOTS((1,2
    ,2,2,2,1),(-2.094395102393,0.,2.094395102393,4.188790204786,
6.28318530718,8.377580409573),.UNSPECIFIED.) CURVE() 
GEOMETRIC_REPRESENTATION_ITEM() RATIONAL_B_SPLINE_CURVE((1.,0.5,1.,0.5,
1.,0.5,1.)) REPRESENTATION_ITEM('') );
#5462 = CARTESIAN_POINT('',(0.228436857702,-120.));
#5463 = CARTESIAN_POINT('',(0.228436857702,-122.9444863728));
#5464 = CARTESIAN_POINT('',(-2.321584050528,-121.4722431864));
#5465 = CARTESIAN_POINT('',(-4.871604958758,-120.));
#5466 = CARTESIAN_POINT('',(-2.321584050528,-118.5277568135));
#5467 = CARTESIAN_POINT('',(0.228436857702,-117.0555136271));
#5468 = CARTESIAN_POINT('',(0.228436857702,-120.));
#5469 = ( GEOMETRIC_REPRESENTATION_CONTEXT(2) 
PARAMETRIC_REPRESENTATION_CONTEXT() REPRESENTATION_CONTEXT('2D SPACE',''
  ) );
#5470 = ORIENTED_EDGE('',*,*,#5471,.F.);
#5471 = EDGE_CURVE('',#5472,#5431,#5474,.T.);
#5472 = VERTEX_POINT('',#5473);
#5473 = CARTESIAN_POINT('',(151.14882645381,-8.400727768418,
    -46.52843498469));
#5474 = SURFACE_CURVE('',#5475,(#5480,#5491),.PCURVE_S1.);
#5475 = ELLIPSE('',#5476,1.700040988752,1.7);
#5476 = AXIS2_PLACEMENT_3D('',#5477,#5478,#5479);
#5477 = CARTESIAN_POINT('',(152.,-8.410946687453,-48.));
#5478 = DIRECTION('',(0.,0.999975889551,-6.944085069566E-03));
#5479 = DIRECTION('',(-0.,-6.944085069566E-03,-0.999975889551));
#5480 = PCURVE('',#3198,#5481);
#5481 = DEFINITIONAL_REPRESENTATION('',(#5482),#5490);
#5482 = B_SPLINE_CURVE_WITH_KNOTS('',6,(#5483,#5484,#5485,#5486,#5487,
    #5488,#5489),.UNSPECIFIED.,.F.,.F.,(7,7),(2.306422819661,
    3.976762487518),.PIECEWISE_BEZIER_KNOTS.);
#5483 = CARTESIAN_POINT('',(2.405966160724,-14.59697523259));
#5484 = CARTESIAN_POINT('',(2.127576216081,-14.59941184637));
#5485 = CARTESIAN_POINT('',(1.849186271438,-14.60111167604));
#5486 = CARTESIAN_POINT('',(1.570796326795,-14.60173518265));
#5487 = CARTESIAN_POINT('',(1.292406382152,-14.60111167604));
#5488 = CARTESIAN_POINT('',(1.014016437509,-14.59941184637));
#5489 = CARTESIAN_POINT('',(0.735626492866,-14.59697523259));
#5490 = ( GEOMETRIC_REPRESENTATION_CONTEXT(2) 
PARAMETRIC_REPRESENTATION_CONTEXT() REPRESENTATION_CONTEXT('2D SPACE',''
  ) );
#5491 = PCURVE('',#4183,#5492);
#5492 = DEFINITIONAL_REPRESENTATION('',(#5493),#5501);
#5493 = ( BOUNDED_CURVE() B_SPLINE_CURVE(2,(#5494,#5495,#5496,#5497,
#5498,#5499,#5500),.UNSPECIFIED.,.T.,.F.) B_SPLINE_CURVE_WITH_KNOTS((1,2
    ,2,2,2,1),(-2.094395102393,0.,2.094395102393,4.188790204786,
6.28318530718,8.377580409573),.UNSPECIFIED.) CURVE() 
GEOMETRIC_REPRESENTATION_ITEM() RATIONAL_B_SPLINE_CURVE((1.,0.5,1.,0.5,
1.,0.5,1.)) REPRESENTATION_ITEM('') );
#5494 = CARTESIAN_POINT('',(-6.479491205213,-120.));
#5495 = CARTESIAN_POINT('',(-6.479491205213,-117.0555136271));
#5496 = CARTESIAN_POINT('',(-3.929429722085,-118.5277568135));
#5497 = CARTESIAN_POINT('',(-1.379368238956,-120.));
#5498 = CARTESIAN_POINT('',(-3.929429722085,-121.4722431864));
#5499 = CARTESIAN_POINT('',(-6.479491205213,-122.9444863728));
#5500 = CARTESIAN_POINT('',(-6.479491205213,-120.));
#5501 = ( GEOMETRIC_REPRESENTATION_CONTEXT(2) 
PARAMETRIC_REPRESENTATION_CONTEXT() REPRESENTATION_CONTEXT('2D SPACE',''
  ) );
#5502 = ORIENTED_EDGE('',*,*,#5503,.F.);
#5503 = EDGE_CURVE('',#5408,#5472,#5504,.T.);
#5504 = SURFACE_CURVE('',#5505,(#5510,#5530),.PCURVE_S1.);
#5505 = ELLIPSE('',#5506,1.70001393882,1.7);
#5506 = AXIS2_PLACEMENT_3D('',#5507,#5508,#5509);
#5507 = CARTESIAN_POINT('',(152.,-8.394768624342,-48.));
#5508 = DIRECTION('',(0.,0.999991800761,4.049495030438E-03));
#5509 = DIRECTION('',(-0.,-4.049495030438E-03,0.999991800761));
#5510 = PCURVE('',#3198,#5511);
#5511 = DEFINITIONAL_REPRESENTATION('',(#5512),#5529);
#5512 = B_SPLINE_CURVE_WITH_KNOTS('',8,(#5513,#5514,#5515,#5516,#5517,
    #5518,#5519,#5520,#5521,#5522,#5523,#5524,#5525,#5526,#5527,#5528),
  .UNSPECIFIED.,.F.,.F.,(9,7,9),(1.570796326795,4.712388980385,
    7.853981633974),.UNSPECIFIED.);
#5513 = CARTESIAN_POINT('',(6.28318530718,-14.60523137565));
#5514 = CARTESIAN_POINT('',(5.890486225481,-14.60793479389));
#5515 = CARTESIAN_POINT('',(5.497787143784,-14.61063823366));
#5516 = CARTESIAN_POINT('',(5.105088062077,-14.61270616433));
#5517 = CARTESIAN_POINT('',(4.712388980404,-14.61350479474));
#5518 = CARTESIAN_POINT('',(4.31968989868,-14.61270616434));
#5519 = CARTESIAN_POINT('',(3.92699081699,-14.61063823366));
#5520 = CARTESIAN_POINT('',(3.534291735289,-14.60793479389));
#5521 = CARTESIAN_POINT('',(2.748893571891,-14.60252795742));
#5522 = CARTESIAN_POINT('',(2.356194490196,-14.59982451762));
#5523 = CARTESIAN_POINT('',(1.963495408506,-14.59775658696));
#5524 = CARTESIAN_POINT('',(1.570796326795,-14.59695795645));
#5525 = CARTESIAN_POINT('',(1.178097245115,-14.59775658694));
#5526 = CARTESIAN_POINT('',(0.785398163399,-14.59982451763));
#5527 = CARTESIAN_POINT('',(0.392699081699,-14.60252795742));
#5528 = CARTESIAN_POINT('',(1.68753899743E-14,-14.60523137565));
#5529 = ( GEOMETRIC_REPRESENTATION_CONTEXT(2) 
PARAMETRIC_REPRESENTATION_CONTEXT() REPRESENTATION_CONTEXT('2D SPACE',''
  ) );
#5530 = PCURVE('',#4211,#5531);
#5531 = DEFINITIONAL_REPRESENTATION('',(#5532),#5540);
#5532 = ( BOUNDED_CURVE() B_SPLINE_CURVE(2,(#5533,#5534,#5535,#5536,
#5537,#5538,#5539),.UNSPECIFIED.,.T.,.F.) B_SPLINE_CURVE_WITH_KNOTS((1,2
    ,2,2,2,1),(-2.094395102393,0.,2.094395102393,4.188790204786,
6.28318530718,8.377580409573),.UNSPECIFIED.) CURVE() 
GEOMETRIC_REPRESENTATION_ITEM() RATIONAL_B_SPLINE_CURVE((1.,0.5,1.,0.5,
1.,0.5,1.)) REPRESENTATION_ITEM('') );
#5533 = CARTESIAN_POINT('',(0.228436857702,-120.));
#5534 = CARTESIAN_POINT('',(0.228436857702,-122.9444863728));
#5535 = CARTESIAN_POINT('',(-2.321584050528,-121.4722431864));
#5536 = CARTESIAN_POINT('',(-4.871604958758,-120.));
#5537 = CARTESIAN_POINT('',(-2.321584050528,-118.5277568135));
#5538 = CARTESIAN_POINT('',(0.228436857702,-117.0555136271));
#5539 = CARTESIAN_POINT('',(0.228436857702,-120.));
#5540 = ( GEOMETRIC_REPRESENTATION_CONTEXT(2) 
PARAMETRIC_REPRESENTATION_CONTEXT() REPRESENTATION_CONTEXT('2D SPACE',''
  ) );
#5541 = ORIENTED_EDGE('',*,*,#5407,.F.);
#5542 = ADVANCED_FACE('',(#5543),#3231,.T.);
#5543 = FACE_BOUND('',#5544,.F.);
#5544 = EDGE_LOOP('',(#5545,#5546,#5569,#5592,#5615,#5638,#5661,#5684,
    #5707,#5728,#5729));
#5545 = ORIENTED_EDGE('',*,*,#3213,.F.);
#5546 = ORIENTED_EDGE('',*,*,#5547,.T.);
#5547 = EDGE_CURVE('',#3214,#5548,#5550,.T.);
#5548 = VERTEX_POINT('',#5549);
#5549 = CARTESIAN_POINT('',(137.,-8.255076571138,-56.88266684282));
#5550 = SURFACE_CURVE('',#5551,(#5555,#5562),.PCURVE_S1.);
#5551 = LINE('',#5552,#5553);
#5552 = CARTESIAN_POINT('',(137.,-8.010540877759,-67.25142044983));
#5553 = VECTOR('',#5554,1.);
#5554 = DIRECTION('',(0.,2.357734840245E-02,-0.999722015684));
#5555 = PCURVE('',#3231,#5556);
#5556 = DEFINITIONAL_REPRESENTATION('',(#5557),#5561);
#5557 = LINE('',#5558,#5559);
#5558 = CARTESIAN_POINT('',(-13.74857955016,-6.010540877759));
#5559 = VECTOR('',#5560,1.);
#5560 = DIRECTION('',(0.999722015684,2.357734840245E-02));
#5561 = ( GEOMETRIC_REPRESENTATION_CONTEXT(2) 
PARAMETRIC_REPRESENTATION_CONTEXT() REPRESENTATION_CONTEXT('2D SPACE',''
  ) );
#5562 = PCURVE('',#3259,#5563);
#5563 = DEFINITIONAL_REPRESENTATION('',(#5564),#5568);
#5564 = LINE('',#5565,#5566);
#5565 = CARTESIAN_POINT('',(-13.88647027703,-105.));
#5566 = VECTOR('',#5567,1.);
#5567 = DIRECTION('',(-1.,0.));
#5568 = ( GEOMETRIC_REPRESENTATION_CONTEXT(2) 
PARAMETRIC_REPRESENTATION_CONTEXT() REPRESENTATION_CONTEXT('2D SPACE',''
  ) );
#5569 = ORIENTED_EDGE('',*,*,#5570,.T.);
#5570 = EDGE_CURVE('',#5548,#5571,#5573,.T.);
#5571 = VERTEX_POINT('',#5572);
#5572 = CARTESIAN_POINT('',(137.,-8.140167721403,-60.44618164275));
#5573 = SURFACE_CURVE('',#5574,(#5578,#5585),.PCURVE_S1.);
#5574 = LINE('',#5575,#5576);
#5575 = CARTESIAN_POINT('',(137.,-7.86338891203,-69.02955346992));
#5576 = VECTOR('',#5577,1.);
#5577 = DIRECTION('',(0.,3.222917866762E-02,-0.999480505084));
#5578 = PCURVE('',#3231,#5579);
#5579 = DEFINITIONAL_REPRESENTATION('',(#5580),#5584);
#5580 = LINE('',#5581,#5582);
#5581 = CARTESIAN_POINT('',(-11.97044653007,-5.86338891203));
#5582 = VECTOR('',#5583,1.);
#5583 = DIRECTION('',(0.999480505084,3.222917866762E-02));
#5584 = ( GEOMETRIC_REPRESENTATION_CONTEXT(2) 
PARAMETRIC_REPRESENTATION_CONTEXT() REPRESENTATION_CONTEXT('2D SPACE',''
  ) );
#5585 = PCURVE('',#4290,#5586);
#5586 = DEFINITIONAL_REPRESENTATION('',(#5587),#5591);
#5587 = LINE('',#5588,#5589);
#5588 = CARTESIAN_POINT('',(-12.15320015279,-105.));
#5589 = VECTOR('',#5590,1.);
#5590 = DIRECTION('',(-1.,0.));
#5591 = ( GEOMETRIC_REPRESENTATION_CONTEXT(2) 
PARAMETRIC_REPRESENTATION_CONTEXT() REPRESENTATION_CONTEXT('2D SPACE',''
  ) );
#5592 = ORIENTED_EDGE('',*,*,#5593,.T.);
#5593 = EDGE_CURVE('',#5571,#5594,#5596,.T.);
#5594 = VERTEX_POINT('',#5595);
#5595 = CARTESIAN_POINT('',(137.,-7.995152522624,-64.04958744718));
#5596 = SURFACE_CURVE('',#5597,(#5601,#5608),.PCURVE_S1.);
#5597 = LINE('',#5598,#5599);
#5598 = CARTESIAN_POINT('',(137.,-7.722289100861,-70.82982597444));
#5599 = VECTOR('',#5600,1.);
#5600 = DIRECTION('',(0.,4.021137715166E-02,-0.999191195491));
#5601 = PCURVE('',#3231,#5602);
#5602 = DEFINITIONAL_REPRESENTATION('',(#5603),#5607);
#5603 = LINE('',#5604,#5605);
#5604 = CARTESIAN_POINT('',(-10.17017402555,-5.722289100861));
#5605 = VECTOR('',#5606,1.);
#5606 = DIRECTION('',(0.999191195491,4.021137715166E-02));
#5607 = ( GEOMETRIC_REPRESENTATION_CONTEXT(2) 
PARAMETRIC_REPRESENTATION_CONTEXT() REPRESENTATION_CONTEXT('2D SPACE',''
  ) );
#5608 = PCURVE('',#4318,#5609);
#5609 = DEFINITIONAL_REPRESENTATION('',(#5610),#5614);
#5610 = LINE('',#5611,#5612);
#5611 = CARTESIAN_POINT('',(-10.39204946815,-105.));
#5612 = VECTOR('',#5613,1.);
#5613 = DIRECTION('',(-1.,0.));
#5614 = ( GEOMETRIC_REPRESENTATION_CONTEXT(2) 
PARAMETRIC_REPRESENTATION_CONTEXT() REPRESENTATION_CONTEXT('2D SPACE',''
  ) );
#5615 = ORIENTED_EDGE('',*,*,#5616,.T.);
#5616 = EDGE_CURVE('',#5594,#5617,#5619,.T.);
#5617 = VERTEX_POINT('',#5618);
#5618 = CARTESIAN_POINT('',(137.,-7.82209798814,-67.68300757126));
#5619 = SURFACE_CURVE('',#5620,(#5624,#5631),.PCURVE_S1.);
#5620 = LINE('',#5621,#5622);
#5621 = CARTESIAN_POINT('',(137.,-7.585619809029,-72.64805848684));
#5622 = VECTOR('',#5623,1.);
#5623 = DIRECTION('',(0.,4.757462022794E-02,-0.998867686688));
#5624 = PCURVE('',#3231,#5625);
#5625 = DEFINITIONAL_REPRESENTATION('',(#5626),#5630);
#5626 = LINE('',#5627,#5628);
#5627 = CARTESIAN_POINT('',(-8.35194151316,-5.585619809029));
#5628 = VECTOR('',#5629,1.);
#5629 = DIRECTION('',(0.998867686688,4.757462022794E-02));
#5630 = ( GEOMETRIC_REPRESENTATION_CONTEXT(2) 
PARAMETRIC_REPRESENTATION_CONTEXT() REPRESENTATION_CONTEXT('2D SPACE',''
  ) );
#5631 = PCURVE('',#4346,#5632);
#5632 = DEFINITIONAL_REPRESENTATION('',(#5633),#5637);
#5633 = LINE('',#5634,#5635);
#5634 = CARTESIAN_POINT('',(-8.608218239759,-105.));
#5635 = VECTOR('',#5636,1.);
#5636 = DIRECTION('',(-1.,0.));
#5637 = ( GEOMETRIC_REPRESENTATION_CONTEXT(2) 
PARAMETRIC_REPRESENTATION_CONTEXT() REPRESENTATION_CONTEXT('2D SPACE',''
  ) );
#5638 = ORIENTED_EDGE('',*,*,#5639,.T.);
#5639 = EDGE_CURVE('',#5617,#5640,#5642,.T.);
#5640 = VERTEX_POINT('',#5641);
#5641 = CARTESIAN_POINT('',(137.,-7.623171882263,-71.33648306299));
#5642 = SURFACE_CURVE('',#5643,(#5647,#5654),.PCURVE_S1.);
#5643 = LINE('',#5644,#5645);
#5644 = CARTESIAN_POINT('',(137.,-7.452020087778,-74.47985574281));
#5645 = VECTOR('',#5646,1.);
#5646 = DIRECTION('',(0.,5.436792685412E-02,-0.998520970501));
#5647 = PCURVE('',#3231,#5648);
#5648 = DEFINITIONAL_REPRESENTATION('',(#5649),#5653);
#5649 = LINE('',#5650,#5651);
#5650 = CARTESIAN_POINT('',(-6.520144257181,-5.452020087778));
#5651 = VECTOR('',#5652,1.);
#5652 = DIRECTION('',(0.998520970501,5.436792685412E-02));
#5653 = ( GEOMETRIC_REPRESENTATION_CONTEXT(2) 
PARAMETRIC_REPRESENTATION_CONTEXT() REPRESENTATION_CONTEXT('2D SPACE',''
  ) );
#5654 = PCURVE('',#4374,#5655);
#5655 = DEFINITIONAL_REPRESENTATION('',(#5656),#5660);
#5656 = LINE('',#5657,#5658);
#5657 = CARTESIAN_POINT('',(-6.806915800824,-105.));
#5658 = VECTOR('',#5659,1.);
#5659 = DIRECTION('',(-1.,0.));
#5660 = ( GEOMETRIC_REPRESENTATION_CONTEXT(2) 
PARAMETRIC_REPRESENTATION_CONTEXT() REPRESENTATION_CONTEXT('2D SPACE',''
  ) );
#5661 = ORIENTED_EDGE('',*,*,#5662,.T.);
#5662 = EDGE_CURVE('',#5640,#5663,#5665,.T.);
#5663 = VERTEX_POINT('',#5664);
#5664 = CARTESIAN_POINT('',(137.,-7.40061028008,-75.));
#5665 = SURFACE_CURVE('',#5666,(#5670,#5677),.PCURVE_S1.);
#5666 = LINE('',#5667,#5668);
#5667 = CARTESIAN_POINT('',(137.,-7.32037956192,-76.32065276294));
#5668 = VECTOR('',#5669,1.);
#5669 = DIRECTION('',(0.,6.063900882683E-02,-0.998159762066));
#5670 = PCURVE('',#3231,#5671);
#5671 = DEFINITIONAL_REPRESENTATION('',(#5672),#5676);
#5672 = LINE('',#5673,#5674);
#5673 = CARTESIAN_POINT('',(-4.679347237058,-5.32037956192));
#5674 = VECTOR('',#5675,1.);
#5675 = DIRECTION('',(0.998159762066,6.063900882683E-02));
#5676 = ( GEOMETRIC_REPRESENTATION_CONTEXT(2) 
PARAMETRIC_REPRESENTATION_CONTEXT() REPRESENTATION_CONTEXT('2D SPACE',''
  ) );
#5677 = PCURVE('',#4402,#5678);
#5678 = DEFINITIONAL_REPRESENTATION('',(#5679),#5683);
#5679 = LINE('',#5680,#5681);
#5680 = CARTESIAN_POINT('',(-4.993358667985,-105.));
#5681 = VECTOR('',#5682,1.);
#5682 = DIRECTION('',(-1.,0.));
#5683 = ( GEOMETRIC_REPRESENTATION_CONTEXT(2) 
PARAMETRIC_REPRESENTATION_CONTEXT() REPRESENTATION_CONTEXT('2D SPACE',''
  ) );
#5684 = ORIENTED_EDGE('',*,*,#5685,.T.);
#5685 = EDGE_CURVE('',#5663,#5686,#5688,.T.);
#5686 = VERTEX_POINT('',#5687);
#5687 = CARTESIAN_POINT('',(137.,-7.156687907998,-78.663516937));
#5688 = SURFACE_CURVE('',#5689,(#5693,#5700),.PCURVE_S1.);
#5689 = LINE('',#5690,#5691);
#5690 = CARTESIAN_POINT('',(137.,-7.189829552542,-78.16575621472));
#5691 = VECTOR('',#5692,1.);
#5692 = DIRECTION('',(0.,6.643438585429E-02,-0.997790795897));
#5693 = PCURVE('',#3231,#5694);
#5694 = DEFINITIONAL_REPRESENTATION('',(#5695),#5699);
#5695 = LINE('',#5696,#5697);
#5696 = CARTESIAN_POINT('',(-2.834243785276,-5.189829552542));
#5697 = VECTOR('',#5698,1.);
#5698 = DIRECTION('',(0.997790795897,6.643438585429E-02));
#5699 = ( GEOMETRIC_REPRESENTATION_CONTEXT(2) 
PARAMETRIC_REPRESENTATION_CONTEXT() REPRESENTATION_CONTEXT('2D SPACE',''
  ) );
#5700 = PCURVE('',#4430,#5701);
#5701 = DEFINITIONAL_REPRESENTATION('',(#5702),#5706);
#5702 = LINE('',#5703,#5704);
#5703 = CARTESIAN_POINT('',(-3.172765501288,-105.));
#5704 = VECTOR('',#5705,1.);
#5705 = DIRECTION('',(-1.,0.));
#5706 = ( GEOMETRIC_REPRESENTATION_CONTEXT(2) 
PARAMETRIC_REPRESENTATION_CONTEXT() REPRESENTATION_CONTEXT('2D SPACE',''
  ) );
#5707 = ORIENTED_EDGE('',*,*,#5708,.T.);
#5708 = EDGE_CURVE('',#5686,#3368,#5709,.T.);
#5709 = SURFACE_CURVE('',#5710,(#5714,#5721),.PCURVE_S1.);
#5710 = LINE('',#5711,#5712);
#5711 = CARTESIAN_POINT('',(137.,-7.059733712169,-80.01038157688));
#5712 = VECTOR('',#5713,1.);
#5713 = DIRECTION('',(0.,7.179932096371E-02,-0.997419098228));
#5714 = PCURVE('',#3231,#5715);
#5715 = DEFINITIONAL_REPRESENTATION('',(#5716),#5720);
#5716 = LINE('',#5717,#5718);
#5717 = CARTESIAN_POINT('',(-0.989618423117,-5.059733712169));
#5718 = VECTOR('',#5719,1.);
#5719 = DIRECTION('',(0.997419098228,7.179932096371E-02));
#5720 = ( GEOMETRIC_REPRESENTATION_CONTEXT(2) 
PARAMETRIC_REPRESENTATION_CONTEXT() REPRESENTATION_CONTEXT('2D SPACE',''
  ) );
#5721 = PCURVE('',#3408,#5722);
#5722 = DEFINITIONAL_REPRESENTATION('',(#5723),#5727);
#5723 = LINE('',#5724,#5725);
#5724 = CARTESIAN_POINT('',(-1.350349759966,-105.));
#5725 = VECTOR('',#5726,1.);
#5726 = DIRECTION('',(-1.,0.));
#5727 = ( GEOMETRIC_REPRESENTATION_CONTEXT(2) 
PARAMETRIC_REPRESENTATION_CONTEXT() REPRESENTATION_CONTEXT('2D SPACE',''
  ) );
#5728 = ORIENTED_EDGE('',*,*,#3367,.T.);
#5729 = ORIENTED_EDGE('',*,*,#3791,.F.);
#5730 = ADVANCED_FACE('',(#5731),#3259,.F.);
#5731 = FACE_BOUND('',#5732,.T.);
#5732 = EDGE_LOOP('',(#5733,#5754,#5755,#5776,#5777,#5798,#5799,#5800));
#5733 = ORIENTED_EDGE('',*,*,#5734,.F.);
#5734 = EDGE_CURVE('',#4252,#5548,#5735,.T.);
#5735 = SURFACE_CURVE('',#5736,(#5740,#5747),.PCURVE_S1.);
#5736 = LINE('',#5737,#5738);
#5737 = CARTESIAN_POINT('',(32.,-8.255076571138,-56.88266684282));
#5738 = VECTOR('',#5739,1.);
#5739 = DIRECTION('',(1.,-0.,-0.));
#5740 = PCURVE('',#3259,#5741);
#5741 = DEFINITIONAL_REPRESENTATION('',(#5742),#5746);
#5742 = LINE('',#5743,#5744);
#5743 = CARTESIAN_POINT('',(-3.514833517663,0.));
#5744 = VECTOR('',#5745,1.);
#5745 = DIRECTION('',(-0.,-1.));
#5746 = ( GEOMETRIC_REPRESENTATION_CONTEXT(2) 
PARAMETRIC_REPRESENTATION_CONTEXT() REPRESENTATION_CONTEXT('2D SPACE',''
  ) );
#5747 = PCURVE('',#4290,#5748);
#5748 = DEFINITIONAL_REPRESENTATION('',(#5749),#5753);
#5749 = LINE('',#5750,#5751);
#5750 = CARTESIAN_POINT('',(-0.,-0.));
#5751 = VECTOR('',#5752,1.);
#5752 = DIRECTION('',(-0.,-1.));
#5753 = ( GEOMETRIC_REPRESENTATION_CONTEXT(2) 
PARAMETRIC_REPRESENTATION_CONTEXT() REPRESENTATION_CONTEXT('2D SPACE',''
  ) );
#5754 = ORIENTED_EDGE('',*,*,#4251,.T.);
#5755 = ORIENTED_EDGE('',*,*,#5756,.T.);
#5756 = EDGE_CURVE('',#4224,#4697,#5757,.T.);
#5757 = SURFACE_CURVE('',#5758,(#5762,#5769),.PCURVE_S1.);
#5758 = LINE('',#5759,#5760);
#5759 = CARTESIAN_POINT('',(32.,-8.337947025561,-53.36881039375));
#5760 = VECTOR('',#5761,1.);
#5761 = DIRECTION('',(1.,-0.,-0.));
#5762 = PCURVE('',#3259,#5763);
#5763 = DEFINITIONAL_REPRESENTATION('',(#5764),#5768);
#5764 = LINE('',#5765,#5766);
#5765 = CARTESIAN_POINT('',(-0.,-0.));
#5766 = VECTOR('',#5767,1.);
#5767 = DIRECTION('',(-0.,-1.));
#5768 = ( GEOMETRIC_REPRESENTATION_CONTEXT(2) 
PARAMETRIC_REPRESENTATION_CONTEXT() REPRESENTATION_CONTEXT('2D SPACE',''
  ) );
#5769 = PCURVE('',#4239,#5770);
#5770 = DEFINITIONAL_REPRESENTATION('',(#5771),#5775);
#5771 = LINE('',#5772,#5773);
#5772 = CARTESIAN_POINT('',(-3.45491534633,0.));
#5773 = VECTOR('',#5774,1.);
#5774 = DIRECTION('',(-0.,-1.));
#5775 = ( GEOMETRIC_REPRESENTATION_CONTEXT(2) 
PARAMETRIC_REPRESENTATION_CONTEXT() REPRESENTATION_CONTEXT('2D SPACE',''
  ) );
#5776 = ORIENTED_EDGE('',*,*,#4719,.F.);
#5777 = ORIENTED_EDGE('',*,*,#5778,.F.);
#5778 = EDGE_CURVE('',#5080,#4720,#5779,.T.);
#5779 = SURFACE_CURVE('',#5780,(#5784,#5791),.PCURVE_S1.);
#5780 = LINE('',#5781,#5782);
#5781 = CARTESIAN_POINT('',(32.,-8.255076571138,-56.88266684282));
#5782 = VECTOR('',#5783,1.);
#5783 = DIRECTION('',(1.,-0.,-0.));
#5784 = PCURVE('',#3259,#5785);
#5785 = DEFINITIONAL_REPRESENTATION('',(#5786),#5790);
#5786 = LINE('',#5787,#5788);
#5787 = CARTESIAN_POINT('',(-3.514833517663,0.));
#5788 = VECTOR('',#5789,1.);
#5789 = DIRECTION('',(-0.,-1.));
#5790 = ( GEOMETRIC_REPRESENTATION_CONTEXT(2) 
PARAMETRIC_REPRESENTATION_CONTEXT() REPRESENTATION_CONTEXT('2D SPACE',''
  ) );
#5791 = PCURVE('',#4758,#5792);
#5792 = DEFINITIONAL_REPRESENTATION('',(#5793),#5797);
#5793 = LINE('',#5794,#5795);
#5794 = CARTESIAN_POINT('',(-0.,-0.));
#5795 = VECTOR('',#5796,1.);
#5796 = DIRECTION('',(-0.,-1.));
#5797 = ( GEOMETRIC_REPRESENTATION_CONTEXT(2) 
PARAMETRIC_REPRESENTATION_CONTEXT() REPRESENTATION_CONTEXT('2D SPACE',''
  ) );
#5798 = ORIENTED_EDGE('',*,*,#5079,.F.);
#5799 = ORIENTED_EDGE('',*,*,#3243,.F.);
#5800 = ORIENTED_EDGE('',*,*,#5547,.T.);
#5801 = ADVANCED_FACE('',(#5802),#3408,.F.);
#5802 = FACE_BOUND('',#5803,.T.);
#5803 = EDGE_LOOP('',(#5804,#5825,#5826,#5847,#5848,#5849,#5850,#5871));
#5804 = ORIENTED_EDGE('',*,*,#5805,.F.);
#5805 = EDGE_CURVE('',#4443,#4911,#5806,.T.);
#5806 = SURFACE_CURVE('',#5807,(#5811,#5818),.PCURVE_S1.);
#5807 = LINE('',#5808,#5809);
#5808 = CARTESIAN_POINT('',(32.,-6.893692082141,-82.31699242873));
#5809 = VECTOR('',#5810,1.);
#5810 = DIRECTION('',(1.,-0.,-0.));
#5811 = PCURVE('',#3408,#5812);
#5812 = DEFINITIONAL_REPRESENTATION('',(#5813),#5817);
#5813 = LINE('',#5814,#5815);
#5814 = CARTESIAN_POINT('',(-3.66292915207,0.));
#5815 = VECTOR('',#5816,1.);
#5816 = DIRECTION('',(-0.,-1.));
#5817 = ( GEOMETRIC_REPRESENTATION_CONTEXT(2) 
PARAMETRIC_REPRESENTATION_CONTEXT() REPRESENTATION_CONTEXT('2D SPACE',''
  ) );
#5818 = PCURVE('',#4481,#5819);
#5819 = DEFINITIONAL_REPRESENTATION('',(#5820),#5824);
#5820 = LINE('',#5821,#5822);
#5821 = CARTESIAN_POINT('',(-0.,-0.));
#5822 = VECTOR('',#5823,1.);
#5823 = DIRECTION('',(-0.,-1.));
#5824 = ( GEOMETRIC_REPRESENTATION_CONTEXT(2) 
PARAMETRIC_REPRESENTATION_CONTEXT() REPRESENTATION_CONTEXT('2D SPACE',''
  ) );
#5825 = ORIENTED_EDGE('',*,*,#4442,.T.);
#5826 = ORIENTED_EDGE('',*,*,#5827,.T.);
#5827 = EDGE_CURVE('',#4415,#5686,#5828,.T.);
#5828 = SURFACE_CURVE('',#5829,(#5833,#5840),.PCURVE_S1.);
#5829 = LINE('',#5830,#5831);
#5830 = CARTESIAN_POINT('',(32.,-7.156687907998,-78.663516937));
#5831 = VECTOR('',#5832,1.);
#5832 = DIRECTION('',(1.,-0.,-0.));
#5833 = PCURVE('',#3408,#5834);
#5834 = DEFINITIONAL_REPRESENTATION('',(#5835),#5839);
#5835 = LINE('',#5836,#5837);
#5836 = CARTESIAN_POINT('',(-0.,-0.));
#5837 = VECTOR('',#5838,1.);
#5838 = DIRECTION('',(-0.,-1.));
#5839 = ( GEOMETRIC_REPRESENTATION_CONTEXT(2) 
PARAMETRIC_REPRESENTATION_CONTEXT() REPRESENTATION_CONTEXT('2D SPACE',''
  ) );
#5840 = PCURVE('',#4430,#5841);
#5841 = DEFINITIONAL_REPRESENTATION('',(#5842),#5846);
#5842 = LINE('',#5843,#5844);
#5843 = CARTESIAN_POINT('',(-3.671628313342,0.));
#5844 = VECTOR('',#5845,1.);
#5845 = DIRECTION('',(-0.,-1.));
#5846 = ( GEOMETRIC_REPRESENTATION_CONTEXT(2) 
PARAMETRIC_REPRESENTATION_CONTEXT() REPRESENTATION_CONTEXT('2D SPACE',''
  ) );
#5847 = ORIENTED_EDGE('',*,*,#5708,.T.);
#5848 = ORIENTED_EDGE('',*,*,#3392,.T.);
#5849 = ORIENTED_EDGE('',*,*,#5240,.F.);
#5850 = ORIENTED_EDGE('',*,*,#5851,.T.);
#5851 = EDGE_CURVE('',#5218,#4883,#5852,.T.);
#5852 = SURFACE_CURVE('',#5853,(#5857,#5864),.PCURVE_S1.);
#5853 = LINE('',#5854,#5855);
#5854 = CARTESIAN_POINT('',(32.,-7.156687907998,-78.663516937));
#5855 = VECTOR('',#5856,1.);
#5856 = DIRECTION('',(1.,-0.,-0.));
#5857 = PCURVE('',#3408,#5858);
#5858 = DEFINITIONAL_REPRESENTATION('',(#5859),#5863);
#5859 = LINE('',#5860,#5861);
#5860 = CARTESIAN_POINT('',(-0.,-0.));
#5861 = VECTOR('',#5862,1.);
#5862 = DIRECTION('',(-0.,-1.));
#5863 = ( GEOMETRIC_REPRESENTATION_CONTEXT(2) 
PARAMETRIC_REPRESENTATION_CONTEXT() REPRESENTATION_CONTEXT('2D SPACE',''
  ) );
#5864 = PCURVE('',#4898,#5865);
#5865 = DEFINITIONAL_REPRESENTATION('',(#5866),#5870);
#5866 = LINE('',#5867,#5868);
#5867 = CARTESIAN_POINT('',(-3.671628313342,0.));
#5868 = VECTOR('',#5869,1.);
#5869 = DIRECTION('',(-0.,-1.));
#5870 = ( GEOMETRIC_REPRESENTATION_CONTEXT(2) 
PARAMETRIC_REPRESENTATION_CONTEXT() REPRESENTATION_CONTEXT('2D SPACE',''
  ) );
#5871 = ORIENTED_EDGE('',*,*,#4910,.F.);
#5872 = ADVANCED_FACE('',(#5873),#3510,.F.);
#5873 = FACE_BOUND('',#5874,.T.);
#5874 = EDGE_LOOP('',(#5875,#5876,#5897,#5898));
#5875 = ORIENTED_EDGE('',*,*,#4577,.T.);
#5876 = ORIENTED_EDGE('',*,*,#5877,.T.);
#5877 = EDGE_CURVE('',#4550,#5003,#5878,.T.);
#5878 = SURFACE_CURVE('',#5879,(#5883,#5890),.PCURVE_S1.);
#5879 = LINE('',#5880,#5881);
#5880 = CARTESIAN_POINT('',(32.,-5.696065739691,-96.63118960624));
#5881 = VECTOR('',#5882,1.);
#5882 = DIRECTION('',(1.,-0.,-0.));
#5883 = PCURVE('',#3510,#5884);
#5884 = DEFINITIONAL_REPRESENTATION('',(#5885),#5889);
#5885 = LINE('',#5886,#5887);
#5886 = CARTESIAN_POINT('',(-0.,-0.));
#5887 = VECTOR('',#5888,1.);
#5888 = DIRECTION('',(-0.,-1.));
#5889 = ( GEOMETRIC_REPRESENTATION_CONTEXT(2) 
PARAMETRIC_REPRESENTATION_CONTEXT() REPRESENTATION_CONTEXT('2D SPACE',''
  ) );
#5890 = PCURVE('',#4565,#5891);
#5891 = DEFINITIONAL_REPRESENTATION('',(#5892),#5896);
#5892 = LINE('',#5893,#5894);
#5893 = CARTESIAN_POINT('',(-3.528111450573,0.));
#5894 = VECTOR('',#5895,1.);
#5895 = DIRECTION('',(-0.,-1.));
#5896 = ( GEOMETRIC_REPRESENTATION_CONTEXT(2) 
PARAMETRIC_REPRESENTATION_CONTEXT() REPRESENTATION_CONTEXT('2D SPACE',''
  ) );
#5897 = ORIENTED_EDGE('',*,*,#5025,.F.);
#5898 = ORIENTED_EDGE('',*,*,#3494,.T.);
#5899 = ADVANCED_FACE('',(#5900),#3663,.F.);
#5900 = FACE_BOUND('',#5901,.T.);
#5901 = EDGE_LOOP('',(#5902,#5925,#5953,#5974));
#5902 = ORIENTED_EDGE('',*,*,#5903,.F.);
#5903 = EDGE_CURVE('',#5904,#3646,#5906,.T.);
#5904 = VERTEX_POINT('',#5905);
#5905 = CARTESIAN_POINT('',(134.,-75.,-169.));
#5906 = SURFACE_CURVE('',#5907,(#5911,#5918),.PCURVE_S1.);
#5907 = LINE('',#5908,#5909);
#5908 = CARTESIAN_POINT('',(134.,-75.,-169.));
#5909 = VECTOR('',#5910,1.);
#5910 = DIRECTION('',(0.,0.,1.));
#5911 = PCURVE('',#3663,#5912);
#5912 = DEFINITIONAL_REPRESENTATION('',(#5913),#5917);
#5913 = LINE('',#5914,#5915);
#5914 = CARTESIAN_POINT('',(-0.,0.));
#5915 = VECTOR('',#5916,1.);
#5916 = DIRECTION('',(-1.,0.));
#5917 = ( GEOMETRIC_REPRESENTATION_CONTEXT(2) 
PARAMETRIC_REPRESENTATION_CONTEXT() REPRESENTATION_CONTEXT('2D SPACE',''
  ) );
#5918 = PCURVE('',#3691,#5919);
#5919 = DEFINITIONAL_REPRESENTATION('',(#5920),#5924);
#5920 = LINE('',#5921,#5922);
#5921 = CARTESIAN_POINT('',(-0.,0.));
#5922 = VECTOR('',#5923,1.);
#5923 = DIRECTION('',(-1.,0.));
#5924 = ( GEOMETRIC_REPRESENTATION_CONTEXT(2) 
PARAMETRIC_REPRESENTATION_CONTEXT() REPRESENTATION_CONTEXT('2D SPACE',''
  ) );
#5925 = ORIENTED_EDGE('',*,*,#5926,.T.);
#5926 = EDGE_CURVE('',#5904,#5927,#5929,.T.);
#5927 = VERTEX_POINT('',#5928);
#5928 = CARTESIAN_POINT('',(134.,-91.,-169.));
#5929 = SURFACE_CURVE('',#5930,(#5934,#5941),.PCURVE_S1.);
#5930 = LINE('',#5931,#5932);
#5931 = CARTESIAN_POINT('',(134.,-75.,-169.));
#5932 = VECTOR('',#5933,1.);
#5933 = DIRECTION('',(0.,-1.,0.));
#5934 = PCURVE('',#3663,#5935);
#5935 = DEFINITIONAL_REPRESENTATION('',(#5936),#5940);
#5936 = LINE('',#5937,#5938);
#5937 = CARTESIAN_POINT('',(-0.,0.));
#5938 = VECTOR('',#5939,1.);
#5939 = DIRECTION('',(-0.,-1.));
#5940 = ( GEOMETRIC_REPRESENTATION_CONTEXT(2) 
PARAMETRIC_REPRESENTATION_CONTEXT() REPRESENTATION_CONTEXT('2D SPACE',''
  ) );
#5941 = PCURVE('',#5942,#5947);
#5942 = PLANE('',#5943);
#5943 = AXIS2_PLACEMENT_3D('',#5944,#5945,#5946);
#5944 = CARTESIAN_POINT('',(134.,-75.,-169.));
#5945 = DIRECTION('',(0.,0.,1.));
#5946 = DIRECTION('',(-1.,0.,0.));
#5947 = DEFINITIONAL_REPRESENTATION('',(#5948),#5952);
#5948 = LINE('',#5949,#5950);
#5949 = CARTESIAN_POINT('',(-0.,-0.));
#5950 = VECTOR('',#5951,1.);
#5951 = DIRECTION('',(-0.,1.));
#5952 = ( GEOMETRIC_REPRESENTATION_CONTEXT(2) 
PARAMETRIC_REPRESENTATION_CONTEXT() REPRESENTATION_CONTEXT('2D SPACE',''
  ) );
#5953 = ORIENTED_EDGE('',*,*,#5954,.T.);
#5954 = EDGE_CURVE('',#5927,#3648,#5955,.T.);
#5955 = SURFACE_CURVE('',#5956,(#5960,#5967),.PCURVE_S1.);
#5956 = LINE('',#5957,#5958);
#5957 = CARTESIAN_POINT('',(134.,-91.,-169.));
#5958 = VECTOR('',#5959,1.);
#5959 = DIRECTION('',(0.,0.,1.));
#5960 = PCURVE('',#3663,#5961);
#5961 = DEFINITIONAL_REPRESENTATION('',(#5962),#5966);
#5962 = LINE('',#5963,#5964);
#5963 = CARTESIAN_POINT('',(-0.,-16.));
#5964 = VECTOR('',#5965,1.);
#5965 = DIRECTION('',(-1.,0.));
#5966 = ( GEOMETRIC_REPRESENTATION_CONTEXT(2) 
PARAMETRIC_REPRESENTATION_CONTEXT() REPRESENTATION_CONTEXT('2D SPACE',''
  ) );
#5967 = PCURVE('',#3745,#5968);
#5968 = DEFINITIONAL_REPRESENTATION('',(#5969),#5973);
#5969 = LINE('',#5970,#5971);
#5970 = CARTESIAN_POINT('',(-0.,0.));
#5971 = VECTOR('',#5972,1.);
#5972 = DIRECTION('',(-1.,0.));
#5973 = ( GEOMETRIC_REPRESENTATION_CONTEXT(2) 
PARAMETRIC_REPRESENTATION_CONTEXT() REPRESENTATION_CONTEXT('2D SPACE',''
  ) );
#5974 = ORIENTED_EDGE('',*,*,#3645,.F.);
#5975 = ADVANCED_FACE('',(#5976),#3745,.T.);
#5976 = FACE_BOUND('',#5977,.F.);
#5977 = EDGE_LOOP('',(#5978,#6001,#6002,#6003));
#5978 = ORIENTED_EDGE('',*,*,#5979,.F.);
#5979 = EDGE_CURVE('',#5927,#5980,#5982,.T.);
#5980 = VERTEX_POINT('',#5981);
#5981 = CARTESIAN_POINT('',(156.,-91.,-169.));
#5982 = SURFACE_CURVE('',#5983,(#5987,#5994),.PCURVE_S1.);
#5983 = LINE('',#5984,#5985);
#5984 = CARTESIAN_POINT('',(134.,-91.,-169.));
#5985 = VECTOR('',#5986,1.);
#5986 = DIRECTION('',(1.,0.,-0.));
#5987 = PCURVE('',#3745,#5988);
#5988 = DEFINITIONAL_REPRESENTATION('',(#5989),#5993);
#5989 = LINE('',#5990,#5991);
#5990 = CARTESIAN_POINT('',(-0.,0.));
#5991 = VECTOR('',#5992,1.);
#5992 = DIRECTION('',(-0.,1.));
#5993 = ( GEOMETRIC_REPRESENTATION_CONTEXT(2) 
PARAMETRIC_REPRESENTATION_CONTEXT() REPRESENTATION_CONTEXT('2D SPACE',''
  ) );
#5994 = PCURVE('',#5942,#5995);
#5995 = DEFINITIONAL_REPRESENTATION('',(#5996),#6000);
#5996 = LINE('',#5997,#5998);
#5997 = CARTESIAN_POINT('',(-0.,16.));
#5998 = VECTOR('',#5999,1.);
#5999 = DIRECTION('',(-1.,0.));
#6000 = ( GEOMETRIC_REPRESENTATION_CONTEXT(2) 
PARAMETRIC_REPRESENTATION_CONTEXT() REPRESENTATION_CONTEXT('2D SPACE',''
  ) );
#6001 = ORIENTED_EDGE('',*,*,#5954,.T.);
#6002 = ORIENTED_EDGE('',*,*,#3731,.T.);
#6003 = ORIENTED_EDGE('',*,*,#6004,.F.);
#6004 = EDGE_CURVE('',#5980,#3704,#6005,.T.);
#6005 = SURFACE_CURVE('',#6006,(#6010,#6017),.PCURVE_S1.);
#6006 = LINE('',#6007,#6008);
#6007 = CARTESIAN_POINT('',(156.,-91.,-169.));
#6008 = VECTOR('',#6009,1.);
#6009 = DIRECTION('',(0.,0.,1.));
#6010 = PCURVE('',#3745,#6011);
#6011 = DEFINITIONAL_REPRESENTATION('',(#6012),#6016);
#6012 = LINE('',#6013,#6014);
#6013 = CARTESIAN_POINT('',(-0.,22.));
#6014 = VECTOR('',#6015,1.);
#6015 = DIRECTION('',(-1.,0.));
#6016 = ( GEOMETRIC_REPRESENTATION_CONTEXT(2) 
PARAMETRIC_REPRESENTATION_CONTEXT() REPRESENTATION_CONTEXT('2D SPACE',''
  ) );
#6017 = PCURVE('',#3719,#6018);
#6018 = DEFINITIONAL_REPRESENTATION('',(#6019),#6023);
#6019 = LINE('',#6020,#6021);
#6020 = CARTESIAN_POINT('',(-0.,-16.));
#6021 = VECTOR('',#6022,1.);
#6022 = DIRECTION('',(-1.,0.));
#6023 = ( GEOMETRIC_REPRESENTATION_CONTEXT(2) 
PARAMETRIC_REPRESENTATION_CONTEXT() REPRESENTATION_CONTEXT('2D SPACE',''
  ) );
#6024 = ADVANCED_FACE('',(#6025),#3691,.F.);
#6025 = FACE_BOUND('',#6026,.T.);
#6026 = EDGE_LOOP('',(#6027,#6050,#6051,#6052));
#6027 = ORIENTED_EDGE('',*,*,#6028,.F.);
#6028 = EDGE_CURVE('',#5904,#6029,#6031,.T.);
#6029 = VERTEX_POINT('',#6030);
#6030 = CARTESIAN_POINT('',(156.,-75.,-169.));
#6031 = SURFACE_CURVE('',#6032,(#6036,#6043),.PCURVE_S1.);
#6032 = LINE('',#6033,#6034);
#6033 = CARTESIAN_POINT('',(134.,-75.,-169.));
#6034 = VECTOR('',#6035,1.);
#6035 = DIRECTION('',(1.,0.,-0.));
#6036 = PCURVE('',#3691,#6037);
#6037 = DEFINITIONAL_REPRESENTATION('',(#6038),#6042);
#6038 = LINE('',#6039,#6040);
#6039 = CARTESIAN_POINT('',(-0.,0.));
#6040 = VECTOR('',#6041,1.);
#6041 = DIRECTION('',(-0.,1.));
#6042 = ( GEOMETRIC_REPRESENTATION_CONTEXT(2) 
PARAMETRIC_REPRESENTATION_CONTEXT() REPRESENTATION_CONTEXT('2D SPACE',''
  ) );
#6043 = PCURVE('',#5942,#6044);
#6044 = DEFINITIONAL_REPRESENTATION('',(#6045),#6049);
#6045 = LINE('',#6046,#6047);
#6046 = CARTESIAN_POINT('',(-0.,-0.));
#6047 = VECTOR('',#6048,1.);
#6048 = DIRECTION('',(-1.,0.));
#6049 = ( GEOMETRIC_REPRESENTATION_CONTEXT(2) 
PARAMETRIC_REPRESENTATION_CONTEXT() REPRESENTATION_CONTEXT('2D SPACE',''
  ) );
#6050 = ORIENTED_EDGE('',*,*,#5903,.T.);
#6051 = ORIENTED_EDGE('',*,*,#3675,.T.);
#6052 = ORIENTED_EDGE('',*,*,#6053,.F.);
#6053 = EDGE_CURVE('',#6029,#3676,#6054,.T.);
#6054 = SURFACE_CURVE('',#6055,(#6059,#6066),.PCURVE_S1.);
#6055 = LINE('',#6056,#6057);
#6056 = CARTESIAN_POINT('',(156.,-75.,-169.));
#6057 = VECTOR('',#6058,1.);
#6058 = DIRECTION('',(0.,0.,1.));
#6059 = PCURVE('',#3691,#6060);
#6060 = DEFINITIONAL_REPRESENTATION('',(#6061),#6065);
#6061 = LINE('',#6062,#6063);
#6062 = CARTESIAN_POINT('',(-0.,22.));
#6063 = VECTOR('',#6064,1.);
#6064 = DIRECTION('',(-1.,0.));
#6065 = ( GEOMETRIC_REPRESENTATION_CONTEXT(2) 
PARAMETRIC_REPRESENTATION_CONTEXT() REPRESENTATION_CONTEXT('2D SPACE',''
  ) );
#6066 = PCURVE('',#3719,#6067);
#6067 = DEFINITIONAL_REPRESENTATION('',(#6068),#6072);
#6068 = LINE('',#6069,#6070);
#6069 = CARTESIAN_POINT('',(-0.,0.));
#6070 = VECTOR('',#6071,1.);
#6071 = DIRECTION('',(-1.,0.));
#6072 = ( GEOMETRIC_REPRESENTATION_CONTEXT(2) 
PARAMETRIC_REPRESENTATION_CONTEXT() REPRESENTATION_CONTEXT('2D SPACE',''
  ) );
#6073 = ADVANCED_FACE('',(#6074),#3719,.T.);
#6074 = FACE_BOUND('',#6075,.F.);
#6075 = EDGE_LOOP('',(#6076,#6077,#6098,#6099));
#6076 = ORIENTED_EDGE('',*,*,#6053,.F.);
#6077 = ORIENTED_EDGE('',*,*,#6078,.T.);
#6078 = EDGE_CURVE('',#6029,#5980,#6079,.T.);
#6079 = SURFACE_CURVE('',#6080,(#6084,#6091),.PCURVE_S1.);
#6080 = LINE('',#6081,#6082);
#6081 = CARTESIAN_POINT('',(156.,-75.,-169.));
#6082 = VECTOR('',#6083,1.);
#6083 = DIRECTION('',(0.,-1.,0.));
#6084 = PCURVE('',#3719,#6085);
#6085 = DEFINITIONAL_REPRESENTATION('',(#6086),#6090);
#6086 = LINE('',#6087,#6088);
#6087 = CARTESIAN_POINT('',(-0.,0.));
#6088 = VECTOR('',#6089,1.);
#6089 = DIRECTION('',(-0.,-1.));
#6090 = ( GEOMETRIC_REPRESENTATION_CONTEXT(2) 
PARAMETRIC_REPRESENTATION_CONTEXT() REPRESENTATION_CONTEXT('2D SPACE',''
  ) );
#6091 = PCURVE('',#5942,#6092);
#6092 = DEFINITIONAL_REPRESENTATION('',(#6093),#6097);
#6093 = LINE('',#6094,#6095);
#6094 = CARTESIAN_POINT('',(-22.,-0.));
#6095 = VECTOR('',#6096,1.);
#6096 = DIRECTION('',(-0.,1.));
#6097 = ( GEOMETRIC_REPRESENTATION_CONTEXT(2) 
PARAMETRIC_REPRESENTATION_CONTEXT() REPRESENTATION_CONTEXT('2D SPACE',''
  ) );
#6098 = ORIENTED_EDGE('',*,*,#6004,.T.);
#6099 = ORIENTED_EDGE('',*,*,#3703,.F.);
#6100 = ADVANCED_FACE('',(#6101),#3837,.F.);
#6101 = FACE_BOUND('',#6102,.F.);
#6102 = EDGE_LOOP('',(#6103,#6104,#6127,#6168,#6200,#6239));
#6103 = ORIENTED_EDGE('',*,*,#3816,.T.);
#6104 = ORIENTED_EDGE('',*,*,#6105,.T.);
#6105 = EDGE_CURVE('',#3817,#6106,#6108,.T.);
#6106 = VERTEX_POINT('',#6107);
#6107 = CARTESIAN_POINT('',(139.7,-6.446485437454,-88.));
#6108 = SEAM_CURVE('',#6109,(#6113,#6120),.PCURVE_S1.);
#6109 = LINE('',#6110,#6111);
#6110 = CARTESIAN_POINT('',(139.7,-23.,-88.));
#6111 = VECTOR('',#6112,1.);
#6112 = DIRECTION('',(-0.,1.,-0.));
#6113 = PCURVE('',#3837,#6114);
#6114 = DEFINITIONAL_REPRESENTATION('',(#6115),#6119);
#6115 = LINE('',#6116,#6117);
#6116 = CARTESIAN_POINT('',(6.28318530718,0.));
#6117 = VECTOR('',#6118,1.);
#6118 = DIRECTION('',(0.,-1.));
#6119 = ( GEOMETRIC_REPRESENTATION_CONTEXT(2) 
PARAMETRIC_REPRESENTATION_CONTEXT() REPRESENTATION_CONTEXT('2D SPACE',''
  ) );
#6120 = PCURVE('',#3837,#6121);
#6121 = DEFINITIONAL_REPRESENTATION('',(#6122),#6126);
#6122 = LINE('',#6123,#6124);
#6123 = CARTESIAN_POINT('',(0.,0.));
#6124 = VECTOR('',#6125,1.);
#6125 = DIRECTION('',(0.,-1.));
#6126 = ( GEOMETRIC_REPRESENTATION_CONTEXT(2) 
PARAMETRIC_REPRESENTATION_CONTEXT() REPRESENTATION_CONTEXT('2D SPACE',''
  ) );
#6127 = ORIENTED_EDGE('',*,*,#6128,.F.);
#6128 = EDGE_CURVE('',#6129,#6106,#6131,.T.);
#6129 = VERTEX_POINT('',#6130);
#6130 = CARTESIAN_POINT('',(137.31032724231,-6.319565682663,
    -89.55381835724));
#6131 = SURFACE_CURVE('',#6132,(#6137,#6157),.PCURVE_S1.);
#6132 = ELLIPSE('',#6133,1.705661796789,1.7);
#6133 = AXIS2_PLACEMENT_3D('',#6134,#6135,#6136);
#6134 = CARTESIAN_POINT('',(138.,-6.446485437454,-88.));
#6135 = DIRECTION('',(0.,0.996680586503,8.141135355662E-02));
#6136 = DIRECTION('',(-0.,-8.141135355662E-02,0.996680586503));
#6137 = PCURVE('',#3837,#6138);
#6138 = DEFINITIONAL_REPRESENTATION('',(#6139),#6156);
#6139 = B_SPLINE_CURVE_WITH_KNOTS('',8,(#6140,#6141,#6142,#6143,#6144,
    #6145,#6146,#6147,#6148,#6149,#6150,#6151,#6152,#6153,#6154,#6155),
  .UNSPECIFIED.,.F.,.F.,(9,7,9),(1.570796326795,4.712388980385,
    7.853981633974),.UNSPECIFIED.);
#6140 = CARTESIAN_POINT('',(6.28318530718,-16.55351456254));
#6141 = CARTESIAN_POINT('',(5.890486225481,-16.60804484954));
#6142 = CARTESIAN_POINT('',(5.497787143783,-16.66257557134));
#6143 = CARTESIAN_POINT('',(5.105088062084,-16.70428752423));
#6144 = CARTESIAN_POINT('',(4.712388980382,-16.72039659178));
#6145 = CARTESIAN_POINT('',(4.319689898684,-16.70428752424));
#6146 = CARTESIAN_POINT('',(3.926990816988,-16.66257557134));
#6147 = CARTESIAN_POINT('',(3.534291735289,-16.60804484954));
#6148 = CARTESIAN_POINT('',(2.748893571891,-16.49898427554));
#6149 = CARTESIAN_POINT('',(2.356194490194,-16.44445355374));
#6150 = CARTESIAN_POINT('',(1.963495408513,-16.4027416008));
#6151 = CARTESIAN_POINT('',(1.570796326795,-16.38663253324));
#6152 = CARTESIAN_POINT('',(1.178097245123,-16.40274160081));
#6153 = CARTESIAN_POINT('',(0.785398163397,-16.44445355375));
#6154 = CARTESIAN_POINT('',(0.392699081699,-16.49898427554));
#6155 = CARTESIAN_POINT('',(1.68753899743E-14,-16.55351456254));
#6156 = ( GEOMETRIC_REPRESENTATION_CONTEXT(2) 
PARAMETRIC_REPRESENTATION_CONTEXT() REPRESENTATION_CONTEXT('2D SPACE',''
  ) );
#6157 = PCURVE('',#4509,#6158);
#6158 = DEFINITIONAL_REPRESENTATION('',(#6159),#6167);
#6159 = ( BOUNDED_CURVE() B_SPLINE_CURVE(2,(#6160,#6161,#6162,#6163,
#6164,#6165,#6166),.UNSPECIFIED.,.T.,.F.) B_SPLINE_CURVE_WITH_KNOTS((1,2
    ,2,2,2,1),(-2.094395102393,0.,2.094395102393,4.188790204786,
6.28318530718,8.377580409573),.UNSPECIFIED.) CURVE() 
GEOMETRIC_REPRESENTATION_ITEM() RATIONAL_B_SPLINE_CURVE((1.,0.5,1.,0.5,
1.,0.5,1.)) REPRESENTATION_ITEM('') );
#6160 = CARTESIAN_POINT('',(-0.350751737235,-106.));
#6161 = CARTESIAN_POINT('',(-0.350751737235,-108.9444863728));
#6162 = CARTESIAN_POINT('',(-2.909244432419,-107.4722431864));
#6163 = CARTESIAN_POINT('',(-5.467737127603,-106.));
#6164 = CARTESIAN_POINT('',(-2.909244432419,-104.5277568135));
#6165 = CARTESIAN_POINT('',(-0.350751737235,-103.0555136271));
#6166 = CARTESIAN_POINT('',(-0.350751737235,-106.));
#6167 = ( GEOMETRIC_REPRESENTATION_CONTEXT(2) 
PARAMETRIC_REPRESENTATION_CONTEXT() REPRESENTATION_CONTEXT('2D SPACE',''
  ) );
#6168 = ORIENTED_EDGE('',*,*,#6169,.F.);
#6169 = EDGE_CURVE('',#6170,#6129,#6172,.T.);
#6170 = VERTEX_POINT('',#6171);
#6171 = CARTESIAN_POINT('',(138.68967275768,-6.319565682663,
    -89.55381835724));
#6172 = SURFACE_CURVE('',#6173,(#6178,#6189),.PCURVE_S1.);
#6173 = ELLIPSE('',#6174,1.70628338044,1.7);
#6174 = AXIS2_PLACEMENT_3D('',#6175,#6176,#6177);
#6175 = CARTESIAN_POINT('',(138.,-6.453283226985,-88.));
#6176 = DIRECTION('',(0.,0.996317504752,8.574047891734E-02));
#6177 = DIRECTION('',(-0.,-8.574047891734E-02,0.996317504752));
#6178 = PCURVE('',#3837,#6179);
#6179 = DEFINITIONAL_REPRESENTATION('',(#6180),#6188);
#6180 = B_SPLINE_CURVE_WITH_KNOTS('',6,(#6181,#6182,#6183,#6184,#6185,
    #6186,#6187),.UNSPECIFIED.,.F.,.F.,(7,7),(2.352362937852,
    3.930822369328),.PIECEWISE_BEZIER_KNOTS.);
#6181 = CARTESIAN_POINT('',(5.501618696123,-16.64976764088));
#6182 = CARTESIAN_POINT('',(5.23854212421,-16.67708645885));
#6183 = CARTESIAN_POINT('',(4.975465552297,-16.6958464971));
#6184 = CARTESIAN_POINT('',(4.712388980385,-16.70264741523));
#6185 = CARTESIAN_POINT('',(4.449312408472,-16.6958464971));
#6186 = CARTESIAN_POINT('',(4.186235836559,-16.67708645885));
#6187 = CARTESIAN_POINT('',(3.923159264646,-16.64976764088));
#6188 = ( GEOMETRIC_REPRESENTATION_CONTEXT(2) 
PARAMETRIC_REPRESENTATION_CONTEXT() REPRESENTATION_CONTEXT('2D SPACE',''
  ) );
#6189 = PCURVE('',#4537,#6190);
#6190 = DEFINITIONAL_REPRESENTATION('',(#6191),#6199);
#6191 = ( BOUNDED_CURVE() B_SPLINE_CURVE(2,(#6192,#6193,#6194,#6195,
#6196,#6197,#6198),.UNSPECIFIED.,.T.,.F.) B_SPLINE_CURVE_WITH_KNOTS((1,2
    ,2,2,2,1),(-2.094395102393,0.,2.094395102393,4.188790204786,
6.28318530718,8.377580409573),.UNSPECIFIED.) CURVE() 
GEOMETRIC_REPRESENTATION_ITEM() RATIONAL_B_SPLINE_CURVE((1.,0.5,1.,0.5,
1.,0.5,1.)) REPRESENTATION_ITEM('') );
#6192 = CARTESIAN_POINT('',(3.265844815256,-106.));
#6193 = CARTESIAN_POINT('',(3.265844815256,-108.9444863728));
#6194 = CARTESIAN_POINT('',(0.706419744596,-107.4722431864));
#6195 = CARTESIAN_POINT('',(-1.853005326065,-106.));
#6196 = CARTESIAN_POINT('',(0.706419744596,-104.5277568135));
#6197 = CARTESIAN_POINT('',(3.265844815256,-103.0555136271));
#6198 = CARTESIAN_POINT('',(3.265844815256,-106.));
#6199 = ( GEOMETRIC_REPRESENTATION_CONTEXT(2) 
PARAMETRIC_REPRESENTATION_CONTEXT() REPRESENTATION_CONTEXT('2D SPACE',''
  ) );
#6200 = ORIENTED_EDGE('',*,*,#6201,.F.);
#6201 = EDGE_CURVE('',#6106,#6170,#6202,.T.);
#6202 = SURFACE_CURVE('',#6203,(#6208,#6228),.PCURVE_S1.);
#6203 = ELLIPSE('',#6204,1.705661796789,1.7);
#6204 = AXIS2_PLACEMENT_3D('',#6205,#6206,#6207);
#6205 = CARTESIAN_POINT('',(138.,-6.446485437454,-88.));
#6206 = DIRECTION('',(0.,0.996680586503,8.141135355662E-02));
#6207 = DIRECTION('',(-0.,-8.141135355662E-02,0.996680586503));
#6208 = PCURVE('',#3837,#6209);
#6209 = DEFINITIONAL_REPRESENTATION('',(#6210),#6227);
#6210 = B_SPLINE_CURVE_WITH_KNOTS('',8,(#6211,#6212,#6213,#6214,#6215,
    #6216,#6217,#6218,#6219,#6220,#6221,#6222,#6223,#6224,#6225,#6226),
  .UNSPECIFIED.,.F.,.F.,(9,7,9),(1.570796326795,4.712388980385,
    7.853981633974),.UNSPECIFIED.);
#6211 = CARTESIAN_POINT('',(6.28318530718,-16.55351456254));
#6212 = CARTESIAN_POINT('',(5.890486225481,-16.60804484954));
#6213 = CARTESIAN_POINT('',(5.497787143783,-16.66257557134));
#6214 = CARTESIAN_POINT('',(5.105088062084,-16.70428752423));
#6215 = CARTESIAN_POINT('',(4.712388980382,-16.72039659178));
#6216 = CARTESIAN_POINT('',(4.319689898684,-16.70428752424));
#6217 = CARTESIAN_POINT('',(3.926990816988,-16.66257557134));
#6218 = CARTESIAN_POINT('',(3.534291735289,-16.60804484954));
#6219 = CARTESIAN_POINT('',(2.748893571891,-16.49898427554));
#6220 = CARTESIAN_POINT('',(2.356194490194,-16.44445355374));
#6221 = CARTESIAN_POINT('',(1.963495408513,-16.4027416008));
#6222 = CARTESIAN_POINT('',(1.570796326795,-16.38663253324));
#6223 = CARTESIAN_POINT('',(1.178097245123,-16.40274160081));
#6224 = CARTESIAN_POINT('',(0.785398163397,-16.44445355375));
#6225 = CARTESIAN_POINT('',(0.392699081699,-16.49898427554));
#6226 = CARTESIAN_POINT('',(1.68753899743E-14,-16.55351456254));
#6227 = ( GEOMETRIC_REPRESENTATION_CONTEXT(2) 
PARAMETRIC_REPRESENTATION_CONTEXT() REPRESENTATION_CONTEXT('2D SPACE',''
  ) );
#6228 = PCURVE('',#4509,#6229);
#6229 = DEFINITIONAL_REPRESENTATION('',(#6230),#6238);
#6230 = ( BOUNDED_CURVE() B_SPLINE_CURVE(2,(#6231,#6232,#6233,#6234,
#6235,#6236,#6237),.UNSPECIFIED.,.T.,.F.) B_SPLINE_CURVE_WITH_KNOTS((1,2
    ,2,2,2,1),(-2.094395102393,0.,2.094395102393,4.188790204786,
6.28318530718,8.377580409573),.UNSPECIFIED.) CURVE() 
GEOMETRIC_REPRESENTATION_ITEM() RATIONAL_B_SPLINE_CURVE((1.,0.5,1.,0.5,
1.,0.5,1.)) REPRESENTATION_ITEM('') );
#6231 = CARTESIAN_POINT('',(-0.350751737235,-106.));
#6232 = CARTESIAN_POINT('',(-0.350751737235,-108.9444863728));
#6233 = CARTESIAN_POINT('',(-2.909244432419,-107.4722431864));
#6234 = CARTESIAN_POINT('',(-5.467737127603,-106.));
#6235 = CARTESIAN_POINT('',(-2.909244432419,-104.5277568135));
#6236 = CARTESIAN_POINT('',(-0.350751737235,-103.0555136271));
#6237 = CARTESIAN_POINT('',(-0.350751737235,-106.));
#6238 = ( GEOMETRIC_REPRESENTATION_CONTEXT(2) 
PARAMETRIC_REPRESENTATION_CONTEXT() REPRESENTATION_CONTEXT('2D SPACE',''
  ) );
#6239 = ORIENTED_EDGE('',*,*,#6105,.F.);
#6240 = ADVANCED_FACE('',(#6241),#3872,.F.);
#6241 = FACE_BOUND('',#6242,.F.);
#6242 = EDGE_LOOP('',(#6243,#6244,#6267,#6308,#6340,#6379));
#6243 = ORIENTED_EDGE('',*,*,#3851,.T.);
#6244 = ORIENTED_EDGE('',*,*,#6245,.T.);
#6245 = EDGE_CURVE('',#3852,#6246,#6248,.T.);
#6246 = VERTEX_POINT('',#6247);
#6247 = CARTESIAN_POINT('',(139.7,-8.394768624342,-48.));
#6248 = SEAM_CURVE('',#6249,(#6253,#6260),.PCURVE_S1.);
#6249 = LINE('',#6250,#6251);
#6250 = CARTESIAN_POINT('',(139.7,-23.,-48.));
#6251 = VECTOR('',#6252,1.);
#6252 = DIRECTION('',(-0.,1.,-0.));
#6253 = PCURVE('',#3872,#6254);
#6254 = DEFINITIONAL_REPRESENTATION('',(#6255),#6259);
#6255 = LINE('',#6256,#6257);
#6256 = CARTESIAN_POINT('',(6.28318530718,0.));
#6257 = VECTOR('',#6258,1.);
#6258 = DIRECTION('',(0.,-1.));
#6259 = ( GEOMETRIC_REPRESENTATION_CONTEXT(2) 
PARAMETRIC_REPRESENTATION_CONTEXT() REPRESENTATION_CONTEXT('2D SPACE',''
  ) );
#6260 = PCURVE('',#3872,#6261);
#6261 = DEFINITIONAL_REPRESENTATION('',(#6262),#6266);
#6262 = LINE('',#6263,#6264);
#6263 = CARTESIAN_POINT('',(0.,0.));
#6264 = VECTOR('',#6265,1.);
#6265 = DIRECTION('',(0.,-1.));
#6266 = ( GEOMETRIC_REPRESENTATION_CONTEXT(2) 
PARAMETRIC_REPRESENTATION_CONTEXT() REPRESENTATION_CONTEXT('2D SPACE',''
  ) );
#6267 = ORIENTED_EDGE('',*,*,#6268,.F.);
#6268 = EDGE_CURVE('',#6269,#6246,#6271,.T.);
#6269 = VERTEX_POINT('',#6270);
#6270 = CARTESIAN_POINT('',(138.85117354618,-8.400727768418,
    -46.52843498469));
#6271 = SURFACE_CURVE('',#6272,(#6277,#6297),.PCURVE_S1.);
#6272 = ELLIPSE('',#6273,1.70001393882,1.7);
#6273 = AXIS2_PLACEMENT_3D('',#6274,#6275,#6276);
#6274 = CARTESIAN_POINT('',(138.,-8.394768624342,-48.));
#6275 = DIRECTION('',(0.,0.999991800761,4.049495030438E-03));
#6276 = DIRECTION('',(-0.,-4.049495030438E-03,0.999991800761));
#6277 = PCURVE('',#3872,#6278);
#6278 = DEFINITIONAL_REPRESENTATION('',(#6279),#6296);
#6279 = B_SPLINE_CURVE_WITH_KNOTS('',8,(#6280,#6281,#6282,#6283,#6284,
    #6285,#6286,#6287,#6288,#6289,#6290,#6291,#6292,#6293,#6294,#6295),
  .UNSPECIFIED.,.F.,.F.,(9,7,9),(1.570796326795,4.712388980385,
    7.853981633974),.UNSPECIFIED.);
#6280 = CARTESIAN_POINT('',(6.28318530718,-14.60523137565));
#6281 = CARTESIAN_POINT('',(5.890486225481,-14.60793479389));
#6282 = CARTESIAN_POINT('',(5.497787143784,-14.61063823366));
#6283 = CARTESIAN_POINT('',(5.105088062077,-14.61270616433));
#6284 = CARTESIAN_POINT('',(4.712388980404,-14.61350479474));
#6285 = CARTESIAN_POINT('',(4.31968989868,-14.61270616434));
#6286 = CARTESIAN_POINT('',(3.92699081699,-14.61063823366));
#6287 = CARTESIAN_POINT('',(3.534291735289,-14.60793479389));
#6288 = CARTESIAN_POINT('',(2.748893571891,-14.60252795742));
#6289 = CARTESIAN_POINT('',(2.356194490196,-14.59982451762));
#6290 = CARTESIAN_POINT('',(1.963495408506,-14.59775658696));
#6291 = CARTESIAN_POINT('',(1.570796326795,-14.59695795645));
#6292 = CARTESIAN_POINT('',(1.178097245115,-14.59775658694));
#6293 = CARTESIAN_POINT('',(0.785398163399,-14.59982451763));
#6294 = CARTESIAN_POINT('',(0.392699081699,-14.60252795742));
#6295 = CARTESIAN_POINT('',(1.68753899743E-14,-14.60523137565));
#6296 = ( GEOMETRIC_REPRESENTATION_CONTEXT(2) 
PARAMETRIC_REPRESENTATION_CONTEXT() REPRESENTATION_CONTEXT('2D SPACE',''
  ) );
#6297 = PCURVE('',#4211,#6298);
#6298 = DEFINITIONAL_REPRESENTATION('',(#6299),#6307);
#6299 = ( BOUNDED_CURVE() B_SPLINE_CURVE(2,(#6300,#6301,#6302,#6303,
#6304,#6305,#6306),.UNSPECIFIED.,.T.,.F.) B_SPLINE_CURVE_WITH_KNOTS((1,2
    ,2,2,2,1),(-2.094395102393,0.,2.094395102393,4.188790204786,
6.28318530718,8.377580409573),.UNSPECIFIED.) CURVE() 
GEOMETRIC_REPRESENTATION_ITEM() RATIONAL_B_SPLINE_CURVE((1.,0.5,1.,0.5,
1.,0.5,1.)) REPRESENTATION_ITEM('') );
#6300 = CARTESIAN_POINT('',(0.228436857702,-106.));
#6301 = CARTESIAN_POINT('',(0.228436857702,-108.9444863728));
#6302 = CARTESIAN_POINT('',(-2.321584050528,-107.4722431864));
#6303 = CARTESIAN_POINT('',(-4.871604958758,-106.));
#6304 = CARTESIAN_POINT('',(-2.321584050528,-104.5277568135));
#6305 = CARTESIAN_POINT('',(0.228436857702,-103.0555136271));
#6306 = CARTESIAN_POINT('',(0.228436857702,-106.));
#6307 = ( GEOMETRIC_REPRESENTATION_CONTEXT(2) 
PARAMETRIC_REPRESENTATION_CONTEXT() REPRESENTATION_CONTEXT('2D SPACE',''
  ) );
#6308 = ORIENTED_EDGE('',*,*,#6309,.F.);
#6309 = EDGE_CURVE('',#6310,#6269,#6312,.T.);
#6310 = VERTEX_POINT('',#6311);
#6311 = CARTESIAN_POINT('',(137.14882645381,-8.400727768418,
    -46.52843498469));
#6312 = SURFACE_CURVE('',#6313,(#6318,#6329),.PCURVE_S1.);
#6313 = ELLIPSE('',#6314,1.700040988752,1.7);
#6314 = AXIS2_PLACEMENT_3D('',#6315,#6316,#6317);
#6315 = CARTESIAN_POINT('',(138.,-8.410946687453,-48.));
#6316 = DIRECTION('',(0.,0.999975889551,-6.944085069566E-03));
#6317 = DIRECTION('',(-0.,-6.944085069566E-03,-0.999975889551));
#6318 = PCURVE('',#3872,#6319);
#6319 = DEFINITIONAL_REPRESENTATION('',(#6320),#6328);
#6320 = B_SPLINE_CURVE_WITH_KNOTS('',6,(#6321,#6322,#6323,#6324,#6325,
    #6326,#6327),.UNSPECIFIED.,.F.,.F.,(7,7),(2.306422819662,
    3.976762487518),.PIECEWISE_BEZIER_KNOTS.);
#6321 = CARTESIAN_POINT('',(2.405966160723,-14.59697523259));
#6322 = CARTESIAN_POINT('',(2.12757621608,-14.59941184637));
#6323 = CARTESIAN_POINT('',(1.849186271438,-14.60111167604));
#6324 = CARTESIAN_POINT('',(1.570796326795,-14.60173518265));
#6325 = CARTESIAN_POINT('',(1.292406382152,-14.60111167604));
#6326 = CARTESIAN_POINT('',(1.01401643751,-14.59941184637));
#6327 = CARTESIAN_POINT('',(0.735626492867,-14.59697523259));
#6328 = ( GEOMETRIC_REPRESENTATION_CONTEXT(2) 
PARAMETRIC_REPRESENTATION_CONTEXT() REPRESENTATION_CONTEXT('2D SPACE',''
  ) );
#6329 = PCURVE('',#4183,#6330);
#6330 = DEFINITIONAL_REPRESENTATION('',(#6331),#6339);
#6331 = ( BOUNDED_CURVE() B_SPLINE_CURVE(2,(#6332,#6333,#6334,#6335,
#6336,#6337,#6338),.UNSPECIFIED.,.T.,.F.) B_SPLINE_CURVE_WITH_KNOTS((1,2
    ,2,2,2,1),(-2.094395102393,0.,2.094395102393,4.188790204786,
6.28318530718,8.377580409573),.UNSPECIFIED.) CURVE() 
GEOMETRIC_REPRESENTATION_ITEM() RATIONAL_B_SPLINE_CURVE((1.,0.5,1.,0.5,
1.,0.5,1.)) REPRESENTATION_ITEM('') );
#6332 = CARTESIAN_POINT('',(-6.479491205213,-106.));
#6333 = CARTESIAN_POINT('',(-6.479491205213,-103.0555136271));
#6334 = CARTESIAN_POINT('',(-3.929429722085,-104.5277568135));
#6335 = CARTESIAN_POINT('',(-1.379368238956,-106.));
#6336 = CARTESIAN_POINT('',(-3.929429722085,-107.4722431864));
#6337 = CARTESIAN_POINT('',(-6.479491205213,-108.9444863728));
#6338 = CARTESIAN_POINT('',(-6.479491205213,-106.));
#6339 = ( GEOMETRIC_REPRESENTATION_CONTEXT(2) 
PARAMETRIC_REPRESENTATION_CONTEXT() REPRESENTATION_CONTEXT('2D SPACE',''
  ) );
#6340 = ORIENTED_EDGE('',*,*,#6341,.F.);
#6341 = EDGE_CURVE('',#6246,#6310,#6342,.T.);
#6342 = SURFACE_CURVE('',#6343,(#6348,#6368),.PCURVE_S1.);
#6343 = ELLIPSE('',#6344,1.70001393882,1.7);
#6344 = AXIS2_PLACEMENT_3D('',#6345,#6346,#6347);
#6345 = CARTESIAN_POINT('',(138.,-8.394768624342,-48.));
#6346 = DIRECTION('',(0.,0.999991800761,4.049495030438E-03));
#6347 = DIRECTION('',(-0.,-4.049495030438E-03,0.999991800761));
#6348 = PCURVE('',#3872,#6349);
#6349 = DEFINITIONAL_REPRESENTATION('',(#6350),#6367);
#6350 = B_SPLINE_CURVE_WITH_KNOTS('',8,(#6351,#6352,#6353,#6354,#6355,
    #6356,#6357,#6358,#6359,#6360,#6361,#6362,#6363,#6364,#6365,#6366),
  .UNSPECIFIED.,.F.,.F.,(9,7,9),(1.570796326795,4.712388980385,
    7.853981633974),.UNSPECIFIED.);
#6351 = CARTESIAN_POINT('',(6.28318530718,-14.60523137565));
#6352 = CARTESIAN_POINT('',(5.890486225481,-14.60793479389));
#6353 = CARTESIAN_POINT('',(5.497787143784,-14.61063823366));
#6354 = CARTESIAN_POINT('',(5.105088062077,-14.61270616433));
#6355 = CARTESIAN_POINT('',(4.712388980404,-14.61350479474));
#6356 = CARTESIAN_POINT('',(4.31968989868,-14.61270616434));
#6357 = CARTESIAN_POINT('',(3.92699081699,-14.61063823366));
#6358 = CARTESIAN_POINT('',(3.534291735289,-14.60793479389));
#6359 = CARTESIAN_POINT('',(2.748893571891,-14.60252795742));
#6360 = CARTESIAN_POINT('',(2.356194490196,-14.59982451762));
#6361 = CARTESIAN_POINT('',(1.963495408506,-14.59775658696));
#6362 = CARTESIAN_POINT('',(1.570796326795,-14.59695795645));
#6363 = CARTESIAN_POINT('',(1.178097245115,-14.59775658694));
#6364 = CARTESIAN_POINT('',(0.785398163399,-14.59982451763));
#6365 = CARTESIAN_POINT('',(0.392699081699,-14.60252795742));
#6366 = CARTESIAN_POINT('',(1.68753899743E-14,-14.60523137565));
#6367 = ( GEOMETRIC_REPRESENTATION_CONTEXT(2) 
PARAMETRIC_REPRESENTATION_CONTEXT() REPRESENTATION_CONTEXT('2D SPACE',''
  ) );
#6368 = PCURVE('',#4211,#6369);
#6369 = DEFINITIONAL_REPRESENTATION('',(#6370),#6378);
#6370 = ( BOUNDED_CURVE() B_SPLINE_CURVE(2,(#6371,#6372,#6373,#6374,
#6375,#6376,#6377),.UNSPECIFIED.,.T.,.F.) B_SPLINE_CURVE_WITH_KNOTS((1,2
    ,2,2,2,1),(-2.094395102393,0.,2.094395102393,4.188790204786,
6.28318530718,8.377580409573),.UNSPECIFIED.) CURVE() 
GEOMETRIC_REPRESENTATION_ITEM() RATIONAL_B_SPLINE_CURVE((1.,0.5,1.,0.5,
1.,0.5,1.)) REPRESENTATION_ITEM('') );
#6371 = CARTESIAN_POINT('',(0.228436857702,-106.));
#6372 = CARTESIAN_POINT('',(0.228436857702,-108.9444863728));
#6373 = CARTESIAN_POINT('',(-2.321584050528,-107.4722431864));
#6374 = CARTESIAN_POINT('',(-4.871604958758,-106.));
#6375 = CARTESIAN_POINT('',(-2.321584050528,-104.5277568135));
#6376 = CARTESIAN_POINT('',(0.228436857702,-103.0555136271));
#6377 = CARTESIAN_POINT('',(0.228436857702,-106.));
#6378 = ( GEOMETRIC_REPRESENTATION_CONTEXT(2) 
PARAMETRIC_REPRESENTATION_CONTEXT() REPRESENTATION_CONTEXT('2D SPACE',''
  ) );
#6379 = ORIENTED_EDGE('',*,*,#6245,.F.);
#6380 = ADVANCED_FACE('',(#6381),#3927,.F.);
#6381 = FACE_BOUND('',#6382,.T.);
#6382 = EDGE_LOOP('',(#6383,#6384,#6405,#6406));
#6383 = ORIENTED_EDGE('',*,*,#4012,.F.);
#6384 = ORIENTED_EDGE('',*,*,#6385,.T.);
#6385 = EDGE_CURVE('',#3985,#4067,#6386,.T.);
#6386 = SURFACE_CURVE('',#6387,(#6391,#6398),.PCURVE_S1.);
#6387 = LINE('',#6388,#6389);
#6388 = CARTESIAN_POINT('',(141.,-23.,-86.));
#6389 = VECTOR('',#6390,1.);
#6390 = DIRECTION('',(1.,-0.,-0.));
#6391 = PCURVE('',#3927,#6392);
#6392 = DEFINITIONAL_REPRESENTATION('',(#6393),#6397);
#6393 = LINE('',#6394,#6395);
#6394 = CARTESIAN_POINT('',(-0.,-0.));
#6395 = VECTOR('',#6396,1.);
#6396 = DIRECTION('',(-0.,-1.));
#6397 = ( GEOMETRIC_REPRESENTATION_CONTEXT(2) 
PARAMETRIC_REPRESENTATION_CONTEXT() REPRESENTATION_CONTEXT('2D SPACE',''
  ) );
#6398 = PCURVE('',#4000,#6399);
#6399 = DEFINITIONAL_REPRESENTATION('',(#6400),#6404);
#6400 = LINE('',#6401,#6402);
#6401 = CARTESIAN_POINT('',(-5.830951894845,0.));
#6402 = VECTOR('',#6403,1.);
#6403 = DIRECTION('',(-0.,-1.));
#6404 = ( GEOMETRIC_REPRESENTATION_CONTEXT(2) 
PARAMETRIC_REPRESENTATION_CONTEXT() REPRESENTATION_CONTEXT('2D SPACE',''
  ) );
#6405 = ORIENTED_EDGE('',*,*,#4089,.T.);
#6406 = ORIENTED_EDGE('',*,*,#3911,.T.);
#6407 = ADVANCED_FACE('',(#6408),#4000,.F.);
#6408 = FACE_BOUND('',#6409,.T.);
#6409 = EDGE_LOOP('',(#6410,#6411,#6412,#6413));
#6410 = ORIENTED_EDGE('',*,*,#2829,.T.);
#6411 = ORIENTED_EDGE('',*,*,#4066,.T.);
#6412 = ORIENTED_EDGE('',*,*,#6385,.F.);
#6413 = ORIENTED_EDGE('',*,*,#3984,.F.);
#6414 = ADVANCED_FACE('',(#6415),#4565,.F.);
#6415 = FACE_BOUND('',#6416,.T.);
#6416 = EDGE_LOOP('',(#6417,#6418,#6439,#6440));
#6417 = ORIENTED_EDGE('',*,*,#4549,.T.);
#6418 = ORIENTED_EDGE('',*,*,#6419,.T.);
#6419 = EDGE_CURVE('',#4522,#4980,#6420,.T.);
#6420 = SURFACE_CURVE('',#6421,(#6425,#6432),.PCURVE_S1.);
#6421 = LINE('',#6422,#6423);
#6422 = CARTESIAN_POINT('',(32.,-6.012898918185,-93.11733315717));
#6423 = VECTOR('',#6424,1.);
#6424 = DIRECTION('',(1.,-0.,-0.));
#6425 = PCURVE('',#4565,#6426);
#6426 = DEFINITIONAL_REPRESENTATION('',(#6427),#6431);
#6427 = LINE('',#6428,#6429);
#6428 = CARTESIAN_POINT('',(-0.,-0.));
#6429 = VECTOR('',#6430,1.);
#6430 = DIRECTION('',(-0.,-1.));
#6431 = ( GEOMETRIC_REPRESENTATION_CONTEXT(2) 
PARAMETRIC_REPRESENTATION_CONTEXT() REPRESENTATION_CONTEXT('2D SPACE',''
  ) );
#6432 = PCURVE('',#4537,#6433);
#6433 = DEFINITIONAL_REPRESENTATION('',(#6434),#6438);
#6434 = LINE('',#6435,#6436);
#6435 = CARTESIAN_POINT('',(-3.57668592887,0.));
#6436 = VECTOR('',#6437,1.);
#6437 = DIRECTION('',(-0.,-1.));
#6438 = ( GEOMETRIC_REPRESENTATION_CONTEXT(2) 
PARAMETRIC_REPRESENTATION_CONTEXT() REPRESENTATION_CONTEXT('2D SPACE',''
  ) );
#6439 = ORIENTED_EDGE('',*,*,#5002,.F.);
#6440 = ORIENTED_EDGE('',*,*,#5877,.F.);
#6441 = ADVANCED_FACE('',(#6442),#4537,.F.);
#6442 = FACE_BOUND('',#6443,.T.);
#6443 = EDGE_LOOP('',(#6444,#6445,#6446,#6467,#6468,#6489,#6490,#6511));
#6444 = ORIENTED_EDGE('',*,*,#6419,.F.);
#6445 = ORIENTED_EDGE('',*,*,#4521,.T.);
#6446 = ORIENTED_EDGE('',*,*,#6447,.T.);
#6447 = EDGE_CURVE('',#4494,#6129,#6448,.T.);
#6448 = SURFACE_CURVE('',#6449,(#6453,#6460),.PCURVE_S1.);
#6449 = LINE('',#6450,#6451);
#6450 = CARTESIAN_POINT('',(32.,-6.319565682663,-89.55381835724));
#6451 = VECTOR('',#6452,1.);
#6452 = DIRECTION('',(1.,-0.,-0.));
#6453 = PCURVE('',#4537,#6454);
#6454 = DEFINITIONAL_REPRESENTATION('',(#6455),#6459);
#6455 = LINE('',#6456,#6457);
#6456 = CARTESIAN_POINT('',(-0.,-0.));
#6457 = VECTOR('',#6458,1.);
#6458 = DIRECTION('',(-0.,-1.));
#6459 = ( GEOMETRIC_REPRESENTATION_CONTEXT(2) 
PARAMETRIC_REPRESENTATION_CONTEXT() REPRESENTATION_CONTEXT('2D SPACE',''
  ) );
#6460 = PCURVE('',#4509,#6461);
#6461 = DEFINITIONAL_REPRESENTATION('',(#6462),#6466);
#6462 = LINE('',#6463,#6464);
#6463 = CARTESIAN_POINT('',(-3.615406834671,0.));
#6464 = VECTOR('',#6465,1.);
#6465 = DIRECTION('',(-0.,-1.));
#6466 = ( GEOMETRIC_REPRESENTATION_CONTEXT(2) 
PARAMETRIC_REPRESENTATION_CONTEXT() REPRESENTATION_CONTEXT('2D SPACE',''
  ) );
#6467 = ORIENTED_EDGE('',*,*,#6169,.F.);
#6468 = ORIENTED_EDGE('',*,*,#6469,.T.);
#6469 = EDGE_CURVE('',#6170,#5291,#6470,.T.);
#6470 = SURFACE_CURVE('',#6471,(#6475,#6482),.PCURVE_S1.);
#6471 = LINE('',#6472,#6473);
#6472 = CARTESIAN_POINT('',(32.,-6.319565682663,-89.55381835724));
#6473 = VECTOR('',#6474,1.);
#6474 = DIRECTION('',(1.,-0.,-0.));
#6475 = PCURVE('',#4537,#6476);
#6476 = DEFINITIONAL_REPRESENTATION('',(#6477),#6481);
#6477 = LINE('',#6478,#6479);
#6478 = CARTESIAN_POINT('',(-0.,-0.));
#6479 = VECTOR('',#6480,1.);
#6480 = DIRECTION('',(-0.,-1.));
#6481 = ( GEOMETRIC_REPRESENTATION_CONTEXT(2) 
PARAMETRIC_REPRESENTATION_CONTEXT() REPRESENTATION_CONTEXT('2D SPACE',''
  ) );
#6482 = PCURVE('',#4509,#6483);
#6483 = DEFINITIONAL_REPRESENTATION('',(#6484),#6488);
#6484 = LINE('',#6485,#6486);
#6485 = CARTESIAN_POINT('',(-3.615406834671,0.));
#6486 = VECTOR('',#6487,1.);
#6487 = DIRECTION('',(-0.,-1.));
#6488 = ( GEOMETRIC_REPRESENTATION_CONTEXT(2) 
PARAMETRIC_REPRESENTATION_CONTEXT() REPRESENTATION_CONTEXT('2D SPACE',''
  ) );
#6489 = ORIENTED_EDGE('',*,*,#5331,.F.);
#6490 = ORIENTED_EDGE('',*,*,#6491,.T.);
#6491 = EDGE_CURVE('',#5332,#4957,#6492,.T.);
#6492 = SURFACE_CURVE('',#6493,(#6497,#6504),.PCURVE_S1.);
#6493 = LINE('',#6494,#6495);
#6494 = CARTESIAN_POINT('',(32.,-6.319565682663,-89.55381835724));
#6495 = VECTOR('',#6496,1.);
#6496 = DIRECTION('',(1.,-0.,-0.));
#6497 = PCURVE('',#4537,#6498);
#6498 = DEFINITIONAL_REPRESENTATION('',(#6499),#6503);
#6499 = LINE('',#6500,#6501);
#6500 = CARTESIAN_POINT('',(-0.,-0.));
#6501 = VECTOR('',#6502,1.);
#6502 = DIRECTION('',(-0.,-1.));
#6503 = ( GEOMETRIC_REPRESENTATION_CONTEXT(2) 
PARAMETRIC_REPRESENTATION_CONTEXT() REPRESENTATION_CONTEXT('2D SPACE',''
  ) );
#6504 = PCURVE('',#4509,#6505);
#6505 = DEFINITIONAL_REPRESENTATION('',(#6506),#6510);
#6506 = LINE('',#6507,#6508);
#6507 = CARTESIAN_POINT('',(-3.615406834671,0.));
#6508 = VECTOR('',#6509,1.);
#6509 = DIRECTION('',(-0.,-1.));
#6510 = ( GEOMETRIC_REPRESENTATION_CONTEXT(2) 
PARAMETRIC_REPRESENTATION_CONTEXT() REPRESENTATION_CONTEXT('2D SPACE',''
  ) );
#6511 = ORIENTED_EDGE('',*,*,#4979,.F.);
#6512 = ADVANCED_FACE('',(#6513),#4509,.F.);
#6513 = FACE_BOUND('',#6514,.T.);
#6514 = EDGE_LOOP('',(#6515,#6516,#6517,#6538,#6539,#6540,#6541,#6542,
    #6543,#6544));
#6515 = ORIENTED_EDGE('',*,*,#6447,.F.);
#6516 = ORIENTED_EDGE('',*,*,#4493,.T.);
#6517 = ORIENTED_EDGE('',*,*,#6518,.T.);
#6518 = EDGE_CURVE('',#4466,#4934,#6519,.T.);
#6519 = SURFACE_CURVE('',#6520,(#6524,#6531),.PCURVE_S1.);
#6520 = LINE('',#6521,#6522);
#6521 = CARTESIAN_POINT('',(32.,-6.613900846731,-85.95041255281));
#6522 = VECTOR('',#6523,1.);
#6523 = DIRECTION('',(1.,-0.,-0.));
#6524 = PCURVE('',#4509,#6525);
#6525 = DEFINITIONAL_REPRESENTATION('',(#6526),#6530);
#6526 = LINE('',#6527,#6528);
#6527 = CARTESIAN_POINT('',(-0.,-0.));
#6528 = VECTOR('',#6529,1.);
#6529 = DIRECTION('',(-0.,-1.));
#6530 = ( GEOMETRIC_REPRESENTATION_CONTEXT(2) 
PARAMETRIC_REPRESENTATION_CONTEXT() REPRESENTATION_CONTEXT('2D SPACE',''
  ) );
#6531 = PCURVE('',#4481,#6532);
#6532 = DEFINITIONAL_REPRESENTATION('',(#6533),#6537);
#6533 = LINE('',#6534,#6535);
#6534 = CARTESIAN_POINT('',(-3.644176852663,0.));
#6535 = VECTOR('',#6536,1.);
#6536 = DIRECTION('',(-0.,-1.));
#6537 = ( GEOMETRIC_REPRESENTATION_CONTEXT(2) 
PARAMETRIC_REPRESENTATION_CONTEXT() REPRESENTATION_CONTEXT('2D SPACE',''
  ) );
#6538 = ORIENTED_EDGE('',*,*,#4956,.F.);
#6539 = ORIENTED_EDGE('',*,*,#6491,.F.);
#6540 = ORIENTED_EDGE('',*,*,#5363,.F.);
#6541 = ORIENTED_EDGE('',*,*,#5290,.F.);
#6542 = ORIENTED_EDGE('',*,*,#6469,.F.);
#6543 = ORIENTED_EDGE('',*,*,#6201,.F.);
#6544 = ORIENTED_EDGE('',*,*,#6128,.F.);
#6545 = ADVANCED_FACE('',(#6546),#4481,.F.);
#6546 = FACE_BOUND('',#6547,.T.);
#6547 = EDGE_LOOP('',(#6548,#6549,#6550,#6551));
#6548 = ORIENTED_EDGE('',*,*,#4465,.T.);
#6549 = ORIENTED_EDGE('',*,*,#5805,.T.);
#6550 = ORIENTED_EDGE('',*,*,#4933,.F.);
#6551 = ORIENTED_EDGE('',*,*,#6518,.F.);
#6552 = ADVANCED_FACE('',(#6553),#4430,.F.);
#6553 = FACE_BOUND('',#6554,.T.);
#6554 = EDGE_LOOP('',(#6555,#6556,#6557,#6578));
#6555 = ORIENTED_EDGE('',*,*,#5827,.F.);
#6556 = ORIENTED_EDGE('',*,*,#4414,.T.);
#6557 = ORIENTED_EDGE('',*,*,#6558,.T.);
#6558 = EDGE_CURVE('',#4387,#5663,#6559,.T.);
#6559 = SURFACE_CURVE('',#6560,(#6564,#6571),.PCURVE_S1.);
#6560 = LINE('',#6561,#6562);
#6561 = CARTESIAN_POINT('',(32.,-7.40061028008,-75.));
#6562 = VECTOR('',#6563,1.);
#6563 = DIRECTION('',(1.,-0.,-0.));
#6564 = PCURVE('',#4430,#6565);
#6565 = DEFINITIONAL_REPRESENTATION('',(#6566),#6570);
#6566 = LINE('',#6567,#6568);
#6567 = CARTESIAN_POINT('',(-0.,-0.));
#6568 = VECTOR('',#6569,1.);
#6569 = DIRECTION('',(-0.,-1.));
#6570 = ( GEOMETRIC_REPRESENTATION_CONTEXT(2) 
PARAMETRIC_REPRESENTATION_CONTEXT() REPRESENTATION_CONTEXT('2D SPACE',''
  ) );
#6571 = PCURVE('',#4402,#6572);
#6572 = DEFINITIONAL_REPRESENTATION('',(#6573),#6577);
#6573 = LINE('',#6574,#6575);
#6574 = CARTESIAN_POINT('',(-3.670271109128,0.));
#6575 = VECTOR('',#6576,1.);
#6576 = DIRECTION('',(-0.,-1.));
#6577 = ( GEOMETRIC_REPRESENTATION_CONTEXT(2) 
PARAMETRIC_REPRESENTATION_CONTEXT() REPRESENTATION_CONTEXT('2D SPACE',''
  ) );
#6578 = ORIENTED_EDGE('',*,*,#5685,.T.);
#6579 = ADVANCED_FACE('',(#6580),#4402,.F.);
#6580 = FACE_BOUND('',#6581,.T.);
#6581 = EDGE_LOOP('',(#6582,#6583,#6584,#6605));
#6582 = ORIENTED_EDGE('',*,*,#6558,.F.);
#6583 = ORIENTED_EDGE('',*,*,#4386,.T.);
#6584 = ORIENTED_EDGE('',*,*,#6585,.T.);
#6585 = EDGE_CURVE('',#4359,#5640,#6586,.T.);
#6586 = SURFACE_CURVE('',#6587,(#6591,#6598),.PCURVE_S1.);
#6587 = LINE('',#6588,#6589);
#6588 = CARTESIAN_POINT('',(32.,-7.623171882263,-71.33648306299));
#6589 = VECTOR('',#6590,1.);
#6590 = DIRECTION('',(1.,-0.,-0.));
#6591 = PCURVE('',#4402,#6592);
#6592 = DEFINITIONAL_REPRESENTATION('',(#6593),#6597);
#6593 = LINE('',#6594,#6595);
#6594 = CARTESIAN_POINT('',(-0.,-0.));
#6595 = VECTOR('',#6596,1.);
#6596 = DIRECTION('',(-0.,-1.));
#6597 = ( GEOMETRIC_REPRESENTATION_CONTEXT(2) 
PARAMETRIC_REPRESENTATION_CONTEXT() REPRESENTATION_CONTEXT('2D SPACE',''
  ) );
#6598 = PCURVE('',#4374,#6599);
#6599 = DEFINITIONAL_REPRESENTATION('',(#6600),#6604);
#6600 = LINE('',#6601,#6602);
#6601 = CARTESIAN_POINT('',(-3.658887093676,0.));
#6602 = VECTOR('',#6603,1.);
#6603 = DIRECTION('',(-0.,-1.));
#6604 = ( GEOMETRIC_REPRESENTATION_CONTEXT(2) 
PARAMETRIC_REPRESENTATION_CONTEXT() REPRESENTATION_CONTEXT('2D SPACE',''
  ) );
#6605 = ORIENTED_EDGE('',*,*,#5662,.T.);
#6606 = ADVANCED_FACE('',(#6607),#4374,.F.);
#6607 = FACE_BOUND('',#6608,.T.);
#6608 = EDGE_LOOP('',(#6609,#6610,#6611,#6632));
#6609 = ORIENTED_EDGE('',*,*,#6585,.F.);
#6610 = ORIENTED_EDGE('',*,*,#4358,.T.);
#6611 = ORIENTED_EDGE('',*,*,#6612,.T.);
#6612 = EDGE_CURVE('',#4331,#5617,#6613,.T.);
#6613 = SURFACE_CURVE('',#6614,(#6618,#6625),.PCURVE_S1.);
#6614 = LINE('',#6615,#6616);
#6615 = CARTESIAN_POINT('',(32.,-7.82209798814,-67.68300757126));
#6616 = VECTOR('',#6617,1.);
#6617 = DIRECTION('',(1.,-0.,-0.));
#6618 = PCURVE('',#4374,#6619);
#6619 = DEFINITIONAL_REPRESENTATION('',(#6620),#6624);
#6620 = LINE('',#6621,#6622);
#6621 = CARTESIAN_POINT('',(-0.,-0.));
#6622 = VECTOR('',#6623,1.);
#6623 = DIRECTION('',(-0.,-1.));
#6624 = ( GEOMETRIC_REPRESENTATION_CONTEXT(2) 
PARAMETRIC_REPRESENTATION_CONTEXT() REPRESENTATION_CONTEXT('2D SPACE',''
  ) );
#6625 = PCURVE('',#4346,#6626);
#6626 = DEFINITIONAL_REPRESENTATION('',(#6627),#6631);
#6627 = LINE('',#6628,#6629);
#6628 = CARTESIAN_POINT('',(-3.637538957864,0.));
#6629 = VECTOR('',#6630,1.);
#6630 = DIRECTION('',(-0.,-1.));
#6631 = ( GEOMETRIC_REPRESENTATION_CONTEXT(2) 
PARAMETRIC_REPRESENTATION_CONTEXT() REPRESENTATION_CONTEXT('2D SPACE',''
  ) );
#6632 = ORIENTED_EDGE('',*,*,#5639,.T.);
#6633 = ADVANCED_FACE('',(#6634),#4346,.F.);
#6634 = FACE_BOUND('',#6635,.T.);
#6635 = EDGE_LOOP('',(#6636,#6637,#6638,#6659));
#6636 = ORIENTED_EDGE('',*,*,#6612,.F.);
#6637 = ORIENTED_EDGE('',*,*,#4330,.T.);
#6638 = ORIENTED_EDGE('',*,*,#6639,.T.);
#6639 = EDGE_CURVE('',#4303,#5594,#6640,.T.);
#6640 = SURFACE_CURVE('',#6641,(#6645,#6652),.PCURVE_S1.);
#6641 = LINE('',#6642,#6643);
#6642 = CARTESIAN_POINT('',(32.,-7.995152522624,-64.04958744718));
#6643 = VECTOR('',#6644,1.);
#6644 = DIRECTION('',(1.,-0.,-0.));
#6645 = PCURVE('',#4346,#6646);
#6646 = DEFINITIONAL_REPRESENTATION('',(#6647),#6651);
#6647 = LINE('',#6648,#6649);
#6648 = CARTESIAN_POINT('',(-0.,-0.));
#6649 = VECTOR('',#6650,1.);
#6650 = DIRECTION('',(-0.,-1.));
#6651 = ( GEOMETRIC_REPRESENTATION_CONTEXT(2) 
PARAMETRIC_REPRESENTATION_CONTEXT() REPRESENTATION_CONTEXT('2D SPACE',''
  ) );
#6652 = PCURVE('',#4318,#6653);
#6653 = DEFINITIONAL_REPRESENTATION('',(#6654),#6658);
#6654 = LINE('',#6655,#6656);
#6655 = CARTESIAN_POINT('',(-3.606322614417,0.));
#6656 = VECTOR('',#6657,1.);
#6657 = DIRECTION('',(-0.,-1.));
#6658 = ( GEOMETRIC_REPRESENTATION_CONTEXT(2) 
PARAMETRIC_REPRESENTATION_CONTEXT() REPRESENTATION_CONTEXT('2D SPACE',''
  ) );
#6659 = ORIENTED_EDGE('',*,*,#5616,.T.);
#6660 = ADVANCED_FACE('',(#6661),#4318,.F.);
#6661 = FACE_BOUND('',#6662,.T.);
#6662 = EDGE_LOOP('',(#6663,#6664,#6665,#6686));
#6663 = ORIENTED_EDGE('',*,*,#6639,.F.);
#6664 = ORIENTED_EDGE('',*,*,#4302,.T.);
#6665 = ORIENTED_EDGE('',*,*,#6666,.T.);
#6666 = EDGE_CURVE('',#4275,#5571,#6667,.T.);
#6667 = SURFACE_CURVE('',#6668,(#6672,#6679),.PCURVE_S1.);
#6668 = LINE('',#6669,#6670);
#6669 = CARTESIAN_POINT('',(32.,-8.140167721403,-60.44618164275));
#6670 = VECTOR('',#6671,1.);
#6671 = DIRECTION('',(1.,-0.,-0.));
#6672 = PCURVE('',#4318,#6673);
#6673 = DEFINITIONAL_REPRESENTATION('',(#6674),#6678);
#6674 = LINE('',#6675,#6676);
#6675 = CARTESIAN_POINT('',(-0.,-0.));
#6676 = VECTOR('',#6677,1.);
#6677 = DIRECTION('',(-0.,-1.));
#6678 = ( GEOMETRIC_REPRESENTATION_CONTEXT(2) 
PARAMETRIC_REPRESENTATION_CONTEXT() REPRESENTATION_CONTEXT('2D SPACE',''
  ) );
#6679 = PCURVE('',#4290,#6680);
#6680 = DEFINITIONAL_REPRESENTATION('',(#6681),#6685);
#6681 = LINE('',#6682,#6683);
#6682 = CARTESIAN_POINT('',(-3.565366989959,0.));
#6683 = VECTOR('',#6684,1.);
#6684 = DIRECTION('',(-0.,-1.));
#6685 = ( GEOMETRIC_REPRESENTATION_CONTEXT(2) 
PARAMETRIC_REPRESENTATION_CONTEXT() REPRESENTATION_CONTEXT('2D SPACE',''
  ) );
#6686 = ORIENTED_EDGE('',*,*,#5593,.T.);
#6687 = ADVANCED_FACE('',(#6688),#4290,.F.);
#6688 = FACE_BOUND('',#6689,.T.);
#6689 = EDGE_LOOP('',(#6690,#6691,#6692,#6693));
#6690 = ORIENTED_EDGE('',*,*,#6666,.F.);
#6691 = ORIENTED_EDGE('',*,*,#4274,.T.);
#6692 = ORIENTED_EDGE('',*,*,#5734,.T.);
#6693 = ORIENTED_EDGE('',*,*,#5570,.T.);
#6694 = ADVANCED_FACE('',(#6695),#4239,.F.);
#6695 = FACE_BOUND('',#6696,.T.);
#6696 = EDGE_LOOP('',(#6697,#6698,#6719,#6720));
#6697 = ORIENTED_EDGE('',*,*,#4223,.T.);
#6698 = ORIENTED_EDGE('',*,*,#6699,.T.);
#6699 = EDGE_CURVE('',#4196,#4674,#6700,.T.);
#6700 = SURFACE_CURVE('',#6701,(#6705,#6712),.PCURVE_S1.);
#6701 = LINE('',#6702,#6703);
#6702 = CARTESIAN_POINT('',(32.,-8.387016841114,-49.91424353182));
#6703 = VECTOR('',#6704,1.);
#6704 = DIRECTION('',(1.,-0.,-0.));
#6705 = PCURVE('',#4239,#6706);
#6706 = DEFINITIONAL_REPRESENTATION('',(#6707),#6711);
#6707 = LINE('',#6708,#6709);
#6708 = CARTESIAN_POINT('',(-0.,-0.));
#6709 = VECTOR('',#6710,1.);
#6710 = DIRECTION('',(-0.,-1.));
#6711 = ( GEOMETRIC_REPRESENTATION_CONTEXT(2) 
PARAMETRIC_REPRESENTATION_CONTEXT() REPRESENTATION_CONTEXT('2D SPACE',''
  ) );
#6712 = PCURVE('',#4211,#6713);
#6713 = DEFINITIONAL_REPRESENTATION('',(#6714),#6718);
#6714 = LINE('',#6715,#6716);
#6715 = CARTESIAN_POINT('',(-3.385836308415,0.));
#6716 = VECTOR('',#6717,1.);
#6717 = DIRECTION('',(-0.,-1.));
#6718 = ( GEOMETRIC_REPRESENTATION_CONTEXT(2) 
PARAMETRIC_REPRESENTATION_CONTEXT() REPRESENTATION_CONTEXT('2D SPACE',''
  ) );
#6719 = ORIENTED_EDGE('',*,*,#4696,.F.);
#6720 = ORIENTED_EDGE('',*,*,#5756,.F.);
#6721 = ADVANCED_FACE('',(#6722),#4211,.F.);
#6722 = FACE_BOUND('',#6723,.T.);
#6723 = EDGE_LOOP('',(#6724,#6725,#6726,#6747,#6748,#6749,#6770,#6771,
    #6772,#6793));
#6724 = ORIENTED_EDGE('',*,*,#6699,.F.);
#6725 = ORIENTED_EDGE('',*,*,#4195,.T.);
#6726 = ORIENTED_EDGE('',*,*,#6727,.T.);
#6727 = EDGE_CURVE('',#4168,#6310,#6728,.T.);
#6728 = SURFACE_CURVE('',#6729,(#6733,#6740),.PCURVE_S1.);
#6729 = LINE('',#6730,#6731);
#6730 = CARTESIAN_POINT('',(32.,-8.400727768418,-46.52843498469));
#6731 = VECTOR('',#6732,1.);
#6732 = DIRECTION('',(1.,-0.,-0.));
#6733 = PCURVE('',#4211,#6734);
#6734 = DEFINITIONAL_REPRESENTATION('',(#6735),#6739);
#6735 = LINE('',#6736,#6737);
#6736 = CARTESIAN_POINT('',(-0.,-0.));
#6737 = VECTOR('',#6738,1.);
#6738 = DIRECTION('',(-0.,-1.));
#6739 = ( GEOMETRIC_REPRESENTATION_CONTEXT(2) 
PARAMETRIC_REPRESENTATION_CONTEXT() REPRESENTATION_CONTEXT('2D SPACE',''
  ) );
#6740 = PCURVE('',#4183,#6741);
#6741 = DEFINITIONAL_REPRESENTATION('',(#6742),#6746);
#6742 = LINE('',#6743,#6744);
#6743 = CARTESIAN_POINT('',(-3.307849720205,0.));
#6744 = VECTOR('',#6745,1.);
#6745 = DIRECTION('',(-0.,-1.));
#6746 = ( GEOMETRIC_REPRESENTATION_CONTEXT(2) 
PARAMETRIC_REPRESENTATION_CONTEXT() REPRESENTATION_CONTEXT('2D SPACE',''
  ) );
#6747 = ORIENTED_EDGE('',*,*,#6341,.F.);
#6748 = ORIENTED_EDGE('',*,*,#6268,.F.);
#6749 = ORIENTED_EDGE('',*,*,#6750,.T.);
#6750 = EDGE_CURVE('',#6269,#5472,#6751,.T.);
#6751 = SURFACE_CURVE('',#6752,(#6756,#6763),.PCURVE_S1.);
#6752 = LINE('',#6753,#6754);
#6753 = CARTESIAN_POINT('',(32.,-8.400727768418,-46.52843498469));
#6754 = VECTOR('',#6755,1.);
#6755 = DIRECTION('',(1.,-0.,-0.));
#6756 = PCURVE('',#4211,#6757);
#6757 = DEFINITIONAL_REPRESENTATION('',(#6758),#6762);
#6758 = LINE('',#6759,#6760);
#6759 = CARTESIAN_POINT('',(-0.,-0.));
#6760 = VECTOR('',#6761,1.);
#6761 = DIRECTION('',(-0.,-1.));
#6762 = ( GEOMETRIC_REPRESENTATION_CONTEXT(2) 
PARAMETRIC_REPRESENTATION_CONTEXT() REPRESENTATION_CONTEXT('2D SPACE',''
  ) );
#6763 = PCURVE('',#4183,#6764);
#6764 = DEFINITIONAL_REPRESENTATION('',(#6765),#6769);
#6765 = LINE('',#6766,#6767);
#6766 = CARTESIAN_POINT('',(-3.307849720205,0.));
#6767 = VECTOR('',#6768,1.);
#6768 = DIRECTION('',(-0.,-1.));
#6769 = ( GEOMETRIC_REPRESENTATION_CONTEXT(2) 
PARAMETRIC_REPRESENTATION_CONTEXT() REPRESENTATION_CONTEXT('2D SPACE',''
  ) );
#6770 = ORIENTED_EDGE('',*,*,#5503,.F.);
#6771 = ORIENTED_EDGE('',*,*,#5430,.F.);
#6772 = ORIENTED_EDGE('',*,*,#6773,.T.);
#6773 = EDGE_CURVE('',#5431,#4651,#6774,.T.);
#6774 = SURFACE_CURVE('',#6775,(#6779,#6786),.PCURVE_S1.);
#6775 = LINE('',#6776,#6777);
#6776 = CARTESIAN_POINT('',(32.,-8.400727768418,-46.52843498469));
#6777 = VECTOR('',#6778,1.);
#6778 = DIRECTION('',(1.,-0.,-0.));
#6779 = PCURVE('',#4211,#6780);
#6780 = DEFINITIONAL_REPRESENTATION('',(#6781),#6785);
#6781 = LINE('',#6782,#6783);
#6782 = CARTESIAN_POINT('',(-0.,-0.));
#6783 = VECTOR('',#6784,1.);
#6784 = DIRECTION('',(-0.,-1.));
#6785 = ( GEOMETRIC_REPRESENTATION_CONTEXT(2) 
PARAMETRIC_REPRESENTATION_CONTEXT() REPRESENTATION_CONTEXT('2D SPACE',''
  ) );
#6786 = PCURVE('',#4183,#6787);
#6787 = DEFINITIONAL_REPRESENTATION('',(#6788),#6792);
#6788 = LINE('',#6789,#6790);
#6789 = CARTESIAN_POINT('',(-3.307849720205,0.));
#6790 = VECTOR('',#6791,1.);
#6791 = DIRECTION('',(-0.,-1.));
#6792 = ( GEOMETRIC_REPRESENTATION_CONTEXT(2) 
PARAMETRIC_REPRESENTATION_CONTEXT() REPRESENTATION_CONTEXT('2D SPACE',''
  ) );
#6793 = ORIENTED_EDGE('',*,*,#4673,.F.);
#6794 = ADVANCED_FACE('',(#6795),#4183,.F.);
#6795 = FACE_BOUND('',#6796,.T.);
#6796 = EDGE_LOOP('',(#6797,#6798,#6799,#6820,#6821,#6822,#6823,#6824));
#6797 = ORIENTED_EDGE('',*,*,#6727,.F.);
#6798 = ORIENTED_EDGE('',*,*,#4167,.T.);
#6799 = ORIENTED_EDGE('',*,*,#6800,.T.);
#6800 = EDGE_CURVE('',#4140,#4628,#6801,.T.);
#6801 = SURFACE_CURVE('',#6802,(#6806,#6813),.PCURVE_S1.);
#6802 = LINE('',#6803,#6804);
#6803 = CARTESIAN_POINT('',(32.,-8.377757778564,-43.22066501823));
#6804 = VECTOR('',#6805,1.);
#6805 = DIRECTION('',(1.,-0.,-0.));
#6806 = PCURVE('',#4183,#6807);
#6807 = DEFINITIONAL_REPRESENTATION('',(#6808),#6812);
#6808 = LINE('',#6809,#6810);
#6809 = CARTESIAN_POINT('',(-0.,-0.));
#6810 = VECTOR('',#6811,1.);
#6811 = DIRECTION('',(-0.,-1.));
#6812 = ( GEOMETRIC_REPRESENTATION_CONTEXT(2) 
PARAMETRIC_REPRESENTATION_CONTEXT() REPRESENTATION_CONTEXT('2D SPACE',''
  ) );
#6813 = PCURVE('',#4155,#6814);
#6814 = DEFINITIONAL_REPRESENTATION('',(#6815),#6819);
#6815 = LINE('',#6816,#6817);
#6816 = CARTESIAN_POINT('',(-3.221237121672,0.));
#6817 = VECTOR('',#6818,1.);
#6818 = DIRECTION('',(-0.,-1.));
#6819 = ( GEOMETRIC_REPRESENTATION_CONTEXT(2) 
PARAMETRIC_REPRESENTATION_CONTEXT() REPRESENTATION_CONTEXT('2D SPACE',''
  ) );
#6820 = ORIENTED_EDGE('',*,*,#4650,.F.);
#6821 = ORIENTED_EDGE('',*,*,#6773,.F.);
#6822 = ORIENTED_EDGE('',*,*,#5471,.F.);
#6823 = ORIENTED_EDGE('',*,*,#6750,.F.);
#6824 = ORIENTED_EDGE('',*,*,#6309,.F.);
#6825 = ADVANCED_FACE('',(#6826),#4155,.F.);
#6826 = FACE_BOUND('',#6827,.T.);
#6827 = EDGE_LOOP('',(#6828,#6829,#6830,#6831));
#6828 = ORIENTED_EDGE('',*,*,#4139,.T.);
#6829 = ORIENTED_EDGE('',*,*,#5051,.T.);
#6830 = ORIENTED_EDGE('',*,*,#4627,.F.);
#6831 = ORIENTED_EDGE('',*,*,#6800,.F.);
#6832 = ADVANCED_FACE('',(#6833),#4898,.F.);
#6833 = FACE_BOUND('',#6834,.T.);
#6834 = EDGE_LOOP('',(#6835,#6836,#6837,#6858));
#6835 = ORIENTED_EDGE('',*,*,#5851,.F.);
#6836 = ORIENTED_EDGE('',*,*,#5217,.F.);
#6837 = ORIENTED_EDGE('',*,*,#6838,.T.);
#6838 = EDGE_CURVE('',#5195,#4855,#6839,.T.);
#6839 = SURFACE_CURVE('',#6840,(#6844,#6851),.PCURVE_S1.);
#6840 = LINE('',#6841,#6842);
#6841 = CARTESIAN_POINT('',(32.,-7.40061028008,-75.));
#6842 = VECTOR('',#6843,1.);
#6843 = DIRECTION('',(1.,-0.,-0.));
#6844 = PCURVE('',#4898,#6845);
#6845 = DEFINITIONAL_REPRESENTATION('',(#6846),#6850);
#6846 = LINE('',#6847,#6848);
#6847 = CARTESIAN_POINT('',(-0.,-0.));
#6848 = VECTOR('',#6849,1.);
#6849 = DIRECTION('',(-0.,-1.));
#6850 = ( GEOMETRIC_REPRESENTATION_CONTEXT(2) 
PARAMETRIC_REPRESENTATION_CONTEXT() REPRESENTATION_CONTEXT('2D SPACE',''
  ) );
#6851 = PCURVE('',#4870,#6852);
#6852 = DEFINITIONAL_REPRESENTATION('',(#6853),#6857);
#6853 = LINE('',#6854,#6855);
#6854 = CARTESIAN_POINT('',(-3.670271109128,0.));
#6855 = VECTOR('',#6856,1.);
#6856 = DIRECTION('',(-0.,-1.));
#6857 = ( GEOMETRIC_REPRESENTATION_CONTEXT(2) 
PARAMETRIC_REPRESENTATION_CONTEXT() REPRESENTATION_CONTEXT('2D SPACE',''
  ) );
#6858 = ORIENTED_EDGE('',*,*,#4882,.F.);
#6859 = ADVANCED_FACE('',(#6860),#4870,.F.);
#6860 = FACE_BOUND('',#6861,.T.);
#6861 = EDGE_LOOP('',(#6862,#6863,#6864,#6885));
#6862 = ORIENTED_EDGE('',*,*,#6838,.F.);
#6863 = ORIENTED_EDGE('',*,*,#5194,.F.);
#6864 = ORIENTED_EDGE('',*,*,#6865,.T.);
#6865 = EDGE_CURVE('',#5172,#4827,#6866,.T.);
#6866 = SURFACE_CURVE('',#6867,(#6871,#6878),.PCURVE_S1.);
#6867 = LINE('',#6868,#6869);
#6868 = CARTESIAN_POINT('',(32.,-7.623171882263,-71.33648306299));
#6869 = VECTOR('',#6870,1.);
#6870 = DIRECTION('',(1.,-0.,-0.));
#6871 = PCURVE('',#4870,#6872);
#6872 = DEFINITIONAL_REPRESENTATION('',(#6873),#6877);
#6873 = LINE('',#6874,#6875);
#6874 = CARTESIAN_POINT('',(-0.,-0.));
#6875 = VECTOR('',#6876,1.);
#6876 = DIRECTION('',(-0.,-1.));
#6877 = ( GEOMETRIC_REPRESENTATION_CONTEXT(2) 
PARAMETRIC_REPRESENTATION_CONTEXT() REPRESENTATION_CONTEXT('2D SPACE',''
  ) );
#6878 = PCURVE('',#4842,#6879);
#6879 = DEFINITIONAL_REPRESENTATION('',(#6880),#6884);
#6880 = LINE('',#6881,#6882);
#6881 = CARTESIAN_POINT('',(-3.658887093676,0.));
#6882 = VECTOR('',#6883,1.);
#6883 = DIRECTION('',(-0.,-1.));
#6884 = ( GEOMETRIC_REPRESENTATION_CONTEXT(2) 
PARAMETRIC_REPRESENTATION_CONTEXT() REPRESENTATION_CONTEXT('2D SPACE',''
  ) );
#6885 = ORIENTED_EDGE('',*,*,#4854,.F.);
#6886 = ADVANCED_FACE('',(#6887),#4842,.F.);
#6887 = FACE_BOUND('',#6888,.T.);
#6888 = EDGE_LOOP('',(#6889,#6890,#6891,#6912));
#6889 = ORIENTED_EDGE('',*,*,#6865,.F.);
#6890 = ORIENTED_EDGE('',*,*,#5171,.F.);
#6891 = ORIENTED_EDGE('',*,*,#6892,.T.);
#6892 = EDGE_CURVE('',#5149,#4799,#6893,.T.);
#6893 = SURFACE_CURVE('',#6894,(#6898,#6905),.PCURVE_S1.);
#6894 = LINE('',#6895,#6896);
#6895 = CARTESIAN_POINT('',(32.,-7.82209798814,-67.68300757126));
#6896 = VECTOR('',#6897,1.);
#6897 = DIRECTION('',(1.,-0.,-0.));
#6898 = PCURVE('',#4842,#6899);
#6899 = DEFINITIONAL_REPRESENTATION('',(#6900),#6904);
#6900 = LINE('',#6901,#6902);
#6901 = CARTESIAN_POINT('',(-0.,-0.));
#6902 = VECTOR('',#6903,1.);
#6903 = DIRECTION('',(-0.,-1.));
#6904 = ( GEOMETRIC_REPRESENTATION_CONTEXT(2) 
PARAMETRIC_REPRESENTATION_CONTEXT() REPRESENTATION_CONTEXT('2D SPACE',''
  ) );
#6905 = PCURVE('',#4814,#6906);
#6906 = DEFINITIONAL_REPRESENTATION('',(#6907),#6911);
#6907 = LINE('',#6908,#6909);
#6908 = CARTESIAN_POINT('',(-3.637538957864,0.));
#6909 = VECTOR('',#6910,1.);
#6910 = DIRECTION('',(-0.,-1.));
#6911 = ( GEOMETRIC_REPRESENTATION_CONTEXT(2) 
PARAMETRIC_REPRESENTATION_CONTEXT() REPRESENTATION_CONTEXT('2D SPACE',''
  ) );
#6912 = ORIENTED_EDGE('',*,*,#4826,.F.);
#6913 = ADVANCED_FACE('',(#6914),#4814,.F.);
#6914 = FACE_BOUND('',#6915,.T.);
#6915 = EDGE_LOOP('',(#6916,#6917,#6918,#6939));
#6916 = ORIENTED_EDGE('',*,*,#6892,.F.);
#6917 = ORIENTED_EDGE('',*,*,#5148,.F.);
#6918 = ORIENTED_EDGE('',*,*,#6919,.T.);
#6919 = EDGE_CURVE('',#5126,#4771,#6920,.T.);
#6920 = SURFACE_CURVE('',#6921,(#6925,#6932),.PCURVE_S1.);
#6921 = LINE('',#6922,#6923);
#6922 = CARTESIAN_POINT('',(32.,-7.995152522624,-64.04958744718));
#6923 = VECTOR('',#6924,1.);
#6924 = DIRECTION('',(1.,-0.,-0.));
#6925 = PCURVE('',#4814,#6926);
#6926 = DEFINITIONAL_REPRESENTATION('',(#6927),#6931);
#6927 = LINE('',#6928,#6929);
#6928 = CARTESIAN_POINT('',(-0.,-0.));
#6929 = VECTOR('',#6930,1.);
#6930 = DIRECTION('',(-0.,-1.));
#6931 = ( GEOMETRIC_REPRESENTATION_CONTEXT(2) 
PARAMETRIC_REPRESENTATION_CONTEXT() REPRESENTATION_CONTEXT('2D SPACE',''
  ) );
#6932 = PCURVE('',#4786,#6933);
#6933 = DEFINITIONAL_REPRESENTATION('',(#6934),#6938);
#6934 = LINE('',#6935,#6936);
#6935 = CARTESIAN_POINT('',(-3.606322614417,0.));
#6936 = VECTOR('',#6937,1.);
#6937 = DIRECTION('',(-0.,-1.));
#6938 = ( GEOMETRIC_REPRESENTATION_CONTEXT(2) 
PARAMETRIC_REPRESENTATION_CONTEXT() REPRESENTATION_CONTEXT('2D SPACE',''
  ) );
#6939 = ORIENTED_EDGE('',*,*,#4798,.F.);
#6940 = ADVANCED_FACE('',(#6941),#4786,.F.);
#6941 = FACE_BOUND('',#6942,.T.);
#6942 = EDGE_LOOP('',(#6943,#6944,#6945,#6966));
#6943 = ORIENTED_EDGE('',*,*,#6919,.F.);
#6944 = ORIENTED_EDGE('',*,*,#5125,.F.);
#6945 = ORIENTED_EDGE('',*,*,#6946,.T.);
#6946 = EDGE_CURVE('',#5103,#4743,#6947,.T.);
#6947 = SURFACE_CURVE('',#6948,(#6952,#6959),.PCURVE_S1.);
#6948 = LINE('',#6949,#6950);
#6949 = CARTESIAN_POINT('',(32.,-8.140167721403,-60.44618164275));
#6950 = VECTOR('',#6951,1.);
#6951 = DIRECTION('',(1.,-0.,-0.));
#6952 = PCURVE('',#4786,#6953);
#6953 = DEFINITIONAL_REPRESENTATION('',(#6954),#6958);
#6954 = LINE('',#6955,#6956);
#6955 = CARTESIAN_POINT('',(-0.,-0.));
#6956 = VECTOR('',#6957,1.);
#6957 = DIRECTION('',(-0.,-1.));
#6958 = ( GEOMETRIC_REPRESENTATION_CONTEXT(2) 
PARAMETRIC_REPRESENTATION_CONTEXT() REPRESENTATION_CONTEXT('2D SPACE',''
  ) );
#6959 = PCURVE('',#4758,#6960);
#6960 = DEFINITIONAL_REPRESENTATION('',(#6961),#6965);
#6961 = LINE('',#6962,#6963);
#6962 = CARTESIAN_POINT('',(-3.565366989959,0.));
#6963 = VECTOR('',#6964,1.);
#6964 = DIRECTION('',(-0.,-1.));
#6965 = ( GEOMETRIC_REPRESENTATION_CONTEXT(2) 
PARAMETRIC_REPRESENTATION_CONTEXT() REPRESENTATION_CONTEXT('2D SPACE',''
  ) );
#6966 = ORIENTED_EDGE('',*,*,#4770,.F.);
#6967 = ADVANCED_FACE('',(#6968),#4758,.F.);
#6968 = FACE_BOUND('',#6969,.T.);
#6969 = EDGE_LOOP('',(#6970,#6971,#6972,#6973));
#6970 = ORIENTED_EDGE('',*,*,#6946,.F.);
#6971 = ORIENTED_EDGE('',*,*,#5102,.F.);
#6972 = ORIENTED_EDGE('',*,*,#5778,.T.);
#6973 = ORIENTED_EDGE('',*,*,#4742,.F.);
#6974 = ADVANCED_FACE('',(#6975),#5942,.F.);
#6975 = FACE_BOUND('',#6976,.T.);
#6976 = EDGE_LOOP('',(#6977,#6978,#6979,#6980));
#6977 = ORIENTED_EDGE('',*,*,#5926,.F.);
#6978 = ORIENTED_EDGE('',*,*,#6028,.T.);
#6979 = ORIENTED_EDGE('',*,*,#6078,.T.);
#6980 = ORIENTED_EDGE('',*,*,#5979,.F.);
#6981 = ( GEOMETRIC_REPRESENTATION_CONTEXT(3) 
GLOBAL_UNCERTAINTY_ASSIGNED_CONTEXT((#6985)) 
GLOBAL_UNIT_ASSIGNED_CONTEXT((#6982,#6983,#6984)) REPRESENTATION_CONTEXT
('Context #1','3D Context with UNIT and UNCERTAINTY') );
#6982 = ( LENGTH_UNIT() NAMED_UNIT(*) SI_UNIT(.MILLI.,.METRE.) );
#6983 = ( NAMED_UNIT(*) PLANE_ANGLE_UNIT() SI_UNIT($,.RADIAN.) );
#6984 = ( NAMED_UNIT(*) SI_UNIT($,.STERADIAN.) SOLID_ANGLE_UNIT() );
#6985 = UNCERTAINTY_MEASURE_WITH_UNIT(LENGTH_MEASURE(1.E-07),#6982,
  'distance_accuracy_value','confusion accuracy');
#6986 = PRODUCT_RELATED_PRODUCT_CATEGORY('part',$,(#7));
ENDSEC;
END-ISO-10303-21;
