ISO-10303-21;
HEADER;
FILE_DESCRIPTION(('Open CASCADE Model'),'2;1');
FILE_NAME('Open CASCADE Shape Model','2026-09-10T18:51:17',('Author'),(
    'Open CASCADE'),'Open CASCADE STEP processor 7.9','Open CASCADE 7.9'
  ,'Unknown');
FILE_SCHEMA(('AUTOMOTIVE_DESIGN { 1 0 10303 214 1 1 1 1 }'));
ENDSEC;
DATA;
#1 = APPLICATION_PROTOCOL_DEFINITION('international standard',
  'automotive_design',2000,#2);
#2 = APPLICATION_CONTEXT(
  'core data for automotive mechanical design processes');
#3 = SHAPE_DEFINITION_REPRESENTATION(#4,#10);
#4 = PRODUCT_DEFINITION_SHAPE('','',#5);
#5 = PRODUCT_DEFINITION('design','',#6,#9);
#6 = PRODUCT_DEFINITION_FORMATION('','',#7);
#7 = PRODUCT('Open CASCADE STEP translator 7.9 10',
  'Open CASCADE STEP translator 7.9 10','',(#8));
#8 = PRODUCT_CONTEXT('',#2,'mechanical');
#9 = PRODUCT_DEFINITION_CONTEXT('part definition',#2,'design');
#10 = ADVANCED_BREP_SHAPE_REPRESENTATION('',(#11,#15),#4177);
#11 = AXIS2_PLACEMENT_3D('',#12,#13,#14);
#12 = CARTESIAN_POINT('',(0.,0.,0.));
#13 = DIRECTION('',(0.,0.,1.));
#14 = DIRECTION('',(1.,0.,-0.));
#15 = MANIFOLD_SOLID_BREP('',#16);
#16 = CLOSED_SHELL('',(#17,#1541,#1614,#1661,#1708,#1757,#1806,#1855,
    #1904,#1953,#2002,#2049,#2096,#2143,#2190,#2239,#2288,#2337,#2386,
    #2435,#2484,#2531,#2578,#2625,#2672,#2700,#2754,#2808,#2875,#2922,
    #2970,#2997,#3051,#3118,#3165,#3212,#3260,#3287,#3341,#3395,#3449,
    #3516,#3565,#3613,#3640,#3694,#3748,#3802,#3856,#3924,#3971,#4020,
    #4067,#4094));
#17 = ADVANCED_FACE('',(#18,#707,#738,#769,#884,#915,#1058,#1089,#1120,
    #1151,#1270,#1301,#1332,#1363,#1394),#33,.T.);
#18 = FACE_BOUND('',#19,.T.);
#19 = EDGE_LOOP('',(#20,#60,#88,#116,#144,#172,#200,#228,#256,#284,#312,
    #340,#368,#401,#429,#457,#485,#513,#541,#569,#597,#625,#653,#681));
#20 = ORIENTED_EDGE('',*,*,#21,.F.);
#21 = EDGE_CURVE('',#22,#24,#26,.T.);
#22 = VERTEX_POINT('',#23);
#23 = CARTESIAN_POINT('',(143.5,8.645891740625,-35.67842827289));
#24 = VERTEX_POINT('',#25);
#25 = CARTESIAN_POINT('',(143.5,-8.645891740625,-35.67842827289));
#26 = SURFACE_CURVE('',#27,(#32,#48),.PCURVE_S1.);
#27 = CIRCLE('',#28,12.);
#28 = AXIS2_PLACEMENT_3D('',#29,#30,#31);
#29 = CARTESIAN_POINT('',(143.5,0.,-44.));
#30 = DIRECTION('',(1.,0.,0.));
#31 = DIRECTION('',(0.,1.,0.));
#32 = PCURVE('',#33,#38);
#33 = PLANE('',#34);
#34 = AXIS2_PLACEMENT_3D('',#35,#36,#37);
#35 = CARTESIAN_POINT('',(143.5,39.,-22.));
#36 = DIRECTION('',(-1.,-0.,-0.));
#37 = DIRECTION('',(0.,0.,-1.));
#38 = DEFINITIONAL_REPRESENTATION('',(#39),#47);
#39 = ( BOUNDED_CURVE() B_SPLINE_CURVE(2,(#40,#41,#42,#43,#44,#45,#46),
.UNSPECIFIED.,.T.,.F.) B_SPLINE_CURVE_WITH_KNOTS((1,2,2,2,2,1),(
    -2.094395102393,0.,2.094395102393,4.188790204786,6.28318530718,
8.377580409573),.UNSPECIFIED.) CURVE() GEOMETRIC_REPRESENTATION_ITEM() 
RATIONAL_B_SPLINE_CURVE((1.,0.5,1.,0.5,1.,0.5,1.)) REPRESENTATION_ITEM(
  '') );
#40 = CARTESIAN_POINT('',(22.,27.));
#41 = CARTESIAN_POINT('',(1.215390309173,27.));
#42 = CARTESIAN_POINT('',(11.607695154587,45.));
#43 = CARTESIAN_POINT('',(22.,63.));
#44 = CARTESIAN_POINT('',(32.392304845413,45.));
#45 = CARTESIAN_POINT('',(42.784609690827,27.));
#46 = CARTESIAN_POINT('',(22.,27.));
#47 = ( GEOMETRIC_REPRESENTATION_CONTEXT(2) 
PARAMETRIC_REPRESENTATION_CONTEXT() REPRESENTATION_CONTEXT('2D SPACE',''
  ) );
#48 = PCURVE('',#49,#54);
#49 = CYLINDRICAL_SURFACE('',#50,12.);
#50 = AXIS2_PLACEMENT_3D('',#51,#52,#53);
#51 = CARTESIAN_POINT('',(143.5,0.,-44.));
#52 = DIRECTION('',(-1.,-0.,-0.));
#53 = DIRECTION('',(0.,1.,0.));
#54 = DEFINITIONAL_REPRESENTATION('',(#55),#59);
#55 = LINE('',#56,#57);
#56 = CARTESIAN_POINT('',(-0.,0.));
#57 = VECTOR('',#58,1.);
#58 = DIRECTION('',(-1.,0.));
#59 = ( GEOMETRIC_REPRESENTATION_CONTEXT(2) 
PARAMETRIC_REPRESENTATION_CONTEXT() REPRESENTATION_CONTEXT('2D SPACE',''
  ) );
#60 = ORIENTED_EDGE('',*,*,#61,.T.);
#61 = EDGE_CURVE('',#22,#62,#64,.T.);
#62 = VERTEX_POINT('',#63);
#63 = CARTESIAN_POINT('',(143.5,65.,-3.888931306066));
#64 = SURFACE_CURVE('',#65,(#69,#76),.PCURVE_S1.);
#65 = LINE('',#66,#67);
#66 = CARTESIAN_POINT('',(143.5,-1.473963560796,-41.38706459677));
#67 = VECTOR('',#68,1.);
#68 = DIRECTION('',(0.,0.870978467743,0.491321186932));
#69 = PCURVE('',#33,#70);
#70 = DEFINITIONAL_REPRESENTATION('',(#71),#75);
#71 = LINE('',#72,#73);
#72 = CARTESIAN_POINT('',(19.387064596771,40.473963560796));
#73 = VECTOR('',#74,1.);
#74 = DIRECTION('',(-0.491321186932,-0.870978467743));
#75 = ( GEOMETRIC_REPRESENTATION_CONTEXT(2) 
PARAMETRIC_REPRESENTATION_CONTEXT() REPRESENTATION_CONTEXT('2D SPACE',''
  ) );
#76 = PCURVE('',#77,#82);
#77 = PLANE('',#78);
#78 = AXIS2_PLACEMENT_3D('',#79,#80,#81);
#79 = CARTESIAN_POINT('',(143.5,-1.473963560796,-41.38706459677));
#80 = DIRECTION('',(0.,-0.491321186932,0.870978467743));
#81 = DIRECTION('',(0.,0.870978467743,0.491321186932));
#82 = DEFINITIONAL_REPRESENTATION('',(#83),#87);
#83 = LINE('',#84,#85);
#84 = CARTESIAN_POINT('',(0.,0.));
#85 = VECTOR('',#86,1.);
#86 = DIRECTION('',(1.,0.));
#87 = ( GEOMETRIC_REPRESENTATION_CONTEXT(2) 
PARAMETRIC_REPRESENTATION_CONTEXT() REPRESENTATION_CONTEXT('2D SPACE',''
  ) );
#88 = ORIENTED_EDGE('',*,*,#89,.T.);
#89 = EDGE_CURVE('',#62,#90,#92,.T.);
#90 = VERTEX_POINT('',#91);
#91 = CARTESIAN_POINT('',(143.5,65.,8.));
#92 = SURFACE_CURVE('',#93,(#97,#104),.PCURVE_S1.);
#93 = LINE('',#94,#95);
#94 = CARTESIAN_POINT('',(143.5,65.,-8.));
#95 = VECTOR('',#96,1.);
#96 = DIRECTION('',(0.,0.,1.));
#97 = PCURVE('',#33,#98);
#98 = DEFINITIONAL_REPRESENTATION('',(#99),#103);
#99 = LINE('',#100,#101);
#100 = CARTESIAN_POINT('',(-14.,-26.));
#101 = VECTOR('',#102,1.);
#102 = DIRECTION('',(-1.,0.));
#103 = ( GEOMETRIC_REPRESENTATION_CONTEXT(2) 
PARAMETRIC_REPRESENTATION_CONTEXT() REPRESENTATION_CONTEXT('2D SPACE',''
  ) );
#104 = PCURVE('',#105,#110);
#105 = PLANE('',#106);
#106 = AXIS2_PLACEMENT_3D('',#107,#108,#109);
#107 = CARTESIAN_POINT('',(143.5,65.,-8.));
#108 = DIRECTION('',(0.,1.,0.));
#109 = DIRECTION('',(0.,0.,1.));
#110 = DEFINITIONAL_REPRESENTATION('',(#111),#115);
#111 = LINE('',#112,#113);
#112 = CARTESIAN_POINT('',(0.,0.));
#113 = VECTOR('',#114,1.);
#114 = DIRECTION('',(1.,0.));
#115 = ( GEOMETRIC_REPRESENTATION_CONTEXT(2) 
PARAMETRIC_REPRESENTATION_CONTEXT() REPRESENTATION_CONTEXT('2D SPACE',''
  ) );
#116 = ORIENTED_EDGE('',*,*,#117,.T.);
#117 = EDGE_CURVE('',#90,#118,#120,.T.);
#118 = VERTEX_POINT('',#119);
#119 = CARTESIAN_POINT('',(143.5,91.,8.));
#120 = SURFACE_CURVE('',#121,(#125,#132),.PCURVE_S1.);
#121 = LINE('',#122,#123);
#122 = CARTESIAN_POINT('',(143.5,65.,8.));
#123 = VECTOR('',#124,1.);
#124 = DIRECTION('',(0.,1.,0.));
#125 = PCURVE('',#33,#126);
#126 = DEFINITIONAL_REPRESENTATION('',(#127),#131);
#127 = LINE('',#128,#129);
#128 = CARTESIAN_POINT('',(-30.,-26.));
#129 = VECTOR('',#130,1.);
#130 = DIRECTION('',(0.,-1.));
#131 = ( GEOMETRIC_REPRESENTATION_CONTEXT(2) 
PARAMETRIC_REPRESENTATION_CONTEXT() REPRESENTATION_CONTEXT('2D SPACE',''
  ) );
#132 = PCURVE('',#133,#138);
#133 = PLANE('',#134);
#134 = AXIS2_PLACEMENT_3D('',#135,#136,#137);
#135 = CARTESIAN_POINT('',(143.5,65.,8.));
#136 = DIRECTION('',(0.,0.,1.));
#137 = DIRECTION('',(1.,0.,0.));
#138 = DEFINITIONAL_REPRESENTATION('',(#139),#143);
#139 = LINE('',#140,#141);
#140 = CARTESIAN_POINT('',(0.,0.));
#141 = VECTOR('',#142,1.);
#142 = DIRECTION('',(0.,1.));
#143 = ( GEOMETRIC_REPRESENTATION_CONTEXT(2) 
PARAMETRIC_REPRESENTATION_CONTEXT() REPRESENTATION_CONTEXT('2D SPACE',''
  ) );
#144 = ORIENTED_EDGE('',*,*,#145,.F.);
#145 = EDGE_CURVE('',#146,#118,#148,.T.);
#146 = VERTEX_POINT('',#147);
#147 = CARTESIAN_POINT('',(143.5,91.,-8.));
#148 = SURFACE_CURVE('',#149,(#153,#160),.PCURVE_S1.);
#149 = LINE('',#150,#151);
#150 = CARTESIAN_POINT('',(143.5,91.,-8.));
#151 = VECTOR('',#152,1.);
#152 = DIRECTION('',(0.,0.,1.));
#153 = PCURVE('',#33,#154);
#154 = DEFINITIONAL_REPRESENTATION('',(#155),#159);
#155 = LINE('',#156,#157);
#156 = CARTESIAN_POINT('',(-14.,-52.));
#157 = VECTOR('',#158,1.);
#158 = DIRECTION('',(-1.,0.));
#159 = ( GEOMETRIC_REPRESENTATION_CONTEXT(2) 
PARAMETRIC_REPRESENTATION_CONTEXT() REPRESENTATION_CONTEXT('2D SPACE',''
  ) );
#160 = PCURVE('',#161,#166);
#161 = PLANE('',#162);
#162 = AXIS2_PLACEMENT_3D('',#163,#164,#165);
#163 = CARTESIAN_POINT('',(143.5,91.,-8.));
#164 = DIRECTION('',(0.,1.,0.));
#165 = DIRECTION('',(0.,0.,1.));
#166 = DEFINITIONAL_REPRESENTATION('',(#167),#171);
#167 = LINE('',#168,#169);
#168 = CARTESIAN_POINT('',(0.,0.));
#169 = VECTOR('',#170,1.);
#170 = DIRECTION('',(1.,0.));
#171 = ( GEOMETRIC_REPRESENTATION_CONTEXT(2) 
PARAMETRIC_REPRESENTATION_CONTEXT() REPRESENTATION_CONTEXT('2D SPACE',''
  ) );
#172 = ORIENTED_EDGE('',*,*,#173,.F.);
#173 = EDGE_CURVE('',#174,#146,#176,.T.);
#174 = VERTEX_POINT('',#175);
#175 = CARTESIAN_POINT('',(143.5,81.249893559757,-8.));
#176 = SURFACE_CURVE('',#177,(#181,#188),.PCURVE_S1.);
#177 = LINE('',#178,#179);
#178 = CARTESIAN_POINT('',(143.5,65.,-8.));
#179 = VECTOR('',#180,1.);
#180 = DIRECTION('',(0.,1.,0.));
#181 = PCURVE('',#33,#182);
#182 = DEFINITIONAL_REPRESENTATION('',(#183),#187);
#183 = LINE('',#184,#185);
#184 = CARTESIAN_POINT('',(-14.,-26.));
#185 = VECTOR('',#186,1.);
#186 = DIRECTION('',(0.,-1.));
#187 = ( GEOMETRIC_REPRESENTATION_CONTEXT(2) 
PARAMETRIC_REPRESENTATION_CONTEXT() REPRESENTATION_CONTEXT('2D SPACE',''
  ) );
#188 = PCURVE('',#189,#194);
#189 = PLANE('',#190);
#190 = AXIS2_PLACEMENT_3D('',#191,#192,#193);
#191 = CARTESIAN_POINT('',(143.5,65.,-8.));
#192 = DIRECTION('',(0.,0.,1.));
#193 = DIRECTION('',(1.,0.,0.));
#194 = DEFINITIONAL_REPRESENTATION('',(#195),#199);
#195 = LINE('',#196,#197);
#196 = CARTESIAN_POINT('',(0.,0.));
#197 = VECTOR('',#198,1.);
#198 = DIRECTION('',(0.,1.));
#199 = ( GEOMETRIC_REPRESENTATION_CONTEXT(2) 
PARAMETRIC_REPRESENTATION_CONTEXT() REPRESENTATION_CONTEXT('2D SPACE',''
  ) );
#200 = ORIENTED_EDGE('',*,*,#201,.T.);
#201 = EDGE_CURVE('',#174,#202,#204,.T.);
#202 = VERTEX_POINT('',#203);
#203 = CARTESIAN_POINT('',(143.5,85.877222752304,-157.));
#204 = SURFACE_CURVE('',#205,(#209,#216),.PCURVE_S1.);
#205 = LINE('',#206,#207);
#206 = CARTESIAN_POINT('',(143.5,80.99855434219,9.312280565807E-02));
#207 = VECTOR('',#208,1.);
#208 = DIRECTION('',(0.,3.104093521936E-02,-0.999518114063));
#209 = PCURVE('',#33,#210);
#210 = DEFINITIONAL_REPRESENTATION('',(#211),#215);
#211 = LINE('',#212,#213);
#212 = CARTESIAN_POINT('',(-22.09312280565,-41.99855434219));
#213 = VECTOR('',#214,1.);
#214 = DIRECTION('',(0.999518114063,-3.104093521936E-02));
#215 = ( GEOMETRIC_REPRESENTATION_CONTEXT(2) 
PARAMETRIC_REPRESENTATION_CONTEXT() REPRESENTATION_CONTEXT('2D SPACE',''
  ) );
#216 = PCURVE('',#217,#222);
#217 = PLANE('',#218);
#218 = AXIS2_PLACEMENT_3D('',#219,#220,#221);
#219 = CARTESIAN_POINT('',(143.5,80.99855434219,9.312280565807E-02));
#220 = DIRECTION('',(-0.,0.999518114063,3.104093521936E-02));
#221 = DIRECTION('',(0.,3.104093521936E-02,-0.999518114063));
#222 = DEFINITIONAL_REPRESENTATION('',(#223),#227);
#223 = LINE('',#224,#225);
#224 = CARTESIAN_POINT('',(0.,0.));
#225 = VECTOR('',#226,1.);
#226 = DIRECTION('',(1.,0.));
#227 = ( GEOMETRIC_REPRESENTATION_CONTEXT(2) 
PARAMETRIC_REPRESENTATION_CONTEXT() REPRESENTATION_CONTEXT('2D SPACE',''
  ) );
#228 = ORIENTED_EDGE('',*,*,#229,.T.);
#229 = EDGE_CURVE('',#202,#230,#232,.T.);
#230 = VERTEX_POINT('',#231);
#231 = CARTESIAN_POINT('',(143.5,89.,-157.));
#232 = SURFACE_CURVE('',#233,(#237,#244),.PCURVE_S1.);
#233 = LINE('',#234,#235);
#234 = CARTESIAN_POINT('',(143.5,77.,-157.));
#235 = VECTOR('',#236,1.);
#236 = DIRECTION('',(0.,1.,0.));
#237 = PCURVE('',#33,#238);
#238 = DEFINITIONAL_REPRESENTATION('',(#239),#243);
#239 = LINE('',#240,#241);
#240 = CARTESIAN_POINT('',(135.,-38.));
#241 = VECTOR('',#242,1.);
#242 = DIRECTION('',(0.,-1.));
#243 = ( GEOMETRIC_REPRESENTATION_CONTEXT(2) 
PARAMETRIC_REPRESENTATION_CONTEXT() REPRESENTATION_CONTEXT('2D SPACE',''
  ) );
#244 = PCURVE('',#245,#250);
#245 = PLANE('',#246);
#246 = AXIS2_PLACEMENT_3D('',#247,#248,#249);
#247 = CARTESIAN_POINT('',(143.5,77.,-157.));
#248 = DIRECTION('',(0.,0.,1.));
#249 = DIRECTION('',(1.,0.,0.));
#250 = DEFINITIONAL_REPRESENTATION('',(#251),#255);
#251 = LINE('',#252,#253);
#252 = CARTESIAN_POINT('',(0.,0.));
#253 = VECTOR('',#254,1.);
#254 = DIRECTION('',(0.,1.));
#255 = ( GEOMETRIC_REPRESENTATION_CONTEXT(2) 
PARAMETRIC_REPRESENTATION_CONTEXT() REPRESENTATION_CONTEXT('2D SPACE',''
  ) );
#256 = ORIENTED_EDGE('',*,*,#257,.F.);
#257 = EDGE_CURVE('',#258,#230,#260,.T.);
#258 = VERTEX_POINT('',#259);
#259 = CARTESIAN_POINT('',(143.5,89.,-165.));
#260 = SURFACE_CURVE('',#261,(#265,#272),.PCURVE_S1.);
#261 = LINE('',#262,#263);
#262 = CARTESIAN_POINT('',(143.5,89.,-165.));
#263 = VECTOR('',#264,1.);
#264 = DIRECTION('',(0.,0.,1.));
#265 = PCURVE('',#33,#266);
#266 = DEFINITIONAL_REPRESENTATION('',(#267),#271);
#267 = LINE('',#268,#269);
#268 = CARTESIAN_POINT('',(143.,-50.));
#269 = VECTOR('',#270,1.);
#270 = DIRECTION('',(-1.,0.));
#271 = ( GEOMETRIC_REPRESENTATION_CONTEXT(2) 
PARAMETRIC_REPRESENTATION_CONTEXT() REPRESENTATION_CONTEXT('2D SPACE',''
  ) );
#272 = PCURVE('',#273,#278);
#273 = PLANE('',#274);
#274 = AXIS2_PLACEMENT_3D('',#275,#276,#277);
#275 = CARTESIAN_POINT('',(143.5,89.,-165.));
#276 = DIRECTION('',(0.,1.,0.));
#277 = DIRECTION('',(0.,0.,1.));
#278 = DEFINITIONAL_REPRESENTATION('',(#279),#283);
#279 = LINE('',#280,#281);
#280 = CARTESIAN_POINT('',(0.,0.));
#281 = VECTOR('',#282,1.);
#282 = DIRECTION('',(1.,0.));
#283 = ( GEOMETRIC_REPRESENTATION_CONTEXT(2) 
PARAMETRIC_REPRESENTATION_CONTEXT() REPRESENTATION_CONTEXT('2D SPACE',''
  ) );
#284 = ORIENTED_EDGE('',*,*,#285,.F.);
#285 = EDGE_CURVE('',#286,#258,#288,.T.);
#286 = VERTEX_POINT('',#287);
#287 = CARTESIAN_POINT('',(143.5,77.,-165.));
#288 = SURFACE_CURVE('',#289,(#293,#300),.PCURVE_S1.);
#289 = LINE('',#290,#291);
#290 = CARTESIAN_POINT('',(143.5,77.,-165.));
#291 = VECTOR('',#292,1.);
#292 = DIRECTION('',(0.,1.,0.));
#293 = PCURVE('',#33,#294);
#294 = DEFINITIONAL_REPRESENTATION('',(#295),#299);
#295 = LINE('',#296,#297);
#296 = CARTESIAN_POINT('',(143.,-38.));
#297 = VECTOR('',#298,1.);
#298 = DIRECTION('',(0.,-1.));
#299 = ( GEOMETRIC_REPRESENTATION_CONTEXT(2) 
PARAMETRIC_REPRESENTATION_CONTEXT() REPRESENTATION_CONTEXT('2D SPACE',''
  ) );
#300 = PCURVE('',#301,#306);
#301 = PLANE('',#302);
#302 = AXIS2_PLACEMENT_3D('',#303,#304,#305);
#303 = CARTESIAN_POINT('',(143.5,77.,-165.));
#304 = DIRECTION('',(0.,0.,1.));
#305 = DIRECTION('',(1.,0.,0.));
#306 = DEFINITIONAL_REPRESENTATION('',(#307),#311);
#307 = LINE('',#308,#309);
#308 = CARTESIAN_POINT('',(0.,0.));
#309 = VECTOR('',#310,1.);
#310 = DIRECTION('',(0.,1.));
#311 = ( GEOMETRIC_REPRESENTATION_CONTEXT(2) 
PARAMETRIC_REPRESENTATION_CONTEXT() REPRESENTATION_CONTEXT('2D SPACE',''
  ) );
#312 = ORIENTED_EDGE('',*,*,#313,.T.);
#313 = EDGE_CURVE('',#286,#314,#316,.T.);
#314 = VERTEX_POINT('',#315);
#315 = CARTESIAN_POINT('',(143.5,77.,-160.2121106301));
#316 = SURFACE_CURVE('',#317,(#321,#328),.PCURVE_S1.);
#317 = LINE('',#318,#319);
#318 = CARTESIAN_POINT('',(143.5,77.,-165.));
#319 = VECTOR('',#320,1.);
#320 = DIRECTION('',(0.,0.,1.));
#321 = PCURVE('',#33,#322);
#322 = DEFINITIONAL_REPRESENTATION('',(#323),#327);
#323 = LINE('',#324,#325);
#324 = CARTESIAN_POINT('',(143.,-38.));
#325 = VECTOR('',#326,1.);
#326 = DIRECTION('',(-1.,0.));
#327 = ( GEOMETRIC_REPRESENTATION_CONTEXT(2) 
PARAMETRIC_REPRESENTATION_CONTEXT() REPRESENTATION_CONTEXT('2D SPACE',''
  ) );
#328 = PCURVE('',#329,#334);
#329 = PLANE('',#330);
#330 = AXIS2_PLACEMENT_3D('',#331,#332,#333);
#331 = CARTESIAN_POINT('',(143.5,77.,-165.));
#332 = DIRECTION('',(0.,1.,0.));
#333 = DIRECTION('',(0.,0.,1.));
#334 = DEFINITIONAL_REPRESENTATION('',(#335),#339);
#335 = LINE('',#336,#337);
#336 = CARTESIAN_POINT('',(0.,0.));
#337 = VECTOR('',#338,1.);
#338 = DIRECTION('',(1.,0.));
#339 = ( GEOMETRIC_REPRESENTATION_CONTEXT(2) 
PARAMETRIC_REPRESENTATION_CONTEXT() REPRESENTATION_CONTEXT('2D SPACE',''
  ) );
#340 = ORIENTED_EDGE('',*,*,#341,.T.);
#341 = EDGE_CURVE('',#314,#342,#344,.T.);
#342 = VERTEX_POINT('',#343);
#343 = CARTESIAN_POINT('',(143.5,7.441074848831,-107.4143722623));
#344 = SURFACE_CURVE('',#345,(#349,#356),.PCURVE_S1.);
#345 = LINE('',#346,#347);
#346 = CARTESIAN_POINT('',(143.5,81.18621049136,-163.3895957018));
#347 = VECTOR('',#348,1.);
#348 = DIRECTION('',(0.,-0.79653190062,0.60459650288));
#349 = PCURVE('',#33,#350);
#350 = DEFINITIONAL_REPRESENTATION('',(#351),#355);
#351 = LINE('',#352,#353);
#352 = CARTESIAN_POINT('',(141.38959570186,-42.18621049136));
#353 = VECTOR('',#354,1.);
#354 = DIRECTION('',(-0.60459650288,0.79653190062));
#355 = ( GEOMETRIC_REPRESENTATION_CONTEXT(2) 
PARAMETRIC_REPRESENTATION_CONTEXT() REPRESENTATION_CONTEXT('2D SPACE',''
  ) );
#356 = PCURVE('',#357,#362);
#357 = PLANE('',#358);
#358 = AXIS2_PLACEMENT_3D('',#359,#360,#361);
#359 = CARTESIAN_POINT('',(143.5,81.18621049136,-163.3895957018));
#360 = DIRECTION('',(0.,-0.60459650288,-0.79653190062));
#361 = DIRECTION('',(0.,-0.79653190062,0.60459650288));
#362 = DEFINITIONAL_REPRESENTATION('',(#363),#367);
#363 = LINE('',#364,#365);
#364 = CARTESIAN_POINT('',(0.,0.));
#365 = VECTOR('',#366,1.);
#366 = DIRECTION('',(1.,0.));
#367 = ( GEOMETRIC_REPRESENTATION_CONTEXT(2) 
PARAMETRIC_REPRESENTATION_CONTEXT() REPRESENTATION_CONTEXT('2D SPACE',''
  ) );
#368 = ORIENTED_EDGE('',*,*,#369,.F.);
#369 = EDGE_CURVE('',#370,#342,#372,.T.);
#370 = VERTEX_POINT('',#371);
#371 = CARTESIAN_POINT('',(143.5,-7.441074848831,-107.4143722623));
#372 = SURFACE_CURVE('',#373,(#378,#389),.PCURVE_S1.);
#373 = CIRCLE('',#374,12.);
#374 = AXIS2_PLACEMENT_3D('',#375,#376,#377);
#375 = CARTESIAN_POINT('',(143.5,0.,-98.));
#376 = DIRECTION('',(1.,0.,0.));
#377 = DIRECTION('',(0.,1.,0.));
#378 = PCURVE('',#33,#379);
#379 = DEFINITIONAL_REPRESENTATION('',(#380),#388);
#380 = ( BOUNDED_CURVE() B_SPLINE_CURVE(2,(#381,#382,#383,#384,#385,#386
,#387),.UNSPECIFIED.,.T.,.F.) B_SPLINE_CURVE_WITH_KNOTS((1,2,2,2,2,1),(
    -2.094395102393,0.,2.094395102393,4.188790204786,6.28318530718,
8.377580409573),.UNSPECIFIED.) CURVE() GEOMETRIC_REPRESENTATION_ITEM() 
RATIONAL_B_SPLINE_CURVE((1.,0.5,1.,0.5,1.,0.5,1.)) REPRESENTATION_ITEM(
  '') );
#381 = CARTESIAN_POINT('',(76.,27.));
#382 = CARTESIAN_POINT('',(55.215390309173,27.));
#383 = CARTESIAN_POINT('',(65.607695154587,45.));
#384 = CARTESIAN_POINT('',(76.,63.));
#385 = CARTESIAN_POINT('',(86.392304845413,45.));
#386 = CARTESIAN_POINT('',(96.784609690827,27.));
#387 = CARTESIAN_POINT('',(76.,27.));
#388 = ( GEOMETRIC_REPRESENTATION_CONTEXT(2) 
PARAMETRIC_REPRESENTATION_CONTEXT() REPRESENTATION_CONTEXT('2D SPACE',''
  ) );
#389 = PCURVE('',#390,#395);
#390 = CYLINDRICAL_SURFACE('',#391,12.);
#391 = AXIS2_PLACEMENT_3D('',#392,#393,#394);
#392 = CARTESIAN_POINT('',(143.5,0.,-98.));
#393 = DIRECTION('',(-1.,-0.,-0.));
#394 = DIRECTION('',(0.,1.,0.));
#395 = DEFINITIONAL_REPRESENTATION('',(#396),#400);
#396 = LINE('',#397,#398);
#397 = CARTESIAN_POINT('',(-0.,0.));
#398 = VECTOR('',#399,1.);
#399 = DIRECTION('',(-1.,0.));
#400 = ( GEOMETRIC_REPRESENTATION_CONTEXT(2) 
PARAMETRIC_REPRESENTATION_CONTEXT() REPRESENTATION_CONTEXT('2D SPACE',''
  ) );
#401 = ORIENTED_EDGE('',*,*,#402,.F.);
#402 = EDGE_CURVE('',#403,#370,#405,.T.);
#403 = VERTEX_POINT('',#404);
#404 = CARTESIAN_POINT('',(143.5,-77.,-160.2121106301));
#405 = SURFACE_CURVE('',#406,(#410,#417),.PCURVE_S1.);
#406 = LINE('',#407,#408);
#407 = CARTESIAN_POINT('',(143.5,-81.18621049136,-163.3895957018));
#408 = VECTOR('',#409,1.);
#409 = DIRECTION('',(-0.,0.79653190062,0.60459650288));
#410 = PCURVE('',#33,#411);
#411 = DEFINITIONAL_REPRESENTATION('',(#412),#416);
#412 = LINE('',#413,#414);
#413 = CARTESIAN_POINT('',(141.38959570186,120.18621049136));
#414 = VECTOR('',#415,1.);
#415 = DIRECTION('',(-0.60459650288,-0.79653190062));
#416 = ( GEOMETRIC_REPRESENTATION_CONTEXT(2) 
PARAMETRIC_REPRESENTATION_CONTEXT() REPRESENTATION_CONTEXT('2D SPACE',''
  ) );
#417 = PCURVE('',#418,#423);
#418 = PLANE('',#419);
#419 = AXIS2_PLACEMENT_3D('',#420,#421,#422);
#420 = CARTESIAN_POINT('',(143.5,-81.18621049136,-163.3895957018));
#421 = DIRECTION('',(0.,0.60459650288,-0.79653190062));
#422 = DIRECTION('',(0.,-0.79653190062,-0.60459650288));
#423 = DEFINITIONAL_REPRESENTATION('',(#424),#428);
#424 = LINE('',#425,#426);
#425 = CARTESIAN_POINT('',(-0.,0.));
#426 = VECTOR('',#427,1.);
#427 = DIRECTION('',(-1.,0.));
#428 = ( GEOMETRIC_REPRESENTATION_CONTEXT(2) 
PARAMETRIC_REPRESENTATION_CONTEXT() REPRESENTATION_CONTEXT('2D SPACE',''
  ) );
#429 = ORIENTED_EDGE('',*,*,#430,.F.);
#430 = EDGE_CURVE('',#431,#403,#433,.T.);
#431 = VERTEX_POINT('',#432);
#432 = CARTESIAN_POINT('',(143.5,-77.,-165.));
#433 = SURFACE_CURVE('',#434,(#438,#445),.PCURVE_S1.);
#434 = LINE('',#435,#436);
#435 = CARTESIAN_POINT('',(143.5,-77.,-165.));
#436 = VECTOR('',#437,1.);
#437 = DIRECTION('',(0.,0.,1.));
#438 = PCURVE('',#33,#439);
#439 = DEFINITIONAL_REPRESENTATION('',(#440),#444);
#440 = LINE('',#441,#442);
#441 = CARTESIAN_POINT('',(143.,116.));
#442 = VECTOR('',#443,1.);
#443 = DIRECTION('',(-1.,0.));
#444 = ( GEOMETRIC_REPRESENTATION_CONTEXT(2) 
PARAMETRIC_REPRESENTATION_CONTEXT() REPRESENTATION_CONTEXT('2D SPACE',''
  ) );
#445 = PCURVE('',#446,#451);
#446 = PLANE('',#447);
#447 = AXIS2_PLACEMENT_3D('',#448,#449,#450);
#448 = CARTESIAN_POINT('',(143.5,-77.,-165.));
#449 = DIRECTION('',(0.,1.,0.));
#450 = DIRECTION('',(0.,0.,1.));
#451 = DEFINITIONAL_REPRESENTATION('',(#452),#456);
#452 = LINE('',#453,#454);
#453 = CARTESIAN_POINT('',(0.,0.));
#454 = VECTOR('',#455,1.);
#455 = DIRECTION('',(1.,0.));
#456 = ( GEOMETRIC_REPRESENTATION_CONTEXT(2) 
PARAMETRIC_REPRESENTATION_CONTEXT() REPRESENTATION_CONTEXT('2D SPACE',''
  ) );
#457 = ORIENTED_EDGE('',*,*,#458,.F.);
#458 = EDGE_CURVE('',#459,#431,#461,.T.);
#459 = VERTEX_POINT('',#460);
#460 = CARTESIAN_POINT('',(143.5,-89.,-165.));
#461 = SURFACE_CURVE('',#462,(#466,#473),.PCURVE_S1.);
#462 = LINE('',#463,#464);
#463 = CARTESIAN_POINT('',(143.5,-89.,-165.));
#464 = VECTOR('',#465,1.);
#465 = DIRECTION('',(0.,1.,0.));
#466 = PCURVE('',#33,#467);
#467 = DEFINITIONAL_REPRESENTATION('',(#468),#472);
#468 = LINE('',#469,#470);
#469 = CARTESIAN_POINT('',(143.,128.));
#470 = VECTOR('',#471,1.);
#471 = DIRECTION('',(0.,-1.));
#472 = ( GEOMETRIC_REPRESENTATION_CONTEXT(2) 
PARAMETRIC_REPRESENTATION_CONTEXT() REPRESENTATION_CONTEXT('2D SPACE',''
  ) );
#473 = PCURVE('',#474,#479);
#474 = PLANE('',#475);
#475 = AXIS2_PLACEMENT_3D('',#476,#477,#478);
#476 = CARTESIAN_POINT('',(143.5,-89.,-165.));
#477 = DIRECTION('',(0.,0.,1.));
#478 = DIRECTION('',(1.,0.,0.));
#479 = DEFINITIONAL_REPRESENTATION('',(#480),#484);
#480 = LINE('',#481,#482);
#481 = CARTESIAN_POINT('',(0.,0.));
#482 = VECTOR('',#483,1.);
#483 = DIRECTION('',(0.,1.));
#484 = ( GEOMETRIC_REPRESENTATION_CONTEXT(2) 
PARAMETRIC_REPRESENTATION_CONTEXT() REPRESENTATION_CONTEXT('2D SPACE',''
  ) );
#485 = ORIENTED_EDGE('',*,*,#486,.T.);
#486 = EDGE_CURVE('',#459,#487,#489,.T.);
#487 = VERTEX_POINT('',#488);
#488 = CARTESIAN_POINT('',(143.5,-89.,-157.));
#489 = SURFACE_CURVE('',#490,(#494,#501),.PCURVE_S1.);
#490 = LINE('',#491,#492);
#491 = CARTESIAN_POINT('',(143.5,-89.,-165.));
#492 = VECTOR('',#493,1.);
#493 = DIRECTION('',(0.,0.,1.));
#494 = PCURVE('',#33,#495);
#495 = DEFINITIONAL_REPRESENTATION('',(#496),#500);
#496 = LINE('',#497,#498);
#497 = CARTESIAN_POINT('',(143.,128.));
#498 = VECTOR('',#499,1.);
#499 = DIRECTION('',(-1.,0.));
#500 = ( GEOMETRIC_REPRESENTATION_CONTEXT(2) 
PARAMETRIC_REPRESENTATION_CONTEXT() REPRESENTATION_CONTEXT('2D SPACE',''
  ) );
#501 = PCURVE('',#502,#507);
#502 = PLANE('',#503);
#503 = AXIS2_PLACEMENT_3D('',#504,#505,#506);
#504 = CARTESIAN_POINT('',(143.5,-89.,-165.));
#505 = DIRECTION('',(0.,1.,0.));
#506 = DIRECTION('',(0.,0.,1.));
#507 = DEFINITIONAL_REPRESENTATION('',(#508),#512);
#508 = LINE('',#509,#510);
#509 = CARTESIAN_POINT('',(0.,0.));
#510 = VECTOR('',#511,1.);
#511 = DIRECTION('',(1.,0.));
#512 = ( GEOMETRIC_REPRESENTATION_CONTEXT(2) 
PARAMETRIC_REPRESENTATION_CONTEXT() REPRESENTATION_CONTEXT('2D SPACE',''
  ) );
#513 = ORIENTED_EDGE('',*,*,#514,.T.);
#514 = EDGE_CURVE('',#487,#515,#517,.T.);
#515 = VERTEX_POINT('',#516);
#516 = CARTESIAN_POINT('',(143.5,-85.8772227523,-157.));
#517 = SURFACE_CURVE('',#518,(#522,#529),.PCURVE_S1.);
#518 = LINE('',#519,#520);
#519 = CARTESIAN_POINT('',(143.5,-89.,-157.));
#520 = VECTOR('',#521,1.);
#521 = DIRECTION('',(0.,1.,0.));
#522 = PCURVE('',#33,#523);
#523 = DEFINITIONAL_REPRESENTATION('',(#524),#528);
#524 = LINE('',#525,#526);
#525 = CARTESIAN_POINT('',(135.,128.));
#526 = VECTOR('',#527,1.);
#527 = DIRECTION('',(0.,-1.));
#528 = ( GEOMETRIC_REPRESENTATION_CONTEXT(2) 
PARAMETRIC_REPRESENTATION_CONTEXT() REPRESENTATION_CONTEXT('2D SPACE',''
  ) );
#529 = PCURVE('',#530,#535);
#530 = PLANE('',#531);
#531 = AXIS2_PLACEMENT_3D('',#532,#533,#534);
#532 = CARTESIAN_POINT('',(143.5,-89.,-157.));
#533 = DIRECTION('',(0.,0.,1.));
#534 = DIRECTION('',(1.,0.,0.));
#535 = DEFINITIONAL_REPRESENTATION('',(#536),#540);
#536 = LINE('',#537,#538);
#537 = CARTESIAN_POINT('',(0.,0.));
#538 = VECTOR('',#539,1.);
#539 = DIRECTION('',(0.,1.));
#540 = ( GEOMETRIC_REPRESENTATION_CONTEXT(2) 
PARAMETRIC_REPRESENTATION_CONTEXT() REPRESENTATION_CONTEXT('2D SPACE',''
  ) );
#541 = ORIENTED_EDGE('',*,*,#542,.F.);
#542 = EDGE_CURVE('',#543,#515,#545,.T.);
#543 = VERTEX_POINT('',#544);
#544 = CARTESIAN_POINT('',(143.5,-81.24989355975,-8.));
#545 = SURFACE_CURVE('',#546,(#550,#557),.PCURVE_S1.);
#546 = LINE('',#547,#548);
#547 = CARTESIAN_POINT('',(143.5,-80.99855434219,9.312280565807E-02));
#548 = VECTOR('',#549,1.);
#549 = DIRECTION('',(-0.,-3.104093521936E-02,-0.999518114063));
#550 = PCURVE('',#33,#551);
#551 = DEFINITIONAL_REPRESENTATION('',(#552),#556);
#552 = LINE('',#553,#554);
#553 = CARTESIAN_POINT('',(-22.09312280565,119.99855434219));
#554 = VECTOR('',#555,1.);
#555 = DIRECTION('',(0.999518114063,3.104093521936E-02));
#556 = ( GEOMETRIC_REPRESENTATION_CONTEXT(2) 
PARAMETRIC_REPRESENTATION_CONTEXT() REPRESENTATION_CONTEXT('2D SPACE',''
  ) );
#557 = PCURVE('',#558,#563);
#558 = PLANE('',#559);
#559 = AXIS2_PLACEMENT_3D('',#560,#561,#562);
#560 = CARTESIAN_POINT('',(143.5,-80.99855434219,9.312280565807E-02));
#561 = DIRECTION('',(-0.,-0.999518114063,3.104093521936E-02));
#562 = DIRECTION('',(0.,3.104093521936E-02,0.999518114063));
#563 = DEFINITIONAL_REPRESENTATION('',(#564),#568);
#564 = LINE('',#565,#566);
#565 = CARTESIAN_POINT('',(-0.,-0.));
#566 = VECTOR('',#567,1.);
#567 = DIRECTION('',(-1.,0.));
#568 = ( GEOMETRIC_REPRESENTATION_CONTEXT(2) 
PARAMETRIC_REPRESENTATION_CONTEXT() REPRESENTATION_CONTEXT('2D SPACE',''
  ) );
#569 = ORIENTED_EDGE('',*,*,#570,.F.);
#570 = EDGE_CURVE('',#571,#543,#573,.T.);
#571 = VERTEX_POINT('',#572);
#572 = CARTESIAN_POINT('',(143.5,-91.,-8.));
#573 = SURFACE_CURVE('',#574,(#578,#585),.PCURVE_S1.);
#574 = LINE('',#575,#576);
#575 = CARTESIAN_POINT('',(143.5,-91.,-8.));
#576 = VECTOR('',#577,1.);
#577 = DIRECTION('',(0.,1.,0.));
#578 = PCURVE('',#33,#579);
#579 = DEFINITIONAL_REPRESENTATION('',(#580),#584);
#580 = LINE('',#581,#582);
#581 = CARTESIAN_POINT('',(-14.,130.));
#582 = VECTOR('',#583,1.);
#583 = DIRECTION('',(0.,-1.));
#584 = ( GEOMETRIC_REPRESENTATION_CONTEXT(2) 
PARAMETRIC_REPRESENTATION_CONTEXT() REPRESENTATION_CONTEXT('2D SPACE',''
  ) );
#585 = PCURVE('',#586,#591);
#586 = PLANE('',#587);
#587 = AXIS2_PLACEMENT_3D('',#588,#589,#590);
#588 = CARTESIAN_POINT('',(143.5,-91.,-8.));
#589 = DIRECTION('',(0.,0.,1.));
#590 = DIRECTION('',(1.,0.,0.));
#591 = DEFINITIONAL_REPRESENTATION('',(#592),#596);
#592 = LINE('',#593,#594);
#593 = CARTESIAN_POINT('',(0.,0.));
#594 = VECTOR('',#595,1.);
#595 = DIRECTION('',(0.,1.));
#596 = ( GEOMETRIC_REPRESENTATION_CONTEXT(2) 
PARAMETRIC_REPRESENTATION_CONTEXT() REPRESENTATION_CONTEXT('2D SPACE',''
  ) );
#597 = ORIENTED_EDGE('',*,*,#598,.T.);
#598 = EDGE_CURVE('',#571,#599,#601,.T.);
#599 = VERTEX_POINT('',#600);
#600 = CARTESIAN_POINT('',(143.5,-91.,8.));
#601 = SURFACE_CURVE('',#602,(#606,#613),.PCURVE_S1.);
#602 = LINE('',#603,#604);
#603 = CARTESIAN_POINT('',(143.5,-91.,-8.));
#604 = VECTOR('',#605,1.);
#605 = DIRECTION('',(0.,0.,1.));
#606 = PCURVE('',#33,#607);
#607 = DEFINITIONAL_REPRESENTATION('',(#608),#612);
#608 = LINE('',#609,#610);
#609 = CARTESIAN_POINT('',(-14.,130.));
#610 = VECTOR('',#611,1.);
#611 = DIRECTION('',(-1.,0.));
#612 = ( GEOMETRIC_REPRESENTATION_CONTEXT(2) 
PARAMETRIC_REPRESENTATION_CONTEXT() REPRESENTATION_CONTEXT('2D SPACE',''
  ) );
#613 = PCURVE('',#614,#619);
#614 = PLANE('',#615);
#615 = AXIS2_PLACEMENT_3D('',#616,#617,#618);
#616 = CARTESIAN_POINT('',(143.5,-91.,-8.));
#617 = DIRECTION('',(0.,1.,0.));
#618 = DIRECTION('',(0.,0.,1.));
#619 = DEFINITIONAL_REPRESENTATION('',(#620),#624);
#620 = LINE('',#621,#622);
#621 = CARTESIAN_POINT('',(0.,0.));
#622 = VECTOR('',#623,1.);
#623 = DIRECTION('',(1.,0.));
#624 = ( GEOMETRIC_REPRESENTATION_CONTEXT(2) 
PARAMETRIC_REPRESENTATION_CONTEXT() REPRESENTATION_CONTEXT('2D SPACE',''
  ) );
#625 = ORIENTED_EDGE('',*,*,#626,.T.);
#626 = EDGE_CURVE('',#599,#627,#629,.T.);
#627 = VERTEX_POINT('',#628);
#628 = CARTESIAN_POINT('',(143.5,-65.,8.));
#629 = SURFACE_CURVE('',#630,(#634,#641),.PCURVE_S1.);
#630 = LINE('',#631,#632);
#631 = CARTESIAN_POINT('',(143.5,-91.,8.));
#632 = VECTOR('',#633,1.);
#633 = DIRECTION('',(0.,1.,0.));
#634 = PCURVE('',#33,#635);
#635 = DEFINITIONAL_REPRESENTATION('',(#636),#640);
#636 = LINE('',#637,#638);
#637 = CARTESIAN_POINT('',(-30.,130.));
#638 = VECTOR('',#639,1.);
#639 = DIRECTION('',(0.,-1.));
#640 = ( GEOMETRIC_REPRESENTATION_CONTEXT(2) 
PARAMETRIC_REPRESENTATION_CONTEXT() REPRESENTATION_CONTEXT('2D SPACE',''
  ) );
#641 = PCURVE('',#642,#647);
#642 = PLANE('',#643);
#643 = AXIS2_PLACEMENT_3D('',#644,#645,#646);
#644 = CARTESIAN_POINT('',(143.5,-91.,8.));
#645 = DIRECTION('',(0.,0.,1.));
#646 = DIRECTION('',(1.,0.,0.));
#647 = DEFINITIONAL_REPRESENTATION('',(#648),#652);
#648 = LINE('',#649,#650);
#649 = CARTESIAN_POINT('',(0.,0.));
#650 = VECTOR('',#651,1.);
#651 = DIRECTION('',(0.,1.));
#652 = ( GEOMETRIC_REPRESENTATION_CONTEXT(2) 
PARAMETRIC_REPRESENTATION_CONTEXT() REPRESENTATION_CONTEXT('2D SPACE',''
  ) );
#653 = ORIENTED_EDGE('',*,*,#654,.F.);
#654 = EDGE_CURVE('',#655,#627,#657,.T.);
#655 = VERTEX_POINT('',#656);
#656 = CARTESIAN_POINT('',(143.5,-65.,-3.888931306066));
#657 = SURFACE_CURVE('',#658,(#662,#669),.PCURVE_S1.);
#658 = LINE('',#659,#660);
#659 = CARTESIAN_POINT('',(143.5,-65.,-8.));
#660 = VECTOR('',#661,1.);
#661 = DIRECTION('',(0.,0.,1.));
#662 = PCURVE('',#33,#663);
#663 = DEFINITIONAL_REPRESENTATION('',(#664),#668);
#664 = LINE('',#665,#666);
#665 = CARTESIAN_POINT('',(-14.,104.));
#666 = VECTOR('',#667,1.);
#667 = DIRECTION('',(-1.,0.));
#668 = ( GEOMETRIC_REPRESENTATION_CONTEXT(2) 
PARAMETRIC_REPRESENTATION_CONTEXT() REPRESENTATION_CONTEXT('2D SPACE',''
  ) );
#669 = PCURVE('',#670,#675);
#670 = PLANE('',#671);
#671 = AXIS2_PLACEMENT_3D('',#672,#673,#674);
#672 = CARTESIAN_POINT('',(143.5,-65.,-8.));
#673 = DIRECTION('',(0.,1.,0.));
#674 = DIRECTION('',(0.,0.,1.));
#675 = DEFINITIONAL_REPRESENTATION('',(#676),#680);
#676 = LINE('',#677,#678);
#677 = CARTESIAN_POINT('',(0.,0.));
#678 = VECTOR('',#679,1.);
#679 = DIRECTION('',(1.,0.));
#680 = ( GEOMETRIC_REPRESENTATION_CONTEXT(2) 
PARAMETRIC_REPRESENTATION_CONTEXT() REPRESENTATION_CONTEXT('2D SPACE',''
  ) );
#681 = ORIENTED_EDGE('',*,*,#682,.F.);
#682 = EDGE_CURVE('',#24,#655,#683,.T.);
#683 = SURFACE_CURVE('',#684,(#688,#695),.PCURVE_S1.);
#684 = LINE('',#685,#686);
#685 = CARTESIAN_POINT('',(143.5,1.473963560796,-41.38706459677));
#686 = VECTOR('',#687,1.);
#687 = DIRECTION('',(-0.,-0.870978467743,0.491321186932));
#688 = PCURVE('',#33,#689);
#689 = DEFINITIONAL_REPRESENTATION('',(#690),#694);
#690 = LINE('',#691,#692);
#691 = CARTESIAN_POINT('',(19.387064596771,37.526036439204));
#692 = VECTOR('',#693,1.);
#693 = DIRECTION('',(-0.491321186932,0.870978467743));
#694 = ( GEOMETRIC_REPRESENTATION_CONTEXT(2) 
PARAMETRIC_REPRESENTATION_CONTEXT() REPRESENTATION_CONTEXT('2D SPACE',''
  ) );
#695 = PCURVE('',#696,#701);
#696 = PLANE('',#697);
#697 = AXIS2_PLACEMENT_3D('',#698,#699,#700);
#698 = CARTESIAN_POINT('',(143.5,1.473963560796,-41.38706459677));
#699 = DIRECTION('',(-0.,0.491321186932,0.870978467743));
#700 = DIRECTION('',(0.,0.870978467743,-0.491321186932));
#701 = DEFINITIONAL_REPRESENTATION('',(#702),#706);
#702 = LINE('',#703,#704);
#703 = CARTESIAN_POINT('',(-0.,-0.));
#704 = VECTOR('',#705,1.);
#705 = DIRECTION('',(-1.,0.));
#706 = ( GEOMETRIC_REPRESENTATION_CONTEXT(2) 
PARAMETRIC_REPRESENTATION_CONTEXT() REPRESENTATION_CONTEXT('2D SPACE',''
  ) );
#707 = FACE_BOUND('',#708,.T.);
#708 = EDGE_LOOP('',(#709));
#709 = ORIENTED_EDGE('',*,*,#710,.F.);
#710 = EDGE_CURVE('',#711,#711,#713,.T.);
#711 = VERTEX_POINT('',#712);
#712 = CARTESIAN_POINT('',(143.5,86.7,0.));
#713 = SURFACE_CURVE('',#714,(#719,#726),.PCURVE_S1.);
#714 = CIRCLE('',#715,1.7);
#715 = AXIS2_PLACEMENT_3D('',#716,#717,#718);
#716 = CARTESIAN_POINT('',(143.5,85.,0.));
#717 = DIRECTION('',(-1.,0.,0.));
#718 = DIRECTION('',(0.,1.,0.));
#719 = PCURVE('',#33,#720);
#720 = DEFINITIONAL_REPRESENTATION('',(#721),#725);
#721 = CIRCLE('',#722,1.7);
#722 = AXIS2_PLACEMENT_2D('',#723,#724);
#723 = CARTESIAN_POINT('',(-22.,-46.));
#724 = DIRECTION('',(0.,-1.));
#725 = ( GEOMETRIC_REPRESENTATION_CONTEXT(2) 
PARAMETRIC_REPRESENTATION_CONTEXT() REPRESENTATION_CONTEXT('2D SPACE',''
  ) );
#726 = PCURVE('',#727,#732);
#727 = CYLINDRICAL_SURFACE('',#728,1.7);
#728 = AXIS2_PLACEMENT_3D('',#729,#730,#731);
#729 = CARTESIAN_POINT('',(142.,85.,0.));
#730 = DIRECTION('',(-1.,-0.,-0.));
#731 = DIRECTION('',(0.,1.,0.));
#732 = DEFINITIONAL_REPRESENTATION('',(#733),#737);
#733 = LINE('',#734,#735);
#734 = CARTESIAN_POINT('',(-6.28318530718,-1.5));
#735 = VECTOR('',#736,1.);
#736 = DIRECTION('',(1.,-0.));
#737 = ( GEOMETRIC_REPRESENTATION_CONTEXT(2) 
PARAMETRIC_REPRESENTATION_CONTEXT() REPRESENTATION_CONTEXT('2D SPACE',''
  ) );
#738 = FACE_BOUND('',#739,.T.);
#739 = EDGE_LOOP('',(#740));
#740 = ORIENTED_EDGE('',*,*,#741,.F.);
#741 = EDGE_CURVE('',#742,#742,#744,.T.);
#742 = VERTEX_POINT('',#743);
#743 = CARTESIAN_POINT('',(143.5,72.7,0.));
#744 = SURFACE_CURVE('',#745,(#750,#757),.PCURVE_S1.);
#745 = CIRCLE('',#746,1.7);
#746 = AXIS2_PLACEMENT_3D('',#747,#748,#749);
#747 = CARTESIAN_POINT('',(143.5,71.,0.));
#748 = DIRECTION('',(-1.,0.,0.));
#749 = DIRECTION('',(0.,1.,0.));
#750 = PCURVE('',#33,#751);
#751 = DEFINITIONAL_REPRESENTATION('',(#752),#756);
#752 = CIRCLE('',#753,1.7);
#753 = AXIS2_PLACEMENT_2D('',#754,#755);
#754 = CARTESIAN_POINT('',(-22.,-32.));
#755 = DIRECTION('',(0.,-1.));
#756 = ( GEOMETRIC_REPRESENTATION_CONTEXT(2) 
PARAMETRIC_REPRESENTATION_CONTEXT() REPRESENTATION_CONTEXT('2D SPACE',''
  ) );
#757 = PCURVE('',#758,#763);
#758 = CYLINDRICAL_SURFACE('',#759,1.7);
#759 = AXIS2_PLACEMENT_3D('',#760,#761,#762);
#760 = CARTESIAN_POINT('',(142.,71.,0.));
#761 = DIRECTION('',(-1.,-0.,-0.));
#762 = DIRECTION('',(0.,1.,0.));
#763 = DEFINITIONAL_REPRESENTATION('',(#764),#768);
#764 = LINE('',#765,#766);
#765 = CARTESIAN_POINT('',(-6.28318530718,-1.5));
#766 = VECTOR('',#767,1.);
#767 = DIRECTION('',(1.,-0.));
#768 = ( GEOMETRIC_REPRESENTATION_CONTEXT(2) 
PARAMETRIC_REPRESENTATION_CONTEXT() REPRESENTATION_CONTEXT('2D SPACE',''
  ) );
#769 = FACE_BOUND('',#770,.T.);
#770 = EDGE_LOOP('',(#771,#801,#830,#858));
#771 = ORIENTED_EDGE('',*,*,#772,.T.);
#772 = EDGE_CURVE('',#773,#775,#777,.T.);
#773 = VERTEX_POINT('',#774);
#774 = CARTESIAN_POINT('',(143.5,67.226060659928,-9.522008834488));
#775 = VERTEX_POINT('',#776);
#776 = CARTESIAN_POINT('',(143.5,11.593818862217,-40.90429907935));
#777 = SURFACE_CURVE('',#778,(#782,#789),.PCURVE_S1.);
#778 = LINE('',#779,#780);
#779 = CARTESIAN_POINT('',(143.5,79.473963560796,-2.612935403229));
#780 = VECTOR('',#781,1.);
#781 = DIRECTION('',(0.,-0.870978467743,-0.491321186932));
#782 = PCURVE('',#33,#783);
#783 = DEFINITIONAL_REPRESENTATION('',(#784),#788);
#784 = LINE('',#785,#786);
#785 = CARTESIAN_POINT('',(-19.38706459677,-40.47396356079));
#786 = VECTOR('',#787,1.);
#787 = DIRECTION('',(0.491321186932,0.870978467743));
#788 = ( GEOMETRIC_REPRESENTATION_CONTEXT(2) 
PARAMETRIC_REPRESENTATION_CONTEXT() REPRESENTATION_CONTEXT('2D SPACE',''
  ) );
#789 = PCURVE('',#790,#795);
#790 = PLANE('',#791);
#791 = AXIS2_PLACEMENT_3D('',#792,#793,#794);
#792 = CARTESIAN_POINT('',(143.5,79.473963560796,-2.612935403229));
#793 = DIRECTION('',(0.,0.491321186932,-0.870978467743));
#794 = DIRECTION('',(0.,-0.870978467743,-0.491321186932));
#795 = DEFINITIONAL_REPRESENTATION('',(#796),#800);
#796 = LINE('',#797,#798);
#797 = CARTESIAN_POINT('',(0.,0.));
#798 = VECTOR('',#799,1.);
#799 = DIRECTION('',(1.,0.));
#800 = ( GEOMETRIC_REPRESENTATION_CONTEXT(2) 
PARAMETRIC_REPRESENTATION_CONTEXT() REPRESENTATION_CONTEXT('2D SPACE',''
  ) );
#801 = ORIENTED_EDGE('',*,*,#802,.T.);
#802 = EDGE_CURVE('',#775,#803,#805,.T.);
#803 = VERTEX_POINT('',#804);
#804 = CARTESIAN_POINT('',(143.5,7.,-53.7467943448));
#805 = SURFACE_CURVE('',#806,(#811,#818),.PCURVE_S1.);
#806 = CIRCLE('',#807,12.);
#807 = AXIS2_PLACEMENT_3D('',#808,#809,#810);
#808 = CARTESIAN_POINT('',(143.5,0.,-44.));
#809 = DIRECTION('',(-1.,0.,0.));
#810 = DIRECTION('',(0.,0.966151571851,0.257975076721));
#811 = PCURVE('',#33,#812);
#812 = DEFINITIONAL_REPRESENTATION('',(#813),#817);
#813 = CIRCLE('',#814,12.);
#814 = AXIS2_PLACEMENT_2D('',#815,#816);
#815 = CARTESIAN_POINT('',(22.,39.));
#816 = DIRECTION('',(-0.257975076721,-0.966151571851));
#817 = ( GEOMETRIC_REPRESENTATION_CONTEXT(2) 
PARAMETRIC_REPRESENTATION_CONTEXT() REPRESENTATION_CONTEXT('2D SPACE',''
  ) );
#818 = PCURVE('',#819,#824);
#819 = CYLINDRICAL_SURFACE('',#820,12.);
#820 = AXIS2_PLACEMENT_3D('',#821,#822,#823);
#821 = CARTESIAN_POINT('',(143.5,0.,-44.));
#822 = DIRECTION('',(-1.,-0.,-0.));
#823 = DIRECTION('',(0.,1.,0.));
#824 = DEFINITIONAL_REPRESENTATION('',(#825),#829);
#825 = LINE('',#826,#827);
#826 = CARTESIAN_POINT('',(-6.54411105676,0.));
#827 = VECTOR('',#828,1.);
#828 = DIRECTION('',(1.,-0.));
#829 = ( GEOMETRIC_REPRESENTATION_CONTEXT(2) 
PARAMETRIC_REPRESENTATION_CONTEXT() REPRESENTATION_CONTEXT('2D SPACE',''
  ) );
#830 = ORIENTED_EDGE('',*,*,#831,.T.);
#831 = EDGE_CURVE('',#803,#832,#834,.T.);
#832 = VERTEX_POINT('',#833);
#833 = CARTESIAN_POINT('',(143.5,7.,-85.1906491508));
#834 = SURFACE_CURVE('',#835,(#839,#846),.PCURVE_S1.);
#835 = LINE('',#836,#837);
#836 = CARTESIAN_POINT('',(143.5,7.,-44.));
#837 = VECTOR('',#838,1.);
#838 = DIRECTION('',(0.,0.,-1.));
#839 = PCURVE('',#33,#840);
#840 = DEFINITIONAL_REPRESENTATION('',(#841),#845);
#841 = LINE('',#842,#843);
#842 = CARTESIAN_POINT('',(22.,32.));
#843 = VECTOR('',#844,1.);
#844 = DIRECTION('',(1.,0.));
#845 = ( GEOMETRIC_REPRESENTATION_CONTEXT(2) 
PARAMETRIC_REPRESENTATION_CONTEXT() REPRESENTATION_CONTEXT('2D SPACE',''
  ) );
#846 = PCURVE('',#847,#852);
#847 = PLANE('',#848);
#848 = AXIS2_PLACEMENT_3D('',#849,#850,#851);
#849 = CARTESIAN_POINT('',(143.5,7.,-44.));
#850 = DIRECTION('',(-0.,1.,0.));
#851 = DIRECTION('',(0.,0.,-1.));
#852 = DEFINITIONAL_REPRESENTATION('',(#853),#857);
#853 = LINE('',#854,#855);
#854 = CARTESIAN_POINT('',(0.,0.));
#855 = VECTOR('',#856,1.);
#856 = DIRECTION('',(1.,0.));
#857 = ( GEOMETRIC_REPRESENTATION_CONTEXT(2) 
PARAMETRIC_REPRESENTATION_CONTEXT() REPRESENTATION_CONTEXT('2D SPACE',''
  ) );
#858 = ORIENTED_EDGE('',*,*,#859,.T.);
#859 = EDGE_CURVE('',#832,#773,#860,.T.);
#860 = SURFACE_CURVE('',#861,(#865,#872),.PCURVE_S1.);
#861 = LINE('',#862,#863);
#862 = CARTESIAN_POINT('',(143.5,-1.956060548905,-96.44313548148));
#863 = VECTOR('',#864,1.);
#864 = DIRECTION('',(0.,0.622745807407,0.782424219562));
#865 = PCURVE('',#33,#866);
#866 = DEFINITIONAL_REPRESENTATION('',(#867),#871);
#867 = LINE('',#868,#869);
#868 = CARTESIAN_POINT('',(74.443135481483,40.956060548905));
#869 = VECTOR('',#870,1.);
#870 = DIRECTION('',(-0.782424219562,-0.622745807407));
#871 = ( GEOMETRIC_REPRESENTATION_CONTEXT(2) 
PARAMETRIC_REPRESENTATION_CONTEXT() REPRESENTATION_CONTEXT('2D SPACE',''
  ) );
#872 = PCURVE('',#873,#878);
#873 = PLANE('',#874);
#874 = AXIS2_PLACEMENT_3D('',#875,#876,#877);
#875 = CARTESIAN_POINT('',(143.5,-1.956060548905,-96.44313548148));
#876 = DIRECTION('',(0.,-0.782424219562,0.622745807407));
#877 = DIRECTION('',(0.,0.622745807407,0.782424219562));
#878 = DEFINITIONAL_REPRESENTATION('',(#879),#883);
#879 = LINE('',#880,#881);
#880 = CARTESIAN_POINT('',(0.,0.));
#881 = VECTOR('',#882,1.);
#882 = DIRECTION('',(1.,0.));
#883 = ( GEOMETRIC_REPRESENTATION_CONTEXT(2) 
PARAMETRIC_REPRESENTATION_CONTEXT() REPRESENTATION_CONTEXT('2D SPACE',''
  ) );
#884 = FACE_BOUND('',#885,.T.);
#885 = EDGE_LOOP('',(#886));
#886 = ORIENTED_EDGE('',*,*,#887,.F.);
#887 = EDGE_CURVE('',#888,#888,#890,.T.);
#888 = VERTEX_POINT('',#889);
#889 = CARTESIAN_POINT('',(143.5,9.7,-44.));
#890 = SURFACE_CURVE('',#891,(#896,#903),.PCURVE_S1.);
#891 = CIRCLE('',#892,1.7);
#892 = AXIS2_PLACEMENT_3D('',#893,#894,#895);
#893 = CARTESIAN_POINT('',(143.5,8.,-44.));
#894 = DIRECTION('',(-1.,0.,0.));
#895 = DIRECTION('',(0.,1.,0.));
#896 = PCURVE('',#33,#897);
#897 = DEFINITIONAL_REPRESENTATION('',(#898),#902);
#898 = CIRCLE('',#899,1.7);
#899 = AXIS2_PLACEMENT_2D('',#900,#901);
#900 = CARTESIAN_POINT('',(22.,31.));
#901 = DIRECTION('',(0.,-1.));
#902 = ( GEOMETRIC_REPRESENTATION_CONTEXT(2) 
PARAMETRIC_REPRESENTATION_CONTEXT() REPRESENTATION_CONTEXT('2D SPACE',''
  ) );
#903 = PCURVE('',#904,#909);
#904 = CYLINDRICAL_SURFACE('',#905,1.7);
#905 = AXIS2_PLACEMENT_3D('',#906,#907,#908);
#906 = CARTESIAN_POINT('',(142.,8.,-44.));
#907 = DIRECTION('',(-1.,-0.,-0.));
#908 = DIRECTION('',(0.,1.,0.));
#909 = DEFINITIONAL_REPRESENTATION('',(#910),#914);
#910 = LINE('',#911,#912);
#911 = CARTESIAN_POINT('',(-6.28318530718,-1.5));
#912 = VECTOR('',#913,1.);
#913 = DIRECTION('',(1.,-0.));
#914 = ( GEOMETRIC_REPRESENTATION_CONTEXT(2) 
PARAMETRIC_REPRESENTATION_CONTEXT() REPRESENTATION_CONTEXT('2D SPACE',''
  ) );
#915 = FACE_BOUND('',#916,.T.);
#916 = EDGE_LOOP('',(#917,#947,#975,#1003,#1032));
#917 = ORIENTED_EDGE('',*,*,#918,.T.);
#918 = EDGE_CURVE('',#919,#921,#923,.T.);
#919 = VERTEX_POINT('',#920);
#920 = CARTESIAN_POINT('',(143.5,79.806303375956,-154.8095413299));
#921 = VERTEX_POINT('',#922);
#922 = CARTESIAN_POINT('',(143.5,75.247000850181,-8.));
#923 = SURFACE_CURVE('',#924,(#928,#935),.PCURVE_S1.);
#924 = LINE('',#925,#926);
#925 = CARTESIAN_POINT('',(143.5,80.00144565781,-161.0931228056));
#926 = VECTOR('',#927,1.);
#927 = DIRECTION('',(0.,-3.104093521936E-02,0.999518114063));
#928 = PCURVE('',#33,#929);
#929 = DEFINITIONAL_REPRESENTATION('',(#930),#934);
#930 = LINE('',#931,#932);
#931 = CARTESIAN_POINT('',(139.09312280565,-41.00144565781));
#932 = VECTOR('',#933,1.);
#933 = DIRECTION('',(-0.999518114063,3.104093521936E-02));
#934 = ( GEOMETRIC_REPRESENTATION_CONTEXT(2) 
PARAMETRIC_REPRESENTATION_CONTEXT() REPRESENTATION_CONTEXT('2D SPACE',''
  ) );
#935 = PCURVE('',#936,#941);
#936 = PLANE('',#937);
#937 = AXIS2_PLACEMENT_3D('',#938,#939,#940);
#938 = CARTESIAN_POINT('',(143.5,80.00144565781,-161.0931228056));
#939 = DIRECTION('',(0.,-0.999518114063,-3.104093521936E-02));
#940 = DIRECTION('',(0.,-3.104093521936E-02,0.999518114063));
#941 = DEFINITIONAL_REPRESENTATION('',(#942),#946);
#942 = LINE('',#943,#944);
#943 = CARTESIAN_POINT('',(0.,0.));
#944 = VECTOR('',#945,1.);
#945 = DIRECTION('',(1.,0.));
#946 = ( GEOMETRIC_REPRESENTATION_CONTEXT(2) 
PARAMETRIC_REPRESENTATION_CONTEXT() REPRESENTATION_CONTEXT('2D SPACE',''
  ) );
#947 = ORIENTED_EDGE('',*,*,#948,.F.);
#948 = EDGE_CURVE('',#949,#921,#951,.T.);
#949 = VERTEX_POINT('',#950);
#950 = CARTESIAN_POINT('',(143.5,74.827850675888,-8.));
#951 = SURFACE_CURVE('',#952,(#956,#963),.PCURVE_S1.);
#952 = LINE('',#953,#954);
#953 = CARTESIAN_POINT('',(143.5,65.,-8.));
#954 = VECTOR('',#955,1.);
#955 = DIRECTION('',(0.,1.,0.));
#956 = PCURVE('',#33,#957);
#957 = DEFINITIONAL_REPRESENTATION('',(#958),#962);
#958 = LINE('',#959,#960);
#959 = CARTESIAN_POINT('',(-14.,-26.));
#960 = VECTOR('',#961,1.);
#961 = DIRECTION('',(0.,-1.));
#962 = ( GEOMETRIC_REPRESENTATION_CONTEXT(2) 
PARAMETRIC_REPRESENTATION_CONTEXT() REPRESENTATION_CONTEXT('2D SPACE',''
  ) );
#963 = PCURVE('',#964,#969);
#964 = PLANE('',#965);
#965 = AXIS2_PLACEMENT_3D('',#966,#967,#968);
#966 = CARTESIAN_POINT('',(143.5,65.,-8.));
#967 = DIRECTION('',(0.,0.,1.));
#968 = DIRECTION('',(1.,0.,0.));
#969 = DEFINITIONAL_REPRESENTATION('',(#970),#974);
#970 = LINE('',#971,#972);
#971 = CARTESIAN_POINT('',(0.,0.));
#972 = VECTOR('',#973,1.);
#973 = DIRECTION('',(0.,1.));
#974 = ( GEOMETRIC_REPRESENTATION_CONTEXT(2) 
PARAMETRIC_REPRESENTATION_CONTEXT() REPRESENTATION_CONTEXT('2D SPACE',''
  ) );
#975 = ORIENTED_EDGE('',*,*,#976,.T.);
#976 = EDGE_CURVE('',#949,#977,#979,.T.);
#977 = VERTEX_POINT('',#978);
#978 = CARTESIAN_POINT('',(143.5,9.265037900321,-90.37379041032));
#979 = SURFACE_CURVE('',#980,(#984,#991),.PCURVE_S1.);
#980 = LINE('',#981,#982);
#981 = CARTESIAN_POINT('',(143.5,79.956060548905,-1.556864518517));
#982 = VECTOR('',#983,1.);
#983 = DIRECTION('',(0.,-0.622745807407,-0.782424219562));
#984 = PCURVE('',#33,#985);
#985 = DEFINITIONAL_REPRESENTATION('',(#986),#990);
#986 = LINE('',#987,#988);
#987 = CARTESIAN_POINT('',(-20.44313548148,-40.9560605489));
#988 = VECTOR('',#989,1.);
#989 = DIRECTION('',(0.782424219562,0.622745807407));
#990 = ( GEOMETRIC_REPRESENTATION_CONTEXT(2) 
PARAMETRIC_REPRESENTATION_CONTEXT() REPRESENTATION_CONTEXT('2D SPACE',''
  ) );
#991 = PCURVE('',#992,#997);
#992 = PLANE('',#993);
#993 = AXIS2_PLACEMENT_3D('',#994,#995,#996);
#994 = CARTESIAN_POINT('',(143.5,79.956060548905,-1.556864518517));
#995 = DIRECTION('',(0.,0.782424219562,-0.622745807407));
#996 = DIRECTION('',(0.,-0.622745807407,-0.782424219562));
#997 = DEFINITIONAL_REPRESENTATION('',(#998),#1002);
#998 = LINE('',#999,#1000);
#999 = CARTESIAN_POINT('',(0.,0.));
#1000 = VECTOR('',#1001,1.);
#1001 = DIRECTION('',(1.,0.));
#1002 = ( GEOMETRIC_REPRESENTATION_CONTEXT(2) 
PARAMETRIC_REPRESENTATION_CONTEXT() REPRESENTATION_CONTEXT('2D SPACE',''
  ) );
#1003 = ORIENTED_EDGE('',*,*,#1004,.T.);
#1004 = EDGE_CURVE('',#977,#1005,#1007,.T.);
#1005 = VERTEX_POINT('',#1006);
#1006 = CARTESIAN_POINT('',(143.5,11.068653866112,-102.6351808586));
#1007 = SURFACE_CURVE('',#1008,(#1013,#1020),.PCURVE_S1.);
#1008 = CIRCLE('',#1009,12.);
#1009 = AXIS2_PLACEMENT_3D('',#1010,#1011,#1012);
#1010 = CARTESIAN_POINT('',(143.5,0.,-98.));
#1011 = DIRECTION('',(-1.,0.,0.));
#1012 = DIRECTION('',(0.,0.772086491693,0.635517465806));
#1013 = PCURVE('',#33,#1014);
#1014 = DEFINITIONAL_REPRESENTATION('',(#1015),#1019);
#1015 = CIRCLE('',#1016,12.);
#1016 = AXIS2_PLACEMENT_2D('',#1017,#1018);
#1017 = CARTESIAN_POINT('',(76.,39.));
#1018 = DIRECTION('',(-0.635517465806,-0.772086491693));
#1019 = ( GEOMETRIC_REPRESENTATION_CONTEXT(2) 
PARAMETRIC_REPRESENTATION_CONTEXT() REPRESENTATION_CONTEXT('2D SPACE',''
  ) );
#1020 = PCURVE('',#1021,#1026);
#1021 = CYLINDRICAL_SURFACE('',#1022,12.);
#1022 = AXIS2_PLACEMENT_3D('',#1023,#1024,#1025);
#1023 = CARTESIAN_POINT('',(143.5,0.,-98.));
#1024 = DIRECTION('',(-1.,-0.,-0.));
#1025 = DIRECTION('',(0.,1.,0.));
#1026 = DEFINITIONAL_REPRESENTATION('',(#1027),#1031);
#1027 = LINE('',#1028,#1029);
#1028 = CARTESIAN_POINT('',(-6.971863859905,0.));
#1029 = VECTOR('',#1030,1.);
#1030 = DIRECTION('',(1.,-0.));
#1031 = ( GEOMETRIC_REPRESENTATION_CONTEXT(2) 
PARAMETRIC_REPRESENTATION_CONTEXT() REPRESENTATION_CONTEXT('2D SPACE',''
  ) );
#1032 = ORIENTED_EDGE('',*,*,#1033,.T.);
#1033 = EDGE_CURVE('',#1005,#919,#1034,.T.);
#1034 = SURFACE_CURVE('',#1035,(#1039,#1046),.PCURVE_S1.);
#1035 = LINE('',#1036,#1037);
#1036 = CARTESIAN_POINT('',(143.5,1.81378950864,-95.61040429814));
#1037 = VECTOR('',#1038,1.);
#1038 = DIRECTION('',(0.,0.79653190062,-0.60459650288));
#1039 = PCURVE('',#33,#1040);
#1040 = DEFINITIONAL_REPRESENTATION('',(#1041),#1045);
#1041 = LINE('',#1042,#1043);
#1042 = CARTESIAN_POINT('',(73.61040429814,37.18621049136));
#1043 = VECTOR('',#1044,1.);
#1044 = DIRECTION('',(0.60459650288,-0.79653190062));
#1045 = ( GEOMETRIC_REPRESENTATION_CONTEXT(2) 
PARAMETRIC_REPRESENTATION_CONTEXT() REPRESENTATION_CONTEXT('2D SPACE',''
  ) );
#1046 = PCURVE('',#1047,#1052);
#1047 = PLANE('',#1048);
#1048 = AXIS2_PLACEMENT_3D('',#1049,#1050,#1051);
#1049 = CARTESIAN_POINT('',(143.5,1.81378950864,-95.61040429814));
#1050 = DIRECTION('',(-0.,0.60459650288,0.79653190062));
#1051 = DIRECTION('',(0.,0.79653190062,-0.60459650288));
#1052 = DEFINITIONAL_REPRESENTATION('',(#1053),#1057);
#1053 = LINE('',#1054,#1055);
#1054 = CARTESIAN_POINT('',(0.,0.));
#1055 = VECTOR('',#1056,1.);
#1056 = DIRECTION('',(1.,0.));
#1057 = ( GEOMETRIC_REPRESENTATION_CONTEXT(2) 
PARAMETRIC_REPRESENTATION_CONTEXT() REPRESENTATION_CONTEXT('2D SPACE',''
  ) );
#1058 = FACE_BOUND('',#1059,.T.);
#1059 = EDGE_LOOP('',(#1060));
#1060 = ORIENTED_EDGE('',*,*,#1061,.F.);
#1061 = EDGE_CURVE('',#1062,#1062,#1064,.T.);
#1062 = VERTEX_POINT('',#1063);
#1063 = CARTESIAN_POINT('',(143.5,9.7,-98.));
#1064 = SURFACE_CURVE('',#1065,(#1070,#1077),.PCURVE_S1.);
#1065 = CIRCLE('',#1066,1.7);
#1066 = AXIS2_PLACEMENT_3D('',#1067,#1068,#1069);
#1067 = CARTESIAN_POINT('',(143.5,8.,-98.));
#1068 = DIRECTION('',(-1.,0.,0.));
#1069 = DIRECTION('',(0.,1.,0.));
#1070 = PCURVE('',#33,#1071);
#1071 = DEFINITIONAL_REPRESENTATION('',(#1072),#1076);
#1072 = CIRCLE('',#1073,1.7);
#1073 = AXIS2_PLACEMENT_2D('',#1074,#1075);
#1074 = CARTESIAN_POINT('',(76.,31.));
#1075 = DIRECTION('',(0.,-1.));
#1076 = ( GEOMETRIC_REPRESENTATION_CONTEXT(2) 
PARAMETRIC_REPRESENTATION_CONTEXT() REPRESENTATION_CONTEXT('2D SPACE',''
  ) );
#1077 = PCURVE('',#1078,#1083);
#1078 = CYLINDRICAL_SURFACE('',#1079,1.7);
#1079 = AXIS2_PLACEMENT_3D('',#1080,#1081,#1082);
#1080 = CARTESIAN_POINT('',(142.,8.,-98.));
#1081 = DIRECTION('',(-1.,-0.,-0.));
#1082 = DIRECTION('',(0.,1.,0.));
#1083 = DEFINITIONAL_REPRESENTATION('',(#1084),#1088);
#1084 = LINE('',#1085,#1086);
#1085 = CARTESIAN_POINT('',(-6.28318530718,-1.5));
#1086 = VECTOR('',#1087,1.);
#1087 = DIRECTION('',(1.,-0.));
#1088 = ( GEOMETRIC_REPRESENTATION_CONTEXT(2) 
PARAMETRIC_REPRESENTATION_CONTEXT() REPRESENTATION_CONTEXT('2D SPACE',''
  ) );
#1089 = FACE_BOUND('',#1090,.T.);
#1090 = EDGE_LOOP('',(#1091));
#1091 = ORIENTED_EDGE('',*,*,#1092,.F.);
#1092 = EDGE_CURVE('',#1093,#1093,#1095,.T.);
#1093 = VERTEX_POINT('',#1094);
#1094 = CARTESIAN_POINT('',(143.5,5.2,-44.));
#1095 = SURFACE_CURVE('',#1096,(#1101,#1108),.PCURVE_S1.);
#1096 = CIRCLE('',#1097,5.2);
#1097 = AXIS2_PLACEMENT_3D('',#1098,#1099,#1100);
#1098 = CARTESIAN_POINT('',(143.5,0.,-44.));
#1099 = DIRECTION('',(-1.,0.,0.));
#1100 = DIRECTION('',(0.,1.,0.));
#1101 = PCURVE('',#33,#1102);
#1102 = DEFINITIONAL_REPRESENTATION('',(#1103),#1107);
#1103 = CIRCLE('',#1104,5.2);
#1104 = AXIS2_PLACEMENT_2D('',#1105,#1106);
#1105 = CARTESIAN_POINT('',(22.,39.));
#1106 = DIRECTION('',(0.,-1.));
#1107 = ( GEOMETRIC_REPRESENTATION_CONTEXT(2) 
PARAMETRIC_REPRESENTATION_CONTEXT() REPRESENTATION_CONTEXT('2D SPACE',''
  ) );
#1108 = PCURVE('',#1109,#1114);
#1109 = CYLINDRICAL_SURFACE('',#1110,5.2);
#1110 = AXIS2_PLACEMENT_3D('',#1111,#1112,#1113);
#1111 = CARTESIAN_POINT('',(142.,0.,-44.));
#1112 = DIRECTION('',(-1.,-0.,-0.));
#1113 = DIRECTION('',(0.,1.,0.));
#1114 = DEFINITIONAL_REPRESENTATION('',(#1115),#1119);
#1115 = LINE('',#1116,#1117);
#1116 = CARTESIAN_POINT('',(-6.28318530718,-1.5));
#1117 = VECTOR('',#1118,1.);
#1118 = DIRECTION('',(1.,-0.));
#1119 = ( GEOMETRIC_REPRESENTATION_CONTEXT(2) 
PARAMETRIC_REPRESENTATION_CONTEXT() REPRESENTATION_CONTEXT('2D SPACE',''
  ) );
#1120 = FACE_BOUND('',#1121,.T.);
#1121 = EDGE_LOOP('',(#1122));
#1122 = ORIENTED_EDGE('',*,*,#1123,.F.);
#1123 = EDGE_CURVE('',#1124,#1124,#1126,.T.);
#1124 = VERTEX_POINT('',#1125);
#1125 = CARTESIAN_POINT('',(143.5,-6.3,-44.));
#1126 = SURFACE_CURVE('',#1127,(#1132,#1139),.PCURVE_S1.);
#1127 = CIRCLE('',#1128,1.7);
#1128 = AXIS2_PLACEMENT_3D('',#1129,#1130,#1131);
#1129 = CARTESIAN_POINT('',(143.5,-8.,-44.));
#1130 = DIRECTION('',(-1.,0.,0.));
#1131 = DIRECTION('',(0.,1.,0.));
#1132 = PCURVE('',#33,#1133);
#1133 = DEFINITIONAL_REPRESENTATION('',(#1134),#1138);
#1134 = CIRCLE('',#1135,1.7);
#1135 = AXIS2_PLACEMENT_2D('',#1136,#1137);
#1136 = CARTESIAN_POINT('',(22.,47.));
#1137 = DIRECTION('',(0.,-1.));
#1138 = ( GEOMETRIC_REPRESENTATION_CONTEXT(2) 
PARAMETRIC_REPRESENTATION_CONTEXT() REPRESENTATION_CONTEXT('2D SPACE',''
  ) );
#1139 = PCURVE('',#1140,#1145);
#1140 = CYLINDRICAL_SURFACE('',#1141,1.7);
#1141 = AXIS2_PLACEMENT_3D('',#1142,#1143,#1144);
#1142 = CARTESIAN_POINT('',(142.,-8.,-44.));
#1143 = DIRECTION('',(-1.,-0.,-0.));
#1144 = DIRECTION('',(0.,1.,0.));
#1145 = DEFINITIONAL_REPRESENTATION('',(#1146),#1150);
#1146 = LINE('',#1147,#1148);
#1147 = CARTESIAN_POINT('',(-6.28318530718,-1.5));
#1148 = VECTOR('',#1149,1.);
#1149 = DIRECTION('',(1.,-0.));
#1150 = ( GEOMETRIC_REPRESENTATION_CONTEXT(2) 
PARAMETRIC_REPRESENTATION_CONTEXT() REPRESENTATION_CONTEXT('2D SPACE',''
  ) );
#1151 = FACE_BOUND('',#1152,.T.);
#1152 = EDGE_LOOP('',(#1153,#1183,#1216,#1244));
#1153 = ORIENTED_EDGE('',*,*,#1154,.T.);
#1154 = EDGE_CURVE('',#1155,#1157,#1159,.T.);
#1155 = VERTEX_POINT('',#1156);
#1156 = CARTESIAN_POINT('',(143.5,-7.,-85.1906491508));
#1157 = VERTEX_POINT('',#1158);
#1158 = CARTESIAN_POINT('',(143.5,-7.,-53.7467943448));
#1159 = SURFACE_CURVE('',#1160,(#1164,#1171),.PCURVE_S1.);
#1160 = LINE('',#1161,#1162);
#1161 = CARTESIAN_POINT('',(143.5,-7.,-98.));
#1162 = VECTOR('',#1163,1.);
#1163 = DIRECTION('',(0.,0.,1.));
#1164 = PCURVE('',#33,#1165);
#1165 = DEFINITIONAL_REPRESENTATION('',(#1166),#1170);
#1166 = LINE('',#1167,#1168);
#1167 = CARTESIAN_POINT('',(76.,46.));
#1168 = VECTOR('',#1169,1.);
#1169 = DIRECTION('',(-1.,0.));
#1170 = ( GEOMETRIC_REPRESENTATION_CONTEXT(2) 
PARAMETRIC_REPRESENTATION_CONTEXT() REPRESENTATION_CONTEXT('2D SPACE',''
  ) );
#1171 = PCURVE('',#1172,#1177);
#1172 = PLANE('',#1173);
#1173 = AXIS2_PLACEMENT_3D('',#1174,#1175,#1176);
#1174 = CARTESIAN_POINT('',(143.5,-7.,-98.));
#1175 = DIRECTION('',(0.,-1.,0.));
#1176 = DIRECTION('',(0.,0.,1.));
#1177 = DEFINITIONAL_REPRESENTATION('',(#1178),#1182);
#1178 = LINE('',#1179,#1180);
#1179 = CARTESIAN_POINT('',(0.,0.));
#1180 = VECTOR('',#1181,1.);
#1181 = DIRECTION('',(1.,0.));
#1182 = ( GEOMETRIC_REPRESENTATION_CONTEXT(2) 
PARAMETRIC_REPRESENTATION_CONTEXT() REPRESENTATION_CONTEXT('2D SPACE',''
  ) );
#1183 = ORIENTED_EDGE('',*,*,#1184,.F.);
#1184 = EDGE_CURVE('',#1185,#1157,#1187,.T.);
#1185 = VERTEX_POINT('',#1186);
#1186 = CARTESIAN_POINT('',(143.5,-11.59381886221,-40.90429907935));
#1187 = SURFACE_CURVE('',#1188,(#1193,#1204),.PCURVE_S1.);
#1188 = CIRCLE('',#1189,12.);
#1189 = AXIS2_PLACEMENT_3D('',#1190,#1191,#1192);
#1190 = CARTESIAN_POINT('',(143.5,0.,-44.));
#1191 = DIRECTION('',(1.,0.,0.));
#1192 = DIRECTION('',(0.,1.,0.));
#1193 = PCURVE('',#33,#1194);
#1194 = DEFINITIONAL_REPRESENTATION('',(#1195),#1203);
#1195 = ( BOUNDED_CURVE() B_SPLINE_CURVE(2,(#1196,#1197,#1198,#1199,
#1200,#1201,#1202),.UNSPECIFIED.,.T.,.F.) B_SPLINE_CURVE_WITH_KNOTS((1,2
    ,2,2,2,1),(-2.094395102393,0.,2.094395102393,4.188790204786,
6.28318530718,8.377580409573),.UNSPECIFIED.) CURVE() 
GEOMETRIC_REPRESENTATION_ITEM() RATIONAL_B_SPLINE_CURVE((1.,0.5,1.,0.5,
1.,0.5,1.)) REPRESENTATION_ITEM('') );
#1196 = CARTESIAN_POINT('',(22.,27.));
#1197 = CARTESIAN_POINT('',(1.215390309173,27.));
#1198 = CARTESIAN_POINT('',(11.607695154587,45.));
#1199 = CARTESIAN_POINT('',(22.,63.));
#1200 = CARTESIAN_POINT('',(32.392304845413,45.));
#1201 = CARTESIAN_POINT('',(42.784609690827,27.));
#1202 = CARTESIAN_POINT('',(22.,27.));
#1203 = ( GEOMETRIC_REPRESENTATION_CONTEXT(2) 
PARAMETRIC_REPRESENTATION_CONTEXT() REPRESENTATION_CONTEXT('2D SPACE',''
  ) );
#1204 = PCURVE('',#1205,#1210);
#1205 = CYLINDRICAL_SURFACE('',#1206,12.);
#1206 = AXIS2_PLACEMENT_3D('',#1207,#1208,#1209);
#1207 = CARTESIAN_POINT('',(143.5,0.,-44.));
#1208 = DIRECTION('',(-1.,-0.,-0.));
#1209 = DIRECTION('',(0.,1.,0.));
#1210 = DEFINITIONAL_REPRESENTATION('',(#1211),#1215);
#1211 = LINE('',#1212,#1213);
#1212 = CARTESIAN_POINT('',(-0.,0.));
#1213 = VECTOR('',#1214,1.);
#1214 = DIRECTION('',(-1.,0.));
#1215 = ( GEOMETRIC_REPRESENTATION_CONTEXT(2) 
PARAMETRIC_REPRESENTATION_CONTEXT() REPRESENTATION_CONTEXT('2D SPACE',''
  ) );
#1216 = ORIENTED_EDGE('',*,*,#1217,.F.);
#1217 = EDGE_CURVE('',#1218,#1185,#1220,.T.);
#1218 = VERTEX_POINT('',#1219);
#1219 = CARTESIAN_POINT('',(143.5,-67.22606065992,-9.522008834488));
#1220 = SURFACE_CURVE('',#1221,(#1225,#1232),.PCURVE_S1.);
#1221 = LINE('',#1222,#1223);
#1222 = CARTESIAN_POINT('',(143.5,-79.47396356079,-2.612935403229));
#1223 = VECTOR('',#1224,1.);
#1224 = DIRECTION('',(0.,0.870978467743,-0.491321186932));
#1225 = PCURVE('',#33,#1226);
#1226 = DEFINITIONAL_REPRESENTATION('',(#1227),#1231);
#1227 = LINE('',#1228,#1229);
#1228 = CARTESIAN_POINT('',(-19.38706459677,118.47396356079));
#1229 = VECTOR('',#1230,1.);
#1230 = DIRECTION('',(0.491321186932,-0.870978467743));
#1231 = ( GEOMETRIC_REPRESENTATION_CONTEXT(2) 
PARAMETRIC_REPRESENTATION_CONTEXT() REPRESENTATION_CONTEXT('2D SPACE',''
  ) );
#1232 = PCURVE('',#1233,#1238);
#1233 = PLANE('',#1234);
#1234 = AXIS2_PLACEMENT_3D('',#1235,#1236,#1237);
#1235 = CARTESIAN_POINT('',(143.5,-79.47396356079,-2.612935403229));
#1236 = DIRECTION('',(-0.,-0.491321186932,-0.870978467743));
#1237 = DIRECTION('',(-0.,-0.870978467743,0.491321186932));
#1238 = DEFINITIONAL_REPRESENTATION('',(#1239),#1243);
#1239 = LINE('',#1240,#1241);
#1240 = CARTESIAN_POINT('',(-0.,-0.));
#1241 = VECTOR('',#1242,1.);
#1242 = DIRECTION('',(-1.,0.));
#1243 = ( GEOMETRIC_REPRESENTATION_CONTEXT(2) 
PARAMETRIC_REPRESENTATION_CONTEXT() REPRESENTATION_CONTEXT('2D SPACE',''
  ) );
#1244 = ORIENTED_EDGE('',*,*,#1245,.F.);
#1245 = EDGE_CURVE('',#1155,#1218,#1246,.T.);
#1246 = SURFACE_CURVE('',#1247,(#1251,#1258),.PCURVE_S1.);
#1247 = LINE('',#1248,#1249);
#1248 = CARTESIAN_POINT('',(143.5,1.956060548905,-96.44313548148));
#1249 = VECTOR('',#1250,1.);
#1250 = DIRECTION('',(-0.,-0.622745807407,0.782424219562));
#1251 = PCURVE('',#33,#1252);
#1252 = DEFINITIONAL_REPRESENTATION('',(#1253),#1257);
#1253 = LINE('',#1254,#1255);
#1254 = CARTESIAN_POINT('',(74.443135481483,37.043939451095));
#1255 = VECTOR('',#1256,1.);
#1256 = DIRECTION('',(-0.782424219562,0.622745807407));
#1257 = ( GEOMETRIC_REPRESENTATION_CONTEXT(2) 
PARAMETRIC_REPRESENTATION_CONTEXT() REPRESENTATION_CONTEXT('2D SPACE',''
  ) );
#1258 = PCURVE('',#1259,#1264);
#1259 = PLANE('',#1260);
#1260 = AXIS2_PLACEMENT_3D('',#1261,#1262,#1263);
#1261 = CARTESIAN_POINT('',(143.5,1.956060548905,-96.44313548148));
#1262 = DIRECTION('',(-0.,0.782424219562,0.622745807407));
#1263 = DIRECTION('',(0.,0.622745807407,-0.782424219562));
#1264 = DEFINITIONAL_REPRESENTATION('',(#1265),#1269);
#1265 = LINE('',#1266,#1267);
#1266 = CARTESIAN_POINT('',(-0.,-0.));
#1267 = VECTOR('',#1268,1.);
#1268 = DIRECTION('',(-1.,0.));
#1269 = ( GEOMETRIC_REPRESENTATION_CONTEXT(2) 
PARAMETRIC_REPRESENTATION_CONTEXT() REPRESENTATION_CONTEXT('2D SPACE',''
  ) );
#1270 = FACE_BOUND('',#1271,.T.);
#1271 = EDGE_LOOP('',(#1272));
#1272 = ORIENTED_EDGE('',*,*,#1273,.F.);
#1273 = EDGE_CURVE('',#1274,#1274,#1276,.T.);
#1274 = VERTEX_POINT('',#1275);
#1275 = CARTESIAN_POINT('',(143.5,-69.3,0.));
#1276 = SURFACE_CURVE('',#1277,(#1282,#1289),.PCURVE_S1.);
#1277 = CIRCLE('',#1278,1.7);
#1278 = AXIS2_PLACEMENT_3D('',#1279,#1280,#1281);
#1279 = CARTESIAN_POINT('',(143.5,-71.,0.));
#1280 = DIRECTION('',(-1.,0.,0.));
#1281 = DIRECTION('',(0.,1.,0.));
#1282 = PCURVE('',#33,#1283);
#1283 = DEFINITIONAL_REPRESENTATION('',(#1284),#1288);
#1284 = CIRCLE('',#1285,1.7);
#1285 = AXIS2_PLACEMENT_2D('',#1286,#1287);
#1286 = CARTESIAN_POINT('',(-22.,110.));
#1287 = DIRECTION('',(0.,-1.));
#1288 = ( GEOMETRIC_REPRESENTATION_CONTEXT(2) 
PARAMETRIC_REPRESENTATION_CONTEXT() REPRESENTATION_CONTEXT('2D SPACE',''
  ) );
#1289 = PCURVE('',#1290,#1295);
#1290 = CYLINDRICAL_SURFACE('',#1291,1.7);
#1291 = AXIS2_PLACEMENT_3D('',#1292,#1293,#1294);
#1292 = CARTESIAN_POINT('',(142.,-71.,0.));
#1293 = DIRECTION('',(-1.,-0.,-0.));
#1294 = DIRECTION('',(0.,1.,0.));
#1295 = DEFINITIONAL_REPRESENTATION('',(#1296),#1300);
#1296 = LINE('',#1297,#1298);
#1297 = CARTESIAN_POINT('',(-6.28318530718,-1.5));
#1298 = VECTOR('',#1299,1.);
#1299 = DIRECTION('',(1.,-0.));
#1300 = ( GEOMETRIC_REPRESENTATION_CONTEXT(2) 
PARAMETRIC_REPRESENTATION_CONTEXT() REPRESENTATION_CONTEXT('2D SPACE',''
  ) );
#1301 = FACE_BOUND('',#1302,.T.);
#1302 = EDGE_LOOP('',(#1303));
#1303 = ORIENTED_EDGE('',*,*,#1304,.F.);
#1304 = EDGE_CURVE('',#1305,#1305,#1307,.T.);
#1305 = VERTEX_POINT('',#1306);
#1306 = CARTESIAN_POINT('',(143.5,-83.3,0.));
#1307 = SURFACE_CURVE('',#1308,(#1313,#1320),.PCURVE_S1.);
#1308 = CIRCLE('',#1309,1.7);
#1309 = AXIS2_PLACEMENT_3D('',#1310,#1311,#1312);
#1310 = CARTESIAN_POINT('',(143.5,-85.,0.));
#1311 = DIRECTION('',(-1.,0.,0.));
#1312 = DIRECTION('',(0.,1.,0.));
#1313 = PCURVE('',#33,#1314);
#1314 = DEFINITIONAL_REPRESENTATION('',(#1315),#1319);
#1315 = CIRCLE('',#1316,1.7);
#1316 = AXIS2_PLACEMENT_2D('',#1317,#1318);
#1317 = CARTESIAN_POINT('',(-22.,124.));
#1318 = DIRECTION('',(0.,-1.));
#1319 = ( GEOMETRIC_REPRESENTATION_CONTEXT(2) 
PARAMETRIC_REPRESENTATION_CONTEXT() REPRESENTATION_CONTEXT('2D SPACE',''
  ) );
#1320 = PCURVE('',#1321,#1326);
#1321 = CYLINDRICAL_SURFACE('',#1322,1.7);
#1322 = AXIS2_PLACEMENT_3D('',#1323,#1324,#1325);
#1323 = CARTESIAN_POINT('',(142.,-85.,0.));
#1324 = DIRECTION('',(-1.,-0.,-0.));
#1325 = DIRECTION('',(0.,1.,0.));
#1326 = DEFINITIONAL_REPRESENTATION('',(#1327),#1331);
#1327 = LINE('',#1328,#1329);
#1328 = CARTESIAN_POINT('',(-6.28318530718,-1.5));
#1329 = VECTOR('',#1330,1.);
#1330 = DIRECTION('',(1.,-0.));
#1331 = ( GEOMETRIC_REPRESENTATION_CONTEXT(2) 
PARAMETRIC_REPRESENTATION_CONTEXT() REPRESENTATION_CONTEXT('2D SPACE',''
  ) );
#1332 = FACE_BOUND('',#1333,.T.);
#1333 = EDGE_LOOP('',(#1334));
#1334 = ORIENTED_EDGE('',*,*,#1335,.F.);
#1335 = EDGE_CURVE('',#1336,#1336,#1338,.T.);
#1336 = VERTEX_POINT('',#1337);
#1337 = CARTESIAN_POINT('',(143.5,3.2,-98.));
#1338 = SURFACE_CURVE('',#1339,(#1344,#1351),.PCURVE_S1.);
#1339 = CIRCLE('',#1340,3.2);
#1340 = AXIS2_PLACEMENT_3D('',#1341,#1342,#1343);
#1341 = CARTESIAN_POINT('',(143.5,0.,-98.));
#1342 = DIRECTION('',(-1.,0.,0.));
#1343 = DIRECTION('',(0.,1.,0.));
#1344 = PCURVE('',#33,#1345);
#1345 = DEFINITIONAL_REPRESENTATION('',(#1346),#1350);
#1346 = CIRCLE('',#1347,3.2);
#1347 = AXIS2_PLACEMENT_2D('',#1348,#1349);
#1348 = CARTESIAN_POINT('',(76.,39.));
#1349 = DIRECTION('',(0.,-1.));
#1350 = ( GEOMETRIC_REPRESENTATION_CONTEXT(2) 
PARAMETRIC_REPRESENTATION_CONTEXT() REPRESENTATION_CONTEXT('2D SPACE',''
  ) );
#1351 = PCURVE('',#1352,#1357);
#1352 = CYLINDRICAL_SURFACE('',#1353,3.2);
#1353 = AXIS2_PLACEMENT_3D('',#1354,#1355,#1356);
#1354 = CARTESIAN_POINT('',(142.,0.,-98.));
#1355 = DIRECTION('',(-1.,-0.,-0.));
#1356 = DIRECTION('',(0.,1.,0.));
#1357 = DEFINITIONAL_REPRESENTATION('',(#1358),#1362);
#1358 = LINE('',#1359,#1360);
#1359 = CARTESIAN_POINT('',(-6.28318530718,-1.5));
#1360 = VECTOR('',#1361,1.);
#1361 = DIRECTION('',(1.,-0.));
#1362 = ( GEOMETRIC_REPRESENTATION_CONTEXT(2) 
PARAMETRIC_REPRESENTATION_CONTEXT() REPRESENTATION_CONTEXT('2D SPACE',''
  ) );
#1363 = FACE_BOUND('',#1364,.T.);
#1364 = EDGE_LOOP('',(#1365));
#1365 = ORIENTED_EDGE('',*,*,#1366,.F.);
#1366 = EDGE_CURVE('',#1367,#1367,#1369,.T.);
#1367 = VERTEX_POINT('',#1368);
#1368 = CARTESIAN_POINT('',(143.5,-6.3,-98.));
#1369 = SURFACE_CURVE('',#1370,(#1375,#1382),.PCURVE_S1.);
#1370 = CIRCLE('',#1371,1.7);
#1371 = AXIS2_PLACEMENT_3D('',#1372,#1373,#1374);
#1372 = CARTESIAN_POINT('',(143.5,-8.,-98.));
#1373 = DIRECTION('',(-1.,0.,0.));
#1374 = DIRECTION('',(0.,1.,0.));
#1375 = PCURVE('',#33,#1376);
#1376 = DEFINITIONAL_REPRESENTATION('',(#1377),#1381);
#1377 = CIRCLE('',#1378,1.7);
#1378 = AXIS2_PLACEMENT_2D('',#1379,#1380);
#1379 = CARTESIAN_POINT('',(76.,47.));
#1380 = DIRECTION('',(0.,-1.));
#1381 = ( GEOMETRIC_REPRESENTATION_CONTEXT(2) 
PARAMETRIC_REPRESENTATION_CONTEXT() REPRESENTATION_CONTEXT('2D SPACE',''
  ) );
#1382 = PCURVE('',#1383,#1388);
#1383 = CYLINDRICAL_SURFACE('',#1384,1.7);
#1384 = AXIS2_PLACEMENT_3D('',#1385,#1386,#1387);
#1385 = CARTESIAN_POINT('',(142.,-8.,-98.));
#1386 = DIRECTION('',(-1.,-0.,-0.));
#1387 = DIRECTION('',(0.,1.,0.));
#1388 = DEFINITIONAL_REPRESENTATION('',(#1389),#1393);
#1389 = LINE('',#1390,#1391);
#1390 = CARTESIAN_POINT('',(-6.28318530718,-1.5));
#1391 = VECTOR('',#1392,1.);
#1392 = DIRECTION('',(1.,-0.));
#1393 = ( GEOMETRIC_REPRESENTATION_CONTEXT(2) 
PARAMETRIC_REPRESENTATION_CONTEXT() REPRESENTATION_CONTEXT('2D SPACE',''
  ) );
#1394 = FACE_BOUND('',#1395,.T.);
#1395 = EDGE_LOOP('',(#1396,#1431,#1459,#1487,#1515));
#1396 = ORIENTED_EDGE('',*,*,#1397,.F.);
#1397 = EDGE_CURVE('',#1398,#1400,#1402,.T.);
#1398 = VERTEX_POINT('',#1399);
#1399 = CARTESIAN_POINT('',(143.5,-9.265037900321,-90.37379041032));
#1400 = VERTEX_POINT('',#1401);
#1401 = CARTESIAN_POINT('',(143.5,-11.06865386611,-102.6351808586));
#1402 = SURFACE_CURVE('',#1403,(#1408,#1419),.PCURVE_S1.);
#1403 = CIRCLE('',#1404,12.);
#1404 = AXIS2_PLACEMENT_3D('',#1405,#1406,#1407);
#1405 = CARTESIAN_POINT('',(143.5,0.,-98.));
#1406 = DIRECTION('',(1.,0.,0.));
#1407 = DIRECTION('',(0.,1.,0.));
#1408 = PCURVE('',#33,#1409);
#1409 = DEFINITIONAL_REPRESENTATION('',(#1410),#1418);
#1410 = ( BOUNDED_CURVE() B_SPLINE_CURVE(2,(#1411,#1412,#1413,#1414,
#1415,#1416,#1417),.UNSPECIFIED.,.T.,.F.) B_SPLINE_CURVE_WITH_KNOTS((1,2
    ,2,2,2,1),(-2.094395102393,0.,2.094395102393,4.188790204786,
6.28318530718,8.377580409573),.UNSPECIFIED.) CURVE() 
GEOMETRIC_REPRESENTATION_ITEM() RATIONAL_B_SPLINE_CURVE((1.,0.5,1.,0.5,
1.,0.5,1.)) REPRESENTATION_ITEM('') );
#1411 = CARTESIAN_POINT('',(76.,27.));
#1412 = CARTESIAN_POINT('',(55.215390309173,27.));
#1413 = CARTESIAN_POINT('',(65.607695154587,45.));
#1414 = CARTESIAN_POINT('',(76.,63.));
#1415 = CARTESIAN_POINT('',(86.392304845413,45.));
#1416 = CARTESIAN_POINT('',(96.784609690827,27.));
#1417 = CARTESIAN_POINT('',(76.,27.));
#1418 = ( GEOMETRIC_REPRESENTATION_CONTEXT(2) 
PARAMETRIC_REPRESENTATION_CONTEXT() REPRESENTATION_CONTEXT('2D SPACE',''
  ) );
#1419 = PCURVE('',#1420,#1425);
#1420 = CYLINDRICAL_SURFACE('',#1421,12.);
#1421 = AXIS2_PLACEMENT_3D('',#1422,#1423,#1424);
#1422 = CARTESIAN_POINT('',(143.5,0.,-98.));
#1423 = DIRECTION('',(-1.,-0.,-0.));
#1424 = DIRECTION('',(0.,1.,0.));
#1425 = DEFINITIONAL_REPRESENTATION('',(#1426),#1430);
#1426 = LINE('',#1427,#1428);
#1427 = CARTESIAN_POINT('',(-0.,0.));
#1428 = VECTOR('',#1429,1.);
#1429 = DIRECTION('',(-1.,0.));
#1430 = ( GEOMETRIC_REPRESENTATION_CONTEXT(2) 
PARAMETRIC_REPRESENTATION_CONTEXT() REPRESENTATION_CONTEXT('2D SPACE',''
  ) );
#1431 = ORIENTED_EDGE('',*,*,#1432,.F.);
#1432 = EDGE_CURVE('',#1433,#1398,#1435,.T.);
#1433 = VERTEX_POINT('',#1434);
#1434 = CARTESIAN_POINT('',(143.5,-74.82785067588,-8.));
#1435 = SURFACE_CURVE('',#1436,(#1440,#1447),.PCURVE_S1.);
#1436 = LINE('',#1437,#1438);
#1437 = CARTESIAN_POINT('',(143.5,-79.9560605489,-1.556864518517));
#1438 = VECTOR('',#1439,1.);
#1439 = DIRECTION('',(0.,0.622745807407,-0.782424219562));
#1440 = PCURVE('',#33,#1441);
#1441 = DEFINITIONAL_REPRESENTATION('',(#1442),#1446);
#1442 = LINE('',#1443,#1444);
#1443 = CARTESIAN_POINT('',(-20.44313548148,118.9560605489));
#1444 = VECTOR('',#1445,1.);
#1445 = DIRECTION('',(0.782424219562,-0.622745807407));
#1446 = ( GEOMETRIC_REPRESENTATION_CONTEXT(2) 
PARAMETRIC_REPRESENTATION_CONTEXT() REPRESENTATION_CONTEXT('2D SPACE',''
  ) );
#1447 = PCURVE('',#1448,#1453);
#1448 = PLANE('',#1449);
#1449 = AXIS2_PLACEMENT_3D('',#1450,#1451,#1452);
#1450 = CARTESIAN_POINT('',(143.5,-79.9560605489,-1.556864518517));
#1451 = DIRECTION('',(-0.,-0.782424219562,-0.622745807407));
#1452 = DIRECTION('',(-0.,-0.622745807407,0.782424219562));
#1453 = DEFINITIONAL_REPRESENTATION('',(#1454),#1458);
#1454 = LINE('',#1455,#1456);
#1455 = CARTESIAN_POINT('',(-0.,-0.));
#1456 = VECTOR('',#1457,1.);
#1457 = DIRECTION('',(-1.,0.));
#1458 = ( GEOMETRIC_REPRESENTATION_CONTEXT(2) 
PARAMETRIC_REPRESENTATION_CONTEXT() REPRESENTATION_CONTEXT('2D SPACE',''
  ) );
#1459 = ORIENTED_EDGE('',*,*,#1460,.F.);
#1460 = EDGE_CURVE('',#1461,#1433,#1463,.T.);
#1461 = VERTEX_POINT('',#1462);
#1462 = CARTESIAN_POINT('',(143.5,-75.24700085018,-8.));
#1463 = SURFACE_CURVE('',#1464,(#1468,#1475),.PCURVE_S1.);
#1464 = LINE('',#1465,#1466);
#1465 = CARTESIAN_POINT('',(143.5,-91.,-8.));
#1466 = VECTOR('',#1467,1.);
#1467 = DIRECTION('',(0.,1.,0.));
#1468 = PCURVE('',#33,#1469);
#1469 = DEFINITIONAL_REPRESENTATION('',(#1470),#1474);
#1470 = LINE('',#1471,#1472);
#1471 = CARTESIAN_POINT('',(-14.,130.));
#1472 = VECTOR('',#1473,1.);
#1473 = DIRECTION('',(0.,-1.));
#1474 = ( GEOMETRIC_REPRESENTATION_CONTEXT(2) 
PARAMETRIC_REPRESENTATION_CONTEXT() REPRESENTATION_CONTEXT('2D SPACE',''
  ) );
#1475 = PCURVE('',#1476,#1481);
#1476 = PLANE('',#1477);
#1477 = AXIS2_PLACEMENT_3D('',#1478,#1479,#1480);
#1478 = CARTESIAN_POINT('',(143.5,-91.,-8.));
#1479 = DIRECTION('',(0.,0.,1.));
#1480 = DIRECTION('',(1.,0.,0.));
#1481 = DEFINITIONAL_REPRESENTATION('',(#1482),#1486);
#1482 = LINE('',#1483,#1484);
#1483 = CARTESIAN_POINT('',(0.,0.));
#1484 = VECTOR('',#1485,1.);
#1485 = DIRECTION('',(0.,1.));
#1486 = ( GEOMETRIC_REPRESENTATION_CONTEXT(2) 
PARAMETRIC_REPRESENTATION_CONTEXT() REPRESENTATION_CONTEXT('2D SPACE',''
  ) );
#1487 = ORIENTED_EDGE('',*,*,#1488,.F.);
#1488 = EDGE_CURVE('',#1489,#1461,#1491,.T.);
#1489 = VERTEX_POINT('',#1490);
#1490 = CARTESIAN_POINT('',(143.5,-79.80630337595,-154.8095413299));
#1491 = SURFACE_CURVE('',#1492,(#1496,#1503),.PCURVE_S1.);
#1492 = LINE('',#1493,#1494);
#1493 = CARTESIAN_POINT('',(143.5,-80.00144565781,-161.0931228056));
#1494 = VECTOR('',#1495,1.);
#1495 = DIRECTION('',(-0.,3.104093521936E-02,0.999518114063));
#1496 = PCURVE('',#33,#1497);
#1497 = DEFINITIONAL_REPRESENTATION('',(#1498),#1502);
#1498 = LINE('',#1499,#1500);
#1499 = CARTESIAN_POINT('',(139.09312280565,119.00144565781));
#1500 = VECTOR('',#1501,1.);
#1501 = DIRECTION('',(-0.999518114063,-3.104093521936E-02));
#1502 = ( GEOMETRIC_REPRESENTATION_CONTEXT(2) 
PARAMETRIC_REPRESENTATION_CONTEXT() REPRESENTATION_CONTEXT('2D SPACE',''
  ) );
#1503 = PCURVE('',#1504,#1509);
#1504 = PLANE('',#1505);
#1505 = AXIS2_PLACEMENT_3D('',#1506,#1507,#1508);
#1506 = CARTESIAN_POINT('',(143.5,-80.00144565781,-161.0931228056));
#1507 = DIRECTION('',(0.,0.999518114063,-3.104093521936E-02));
#1508 = DIRECTION('',(0.,-3.104093521936E-02,-0.999518114063));
#1509 = DEFINITIONAL_REPRESENTATION('',(#1510),#1514);
#1510 = LINE('',#1511,#1512);
#1511 = CARTESIAN_POINT('',(-0.,0.));
#1512 = VECTOR('',#1513,1.);
#1513 = DIRECTION('',(-1.,0.));
#1514 = ( GEOMETRIC_REPRESENTATION_CONTEXT(2) 
PARAMETRIC_REPRESENTATION_CONTEXT() REPRESENTATION_CONTEXT('2D SPACE',''
  ) );
#1515 = ORIENTED_EDGE('',*,*,#1516,.F.);
#1516 = EDGE_CURVE('',#1400,#1489,#1517,.T.);
#1517 = SURFACE_CURVE('',#1518,(#1522,#1529),.PCURVE_S1.);
#1518 = LINE('',#1519,#1520);
#1519 = CARTESIAN_POINT('',(143.5,-1.81378950864,-95.61040429814));
#1520 = VECTOR('',#1521,1.);
#1521 = DIRECTION('',(-0.,-0.79653190062,-0.60459650288));
#1522 = PCURVE('',#33,#1523);
#1523 = DEFINITIONAL_REPRESENTATION('',(#1524),#1528);
#1524 = LINE('',#1525,#1526);
#1525 = CARTESIAN_POINT('',(73.61040429814,40.81378950864));
#1526 = VECTOR('',#1527,1.);
#1527 = DIRECTION('',(0.60459650288,0.79653190062));
#1528 = ( GEOMETRIC_REPRESENTATION_CONTEXT(2) 
PARAMETRIC_REPRESENTATION_CONTEXT() REPRESENTATION_CONTEXT('2D SPACE',''
  ) );
#1529 = PCURVE('',#1530,#1535);
#1530 = PLANE('',#1531);
#1531 = AXIS2_PLACEMENT_3D('',#1532,#1533,#1534);
#1532 = CARTESIAN_POINT('',(143.5,-1.81378950864,-95.61040429814));
#1533 = DIRECTION('',(-0.,-0.60459650288,0.79653190062));
#1534 = DIRECTION('',(0.,0.79653190062,0.60459650288));
#1535 = DEFINITIONAL_REPRESENTATION('',(#1536),#1540);
#1536 = LINE('',#1537,#1538);
#1537 = CARTESIAN_POINT('',(-0.,-0.));
#1538 = VECTOR('',#1539,1.);
#1539 = DIRECTION('',(-1.,0.));
#1540 = ( GEOMETRIC_REPRESENTATION_CONTEXT(2) 
PARAMETRIC_REPRESENTATION_CONTEXT() REPRESENTATION_CONTEXT('2D SPACE',''
  ) );
#1541 = ADVANCED_FACE('',(#1542),#49,.T.);
#1542 = FACE_BOUND('',#1543,.F.);
#1543 = EDGE_LOOP('',(#1544,#1545,#1566,#1595));
#1544 = ORIENTED_EDGE('',*,*,#21,.F.);
#1545 = ORIENTED_EDGE('',*,*,#1546,.F.);
#1546 = EDGE_CURVE('',#1547,#22,#1549,.T.);
#1547 = VERTEX_POINT('',#1548);
#1548 = CARTESIAN_POINT('',(146.5,8.645891740625,-35.67842827289));
#1549 = SURFACE_CURVE('',#1550,(#1554,#1560),.PCURVE_S1.);
#1550 = LINE('',#1551,#1552);
#1551 = CARTESIAN_POINT('',(143.5,8.645891740625,-35.67842827289));
#1552 = VECTOR('',#1553,1.);
#1553 = DIRECTION('',(-1.,-0.,-0.));
#1554 = PCURVE('',#49,#1555);
#1555 = DEFINITIONAL_REPRESENTATION('',(#1556),#1559);
#1556 = B_SPLINE_CURVE_WITH_KNOTS('',1,(#1557,#1558),.UNSPECIFIED.,.F.,
  .F.,(2,2),(-3.0000006,5.999999928008E-07),.PIECEWISE_BEZIER_KNOTS.);
#1557 = CARTESIAN_POINT('',(-0.766286259865,-3.0000006));
#1558 = CARTESIAN_POINT('',(-0.766286259865,5.999999928008E-07));
#1559 = ( GEOMETRIC_REPRESENTATION_CONTEXT(2) 
PARAMETRIC_REPRESENTATION_CONTEXT() REPRESENTATION_CONTEXT('2D SPACE',''
  ) );
#1560 = PCURVE('',#77,#1561);
#1561 = DEFINITIONAL_REPRESENTATION('',(#1562),#1565);
#1562 = B_SPLINE_CURVE_WITH_KNOTS('',1,(#1563,#1564),.UNSPECIFIED.,.F.,
  .F.,(2,2),(-3.0000006,5.999999928008E-07),.PIECEWISE_BEZIER_KNOTS.);
#1563 = CARTESIAN_POINT('',(11.618950038622,-3.0000006));
#1564 = CARTESIAN_POINT('',(11.618950038622,5.999999928008E-07));
#1565 = ( GEOMETRIC_REPRESENTATION_CONTEXT(2) 
PARAMETRIC_REPRESENTATION_CONTEXT() REPRESENTATION_CONTEXT('2D SPACE',''
  ) );
#1566 = ORIENTED_EDGE('',*,*,#1567,.T.);
#1567 = EDGE_CURVE('',#1547,#1568,#1570,.T.);
#1568 = VERTEX_POINT('',#1569);
#1569 = CARTESIAN_POINT('',(146.5,-8.645891740625,-35.67842827289));
#1570 = SURFACE_CURVE('',#1571,(#1576,#1583),.PCURVE_S1.);
#1571 = CIRCLE('',#1572,12.);
#1572 = AXIS2_PLACEMENT_3D('',#1573,#1574,#1575);
#1573 = CARTESIAN_POINT('',(146.5,0.,-44.));
#1574 = DIRECTION('',(1.,0.,0.));
#1575 = DIRECTION('',(0.,1.,0.));
#1576 = PCURVE('',#49,#1577);
#1577 = DEFINITIONAL_REPRESENTATION('',(#1578),#1582);
#1578 = LINE('',#1579,#1580);
#1579 = CARTESIAN_POINT('',(-0.,-3.));
#1580 = VECTOR('',#1581,1.);
#1581 = DIRECTION('',(-1.,0.));
#1582 = ( GEOMETRIC_REPRESENTATION_CONTEXT(2) 
PARAMETRIC_REPRESENTATION_CONTEXT() REPRESENTATION_CONTEXT('2D SPACE',''
  ) );
#1583 = PCURVE('',#1584,#1589);
#1584 = PLANE('',#1585);
#1585 = AXIS2_PLACEMENT_3D('',#1586,#1587,#1588);
#1586 = CARTESIAN_POINT('',(146.5,65.,-8.));
#1587 = DIRECTION('',(1.,0.,0.));
#1588 = DIRECTION('',(0.,0.,1.));
#1589 = DEFINITIONAL_REPRESENTATION('',(#1590),#1594);
#1590 = CIRCLE('',#1591,12.);
#1591 = AXIS2_PLACEMENT_2D('',#1592,#1593);
#1592 = CARTESIAN_POINT('',(-36.,65.));
#1593 = DIRECTION('',(0.,-1.));
#1594 = ( GEOMETRIC_REPRESENTATION_CONTEXT(2) 
PARAMETRIC_REPRESENTATION_CONTEXT() REPRESENTATION_CONTEXT('2D SPACE',''
  ) );
#1595 = ORIENTED_EDGE('',*,*,#1596,.T.);
#1596 = EDGE_CURVE('',#1568,#24,#1597,.T.);
#1597 = SURFACE_CURVE('',#1598,(#1602,#1608),.PCURVE_S1.);
#1598 = LINE('',#1599,#1600);
#1599 = CARTESIAN_POINT('',(143.5,-8.645891740625,-35.67842827289));
#1600 = VECTOR('',#1601,1.);
#1601 = DIRECTION('',(-1.,-0.,-0.));
#1602 = PCURVE('',#49,#1603);
#1603 = DEFINITIONAL_REPRESENTATION('',(#1604),#1607);
#1604 = B_SPLINE_CURVE_WITH_KNOTS('',1,(#1605,#1606),.UNSPECIFIED.,.F.,
  .F.,(2,2),(-3.0000006,5.999999928008E-07),.PIECEWISE_BEZIER_KNOTS.);
#1605 = CARTESIAN_POINT('',(-2.375306393725,-3.0000006));
#1606 = CARTESIAN_POINT('',(-2.375306393725,5.999999928008E-07));
#1607 = ( GEOMETRIC_REPRESENTATION_CONTEXT(2) 
PARAMETRIC_REPRESENTATION_CONTEXT() REPRESENTATION_CONTEXT('2D SPACE',''
  ) );
#1608 = PCURVE('',#696,#1609);
#1609 = DEFINITIONAL_REPRESENTATION('',(#1610),#1613);
#1610 = B_SPLINE_CURVE_WITH_KNOTS('',1,(#1611,#1612),.UNSPECIFIED.,.F.,
  .F.,(2,2),(-3.0000006,5.999999928008E-07),.PIECEWISE_BEZIER_KNOTS.);
#1611 = CARTESIAN_POINT('',(-11.61895003862,-3.0000006));
#1612 = CARTESIAN_POINT('',(-11.61895003862,5.999999928008E-07));
#1613 = ( GEOMETRIC_REPRESENTATION_CONTEXT(2) 
PARAMETRIC_REPRESENTATION_CONTEXT() REPRESENTATION_CONTEXT('2D SPACE',''
  ) );
#1614 = ADVANCED_FACE('',(#1615),#77,.T.);
#1615 = FACE_BOUND('',#1616,.T.);
#1616 = EDGE_LOOP('',(#1617,#1618,#1619,#1642));
#1617 = ORIENTED_EDGE('',*,*,#61,.F.);
#1618 = ORIENTED_EDGE('',*,*,#1546,.F.);
#1619 = ORIENTED_EDGE('',*,*,#1620,.T.);
#1620 = EDGE_CURVE('',#1547,#1621,#1623,.T.);
#1621 = VERTEX_POINT('',#1622);
#1622 = CARTESIAN_POINT('',(146.5,65.,-3.888931306066));
#1623 = SURFACE_CURVE('',#1624,(#1628,#1635),.PCURVE_S1.);
#1624 = LINE('',#1625,#1626);
#1625 = CARTESIAN_POINT('',(146.5,-1.473963560796,-41.38706459677));
#1626 = VECTOR('',#1627,1.);
#1627 = DIRECTION('',(0.,0.870978467743,0.491321186932));
#1628 = PCURVE('',#77,#1629);
#1629 = DEFINITIONAL_REPRESENTATION('',(#1630),#1634);
#1630 = LINE('',#1631,#1632);
#1631 = CARTESIAN_POINT('',(0.,-3.));
#1632 = VECTOR('',#1633,1.);
#1633 = DIRECTION('',(1.,0.));
#1634 = ( GEOMETRIC_REPRESENTATION_CONTEXT(2) 
PARAMETRIC_REPRESENTATION_CONTEXT() REPRESENTATION_CONTEXT('2D SPACE',''
  ) );
#1635 = PCURVE('',#1584,#1636);
#1636 = DEFINITIONAL_REPRESENTATION('',(#1637),#1641);
#1637 = LINE('',#1638,#1639);
#1638 = CARTESIAN_POINT('',(-33.38706459677,66.473963560796));
#1639 = VECTOR('',#1640,1.);
#1640 = DIRECTION('',(0.491321186932,-0.870978467743));
#1641 = ( GEOMETRIC_REPRESENTATION_CONTEXT(2) 
PARAMETRIC_REPRESENTATION_CONTEXT() REPRESENTATION_CONTEXT('2D SPACE',''
  ) );
#1642 = ORIENTED_EDGE('',*,*,#1643,.T.);
#1643 = EDGE_CURVE('',#1621,#62,#1644,.T.);
#1644 = SURFACE_CURVE('',#1645,(#1649,#1655),.PCURVE_S1.);
#1645 = LINE('',#1646,#1647);
#1646 = CARTESIAN_POINT('',(143.5,65.,-3.888931306066));
#1647 = VECTOR('',#1648,1.);
#1648 = DIRECTION('',(-1.,0.,0.));
#1649 = PCURVE('',#77,#1650);
#1650 = DEFINITIONAL_REPRESENTATION('',(#1651),#1654);
#1651 = B_SPLINE_CURVE_WITH_KNOTS('',1,(#1652,#1653),.UNSPECIFIED.,.F.,
  .F.,(2,2),(-3.,0.),.PIECEWISE_BEZIER_KNOTS.);
#1652 = CARTESIAN_POINT('',(76.321018283101,-3.));
#1653 = CARTESIAN_POINT('',(76.321018283101,0.));
#1654 = ( GEOMETRIC_REPRESENTATION_CONTEXT(2) 
PARAMETRIC_REPRESENTATION_CONTEXT() REPRESENTATION_CONTEXT('2D SPACE',''
  ) );
#1655 = PCURVE('',#105,#1656);
#1656 = DEFINITIONAL_REPRESENTATION('',(#1657),#1660);
#1657 = B_SPLINE_CURVE_WITH_KNOTS('',1,(#1658,#1659),.UNSPECIFIED.,.F.,
  .F.,(2,2),(-3.,0.),.PIECEWISE_BEZIER_KNOTS.);
#1658 = CARTESIAN_POINT('',(4.111068693934,3.));
#1659 = CARTESIAN_POINT('',(4.111068693934,0.));
#1660 = ( GEOMETRIC_REPRESENTATION_CONTEXT(2) 
PARAMETRIC_REPRESENTATION_CONTEXT() REPRESENTATION_CONTEXT('2D SPACE',''
  ) );
#1661 = ADVANCED_FACE('',(#1662),#696,.T.);
#1662 = FACE_BOUND('',#1663,.F.);
#1663 = EDGE_LOOP('',(#1664,#1665,#1666,#1689));
#1664 = ORIENTED_EDGE('',*,*,#682,.F.);
#1665 = ORIENTED_EDGE('',*,*,#1596,.F.);
#1666 = ORIENTED_EDGE('',*,*,#1667,.T.);
#1667 = EDGE_CURVE('',#1568,#1668,#1670,.T.);
#1668 = VERTEX_POINT('',#1669);
#1669 = CARTESIAN_POINT('',(146.5,-65.,-3.888931306066));
#1670 = SURFACE_CURVE('',#1671,(#1675,#1682),.PCURVE_S1.);
#1671 = LINE('',#1672,#1673);
#1672 = CARTESIAN_POINT('',(146.5,1.473963560796,-41.38706459677));
#1673 = VECTOR('',#1674,1.);
#1674 = DIRECTION('',(-0.,-0.870978467743,0.491321186932));
#1675 = PCURVE('',#696,#1676);
#1676 = DEFINITIONAL_REPRESENTATION('',(#1677),#1681);
#1677 = LINE('',#1678,#1679);
#1678 = CARTESIAN_POINT('',(-0.,-3.));
#1679 = VECTOR('',#1680,1.);
#1680 = DIRECTION('',(-1.,0.));
#1681 = ( GEOMETRIC_REPRESENTATION_CONTEXT(2) 
PARAMETRIC_REPRESENTATION_CONTEXT() REPRESENTATION_CONTEXT('2D SPACE',''
  ) );
#1682 = PCURVE('',#1584,#1683);
#1683 = DEFINITIONAL_REPRESENTATION('',(#1684),#1688);
#1684 = LINE('',#1685,#1686);
#1685 = CARTESIAN_POINT('',(-33.38706459677,63.526036439204));
#1686 = VECTOR('',#1687,1.);
#1687 = DIRECTION('',(0.491321186932,0.870978467743));
#1688 = ( GEOMETRIC_REPRESENTATION_CONTEXT(2) 
PARAMETRIC_REPRESENTATION_CONTEXT() REPRESENTATION_CONTEXT('2D SPACE',''
  ) );
#1689 = ORIENTED_EDGE('',*,*,#1690,.F.);
#1690 = EDGE_CURVE('',#655,#1668,#1691,.T.);
#1691 = SURFACE_CURVE('',#1692,(#1696,#1702),.PCURVE_S1.);
#1692 = LINE('',#1693,#1694);
#1693 = CARTESIAN_POINT('',(143.5,-65.,-3.888931306066));
#1694 = VECTOR('',#1695,1.);
#1695 = DIRECTION('',(1.,-0.,0.));
#1696 = PCURVE('',#696,#1697);
#1697 = DEFINITIONAL_REPRESENTATION('',(#1698),#1701);
#1698 = B_SPLINE_CURVE_WITH_KNOTS('',1,(#1699,#1700),.UNSPECIFIED.,.F.,
  .F.,(2,2),(0.,3.),.PIECEWISE_BEZIER_KNOTS.);
#1699 = CARTESIAN_POINT('',(-76.3210182831,0.));
#1700 = CARTESIAN_POINT('',(-76.3210182831,-3.));
#1701 = ( GEOMETRIC_REPRESENTATION_CONTEXT(2) 
PARAMETRIC_REPRESENTATION_CONTEXT() REPRESENTATION_CONTEXT('2D SPACE',''
  ) );
#1702 = PCURVE('',#670,#1703);
#1703 = DEFINITIONAL_REPRESENTATION('',(#1704),#1707);
#1704 = B_SPLINE_CURVE_WITH_KNOTS('',1,(#1705,#1706),.UNSPECIFIED.,.F.,
  .F.,(2,2),(0.,3.),.PIECEWISE_BEZIER_KNOTS.);
#1705 = CARTESIAN_POINT('',(4.111068693934,0.));
#1706 = CARTESIAN_POINT('',(4.111068693934,3.));
#1707 = ( GEOMETRIC_REPRESENTATION_CONTEXT(2) 
PARAMETRIC_REPRESENTATION_CONTEXT() REPRESENTATION_CONTEXT('2D SPACE',''
  ) );
#1708 = ADVANCED_FACE('',(#1709),#105,.F.);
#1709 = FACE_BOUND('',#1710,.F.);
#1710 = EDGE_LOOP('',(#1711,#1734,#1735,#1736));
#1711 = ORIENTED_EDGE('',*,*,#1712,.F.);
#1712 = EDGE_CURVE('',#1621,#1713,#1715,.T.);
#1713 = VERTEX_POINT('',#1714);
#1714 = CARTESIAN_POINT('',(146.5,65.,8.));
#1715 = SURFACE_CURVE('',#1716,(#1720,#1727),.PCURVE_S1.);
#1716 = LINE('',#1717,#1718);
#1717 = CARTESIAN_POINT('',(146.5,65.,-8.));
#1718 = VECTOR('',#1719,1.);
#1719 = DIRECTION('',(0.,0.,1.));
#1720 = PCURVE('',#105,#1721);
#1721 = DEFINITIONAL_REPRESENTATION('',(#1722),#1726);
#1722 = LINE('',#1723,#1724);
#1723 = CARTESIAN_POINT('',(0.,3.));
#1724 = VECTOR('',#1725,1.);
#1725 = DIRECTION('',(1.,0.));
#1726 = ( GEOMETRIC_REPRESENTATION_CONTEXT(2) 
PARAMETRIC_REPRESENTATION_CONTEXT() REPRESENTATION_CONTEXT('2D SPACE',''
  ) );
#1727 = PCURVE('',#1584,#1728);
#1728 = DEFINITIONAL_REPRESENTATION('',(#1729),#1733);
#1729 = LINE('',#1730,#1731);
#1730 = CARTESIAN_POINT('',(0.,0.));
#1731 = VECTOR('',#1732,1.);
#1732 = DIRECTION('',(1.,0.));
#1733 = ( GEOMETRIC_REPRESENTATION_CONTEXT(2) 
PARAMETRIC_REPRESENTATION_CONTEXT() REPRESENTATION_CONTEXT('2D SPACE',''
  ) );
#1734 = ORIENTED_EDGE('',*,*,#1643,.T.);
#1735 = ORIENTED_EDGE('',*,*,#89,.T.);
#1736 = ORIENTED_EDGE('',*,*,#1737,.T.);
#1737 = EDGE_CURVE('',#90,#1713,#1738,.T.);
#1738 = SURFACE_CURVE('',#1739,(#1743,#1750),.PCURVE_S1.);
#1739 = LINE('',#1740,#1741);
#1740 = CARTESIAN_POINT('',(143.5,65.,8.));
#1741 = VECTOR('',#1742,1.);
#1742 = DIRECTION('',(1.,0.,0.));
#1743 = PCURVE('',#105,#1744);
#1744 = DEFINITIONAL_REPRESENTATION('',(#1745),#1749);
#1745 = LINE('',#1746,#1747);
#1746 = CARTESIAN_POINT('',(16.,0.));
#1747 = VECTOR('',#1748,1.);
#1748 = DIRECTION('',(0.,1.));
#1749 = ( GEOMETRIC_REPRESENTATION_CONTEXT(2) 
PARAMETRIC_REPRESENTATION_CONTEXT() REPRESENTATION_CONTEXT('2D SPACE',''
  ) );
#1750 = PCURVE('',#133,#1751);
#1751 = DEFINITIONAL_REPRESENTATION('',(#1752),#1756);
#1752 = LINE('',#1753,#1754);
#1753 = CARTESIAN_POINT('',(0.,0.));
#1754 = VECTOR('',#1755,1.);
#1755 = DIRECTION('',(1.,0.));
#1756 = ( GEOMETRIC_REPRESENTATION_CONTEXT(2) 
PARAMETRIC_REPRESENTATION_CONTEXT() REPRESENTATION_CONTEXT('2D SPACE',''
  ) );
#1757 = ADVANCED_FACE('',(#1758),#670,.T.);
#1758 = FACE_BOUND('',#1759,.T.);
#1759 = EDGE_LOOP('',(#1760,#1783,#1784,#1785));
#1760 = ORIENTED_EDGE('',*,*,#1761,.F.);
#1761 = EDGE_CURVE('',#1668,#1762,#1764,.T.);
#1762 = VERTEX_POINT('',#1763);
#1763 = CARTESIAN_POINT('',(146.5,-65.,8.));
#1764 = SURFACE_CURVE('',#1765,(#1769,#1776),.PCURVE_S1.);
#1765 = LINE('',#1766,#1767);
#1766 = CARTESIAN_POINT('',(146.5,-65.,-8.));
#1767 = VECTOR('',#1768,1.);
#1768 = DIRECTION('',(0.,0.,1.));
#1769 = PCURVE('',#670,#1770);
#1770 = DEFINITIONAL_REPRESENTATION('',(#1771),#1775);
#1771 = LINE('',#1772,#1773);
#1772 = CARTESIAN_POINT('',(0.,3.));
#1773 = VECTOR('',#1774,1.);
#1774 = DIRECTION('',(1.,0.));
#1775 = ( GEOMETRIC_REPRESENTATION_CONTEXT(2) 
PARAMETRIC_REPRESENTATION_CONTEXT() REPRESENTATION_CONTEXT('2D SPACE',''
  ) );
#1776 = PCURVE('',#1584,#1777);
#1777 = DEFINITIONAL_REPRESENTATION('',(#1778),#1782);
#1778 = LINE('',#1779,#1780);
#1779 = CARTESIAN_POINT('',(0.,130.));
#1780 = VECTOR('',#1781,1.);
#1781 = DIRECTION('',(1.,0.));
#1782 = ( GEOMETRIC_REPRESENTATION_CONTEXT(2) 
PARAMETRIC_REPRESENTATION_CONTEXT() REPRESENTATION_CONTEXT('2D SPACE',''
  ) );
#1783 = ORIENTED_EDGE('',*,*,#1690,.F.);
#1784 = ORIENTED_EDGE('',*,*,#654,.T.);
#1785 = ORIENTED_EDGE('',*,*,#1786,.T.);
#1786 = EDGE_CURVE('',#627,#1762,#1787,.T.);
#1787 = SURFACE_CURVE('',#1788,(#1792,#1799),.PCURVE_S1.);
#1788 = LINE('',#1789,#1790);
#1789 = CARTESIAN_POINT('',(143.5,-65.,8.));
#1790 = VECTOR('',#1791,1.);
#1791 = DIRECTION('',(1.,0.,0.));
#1792 = PCURVE('',#670,#1793);
#1793 = DEFINITIONAL_REPRESENTATION('',(#1794),#1798);
#1794 = LINE('',#1795,#1796);
#1795 = CARTESIAN_POINT('',(16.,0.));
#1796 = VECTOR('',#1797,1.);
#1797 = DIRECTION('',(0.,1.));
#1798 = ( GEOMETRIC_REPRESENTATION_CONTEXT(2) 
PARAMETRIC_REPRESENTATION_CONTEXT() REPRESENTATION_CONTEXT('2D SPACE',''
  ) );
#1799 = PCURVE('',#642,#1800);
#1800 = DEFINITIONAL_REPRESENTATION('',(#1801),#1805);
#1801 = LINE('',#1802,#1803);
#1802 = CARTESIAN_POINT('',(0.,26.));
#1803 = VECTOR('',#1804,1.);
#1804 = DIRECTION('',(1.,0.));
#1805 = ( GEOMETRIC_REPRESENTATION_CONTEXT(2) 
PARAMETRIC_REPRESENTATION_CONTEXT() REPRESENTATION_CONTEXT('2D SPACE',''
  ) );
#1806 = ADVANCED_FACE('',(#1807),#133,.T.);
#1807 = FACE_BOUND('',#1808,.T.);
#1808 = EDGE_LOOP('',(#1809,#1810,#1811,#1834));
#1809 = ORIENTED_EDGE('',*,*,#117,.F.);
#1810 = ORIENTED_EDGE('',*,*,#1737,.T.);
#1811 = ORIENTED_EDGE('',*,*,#1812,.T.);
#1812 = EDGE_CURVE('',#1713,#1813,#1815,.T.);
#1813 = VERTEX_POINT('',#1814);
#1814 = CARTESIAN_POINT('',(146.5,91.,8.));
#1815 = SURFACE_CURVE('',#1816,(#1820,#1827),.PCURVE_S1.);
#1816 = LINE('',#1817,#1818);
#1817 = CARTESIAN_POINT('',(146.5,65.,8.));
#1818 = VECTOR('',#1819,1.);
#1819 = DIRECTION('',(0.,1.,0.));
#1820 = PCURVE('',#133,#1821);
#1821 = DEFINITIONAL_REPRESENTATION('',(#1822),#1826);
#1822 = LINE('',#1823,#1824);
#1823 = CARTESIAN_POINT('',(3.,0.));
#1824 = VECTOR('',#1825,1.);
#1825 = DIRECTION('',(0.,1.));
#1826 = ( GEOMETRIC_REPRESENTATION_CONTEXT(2) 
PARAMETRIC_REPRESENTATION_CONTEXT() REPRESENTATION_CONTEXT('2D SPACE',''
  ) );
#1827 = PCURVE('',#1584,#1828);
#1828 = DEFINITIONAL_REPRESENTATION('',(#1829),#1833);
#1829 = LINE('',#1830,#1831);
#1830 = CARTESIAN_POINT('',(16.,0.));
#1831 = VECTOR('',#1832,1.);
#1832 = DIRECTION('',(0.,-1.));
#1833 = ( GEOMETRIC_REPRESENTATION_CONTEXT(2) 
PARAMETRIC_REPRESENTATION_CONTEXT() REPRESENTATION_CONTEXT('2D SPACE',''
  ) );
#1834 = ORIENTED_EDGE('',*,*,#1835,.F.);
#1835 = EDGE_CURVE('',#118,#1813,#1836,.T.);
#1836 = SURFACE_CURVE('',#1837,(#1841,#1848),.PCURVE_S1.);
#1837 = LINE('',#1838,#1839);
#1838 = CARTESIAN_POINT('',(143.5,91.,8.));
#1839 = VECTOR('',#1840,1.);
#1840 = DIRECTION('',(1.,0.,0.));
#1841 = PCURVE('',#133,#1842);
#1842 = DEFINITIONAL_REPRESENTATION('',(#1843),#1847);
#1843 = LINE('',#1844,#1845);
#1844 = CARTESIAN_POINT('',(0.,26.));
#1845 = VECTOR('',#1846,1.);
#1846 = DIRECTION('',(1.,0.));
#1847 = ( GEOMETRIC_REPRESENTATION_CONTEXT(2) 
PARAMETRIC_REPRESENTATION_CONTEXT() REPRESENTATION_CONTEXT('2D SPACE',''
  ) );
#1848 = PCURVE('',#161,#1849);
#1849 = DEFINITIONAL_REPRESENTATION('',(#1850),#1854);
#1850 = LINE('',#1851,#1852);
#1851 = CARTESIAN_POINT('',(16.,0.));
#1852 = VECTOR('',#1853,1.);
#1853 = DIRECTION('',(0.,1.));
#1854 = ( GEOMETRIC_REPRESENTATION_CONTEXT(2) 
PARAMETRIC_REPRESENTATION_CONTEXT() REPRESENTATION_CONTEXT('2D SPACE',''
  ) );
#1855 = ADVANCED_FACE('',(#1856),#642,.T.);
#1856 = FACE_BOUND('',#1857,.T.);
#1857 = EDGE_LOOP('',(#1858,#1859,#1882,#1903));
#1858 = ORIENTED_EDGE('',*,*,#626,.F.);
#1859 = ORIENTED_EDGE('',*,*,#1860,.T.);
#1860 = EDGE_CURVE('',#599,#1861,#1863,.T.);
#1861 = VERTEX_POINT('',#1862);
#1862 = CARTESIAN_POINT('',(146.5,-91.,8.));
#1863 = SURFACE_CURVE('',#1864,(#1868,#1875),.PCURVE_S1.);
#1864 = LINE('',#1865,#1866);
#1865 = CARTESIAN_POINT('',(143.5,-91.,8.));
#1866 = VECTOR('',#1867,1.);
#1867 = DIRECTION('',(1.,0.,0.));
#1868 = PCURVE('',#642,#1869);
#1869 = DEFINITIONAL_REPRESENTATION('',(#1870),#1874);
#1870 = LINE('',#1871,#1872);
#1871 = CARTESIAN_POINT('',(0.,0.));
#1872 = VECTOR('',#1873,1.);
#1873 = DIRECTION('',(1.,0.));
#1874 = ( GEOMETRIC_REPRESENTATION_CONTEXT(2) 
PARAMETRIC_REPRESENTATION_CONTEXT() REPRESENTATION_CONTEXT('2D SPACE',''
  ) );
#1875 = PCURVE('',#614,#1876);
#1876 = DEFINITIONAL_REPRESENTATION('',(#1877),#1881);
#1877 = LINE('',#1878,#1879);
#1878 = CARTESIAN_POINT('',(16.,0.));
#1879 = VECTOR('',#1880,1.);
#1880 = DIRECTION('',(0.,1.));
#1881 = ( GEOMETRIC_REPRESENTATION_CONTEXT(2) 
PARAMETRIC_REPRESENTATION_CONTEXT() REPRESENTATION_CONTEXT('2D SPACE',''
  ) );
#1882 = ORIENTED_EDGE('',*,*,#1883,.T.);
#1883 = EDGE_CURVE('',#1861,#1762,#1884,.T.);
#1884 = SURFACE_CURVE('',#1885,(#1889,#1896),.PCURVE_S1.);
#1885 = LINE('',#1886,#1887);
#1886 = CARTESIAN_POINT('',(146.5,-91.,8.));
#1887 = VECTOR('',#1888,1.);
#1888 = DIRECTION('',(0.,1.,0.));
#1889 = PCURVE('',#642,#1890);
#1890 = DEFINITIONAL_REPRESENTATION('',(#1891),#1895);
#1891 = LINE('',#1892,#1893);
#1892 = CARTESIAN_POINT('',(3.,0.));
#1893 = VECTOR('',#1894,1.);
#1894 = DIRECTION('',(0.,1.));
#1895 = ( GEOMETRIC_REPRESENTATION_CONTEXT(2) 
PARAMETRIC_REPRESENTATION_CONTEXT() REPRESENTATION_CONTEXT('2D SPACE',''
  ) );
#1896 = PCURVE('',#1584,#1897);
#1897 = DEFINITIONAL_REPRESENTATION('',(#1898),#1902);
#1898 = LINE('',#1899,#1900);
#1899 = CARTESIAN_POINT('',(16.,156.));
#1900 = VECTOR('',#1901,1.);
#1901 = DIRECTION('',(0.,-1.));
#1902 = ( GEOMETRIC_REPRESENTATION_CONTEXT(2) 
PARAMETRIC_REPRESENTATION_CONTEXT() REPRESENTATION_CONTEXT('2D SPACE',''
  ) );
#1903 = ORIENTED_EDGE('',*,*,#1786,.F.);
#1904 = ADVANCED_FACE('',(#1905),#161,.T.);
#1905 = FACE_BOUND('',#1906,.T.);
#1906 = EDGE_LOOP('',(#1907,#1930,#1931,#1932));
#1907 = ORIENTED_EDGE('',*,*,#1908,.F.);
#1908 = EDGE_CURVE('',#146,#1909,#1911,.T.);
#1909 = VERTEX_POINT('',#1910);
#1910 = CARTESIAN_POINT('',(146.5,91.,-8.));
#1911 = SURFACE_CURVE('',#1912,(#1916,#1923),.PCURVE_S1.);
#1912 = LINE('',#1913,#1914);
#1913 = CARTESIAN_POINT('',(143.5,91.,-8.));
#1914 = VECTOR('',#1915,1.);
#1915 = DIRECTION('',(1.,0.,0.));
#1916 = PCURVE('',#161,#1917);
#1917 = DEFINITIONAL_REPRESENTATION('',(#1918),#1922);
#1918 = LINE('',#1919,#1920);
#1919 = CARTESIAN_POINT('',(0.,0.));
#1920 = VECTOR('',#1921,1.);
#1921 = DIRECTION('',(0.,1.));
#1922 = ( GEOMETRIC_REPRESENTATION_CONTEXT(2) 
PARAMETRIC_REPRESENTATION_CONTEXT() REPRESENTATION_CONTEXT('2D SPACE',''
  ) );
#1923 = PCURVE('',#189,#1924);
#1924 = DEFINITIONAL_REPRESENTATION('',(#1925),#1929);
#1925 = LINE('',#1926,#1927);
#1926 = CARTESIAN_POINT('',(0.,26.));
#1927 = VECTOR('',#1928,1.);
#1928 = DIRECTION('',(1.,0.));
#1929 = ( GEOMETRIC_REPRESENTATION_CONTEXT(2) 
PARAMETRIC_REPRESENTATION_CONTEXT() REPRESENTATION_CONTEXT('2D SPACE',''
  ) );
#1930 = ORIENTED_EDGE('',*,*,#145,.T.);
#1931 = ORIENTED_EDGE('',*,*,#1835,.T.);
#1932 = ORIENTED_EDGE('',*,*,#1933,.F.);
#1933 = EDGE_CURVE('',#1909,#1813,#1934,.T.);
#1934 = SURFACE_CURVE('',#1935,(#1939,#1946),.PCURVE_S1.);
#1935 = LINE('',#1936,#1937);
#1936 = CARTESIAN_POINT('',(146.5,91.,-8.));
#1937 = VECTOR('',#1938,1.);
#1938 = DIRECTION('',(0.,0.,1.));
#1939 = PCURVE('',#161,#1940);
#1940 = DEFINITIONAL_REPRESENTATION('',(#1941),#1945);
#1941 = LINE('',#1942,#1943);
#1942 = CARTESIAN_POINT('',(0.,3.));
#1943 = VECTOR('',#1944,1.);
#1944 = DIRECTION('',(1.,0.));
#1945 = ( GEOMETRIC_REPRESENTATION_CONTEXT(2) 
PARAMETRIC_REPRESENTATION_CONTEXT() REPRESENTATION_CONTEXT('2D SPACE',''
  ) );
#1946 = PCURVE('',#1584,#1947);
#1947 = DEFINITIONAL_REPRESENTATION('',(#1948),#1952);
#1948 = LINE('',#1949,#1950);
#1949 = CARTESIAN_POINT('',(0.,-26.));
#1950 = VECTOR('',#1951,1.);
#1951 = DIRECTION('',(1.,0.));
#1952 = ( GEOMETRIC_REPRESENTATION_CONTEXT(2) 
PARAMETRIC_REPRESENTATION_CONTEXT() REPRESENTATION_CONTEXT('2D SPACE',''
  ) );
#1953 = ADVANCED_FACE('',(#1954),#614,.F.);
#1954 = FACE_BOUND('',#1955,.F.);
#1955 = EDGE_LOOP('',(#1956,#1979,#1980,#1981));
#1956 = ORIENTED_EDGE('',*,*,#1957,.F.);
#1957 = EDGE_CURVE('',#571,#1958,#1960,.T.);
#1958 = VERTEX_POINT('',#1959);
#1959 = CARTESIAN_POINT('',(146.5,-91.,-8.));
#1960 = SURFACE_CURVE('',#1961,(#1965,#1972),.PCURVE_S1.);
#1961 = LINE('',#1962,#1963);
#1962 = CARTESIAN_POINT('',(143.5,-91.,-8.));
#1963 = VECTOR('',#1964,1.);
#1964 = DIRECTION('',(1.,0.,0.));
#1965 = PCURVE('',#614,#1966);
#1966 = DEFINITIONAL_REPRESENTATION('',(#1967),#1971);
#1967 = LINE('',#1968,#1969);
#1968 = CARTESIAN_POINT('',(0.,0.));
#1969 = VECTOR('',#1970,1.);
#1970 = DIRECTION('',(0.,1.));
#1971 = ( GEOMETRIC_REPRESENTATION_CONTEXT(2) 
PARAMETRIC_REPRESENTATION_CONTEXT() REPRESENTATION_CONTEXT('2D SPACE',''
  ) );
#1972 = PCURVE('',#586,#1973);
#1973 = DEFINITIONAL_REPRESENTATION('',(#1974),#1978);
#1974 = LINE('',#1975,#1976);
#1975 = CARTESIAN_POINT('',(0.,0.));
#1976 = VECTOR('',#1977,1.);
#1977 = DIRECTION('',(1.,0.));
#1978 = ( GEOMETRIC_REPRESENTATION_CONTEXT(2) 
PARAMETRIC_REPRESENTATION_CONTEXT() REPRESENTATION_CONTEXT('2D SPACE',''
  ) );
#1979 = ORIENTED_EDGE('',*,*,#598,.T.);
#1980 = ORIENTED_EDGE('',*,*,#1860,.T.);
#1981 = ORIENTED_EDGE('',*,*,#1982,.F.);
#1982 = EDGE_CURVE('',#1958,#1861,#1983,.T.);
#1983 = SURFACE_CURVE('',#1984,(#1988,#1995),.PCURVE_S1.);
#1984 = LINE('',#1985,#1986);
#1985 = CARTESIAN_POINT('',(146.5,-91.,-8.));
#1986 = VECTOR('',#1987,1.);
#1987 = DIRECTION('',(0.,0.,1.));
#1988 = PCURVE('',#614,#1989);
#1989 = DEFINITIONAL_REPRESENTATION('',(#1990),#1994);
#1990 = LINE('',#1991,#1992);
#1991 = CARTESIAN_POINT('',(0.,3.));
#1992 = VECTOR('',#1993,1.);
#1993 = DIRECTION('',(1.,0.));
#1994 = ( GEOMETRIC_REPRESENTATION_CONTEXT(2) 
PARAMETRIC_REPRESENTATION_CONTEXT() REPRESENTATION_CONTEXT('2D SPACE',''
  ) );
#1995 = PCURVE('',#1584,#1996);
#1996 = DEFINITIONAL_REPRESENTATION('',(#1997),#2001);
#1997 = LINE('',#1998,#1999);
#1998 = CARTESIAN_POINT('',(0.,156.));
#1999 = VECTOR('',#2000,1.);
#2000 = DIRECTION('',(1.,0.));
#2001 = ( GEOMETRIC_REPRESENTATION_CONTEXT(2) 
PARAMETRIC_REPRESENTATION_CONTEXT() REPRESENTATION_CONTEXT('2D SPACE',''
  ) );
#2002 = ADVANCED_FACE('',(#2003),#189,.F.);
#2003 = FACE_BOUND('',#2004,.F.);
#2004 = EDGE_LOOP('',(#2005,#2006,#2027,#2048));
#2005 = ORIENTED_EDGE('',*,*,#173,.F.);
#2006 = ORIENTED_EDGE('',*,*,#2007,.T.);
#2007 = EDGE_CURVE('',#174,#2008,#2010,.T.);
#2008 = VERTEX_POINT('',#2009);
#2009 = CARTESIAN_POINT('',(146.5,81.249893559757,-8.));
#2010 = SURFACE_CURVE('',#2011,(#2015,#2021),.PCURVE_S1.);
#2011 = LINE('',#2012,#2013);
#2012 = CARTESIAN_POINT('',(143.5,81.249893559757,-8.));
#2013 = VECTOR('',#2014,1.);
#2014 = DIRECTION('',(1.,0.,-0.));
#2015 = PCURVE('',#189,#2016);
#2016 = DEFINITIONAL_REPRESENTATION('',(#2017),#2020);
#2017 = B_SPLINE_CURVE_WITH_KNOTS('',1,(#2018,#2019),.UNSPECIFIED.,.F.,
  .F.,(2,2),(0.,3.),.PIECEWISE_BEZIER_KNOTS.);
#2018 = CARTESIAN_POINT('',(0.,16.249893559757));
#2019 = CARTESIAN_POINT('',(3.,16.249893559757));
#2020 = ( GEOMETRIC_REPRESENTATION_CONTEXT(2) 
PARAMETRIC_REPRESENTATION_CONTEXT() REPRESENTATION_CONTEXT('2D SPACE',''
  ) );
#2021 = PCURVE('',#217,#2022);
#2022 = DEFINITIONAL_REPRESENTATION('',(#2023),#2026);
#2023 = B_SPLINE_CURVE_WITH_KNOTS('',1,(#2024,#2025),.UNSPECIFIED.,.F.,
  .F.,(2,2),(0.,3.),.PIECEWISE_BEZIER_KNOTS.);
#2024 = CARTESIAN_POINT('',(8.097024647965,0.));
#2025 = CARTESIAN_POINT('',(8.097024647965,-3.));
#2026 = ( GEOMETRIC_REPRESENTATION_CONTEXT(2) 
PARAMETRIC_REPRESENTATION_CONTEXT() REPRESENTATION_CONTEXT('2D SPACE',''
  ) );
#2027 = ORIENTED_EDGE('',*,*,#2028,.T.);
#2028 = EDGE_CURVE('',#2008,#1909,#2029,.T.);
#2029 = SURFACE_CURVE('',#2030,(#2034,#2041),.PCURVE_S1.);
#2030 = LINE('',#2031,#2032);
#2031 = CARTESIAN_POINT('',(146.5,65.,-8.));
#2032 = VECTOR('',#2033,1.);
#2033 = DIRECTION('',(0.,1.,0.));
#2034 = PCURVE('',#189,#2035);
#2035 = DEFINITIONAL_REPRESENTATION('',(#2036),#2040);
#2036 = LINE('',#2037,#2038);
#2037 = CARTESIAN_POINT('',(3.,0.));
#2038 = VECTOR('',#2039,1.);
#2039 = DIRECTION('',(0.,1.));
#2040 = ( GEOMETRIC_REPRESENTATION_CONTEXT(2) 
PARAMETRIC_REPRESENTATION_CONTEXT() REPRESENTATION_CONTEXT('2D SPACE',''
  ) );
#2041 = PCURVE('',#1584,#2042);
#2042 = DEFINITIONAL_REPRESENTATION('',(#2043),#2047);
#2043 = LINE('',#2044,#2045);
#2044 = CARTESIAN_POINT('',(0.,0.));
#2045 = VECTOR('',#2046,1.);
#2046 = DIRECTION('',(0.,-1.));
#2047 = ( GEOMETRIC_REPRESENTATION_CONTEXT(2) 
PARAMETRIC_REPRESENTATION_CONTEXT() REPRESENTATION_CONTEXT('2D SPACE',''
  ) );
#2048 = ORIENTED_EDGE('',*,*,#1908,.F.);
#2049 = ADVANCED_FACE('',(#2050),#586,.F.);
#2050 = FACE_BOUND('',#2051,.F.);
#2051 = EDGE_LOOP('',(#2052,#2053,#2054,#2077));
#2052 = ORIENTED_EDGE('',*,*,#570,.F.);
#2053 = ORIENTED_EDGE('',*,*,#1957,.T.);
#2054 = ORIENTED_EDGE('',*,*,#2055,.T.);
#2055 = EDGE_CURVE('',#1958,#2056,#2058,.T.);
#2056 = VERTEX_POINT('',#2057);
#2057 = CARTESIAN_POINT('',(146.5,-81.24989355975,-8.));
#2058 = SURFACE_CURVE('',#2059,(#2063,#2070),.PCURVE_S1.);
#2059 = LINE('',#2060,#2061);
#2060 = CARTESIAN_POINT('',(146.5,-91.,-8.));
#2061 = VECTOR('',#2062,1.);
#2062 = DIRECTION('',(0.,1.,0.));
#2063 = PCURVE('',#586,#2064);
#2064 = DEFINITIONAL_REPRESENTATION('',(#2065),#2069);
#2065 = LINE('',#2066,#2067);
#2066 = CARTESIAN_POINT('',(3.,0.));
#2067 = VECTOR('',#2068,1.);
#2068 = DIRECTION('',(0.,1.));
#2069 = ( GEOMETRIC_REPRESENTATION_CONTEXT(2) 
PARAMETRIC_REPRESENTATION_CONTEXT() REPRESENTATION_CONTEXT('2D SPACE',''
  ) );
#2070 = PCURVE('',#1584,#2071);
#2071 = DEFINITIONAL_REPRESENTATION('',(#2072),#2076);
#2072 = LINE('',#2073,#2074);
#2073 = CARTESIAN_POINT('',(0.,156.));
#2074 = VECTOR('',#2075,1.);
#2075 = DIRECTION('',(0.,-1.));
#2076 = ( GEOMETRIC_REPRESENTATION_CONTEXT(2) 
PARAMETRIC_REPRESENTATION_CONTEXT() REPRESENTATION_CONTEXT('2D SPACE',''
  ) );
#2077 = ORIENTED_EDGE('',*,*,#2078,.F.);
#2078 = EDGE_CURVE('',#543,#2056,#2079,.T.);
#2079 = SURFACE_CURVE('',#2080,(#2084,#2090),.PCURVE_S1.);
#2080 = LINE('',#2081,#2082);
#2081 = CARTESIAN_POINT('',(143.5,-81.24989355975,-8.));
#2082 = VECTOR('',#2083,1.);
#2083 = DIRECTION('',(1.,-0.,0.));
#2084 = PCURVE('',#586,#2085);
#2085 = DEFINITIONAL_REPRESENTATION('',(#2086),#2089);
#2086 = B_SPLINE_CURVE_WITH_KNOTS('',1,(#2087,#2088),.UNSPECIFIED.,.F.,
  .F.,(2,2),(0.,3.),.PIECEWISE_BEZIER_KNOTS.);
#2087 = CARTESIAN_POINT('',(0.,9.750106440243));
#2088 = CARTESIAN_POINT('',(3.,9.750106440243));
#2089 = ( GEOMETRIC_REPRESENTATION_CONTEXT(2) 
PARAMETRIC_REPRESENTATION_CONTEXT() REPRESENTATION_CONTEXT('2D SPACE',''
  ) );
#2090 = PCURVE('',#558,#2091);
#2091 = DEFINITIONAL_REPRESENTATION('',(#2092),#2095);
#2092 = B_SPLINE_CURVE_WITH_KNOTS('',1,(#2093,#2094),.UNSPECIFIED.,.F.,
  .F.,(2,2),(0.,3.),.PIECEWISE_BEZIER_KNOTS.);
#2093 = CARTESIAN_POINT('',(-8.097024647965,0.));
#2094 = CARTESIAN_POINT('',(-8.097024647965,-3.));
#2095 = ( GEOMETRIC_REPRESENTATION_CONTEXT(2) 
PARAMETRIC_REPRESENTATION_CONTEXT() REPRESENTATION_CONTEXT('2D SPACE',''
  ) );
#2096 = ADVANCED_FACE('',(#2097),#217,.T.);
#2097 = FACE_BOUND('',#2098,.T.);
#2098 = EDGE_LOOP('',(#2099,#2100,#2101,#2124));
#2099 = ORIENTED_EDGE('',*,*,#201,.F.);
#2100 = ORIENTED_EDGE('',*,*,#2007,.T.);
#2101 = ORIENTED_EDGE('',*,*,#2102,.T.);
#2102 = EDGE_CURVE('',#2008,#2103,#2105,.T.);
#2103 = VERTEX_POINT('',#2104);
#2104 = CARTESIAN_POINT('',(146.5,85.877222752304,-157.));
#2105 = SURFACE_CURVE('',#2106,(#2110,#2117),.PCURVE_S1.);
#2106 = LINE('',#2107,#2108);
#2107 = CARTESIAN_POINT('',(146.5,80.99855434219,9.312280565807E-02));
#2108 = VECTOR('',#2109,1.);
#2109 = DIRECTION('',(0.,3.104093521936E-02,-0.999518114063));
#2110 = PCURVE('',#217,#2111);
#2111 = DEFINITIONAL_REPRESENTATION('',(#2112),#2116);
#2112 = LINE('',#2113,#2114);
#2113 = CARTESIAN_POINT('',(0.,-3.));
#2114 = VECTOR('',#2115,1.);
#2115 = DIRECTION('',(1.,0.));
#2116 = ( GEOMETRIC_REPRESENTATION_CONTEXT(2) 
PARAMETRIC_REPRESENTATION_CONTEXT() REPRESENTATION_CONTEXT('2D SPACE',''
  ) );
#2117 = PCURVE('',#1584,#2118);
#2118 = DEFINITIONAL_REPRESENTATION('',(#2119),#2123);
#2119 = LINE('',#2120,#2121);
#2120 = CARTESIAN_POINT('',(8.093122805658,-15.99855434219));
#2121 = VECTOR('',#2122,1.);
#2122 = DIRECTION('',(-0.999518114063,-3.104093521936E-02));
#2123 = ( GEOMETRIC_REPRESENTATION_CONTEXT(2) 
PARAMETRIC_REPRESENTATION_CONTEXT() REPRESENTATION_CONTEXT('2D SPACE',''
  ) );
#2124 = ORIENTED_EDGE('',*,*,#2125,.F.);
#2125 = EDGE_CURVE('',#202,#2103,#2126,.T.);
#2126 = SURFACE_CURVE('',#2127,(#2131,#2137),.PCURVE_S1.);
#2127 = LINE('',#2128,#2129);
#2128 = CARTESIAN_POINT('',(143.5,85.877222752304,-157.));
#2129 = VECTOR('',#2130,1.);
#2130 = DIRECTION('',(1.,0.,-0.));
#2131 = PCURVE('',#217,#2132);
#2132 = DEFINITIONAL_REPRESENTATION('',(#2133),#2136);
#2133 = B_SPLINE_CURVE_WITH_KNOTS('',1,(#2134,#2135),.UNSPECIFIED.,.F.,
  .F.,(2,2),(0.,3.),.PIECEWISE_BEZIER_KNOTS.);
#2134 = CARTESIAN_POINT('',(157.1688602691,0.));
#2135 = CARTESIAN_POINT('',(157.1688602691,-3.));
#2136 = ( GEOMETRIC_REPRESENTATION_CONTEXT(2) 
PARAMETRIC_REPRESENTATION_CONTEXT() REPRESENTATION_CONTEXT('2D SPACE',''
  ) );
#2137 = PCURVE('',#245,#2138);
#2138 = DEFINITIONAL_REPRESENTATION('',(#2139),#2142);
#2139 = B_SPLINE_CURVE_WITH_KNOTS('',1,(#2140,#2141),.UNSPECIFIED.,.F.,
  .F.,(2,2),(0.,3.),.PIECEWISE_BEZIER_KNOTS.);
#2140 = CARTESIAN_POINT('',(0.,8.877222752304));
#2141 = CARTESIAN_POINT('',(3.,8.877222752304));
#2142 = ( GEOMETRIC_REPRESENTATION_CONTEXT(2) 
PARAMETRIC_REPRESENTATION_CONTEXT() REPRESENTATION_CONTEXT('2D SPACE',''
  ) );
#2143 = ADVANCED_FACE('',(#2144),#558,.T.);
#2144 = FACE_BOUND('',#2145,.F.);
#2145 = EDGE_LOOP('',(#2146,#2147,#2148,#2171));
#2146 = ORIENTED_EDGE('',*,*,#542,.F.);
#2147 = ORIENTED_EDGE('',*,*,#2078,.T.);
#2148 = ORIENTED_EDGE('',*,*,#2149,.T.);
#2149 = EDGE_CURVE('',#2056,#2150,#2152,.T.);
#2150 = VERTEX_POINT('',#2151);
#2151 = CARTESIAN_POINT('',(146.5,-85.8772227523,-157.));
#2152 = SURFACE_CURVE('',#2153,(#2157,#2164),.PCURVE_S1.);
#2153 = LINE('',#2154,#2155);
#2154 = CARTESIAN_POINT('',(146.5,-80.99855434219,9.312280565807E-02));
#2155 = VECTOR('',#2156,1.);
#2156 = DIRECTION('',(-0.,-3.104093521936E-02,-0.999518114063));
#2157 = PCURVE('',#558,#2158);
#2158 = DEFINITIONAL_REPRESENTATION('',(#2159),#2163);
#2159 = LINE('',#2160,#2161);
#2160 = CARTESIAN_POINT('',(-0.,-3.));
#2161 = VECTOR('',#2162,1.);
#2162 = DIRECTION('',(-1.,0.));
#2163 = ( GEOMETRIC_REPRESENTATION_CONTEXT(2) 
PARAMETRIC_REPRESENTATION_CONTEXT() REPRESENTATION_CONTEXT('2D SPACE',''
  ) );
#2164 = PCURVE('',#1584,#2165);
#2165 = DEFINITIONAL_REPRESENTATION('',(#2166),#2170);
#2166 = LINE('',#2167,#2168);
#2167 = CARTESIAN_POINT('',(8.093122805658,145.99855434219));
#2168 = VECTOR('',#2169,1.);
#2169 = DIRECTION('',(-0.999518114063,3.104093521936E-02));
#2170 = ( GEOMETRIC_REPRESENTATION_CONTEXT(2) 
PARAMETRIC_REPRESENTATION_CONTEXT() REPRESENTATION_CONTEXT('2D SPACE',''
  ) );
#2171 = ORIENTED_EDGE('',*,*,#2172,.F.);
#2172 = EDGE_CURVE('',#515,#2150,#2173,.T.);
#2173 = SURFACE_CURVE('',#2174,(#2178,#2184),.PCURVE_S1.);
#2174 = LINE('',#2175,#2176);
#2175 = CARTESIAN_POINT('',(143.5,-85.8772227523,-157.));
#2176 = VECTOR('',#2177,1.);
#2177 = DIRECTION('',(1.,-0.,0.));
#2178 = PCURVE('',#558,#2179);
#2179 = DEFINITIONAL_REPRESENTATION('',(#2180),#2183);
#2180 = B_SPLINE_CURVE_WITH_KNOTS('',1,(#2181,#2182),.UNSPECIFIED.,.F.,
  .F.,(2,2),(0.,3.),.PIECEWISE_BEZIER_KNOTS.);
#2181 = CARTESIAN_POINT('',(-157.1688602691,0.));
#2182 = CARTESIAN_POINT('',(-157.1688602691,-3.));
#2183 = ( GEOMETRIC_REPRESENTATION_CONTEXT(2) 
PARAMETRIC_REPRESENTATION_CONTEXT() REPRESENTATION_CONTEXT('2D SPACE',''
  ) );
#2184 = PCURVE('',#530,#2185);
#2185 = DEFINITIONAL_REPRESENTATION('',(#2186),#2189);
#2186 = B_SPLINE_CURVE_WITH_KNOTS('',1,(#2187,#2188),.UNSPECIFIED.,.F.,
  .F.,(2,2),(0.,3.),.PIECEWISE_BEZIER_KNOTS.);
#2187 = CARTESIAN_POINT('',(0.,3.122777247696));
#2188 = CARTESIAN_POINT('',(3.,3.122777247696));
#2189 = ( GEOMETRIC_REPRESENTATION_CONTEXT(2) 
PARAMETRIC_REPRESENTATION_CONTEXT() REPRESENTATION_CONTEXT('2D SPACE',''
  ) );
#2190 = ADVANCED_FACE('',(#2191),#245,.T.);
#2191 = FACE_BOUND('',#2192,.T.);
#2192 = EDGE_LOOP('',(#2193,#2194,#2195,#2218));
#2193 = ORIENTED_EDGE('',*,*,#229,.F.);
#2194 = ORIENTED_EDGE('',*,*,#2125,.T.);
#2195 = ORIENTED_EDGE('',*,*,#2196,.T.);
#2196 = EDGE_CURVE('',#2103,#2197,#2199,.T.);
#2197 = VERTEX_POINT('',#2198);
#2198 = CARTESIAN_POINT('',(146.5,89.,-157.));
#2199 = SURFACE_CURVE('',#2200,(#2204,#2211),.PCURVE_S1.);
#2200 = LINE('',#2201,#2202);
#2201 = CARTESIAN_POINT('',(146.5,77.,-157.));
#2202 = VECTOR('',#2203,1.);
#2203 = DIRECTION('',(0.,1.,0.));
#2204 = PCURVE('',#245,#2205);
#2205 = DEFINITIONAL_REPRESENTATION('',(#2206),#2210);
#2206 = LINE('',#2207,#2208);
#2207 = CARTESIAN_POINT('',(3.,0.));
#2208 = VECTOR('',#2209,1.);
#2209 = DIRECTION('',(0.,1.));
#2210 = ( GEOMETRIC_REPRESENTATION_CONTEXT(2) 
PARAMETRIC_REPRESENTATION_CONTEXT() REPRESENTATION_CONTEXT('2D SPACE',''
  ) );
#2211 = PCURVE('',#1584,#2212);
#2212 = DEFINITIONAL_REPRESENTATION('',(#2213),#2217);
#2213 = LINE('',#2214,#2215);
#2214 = CARTESIAN_POINT('',(-149.,-12.));
#2215 = VECTOR('',#2216,1.);
#2216 = DIRECTION('',(0.,-1.));
#2217 = ( GEOMETRIC_REPRESENTATION_CONTEXT(2) 
PARAMETRIC_REPRESENTATION_CONTEXT() REPRESENTATION_CONTEXT('2D SPACE',''
  ) );
#2218 = ORIENTED_EDGE('',*,*,#2219,.F.);
#2219 = EDGE_CURVE('',#230,#2197,#2220,.T.);
#2220 = SURFACE_CURVE('',#2221,(#2225,#2232),.PCURVE_S1.);
#2221 = LINE('',#2222,#2223);
#2222 = CARTESIAN_POINT('',(143.5,89.,-157.));
#2223 = VECTOR('',#2224,1.);
#2224 = DIRECTION('',(1.,0.,0.));
#2225 = PCURVE('',#245,#2226);
#2226 = DEFINITIONAL_REPRESENTATION('',(#2227),#2231);
#2227 = LINE('',#2228,#2229);
#2228 = CARTESIAN_POINT('',(0.,12.));
#2229 = VECTOR('',#2230,1.);
#2230 = DIRECTION('',(1.,0.));
#2231 = ( GEOMETRIC_REPRESENTATION_CONTEXT(2) 
PARAMETRIC_REPRESENTATION_CONTEXT() REPRESENTATION_CONTEXT('2D SPACE',''
  ) );
#2232 = PCURVE('',#273,#2233);
#2233 = DEFINITIONAL_REPRESENTATION('',(#2234),#2238);
#2234 = LINE('',#2235,#2236);
#2235 = CARTESIAN_POINT('',(8.,0.));
#2236 = VECTOR('',#2237,1.);
#2237 = DIRECTION('',(0.,1.));
#2238 = ( GEOMETRIC_REPRESENTATION_CONTEXT(2) 
PARAMETRIC_REPRESENTATION_CONTEXT() REPRESENTATION_CONTEXT('2D SPACE',''
  ) );
#2239 = ADVANCED_FACE('',(#2240),#530,.T.);
#2240 = FACE_BOUND('',#2241,.T.);
#2241 = EDGE_LOOP('',(#2242,#2243,#2266,#2287));
#2242 = ORIENTED_EDGE('',*,*,#514,.F.);
#2243 = ORIENTED_EDGE('',*,*,#2244,.T.);
#2244 = EDGE_CURVE('',#487,#2245,#2247,.T.);
#2245 = VERTEX_POINT('',#2246);
#2246 = CARTESIAN_POINT('',(146.5,-89.,-157.));
#2247 = SURFACE_CURVE('',#2248,(#2252,#2259),.PCURVE_S1.);
#2248 = LINE('',#2249,#2250);
#2249 = CARTESIAN_POINT('',(143.5,-89.,-157.));
#2250 = VECTOR('',#2251,1.);
#2251 = DIRECTION('',(1.,0.,0.));
#2252 = PCURVE('',#530,#2253);
#2253 = DEFINITIONAL_REPRESENTATION('',(#2254),#2258);
#2254 = LINE('',#2255,#2256);
#2255 = CARTESIAN_POINT('',(0.,0.));
#2256 = VECTOR('',#2257,1.);
#2257 = DIRECTION('',(1.,0.));
#2258 = ( GEOMETRIC_REPRESENTATION_CONTEXT(2) 
PARAMETRIC_REPRESENTATION_CONTEXT() REPRESENTATION_CONTEXT('2D SPACE',''
  ) );
#2259 = PCURVE('',#502,#2260);
#2260 = DEFINITIONAL_REPRESENTATION('',(#2261),#2265);
#2261 = LINE('',#2262,#2263);
#2262 = CARTESIAN_POINT('',(8.,0.));
#2263 = VECTOR('',#2264,1.);
#2264 = DIRECTION('',(0.,1.));
#2265 = ( GEOMETRIC_REPRESENTATION_CONTEXT(2) 
PARAMETRIC_REPRESENTATION_CONTEXT() REPRESENTATION_CONTEXT('2D SPACE',''
  ) );
#2266 = ORIENTED_EDGE('',*,*,#2267,.T.);
#2267 = EDGE_CURVE('',#2245,#2150,#2268,.T.);
#2268 = SURFACE_CURVE('',#2269,(#2273,#2280),.PCURVE_S1.);
#2269 = LINE('',#2270,#2271);
#2270 = CARTESIAN_POINT('',(146.5,-89.,-157.));
#2271 = VECTOR('',#2272,1.);
#2272 = DIRECTION('',(0.,1.,0.));
#2273 = PCURVE('',#530,#2274);
#2274 = DEFINITIONAL_REPRESENTATION('',(#2275),#2279);
#2275 = LINE('',#2276,#2277);
#2276 = CARTESIAN_POINT('',(3.,0.));
#2277 = VECTOR('',#2278,1.);
#2278 = DIRECTION('',(0.,1.));
#2279 = ( GEOMETRIC_REPRESENTATION_CONTEXT(2) 
PARAMETRIC_REPRESENTATION_CONTEXT() REPRESENTATION_CONTEXT('2D SPACE',''
  ) );
#2280 = PCURVE('',#1584,#2281);
#2281 = DEFINITIONAL_REPRESENTATION('',(#2282),#2286);
#2282 = LINE('',#2283,#2284);
#2283 = CARTESIAN_POINT('',(-149.,154.));
#2284 = VECTOR('',#2285,1.);
#2285 = DIRECTION('',(0.,-1.));
#2286 = ( GEOMETRIC_REPRESENTATION_CONTEXT(2) 
PARAMETRIC_REPRESENTATION_CONTEXT() REPRESENTATION_CONTEXT('2D SPACE',''
  ) );
#2287 = ORIENTED_EDGE('',*,*,#2172,.F.);
#2288 = ADVANCED_FACE('',(#2289),#273,.T.);
#2289 = FACE_BOUND('',#2290,.T.);
#2290 = EDGE_LOOP('',(#2291,#2314,#2315,#2316));
#2291 = ORIENTED_EDGE('',*,*,#2292,.F.);
#2292 = EDGE_CURVE('',#258,#2293,#2295,.T.);
#2293 = VERTEX_POINT('',#2294);
#2294 = CARTESIAN_POINT('',(146.5,89.,-165.));
#2295 = SURFACE_CURVE('',#2296,(#2300,#2307),.PCURVE_S1.);
#2296 = LINE('',#2297,#2298);
#2297 = CARTESIAN_POINT('',(143.5,89.,-165.));
#2298 = VECTOR('',#2299,1.);
#2299 = DIRECTION('',(1.,0.,0.));
#2300 = PCURVE('',#273,#2301);
#2301 = DEFINITIONAL_REPRESENTATION('',(#2302),#2306);
#2302 = LINE('',#2303,#2304);
#2303 = CARTESIAN_POINT('',(0.,0.));
#2304 = VECTOR('',#2305,1.);
#2305 = DIRECTION('',(0.,1.));
#2306 = ( GEOMETRIC_REPRESENTATION_CONTEXT(2) 
PARAMETRIC_REPRESENTATION_CONTEXT() REPRESENTATION_CONTEXT('2D SPACE',''
  ) );
#2307 = PCURVE('',#301,#2308);
#2308 = DEFINITIONAL_REPRESENTATION('',(#2309),#2313);
#2309 = LINE('',#2310,#2311);
#2310 = CARTESIAN_POINT('',(0.,12.));
#2311 = VECTOR('',#2312,1.);
#2312 = DIRECTION('',(1.,0.));
#2313 = ( GEOMETRIC_REPRESENTATION_CONTEXT(2) 
PARAMETRIC_REPRESENTATION_CONTEXT() REPRESENTATION_CONTEXT('2D SPACE',''
  ) );
#2314 = ORIENTED_EDGE('',*,*,#257,.T.);
#2315 = ORIENTED_EDGE('',*,*,#2219,.T.);
#2316 = ORIENTED_EDGE('',*,*,#2317,.F.);
#2317 = EDGE_CURVE('',#2293,#2197,#2318,.T.);
#2318 = SURFACE_CURVE('',#2319,(#2323,#2330),.PCURVE_S1.);
#2319 = LINE('',#2320,#2321);
#2320 = CARTESIAN_POINT('',(146.5,89.,-165.));
#2321 = VECTOR('',#2322,1.);
#2322 = DIRECTION('',(0.,0.,1.));
#2323 = PCURVE('',#273,#2324);
#2324 = DEFINITIONAL_REPRESENTATION('',(#2325),#2329);
#2325 = LINE('',#2326,#2327);
#2326 = CARTESIAN_POINT('',(0.,3.));
#2327 = VECTOR('',#2328,1.);
#2328 = DIRECTION('',(1.,0.));
#2329 = ( GEOMETRIC_REPRESENTATION_CONTEXT(2) 
PARAMETRIC_REPRESENTATION_CONTEXT() REPRESENTATION_CONTEXT('2D SPACE',''
  ) );
#2330 = PCURVE('',#1584,#2331);
#2331 = DEFINITIONAL_REPRESENTATION('',(#2332),#2336);
#2332 = LINE('',#2333,#2334);
#2333 = CARTESIAN_POINT('',(-157.,-24.));
#2334 = VECTOR('',#2335,1.);
#2335 = DIRECTION('',(1.,0.));
#2336 = ( GEOMETRIC_REPRESENTATION_CONTEXT(2) 
PARAMETRIC_REPRESENTATION_CONTEXT() REPRESENTATION_CONTEXT('2D SPACE',''
  ) );
#2337 = ADVANCED_FACE('',(#2338),#502,.F.);
#2338 = FACE_BOUND('',#2339,.F.);
#2339 = EDGE_LOOP('',(#2340,#2363,#2364,#2365));
#2340 = ORIENTED_EDGE('',*,*,#2341,.F.);
#2341 = EDGE_CURVE('',#459,#2342,#2344,.T.);
#2342 = VERTEX_POINT('',#2343);
#2343 = CARTESIAN_POINT('',(146.5,-89.,-165.));
#2344 = SURFACE_CURVE('',#2345,(#2349,#2356),.PCURVE_S1.);
#2345 = LINE('',#2346,#2347);
#2346 = CARTESIAN_POINT('',(143.5,-89.,-165.));
#2347 = VECTOR('',#2348,1.);
#2348 = DIRECTION('',(1.,0.,0.));
#2349 = PCURVE('',#502,#2350);
#2350 = DEFINITIONAL_REPRESENTATION('',(#2351),#2355);
#2351 = LINE('',#2352,#2353);
#2352 = CARTESIAN_POINT('',(0.,0.));
#2353 = VECTOR('',#2354,1.);
#2354 = DIRECTION('',(0.,1.));
#2355 = ( GEOMETRIC_REPRESENTATION_CONTEXT(2) 
PARAMETRIC_REPRESENTATION_CONTEXT() REPRESENTATION_CONTEXT('2D SPACE',''
  ) );
#2356 = PCURVE('',#474,#2357);
#2357 = DEFINITIONAL_REPRESENTATION('',(#2358),#2362);
#2358 = LINE('',#2359,#2360);
#2359 = CARTESIAN_POINT('',(0.,0.));
#2360 = VECTOR('',#2361,1.);
#2361 = DIRECTION('',(1.,0.));
#2362 = ( GEOMETRIC_REPRESENTATION_CONTEXT(2) 
PARAMETRIC_REPRESENTATION_CONTEXT() REPRESENTATION_CONTEXT('2D SPACE',''
  ) );
#2363 = ORIENTED_EDGE('',*,*,#486,.T.);
#2364 = ORIENTED_EDGE('',*,*,#2244,.T.);
#2365 = ORIENTED_EDGE('',*,*,#2366,.F.);
#2366 = EDGE_CURVE('',#2342,#2245,#2367,.T.);
#2367 = SURFACE_CURVE('',#2368,(#2372,#2379),.PCURVE_S1.);
#2368 = LINE('',#2369,#2370);
#2369 = CARTESIAN_POINT('',(146.5,-89.,-165.));
#2370 = VECTOR('',#2371,1.);
#2371 = DIRECTION('',(0.,0.,1.));
#2372 = PCURVE('',#502,#2373);
#2373 = DEFINITIONAL_REPRESENTATION('',(#2374),#2378);
#2374 = LINE('',#2375,#2376);
#2375 = CARTESIAN_POINT('',(0.,3.));
#2376 = VECTOR('',#2377,1.);
#2377 = DIRECTION('',(1.,0.));
#2378 = ( GEOMETRIC_REPRESENTATION_CONTEXT(2) 
PARAMETRIC_REPRESENTATION_CONTEXT() REPRESENTATION_CONTEXT('2D SPACE',''
  ) );
#2379 = PCURVE('',#1584,#2380);
#2380 = DEFINITIONAL_REPRESENTATION('',(#2381),#2385);
#2381 = LINE('',#2382,#2383);
#2382 = CARTESIAN_POINT('',(-157.,154.));
#2383 = VECTOR('',#2384,1.);
#2384 = DIRECTION('',(1.,0.));
#2385 = ( GEOMETRIC_REPRESENTATION_CONTEXT(2) 
PARAMETRIC_REPRESENTATION_CONTEXT() REPRESENTATION_CONTEXT('2D SPACE',''
  ) );
#2386 = ADVANCED_FACE('',(#2387),#301,.F.);
#2387 = FACE_BOUND('',#2388,.F.);
#2388 = EDGE_LOOP('',(#2389,#2390,#2413,#2434));
#2389 = ORIENTED_EDGE('',*,*,#285,.F.);
#2390 = ORIENTED_EDGE('',*,*,#2391,.T.);
#2391 = EDGE_CURVE('',#286,#2392,#2394,.T.);
#2392 = VERTEX_POINT('',#2393);
#2393 = CARTESIAN_POINT('',(146.5,77.,-165.));
#2394 = SURFACE_CURVE('',#2395,(#2399,#2406),.PCURVE_S1.);
#2395 = LINE('',#2396,#2397);
#2396 = CARTESIAN_POINT('',(143.5,77.,-165.));
#2397 = VECTOR('',#2398,1.);
#2398 = DIRECTION('',(1.,0.,0.));
#2399 = PCURVE('',#301,#2400);
#2400 = DEFINITIONAL_REPRESENTATION('',(#2401),#2405);
#2401 = LINE('',#2402,#2403);
#2402 = CARTESIAN_POINT('',(0.,0.));
#2403 = VECTOR('',#2404,1.);
#2404 = DIRECTION('',(1.,0.));
#2405 = ( GEOMETRIC_REPRESENTATION_CONTEXT(2) 
PARAMETRIC_REPRESENTATION_CONTEXT() REPRESENTATION_CONTEXT('2D SPACE',''
  ) );
#2406 = PCURVE('',#329,#2407);
#2407 = DEFINITIONAL_REPRESENTATION('',(#2408),#2412);
#2408 = LINE('',#2409,#2410);
#2409 = CARTESIAN_POINT('',(0.,0.));
#2410 = VECTOR('',#2411,1.);
#2411 = DIRECTION('',(0.,1.));
#2412 = ( GEOMETRIC_REPRESENTATION_CONTEXT(2) 
PARAMETRIC_REPRESENTATION_CONTEXT() REPRESENTATION_CONTEXT('2D SPACE',''
  ) );
#2413 = ORIENTED_EDGE('',*,*,#2414,.T.);
#2414 = EDGE_CURVE('',#2392,#2293,#2415,.T.);
#2415 = SURFACE_CURVE('',#2416,(#2420,#2427),.PCURVE_S1.);
#2416 = LINE('',#2417,#2418);
#2417 = CARTESIAN_POINT('',(146.5,77.,-165.));
#2418 = VECTOR('',#2419,1.);
#2419 = DIRECTION('',(0.,1.,0.));
#2420 = PCURVE('',#301,#2421);
#2421 = DEFINITIONAL_REPRESENTATION('',(#2422),#2426);
#2422 = LINE('',#2423,#2424);
#2423 = CARTESIAN_POINT('',(3.,0.));
#2424 = VECTOR('',#2425,1.);
#2425 = DIRECTION('',(0.,1.));
#2426 = ( GEOMETRIC_REPRESENTATION_CONTEXT(2) 
PARAMETRIC_REPRESENTATION_CONTEXT() REPRESENTATION_CONTEXT('2D SPACE',''
  ) );
#2427 = PCURVE('',#1584,#2428);
#2428 = DEFINITIONAL_REPRESENTATION('',(#2429),#2433);
#2429 = LINE('',#2430,#2431);
#2430 = CARTESIAN_POINT('',(-157.,-12.));
#2431 = VECTOR('',#2432,1.);
#2432 = DIRECTION('',(0.,-1.));
#2433 = ( GEOMETRIC_REPRESENTATION_CONTEXT(2) 
PARAMETRIC_REPRESENTATION_CONTEXT() REPRESENTATION_CONTEXT('2D SPACE',''
  ) );
#2434 = ORIENTED_EDGE('',*,*,#2292,.F.);
#2435 = ADVANCED_FACE('',(#2436),#474,.F.);
#2436 = FACE_BOUND('',#2437,.F.);
#2437 = EDGE_LOOP('',(#2438,#2439,#2440,#2463));
#2438 = ORIENTED_EDGE('',*,*,#458,.F.);
#2439 = ORIENTED_EDGE('',*,*,#2341,.T.);
#2440 = ORIENTED_EDGE('',*,*,#2441,.T.);
#2441 = EDGE_CURVE('',#2342,#2442,#2444,.T.);
#2442 = VERTEX_POINT('',#2443);
#2443 = CARTESIAN_POINT('',(146.5,-77.,-165.));
#2444 = SURFACE_CURVE('',#2445,(#2449,#2456),.PCURVE_S1.);
#2445 = LINE('',#2446,#2447);
#2446 = CARTESIAN_POINT('',(146.5,-89.,-165.));
#2447 = VECTOR('',#2448,1.);
#2448 = DIRECTION('',(0.,1.,0.));
#2449 = PCURVE('',#474,#2450);
#2450 = DEFINITIONAL_REPRESENTATION('',(#2451),#2455);
#2451 = LINE('',#2452,#2453);
#2452 = CARTESIAN_POINT('',(3.,0.));
#2453 = VECTOR('',#2454,1.);
#2454 = DIRECTION('',(0.,1.));
#2455 = ( GEOMETRIC_REPRESENTATION_CONTEXT(2) 
PARAMETRIC_REPRESENTATION_CONTEXT() REPRESENTATION_CONTEXT('2D SPACE',''
  ) );
#2456 = PCURVE('',#1584,#2457);
#2457 = DEFINITIONAL_REPRESENTATION('',(#2458),#2462);
#2458 = LINE('',#2459,#2460);
#2459 = CARTESIAN_POINT('',(-157.,154.));
#2460 = VECTOR('',#2461,1.);
#2461 = DIRECTION('',(0.,-1.));
#2462 = ( GEOMETRIC_REPRESENTATION_CONTEXT(2) 
PARAMETRIC_REPRESENTATION_CONTEXT() REPRESENTATION_CONTEXT('2D SPACE',''
  ) );
#2463 = ORIENTED_EDGE('',*,*,#2464,.F.);
#2464 = EDGE_CURVE('',#431,#2442,#2465,.T.);
#2465 = SURFACE_CURVE('',#2466,(#2470,#2477),.PCURVE_S1.);
#2466 = LINE('',#2467,#2468);
#2467 = CARTESIAN_POINT('',(143.5,-77.,-165.));
#2468 = VECTOR('',#2469,1.);
#2469 = DIRECTION('',(1.,0.,0.));
#2470 = PCURVE('',#474,#2471);
#2471 = DEFINITIONAL_REPRESENTATION('',(#2472),#2476);
#2472 = LINE('',#2473,#2474);
#2473 = CARTESIAN_POINT('',(0.,12.));
#2474 = VECTOR('',#2475,1.);
#2475 = DIRECTION('',(1.,0.));
#2476 = ( GEOMETRIC_REPRESENTATION_CONTEXT(2) 
PARAMETRIC_REPRESENTATION_CONTEXT() REPRESENTATION_CONTEXT('2D SPACE',''
  ) );
#2477 = PCURVE('',#446,#2478);
#2478 = DEFINITIONAL_REPRESENTATION('',(#2479),#2483);
#2479 = LINE('',#2480,#2481);
#2480 = CARTESIAN_POINT('',(0.,0.));
#2481 = VECTOR('',#2482,1.);
#2482 = DIRECTION('',(0.,1.));
#2483 = ( GEOMETRIC_REPRESENTATION_CONTEXT(2) 
PARAMETRIC_REPRESENTATION_CONTEXT() REPRESENTATION_CONTEXT('2D SPACE',''
  ) );
#2484 = ADVANCED_FACE('',(#2485),#329,.F.);
#2485 = FACE_BOUND('',#2486,.F.);
#2486 = EDGE_LOOP('',(#2487,#2510,#2511,#2512));
#2487 = ORIENTED_EDGE('',*,*,#2488,.F.);
#2488 = EDGE_CURVE('',#2392,#2489,#2491,.T.);
#2489 = VERTEX_POINT('',#2490);
#2490 = CARTESIAN_POINT('',(146.5,77.,-160.2121106301));
#2491 = SURFACE_CURVE('',#2492,(#2496,#2503),.PCURVE_S1.);
#2492 = LINE('',#2493,#2494);
#2493 = CARTESIAN_POINT('',(146.5,77.,-165.));
#2494 = VECTOR('',#2495,1.);
#2495 = DIRECTION('',(0.,0.,1.));
#2496 = PCURVE('',#329,#2497);
#2497 = DEFINITIONAL_REPRESENTATION('',(#2498),#2502);
#2498 = LINE('',#2499,#2500);
#2499 = CARTESIAN_POINT('',(0.,3.));
#2500 = VECTOR('',#2501,1.);
#2501 = DIRECTION('',(1.,0.));
#2502 = ( GEOMETRIC_REPRESENTATION_CONTEXT(2) 
PARAMETRIC_REPRESENTATION_CONTEXT() REPRESENTATION_CONTEXT('2D SPACE',''
  ) );
#2503 = PCURVE('',#1584,#2504);
#2504 = DEFINITIONAL_REPRESENTATION('',(#2505),#2509);
#2505 = LINE('',#2506,#2507);
#2506 = CARTESIAN_POINT('',(-157.,-12.));
#2507 = VECTOR('',#2508,1.);
#2508 = DIRECTION('',(1.,0.));
#2509 = ( GEOMETRIC_REPRESENTATION_CONTEXT(2) 
PARAMETRIC_REPRESENTATION_CONTEXT() REPRESENTATION_CONTEXT('2D SPACE',''
  ) );
#2510 = ORIENTED_EDGE('',*,*,#2391,.F.);
#2511 = ORIENTED_EDGE('',*,*,#313,.T.);
#2512 = ORIENTED_EDGE('',*,*,#2513,.T.);
#2513 = EDGE_CURVE('',#314,#2489,#2514,.T.);
#2514 = SURFACE_CURVE('',#2515,(#2519,#2525),.PCURVE_S1.);
#2515 = LINE('',#2516,#2517);
#2516 = CARTESIAN_POINT('',(143.5,77.,-160.2121106301));
#2517 = VECTOR('',#2518,1.);
#2518 = DIRECTION('',(1.,-0.,0.));
#2519 = PCURVE('',#329,#2520);
#2520 = DEFINITIONAL_REPRESENTATION('',(#2521),#2524);
#2521 = B_SPLINE_CURVE_WITH_KNOTS('',1,(#2522,#2523),.UNSPECIFIED.,.F.,
  .F.,(2,2),(0.,3.),.PIECEWISE_BEZIER_KNOTS.);
#2522 = CARTESIAN_POINT('',(4.787889369895,0.));
#2523 = CARTESIAN_POINT('',(4.787889369895,3.));
#2524 = ( GEOMETRIC_REPRESENTATION_CONTEXT(2) 
PARAMETRIC_REPRESENTATION_CONTEXT() REPRESENTATION_CONTEXT('2D SPACE',''
  ) );
#2525 = PCURVE('',#357,#2526);
#2526 = DEFINITIONAL_REPRESENTATION('',(#2527),#2530);
#2527 = B_SPLINE_CURVE_WITH_KNOTS('',1,(#2528,#2529),.UNSPECIFIED.,.F.,
  .F.,(2,2),(0.,3.),.PIECEWISE_BEZIER_KNOTS.);
#2528 = CARTESIAN_POINT('',(5.255546561414,0.));
#2529 = CARTESIAN_POINT('',(5.255546561414,-3.));
#2530 = ( GEOMETRIC_REPRESENTATION_CONTEXT(2) 
PARAMETRIC_REPRESENTATION_CONTEXT() REPRESENTATION_CONTEXT('2D SPACE',''
  ) );
#2531 = ADVANCED_FACE('',(#2532),#446,.T.);
#2532 = FACE_BOUND('',#2533,.T.);
#2533 = EDGE_LOOP('',(#2534,#2557,#2558,#2559));
#2534 = ORIENTED_EDGE('',*,*,#2535,.F.);
#2535 = EDGE_CURVE('',#2442,#2536,#2538,.T.);
#2536 = VERTEX_POINT('',#2537);
#2537 = CARTESIAN_POINT('',(146.5,-77.,-160.2121106301));
#2538 = SURFACE_CURVE('',#2539,(#2543,#2550),.PCURVE_S1.);
#2539 = LINE('',#2540,#2541);
#2540 = CARTESIAN_POINT('',(146.5,-77.,-165.));
#2541 = VECTOR('',#2542,1.);
#2542 = DIRECTION('',(0.,0.,1.));
#2543 = PCURVE('',#446,#2544);
#2544 = DEFINITIONAL_REPRESENTATION('',(#2545),#2549);
#2545 = LINE('',#2546,#2547);
#2546 = CARTESIAN_POINT('',(0.,3.));
#2547 = VECTOR('',#2548,1.);
#2548 = DIRECTION('',(1.,0.));
#2549 = ( GEOMETRIC_REPRESENTATION_CONTEXT(2) 
PARAMETRIC_REPRESENTATION_CONTEXT() REPRESENTATION_CONTEXT('2D SPACE',''
  ) );
#2550 = PCURVE('',#1584,#2551);
#2551 = DEFINITIONAL_REPRESENTATION('',(#2552),#2556);
#2552 = LINE('',#2553,#2554);
#2553 = CARTESIAN_POINT('',(-157.,142.));
#2554 = VECTOR('',#2555,1.);
#2555 = DIRECTION('',(1.,0.));
#2556 = ( GEOMETRIC_REPRESENTATION_CONTEXT(2) 
PARAMETRIC_REPRESENTATION_CONTEXT() REPRESENTATION_CONTEXT('2D SPACE',''
  ) );
#2557 = ORIENTED_EDGE('',*,*,#2464,.F.);
#2558 = ORIENTED_EDGE('',*,*,#430,.T.);
#2559 = ORIENTED_EDGE('',*,*,#2560,.F.);
#2560 = EDGE_CURVE('',#2536,#403,#2561,.T.);
#2561 = SURFACE_CURVE('',#2562,(#2566,#2572),.PCURVE_S1.);
#2562 = LINE('',#2563,#2564);
#2563 = CARTESIAN_POINT('',(143.5,-77.,-160.2121106301));
#2564 = VECTOR('',#2565,1.);
#2565 = DIRECTION('',(-1.,0.,0.));
#2566 = PCURVE('',#446,#2567);
#2567 = DEFINITIONAL_REPRESENTATION('',(#2568),#2571);
#2568 = B_SPLINE_CURVE_WITH_KNOTS('',1,(#2569,#2570),.UNSPECIFIED.,.F.,
  .F.,(2,2),(-3.,0.),.PIECEWISE_BEZIER_KNOTS.);
#2569 = CARTESIAN_POINT('',(4.787889369895,3.));
#2570 = CARTESIAN_POINT('',(4.787889369895,0.));
#2571 = ( GEOMETRIC_REPRESENTATION_CONTEXT(2) 
PARAMETRIC_REPRESENTATION_CONTEXT() REPRESENTATION_CONTEXT('2D SPACE',''
  ) );
#2572 = PCURVE('',#418,#2573);
#2573 = DEFINITIONAL_REPRESENTATION('',(#2574),#2577);
#2574 = B_SPLINE_CURVE_WITH_KNOTS('',1,(#2575,#2576),.UNSPECIFIED.,.F.,
  .F.,(2,2),(-3.,0.),.PIECEWISE_BEZIER_KNOTS.);
#2575 = CARTESIAN_POINT('',(-5.255546561414,-3.));
#2576 = CARTESIAN_POINT('',(-5.255546561414,0.));
#2577 = ( GEOMETRIC_REPRESENTATION_CONTEXT(2) 
PARAMETRIC_REPRESENTATION_CONTEXT() REPRESENTATION_CONTEXT('2D SPACE',''
  ) );
#2578 = ADVANCED_FACE('',(#2579),#357,.T.);
#2579 = FACE_BOUND('',#2580,.T.);
#2580 = EDGE_LOOP('',(#2581,#2582,#2583,#2606));
#2581 = ORIENTED_EDGE('',*,*,#341,.F.);
#2582 = ORIENTED_EDGE('',*,*,#2513,.T.);
#2583 = ORIENTED_EDGE('',*,*,#2584,.T.);
#2584 = EDGE_CURVE('',#2489,#2585,#2587,.T.);
#2585 = VERTEX_POINT('',#2586);
#2586 = CARTESIAN_POINT('',(146.5,7.441074848831,-107.4143722623));
#2587 = SURFACE_CURVE('',#2588,(#2592,#2599),.PCURVE_S1.);
#2588 = LINE('',#2589,#2590);
#2589 = CARTESIAN_POINT('',(146.5,81.18621049136,-163.3895957018));
#2590 = VECTOR('',#2591,1.);
#2591 = DIRECTION('',(0.,-0.79653190062,0.60459650288));
#2592 = PCURVE('',#357,#2593);
#2593 = DEFINITIONAL_REPRESENTATION('',(#2594),#2598);
#2594 = LINE('',#2595,#2596);
#2595 = CARTESIAN_POINT('',(0.,-3.));
#2596 = VECTOR('',#2597,1.);
#2597 = DIRECTION('',(1.,0.));
#2598 = ( GEOMETRIC_REPRESENTATION_CONTEXT(2) 
PARAMETRIC_REPRESENTATION_CONTEXT() REPRESENTATION_CONTEXT('2D SPACE',''
  ) );
#2599 = PCURVE('',#1584,#2600);
#2600 = DEFINITIONAL_REPRESENTATION('',(#2601),#2605);
#2601 = LINE('',#2602,#2603);
#2602 = CARTESIAN_POINT('',(-155.3895957018,-16.18621049136));
#2603 = VECTOR('',#2604,1.);
#2604 = DIRECTION('',(0.60459650288,0.79653190062));
#2605 = ( GEOMETRIC_REPRESENTATION_CONTEXT(2) 
PARAMETRIC_REPRESENTATION_CONTEXT() REPRESENTATION_CONTEXT('2D SPACE',''
  ) );
#2606 = ORIENTED_EDGE('',*,*,#2607,.T.);
#2607 = EDGE_CURVE('',#2585,#342,#2608,.T.);
#2608 = SURFACE_CURVE('',#2609,(#2613,#2619),.PCURVE_S1.);
#2609 = LINE('',#2610,#2611);
#2610 = CARTESIAN_POINT('',(143.5,7.441074848831,-107.4143722623));
#2611 = VECTOR('',#2612,1.);
#2612 = DIRECTION('',(-1.,-0.,-0.));
#2613 = PCURVE('',#357,#2614);
#2614 = DEFINITIONAL_REPRESENTATION('',(#2615),#2618);
#2615 = B_SPLINE_CURVE_WITH_KNOTS('',1,(#2616,#2617),.UNSPECIFIED.,.F.,
  .F.,(2,2),(-3.0000006,5.999999928008E-07),.PIECEWISE_BEZIER_KNOTS.);
#2616 = CARTESIAN_POINT('',(92.582777394276,-3.0000006));
#2617 = CARTESIAN_POINT('',(92.582777394276,5.999999928008E-07));
#2618 = ( GEOMETRIC_REPRESENTATION_CONTEXT(2) 
PARAMETRIC_REPRESENTATION_CONTEXT() REPRESENTATION_CONTEXT('2D SPACE',''
  ) );
#2619 = PCURVE('',#390,#2620);
#2620 = DEFINITIONAL_REPRESENTATION('',(#2621),#2624);
#2621 = B_SPLINE_CURVE_WITH_KNOTS('',1,(#2622,#2623),.UNSPECIFIED.,.F.,
  .F.,(2,2),(-3.0000006,5.999999928008E-07),.PIECEWISE_BEZIER_KNOTS.);
#2622 = CARTESIAN_POINT('',(-5.381245849493,-3.0000006));
#2623 = CARTESIAN_POINT('',(-5.381245849493,5.999999928008E-07));
#2624 = ( GEOMETRIC_REPRESENTATION_CONTEXT(2) 
PARAMETRIC_REPRESENTATION_CONTEXT() REPRESENTATION_CONTEXT('2D SPACE',''
  ) );
#2625 = ADVANCED_FACE('',(#2626),#418,.T.);
#2626 = FACE_BOUND('',#2627,.F.);
#2627 = EDGE_LOOP('',(#2628,#2629,#2630,#2653));
#2628 = ORIENTED_EDGE('',*,*,#402,.F.);
#2629 = ORIENTED_EDGE('',*,*,#2560,.F.);
#2630 = ORIENTED_EDGE('',*,*,#2631,.T.);
#2631 = EDGE_CURVE('',#2536,#2632,#2634,.T.);
#2632 = VERTEX_POINT('',#2633);
#2633 = CARTESIAN_POINT('',(146.5,-7.441074848831,-107.4143722623));
#2634 = SURFACE_CURVE('',#2635,(#2639,#2646),.PCURVE_S1.);
#2635 = LINE('',#2636,#2637);
#2636 = CARTESIAN_POINT('',(146.5,-81.18621049136,-163.3895957018));
#2637 = VECTOR('',#2638,1.);
#2638 = DIRECTION('',(-0.,0.79653190062,0.60459650288));
#2639 = PCURVE('',#418,#2640);
#2640 = DEFINITIONAL_REPRESENTATION('',(#2641),#2645);
#2641 = LINE('',#2642,#2643);
#2642 = CARTESIAN_POINT('',(-0.,-3.));
#2643 = VECTOR('',#2644,1.);
#2644 = DIRECTION('',(-1.,0.));
#2645 = ( GEOMETRIC_REPRESENTATION_CONTEXT(2) 
PARAMETRIC_REPRESENTATION_CONTEXT() REPRESENTATION_CONTEXT('2D SPACE',''
  ) );
#2646 = PCURVE('',#1584,#2647);
#2647 = DEFINITIONAL_REPRESENTATION('',(#2648),#2652);
#2648 = LINE('',#2649,#2650);
#2649 = CARTESIAN_POINT('',(-155.3895957018,146.18621049136));
#2650 = VECTOR('',#2651,1.);
#2651 = DIRECTION('',(0.60459650288,-0.79653190062));
#2652 = ( GEOMETRIC_REPRESENTATION_CONTEXT(2) 
PARAMETRIC_REPRESENTATION_CONTEXT() REPRESENTATION_CONTEXT('2D SPACE',''
  ) );
#2653 = ORIENTED_EDGE('',*,*,#2654,.T.);
#2654 = EDGE_CURVE('',#2632,#370,#2655,.T.);
#2655 = SURFACE_CURVE('',#2656,(#2660,#2666),.PCURVE_S1.);
#2656 = LINE('',#2657,#2658);
#2657 = CARTESIAN_POINT('',(143.5,-7.441074848831,-107.4143722623));
#2658 = VECTOR('',#2659,1.);
#2659 = DIRECTION('',(-1.,-0.,-0.));
#2660 = PCURVE('',#418,#2661);
#2661 = DEFINITIONAL_REPRESENTATION('',(#2662),#2665);
#2662 = B_SPLINE_CURVE_WITH_KNOTS('',1,(#2663,#2664),.UNSPECIFIED.,.F.,
  .F.,(2,2),(-3.0000006,5.999999928008E-07),.PIECEWISE_BEZIER_KNOTS.);
#2663 = CARTESIAN_POINT('',(-92.58277739427,-3.0000006));
#2664 = CARTESIAN_POINT('',(-92.58277739427,5.999999928008E-07));
#2665 = ( GEOMETRIC_REPRESENTATION_CONTEXT(2) 
PARAMETRIC_REPRESENTATION_CONTEXT() REPRESENTATION_CONTEXT('2D SPACE',''
  ) );
#2666 = PCURVE('',#390,#2667);
#2667 = DEFINITIONAL_REPRESENTATION('',(#2668),#2671);
#2668 = B_SPLINE_CURVE_WITH_KNOTS('',1,(#2669,#2670),.UNSPECIFIED.,.F.,
  .F.,(2,2),(-3.0000006,5.999999928008E-07),.PIECEWISE_BEZIER_KNOTS.);
#2669 = CARTESIAN_POINT('',(-4.043532111276,-3.0000006));
#2670 = CARTESIAN_POINT('',(-4.043532111276,5.999999928008E-07));
#2671 = ( GEOMETRIC_REPRESENTATION_CONTEXT(2) 
PARAMETRIC_REPRESENTATION_CONTEXT() REPRESENTATION_CONTEXT('2D SPACE',''
  ) );
#2672 = ADVANCED_FACE('',(#2673),#390,.T.);
#2673 = FACE_BOUND('',#2674,.F.);
#2674 = EDGE_LOOP('',(#2675,#2676,#2677,#2678));
#2675 = ORIENTED_EDGE('',*,*,#2607,.T.);
#2676 = ORIENTED_EDGE('',*,*,#369,.F.);
#2677 = ORIENTED_EDGE('',*,*,#2654,.F.);
#2678 = ORIENTED_EDGE('',*,*,#2679,.T.);
#2679 = EDGE_CURVE('',#2632,#2585,#2680,.T.);
#2680 = SURFACE_CURVE('',#2681,(#2686,#2693),.PCURVE_S1.);
#2681 = CIRCLE('',#2682,12.);
#2682 = AXIS2_PLACEMENT_3D('',#2683,#2684,#2685);
#2683 = CARTESIAN_POINT('',(146.5,0.,-98.));
#2684 = DIRECTION('',(1.,0.,0.));
#2685 = DIRECTION('',(0.,1.,0.));
#2686 = PCURVE('',#390,#2687);
#2687 = DEFINITIONAL_REPRESENTATION('',(#2688),#2692);
#2688 = LINE('',#2689,#2690);
#2689 = CARTESIAN_POINT('',(-0.,-3.));
#2690 = VECTOR('',#2691,1.);
#2691 = DIRECTION('',(-1.,0.));
#2692 = ( GEOMETRIC_REPRESENTATION_CONTEXT(2) 
PARAMETRIC_REPRESENTATION_CONTEXT() REPRESENTATION_CONTEXT('2D SPACE',''
  ) );
#2693 = PCURVE('',#1584,#2694);
#2694 = DEFINITIONAL_REPRESENTATION('',(#2695),#2699);
#2695 = CIRCLE('',#2696,12.);
#2696 = AXIS2_PLACEMENT_2D('',#2697,#2698);
#2697 = CARTESIAN_POINT('',(-90.,65.));
#2698 = DIRECTION('',(0.,-1.));
#2699 = ( GEOMETRIC_REPRESENTATION_CONTEXT(2) 
PARAMETRIC_REPRESENTATION_CONTEXT() REPRESENTATION_CONTEXT('2D SPACE',''
  ) );
#2700 = ADVANCED_FACE('',(#2701),#727,.F.);
#2701 = FACE_BOUND('',#2702,.T.);
#2702 = EDGE_LOOP('',(#2703,#2704,#2727,#2753));
#2703 = ORIENTED_EDGE('',*,*,#710,.T.);
#2704 = ORIENTED_EDGE('',*,*,#2705,.T.);
#2705 = EDGE_CURVE('',#711,#2706,#2708,.T.);
#2706 = VERTEX_POINT('',#2707);
#2707 = CARTESIAN_POINT('',(146.5,86.7,0.));
#2708 = SEAM_CURVE('',#2709,(#2713,#2720),.PCURVE_S1.);
#2709 = LINE('',#2710,#2711);
#2710 = CARTESIAN_POINT('',(142.,86.7,0.));
#2711 = VECTOR('',#2712,1.);
#2712 = DIRECTION('',(1.,0.,0.));
#2713 = PCURVE('',#727,#2714);
#2714 = DEFINITIONAL_REPRESENTATION('',(#2715),#2719);
#2715 = LINE('',#2716,#2717);
#2716 = CARTESIAN_POINT('',(-6.28318530718,0.));
#2717 = VECTOR('',#2718,1.);
#2718 = DIRECTION('',(-0.,-1.));
#2719 = ( GEOMETRIC_REPRESENTATION_CONTEXT(2) 
PARAMETRIC_REPRESENTATION_CONTEXT() REPRESENTATION_CONTEXT('2D SPACE',''
  ) );
#2720 = PCURVE('',#727,#2721);
#2721 = DEFINITIONAL_REPRESENTATION('',(#2722),#2726);
#2722 = LINE('',#2723,#2724);
#2723 = CARTESIAN_POINT('',(-0.,0.));
#2724 = VECTOR('',#2725,1.);
#2725 = DIRECTION('',(-0.,-1.));
#2726 = ( GEOMETRIC_REPRESENTATION_CONTEXT(2) 
PARAMETRIC_REPRESENTATION_CONTEXT() REPRESENTATION_CONTEXT('2D SPACE',''
  ) );
#2727 = ORIENTED_EDGE('',*,*,#2728,.F.);
#2728 = EDGE_CURVE('',#2706,#2706,#2729,.T.);
#2729 = SURFACE_CURVE('',#2730,(#2735,#2742),.PCURVE_S1.);
#2730 = CIRCLE('',#2731,1.7);
#2731 = AXIS2_PLACEMENT_3D('',#2732,#2733,#2734);
#2732 = CARTESIAN_POINT('',(146.5,85.,0.));
#2733 = DIRECTION('',(-1.,0.,0.));
#2734 = DIRECTION('',(0.,1.,0.));
#2735 = PCURVE('',#727,#2736);
#2736 = DEFINITIONAL_REPRESENTATION('',(#2737),#2741);
#2737 = LINE('',#2738,#2739);
#2738 = CARTESIAN_POINT('',(-6.28318530718,-4.5));
#2739 = VECTOR('',#2740,1.);
#2740 = DIRECTION('',(1.,-0.));
#2741 = ( GEOMETRIC_REPRESENTATION_CONTEXT(2) 
PARAMETRIC_REPRESENTATION_CONTEXT() REPRESENTATION_CONTEXT('2D SPACE',''
  ) );
#2742 = PCURVE('',#1584,#2743);
#2743 = DEFINITIONAL_REPRESENTATION('',(#2744),#2752);
#2744 = ( BOUNDED_CURVE() B_SPLINE_CURVE(2,(#2745,#2746,#2747,#2748,
#2749,#2750,#2751),.UNSPECIFIED.,.T.,.F.) B_SPLINE_CURVE_WITH_KNOTS((1,2
    ,2,2,2,1),(-2.094395102393,0.,2.094395102393,4.188790204786,
6.28318530718,8.377580409573),.UNSPECIFIED.) CURVE() 
GEOMETRIC_REPRESENTATION_ITEM() RATIONAL_B_SPLINE_CURVE((1.,0.5,1.,0.5,
1.,0.5,1.)) REPRESENTATION_ITEM('') );
#2745 = CARTESIAN_POINT('',(8.,-21.7));
#2746 = CARTESIAN_POINT('',(5.055513627133,-21.7));
#2747 = CARTESIAN_POINT('',(6.527756813566,-19.15));
#2748 = CARTESIAN_POINT('',(8.,-16.6));
#2749 = CARTESIAN_POINT('',(9.472243186434,-19.15));
#2750 = CARTESIAN_POINT('',(10.944486372867,-21.7));
#2751 = CARTESIAN_POINT('',(8.,-21.7));
#2752 = ( GEOMETRIC_REPRESENTATION_CONTEXT(2) 
PARAMETRIC_REPRESENTATION_CONTEXT() REPRESENTATION_CONTEXT('2D SPACE',''
  ) );
#2753 = ORIENTED_EDGE('',*,*,#2705,.F.);
#2754 = ADVANCED_FACE('',(#2755),#758,.F.);
#2755 = FACE_BOUND('',#2756,.T.);
#2756 = EDGE_LOOP('',(#2757,#2758,#2781,#2807));
#2757 = ORIENTED_EDGE('',*,*,#741,.T.);
#2758 = ORIENTED_EDGE('',*,*,#2759,.T.);
#2759 = EDGE_CURVE('',#742,#2760,#2762,.T.);
#2760 = VERTEX_POINT('',#2761);
#2761 = CARTESIAN_POINT('',(146.5,72.7,0.));
#2762 = SEAM_CURVE('',#2763,(#2767,#2774),.PCURVE_S1.);
#2763 = LINE('',#2764,#2765);
#2764 = CARTESIAN_POINT('',(142.,72.7,0.));
#2765 = VECTOR('',#2766,1.);
#2766 = DIRECTION('',(1.,0.,0.));
#2767 = PCURVE('',#758,#2768);
#2768 = DEFINITIONAL_REPRESENTATION('',(#2769),#2773);
#2769 = LINE('',#2770,#2771);
#2770 = CARTESIAN_POINT('',(-6.28318530718,0.));
#2771 = VECTOR('',#2772,1.);
#2772 = DIRECTION('',(-0.,-1.));
#2773 = ( GEOMETRIC_REPRESENTATION_CONTEXT(2) 
PARAMETRIC_REPRESENTATION_CONTEXT() REPRESENTATION_CONTEXT('2D SPACE',''
  ) );
#2774 = PCURVE('',#758,#2775);
#2775 = DEFINITIONAL_REPRESENTATION('',(#2776),#2780);
#2776 = LINE('',#2777,#2778);
#2777 = CARTESIAN_POINT('',(-0.,0.));
#2778 = VECTOR('',#2779,1.);
#2779 = DIRECTION('',(-0.,-1.));
#2780 = ( GEOMETRIC_REPRESENTATION_CONTEXT(2) 
PARAMETRIC_REPRESENTATION_CONTEXT() REPRESENTATION_CONTEXT('2D SPACE',''
  ) );
#2781 = ORIENTED_EDGE('',*,*,#2782,.F.);
#2782 = EDGE_CURVE('',#2760,#2760,#2783,.T.);
#2783 = SURFACE_CURVE('',#2784,(#2789,#2796),.PCURVE_S1.);
#2784 = CIRCLE('',#2785,1.7);
#2785 = AXIS2_PLACEMENT_3D('',#2786,#2787,#2788);
#2786 = CARTESIAN_POINT('',(146.5,71.,0.));
#2787 = DIRECTION('',(-1.,0.,0.));
#2788 = DIRECTION('',(0.,1.,0.));
#2789 = PCURVE('',#758,#2790);
#2790 = DEFINITIONAL_REPRESENTATION('',(#2791),#2795);
#2791 = LINE('',#2792,#2793);
#2792 = CARTESIAN_POINT('',(-6.28318530718,-4.5));
#2793 = VECTOR('',#2794,1.);
#2794 = DIRECTION('',(1.,-0.));
#2795 = ( GEOMETRIC_REPRESENTATION_CONTEXT(2) 
PARAMETRIC_REPRESENTATION_CONTEXT() REPRESENTATION_CONTEXT('2D SPACE',''
  ) );
#2796 = PCURVE('',#1584,#2797);
#2797 = DEFINITIONAL_REPRESENTATION('',(#2798),#2806);
#2798 = ( BOUNDED_CURVE() B_SPLINE_CURVE(2,(#2799,#2800,#2801,#2802,
#2803,#2804,#2805),.UNSPECIFIED.,.T.,.F.) B_SPLINE_CURVE_WITH_KNOTS((1,2
    ,2,2,2,1),(-2.094395102393,0.,2.094395102393,4.188790204786,
6.28318530718,8.377580409573),.UNSPECIFIED.) CURVE() 
GEOMETRIC_REPRESENTATION_ITEM() RATIONAL_B_SPLINE_CURVE((1.,0.5,1.,0.5,
1.,0.5,1.)) REPRESENTATION_ITEM('') );
#2799 = CARTESIAN_POINT('',(8.,-7.7));
#2800 = CARTESIAN_POINT('',(5.055513627133,-7.7));
#2801 = CARTESIAN_POINT('',(6.527756813566,-5.15));
#2802 = CARTESIAN_POINT('',(8.,-2.6));
#2803 = CARTESIAN_POINT('',(9.472243186434,-5.15));
#2804 = CARTESIAN_POINT('',(10.944486372867,-7.7));
#2805 = CARTESIAN_POINT('',(8.,-7.7));
#2806 = ( GEOMETRIC_REPRESENTATION_CONTEXT(2) 
PARAMETRIC_REPRESENTATION_CONTEXT() REPRESENTATION_CONTEXT('2D SPACE',''
  ) );
#2807 = ORIENTED_EDGE('',*,*,#2759,.F.);
#2808 = ADVANCED_FACE('',(#2809),#790,.T.);
#2809 = FACE_BOUND('',#2810,.T.);
#2810 = EDGE_LOOP('',(#2811,#2812,#2833,#2856));
#2811 = ORIENTED_EDGE('',*,*,#772,.F.);
#2812 = ORIENTED_EDGE('',*,*,#2813,.F.);
#2813 = EDGE_CURVE('',#2814,#773,#2816,.T.);
#2814 = VERTEX_POINT('',#2815);
#2815 = CARTESIAN_POINT('',(146.5,67.226060659928,-9.522008834488));
#2816 = SURFACE_CURVE('',#2817,(#2821,#2827),.PCURVE_S1.);
#2817 = LINE('',#2818,#2819);
#2818 = CARTESIAN_POINT('',(143.5,67.226060659928,-9.522008834487));
#2819 = VECTOR('',#2820,1.);
#2820 = DIRECTION('',(-1.,-0.,-0.));
#2821 = PCURVE('',#790,#2822);
#2822 = DEFINITIONAL_REPRESENTATION('',(#2823),#2826);
#2823 = B_SPLINE_CURVE_WITH_KNOTS('',1,(#2824,#2825),.UNSPECIFIED.,.F.,
  .F.,(2,2),(-3.,0.),.PIECEWISE_BEZIER_KNOTS.);
#2824 = CARTESIAN_POINT('',(14.062233860508,-3.));
#2825 = CARTESIAN_POINT('',(14.062233860508,0.));
#2826 = ( GEOMETRIC_REPRESENTATION_CONTEXT(2) 
PARAMETRIC_REPRESENTATION_CONTEXT() REPRESENTATION_CONTEXT('2D SPACE',''
  ) );
#2827 = PCURVE('',#873,#2828);
#2828 = DEFINITIONAL_REPRESENTATION('',(#2829),#2832);
#2829 = B_SPLINE_CURVE_WITH_KNOTS('',1,(#2830,#2831),.UNSPECIFIED.,.F.,
  .F.,(2,2),(-3.,0.),.PIECEWISE_BEZIER_KNOTS.);
#2830 = CARTESIAN_POINT('',(111.09207061053,-3.));
#2831 = CARTESIAN_POINT('',(111.09207061053,0.));
#2832 = ( GEOMETRIC_REPRESENTATION_CONTEXT(2) 
PARAMETRIC_REPRESENTATION_CONTEXT() REPRESENTATION_CONTEXT('2D SPACE',''
  ) );
#2833 = ORIENTED_EDGE('',*,*,#2834,.T.);
#2834 = EDGE_CURVE('',#2814,#2835,#2837,.T.);
#2835 = VERTEX_POINT('',#2836);
#2836 = CARTESIAN_POINT('',(146.5,11.593818862217,-40.90429907935));
#2837 = SURFACE_CURVE('',#2838,(#2842,#2849),.PCURVE_S1.);
#2838 = LINE('',#2839,#2840);
#2839 = CARTESIAN_POINT('',(146.5,79.473963560796,-2.612935403229));
#2840 = VECTOR('',#2841,1.);
#2841 = DIRECTION('',(0.,-0.870978467743,-0.491321186932));
#2842 = PCURVE('',#790,#2843);
#2843 = DEFINITIONAL_REPRESENTATION('',(#2844),#2848);
#2844 = LINE('',#2845,#2846);
#2845 = CARTESIAN_POINT('',(0.,-3.));
#2846 = VECTOR('',#2847,1.);
#2847 = DIRECTION('',(1.,0.));
#2848 = ( GEOMETRIC_REPRESENTATION_CONTEXT(2) 
PARAMETRIC_REPRESENTATION_CONTEXT() REPRESENTATION_CONTEXT('2D SPACE',''
  ) );
#2849 = PCURVE('',#1584,#2850);
#2850 = DEFINITIONAL_REPRESENTATION('',(#2851),#2855);
#2851 = LINE('',#2852,#2853);
#2852 = CARTESIAN_POINT('',(5.387064596771,-14.47396356079));
#2853 = VECTOR('',#2854,1.);
#2854 = DIRECTION('',(-0.491321186932,0.870978467743));
#2855 = ( GEOMETRIC_REPRESENTATION_CONTEXT(2) 
PARAMETRIC_REPRESENTATION_CONTEXT() REPRESENTATION_CONTEXT('2D SPACE',''
  ) );
#2856 = ORIENTED_EDGE('',*,*,#2857,.T.);
#2857 = EDGE_CURVE('',#2835,#775,#2858,.T.);
#2858 = SURFACE_CURVE('',#2859,(#2863,#2869),.PCURVE_S1.);
#2859 = LINE('',#2860,#2861);
#2860 = CARTESIAN_POINT('',(143.5,11.593818862217,-40.90429907935));
#2861 = VECTOR('',#2862,1.);
#2862 = DIRECTION('',(-1.,-0.,-0.));
#2863 = PCURVE('',#790,#2864);
#2864 = DEFINITIONAL_REPRESENTATION('',(#2865),#2868);
#2865 = B_SPLINE_CURVE_WITH_KNOTS('',1,(#2866,#2867),.UNSPECIFIED.,.F.,
  .F.,(2,2),(-3.0000006,5.999999928008E-07),.PIECEWISE_BEZIER_KNOTS.);
#2866 = CARTESIAN_POINT('',(77.93550267033,-3.0000006));
#2867 = CARTESIAN_POINT('',(77.93550267033,5.999999928008E-07));
#2868 = ( GEOMETRIC_REPRESENTATION_CONTEXT(2) 
PARAMETRIC_REPRESENTATION_CONTEXT() REPRESENTATION_CONTEXT('2D SPACE',''
  ) );
#2869 = PCURVE('',#819,#2870);
#2870 = DEFINITIONAL_REPRESENTATION('',(#2871),#2874);
#2871 = B_SPLINE_CURVE_WITH_KNOTS('',1,(#2872,#2873),.UNSPECIFIED.,.F.,
  .F.,(2,2),(-3.,0.),.PIECEWISE_BEZIER_KNOTS.);
#2872 = CARTESIAN_POINT('',(-6.54411105676,-3.));
#2873 = CARTESIAN_POINT('',(-6.54411105676,0.));
#2874 = ( GEOMETRIC_REPRESENTATION_CONTEXT(2) 
PARAMETRIC_REPRESENTATION_CONTEXT() REPRESENTATION_CONTEXT('2D SPACE',''
  ) );
#2875 = ADVANCED_FACE('',(#2876),#873,.T.);
#2876 = FACE_BOUND('',#2877,.T.);
#2877 = EDGE_LOOP('',(#2878,#2879,#2900,#2921));
#2878 = ORIENTED_EDGE('',*,*,#859,.F.);
#2879 = ORIENTED_EDGE('',*,*,#2880,.F.);
#2880 = EDGE_CURVE('',#2881,#832,#2883,.T.);
#2881 = VERTEX_POINT('',#2882);
#2882 = CARTESIAN_POINT('',(146.5,7.,-85.1906491508));
#2883 = SURFACE_CURVE('',#2884,(#2888,#2894),.PCURVE_S1.);
#2884 = LINE('',#2885,#2886);
#2885 = CARTESIAN_POINT('',(143.5,7.,-85.1906491508));
#2886 = VECTOR('',#2887,1.);
#2887 = DIRECTION('',(-1.,-0.,0.));
#2888 = PCURVE('',#873,#2889);
#2889 = DEFINITIONAL_REPRESENTATION('',(#2890),#2893);
#2890 = B_SPLINE_CURVE_WITH_KNOTS('',1,(#2891,#2892),.UNSPECIFIED.,.F.,
  .F.,(2,2),(-3.,0.),.PIECEWISE_BEZIER_KNOTS.);
#2891 = CARTESIAN_POINT('',(14.381566993124,-3.));
#2892 = CARTESIAN_POINT('',(14.381566993124,0.));
#2893 = ( GEOMETRIC_REPRESENTATION_CONTEXT(2) 
PARAMETRIC_REPRESENTATION_CONTEXT() REPRESENTATION_CONTEXT('2D SPACE',''
  ) );
#2894 = PCURVE('',#847,#2895);
#2895 = DEFINITIONAL_REPRESENTATION('',(#2896),#2899);
#2896 = B_SPLINE_CURVE_WITH_KNOTS('',1,(#2897,#2898),.UNSPECIFIED.,.F.,
  .F.,(2,2),(-3.,0.),.PIECEWISE_BEZIER_KNOTS.);
#2897 = CARTESIAN_POINT('',(41.190649150807,-3.));
#2898 = CARTESIAN_POINT('',(41.190649150807,0.));
#2899 = ( GEOMETRIC_REPRESENTATION_CONTEXT(2) 
PARAMETRIC_REPRESENTATION_CONTEXT() REPRESENTATION_CONTEXT('2D SPACE',''
  ) );
#2900 = ORIENTED_EDGE('',*,*,#2901,.T.);
#2901 = EDGE_CURVE('',#2881,#2814,#2902,.T.);
#2902 = SURFACE_CURVE('',#2903,(#2907,#2914),.PCURVE_S1.);
#2903 = LINE('',#2904,#2905);
#2904 = CARTESIAN_POINT('',(146.5,-1.956060548905,-96.44313548148));
#2905 = VECTOR('',#2906,1.);
#2906 = DIRECTION('',(0.,0.622745807407,0.782424219562));
#2907 = PCURVE('',#873,#2908);
#2908 = DEFINITIONAL_REPRESENTATION('',(#2909),#2913);
#2909 = LINE('',#2910,#2911);
#2910 = CARTESIAN_POINT('',(0.,-3.));
#2911 = VECTOR('',#2912,1.);
#2912 = DIRECTION('',(1.,0.));
#2913 = ( GEOMETRIC_REPRESENTATION_CONTEXT(2) 
PARAMETRIC_REPRESENTATION_CONTEXT() REPRESENTATION_CONTEXT('2D SPACE',''
  ) );
#2914 = PCURVE('',#1584,#2915);
#2915 = DEFINITIONAL_REPRESENTATION('',(#2916),#2920);
#2916 = LINE('',#2917,#2918);
#2917 = CARTESIAN_POINT('',(-88.44313548148,66.956060548905));
#2918 = VECTOR('',#2919,1.);
#2919 = DIRECTION('',(0.782424219562,-0.622745807407));
#2920 = ( GEOMETRIC_REPRESENTATION_CONTEXT(2) 
PARAMETRIC_REPRESENTATION_CONTEXT() REPRESENTATION_CONTEXT('2D SPACE',''
  ) );
#2921 = ORIENTED_EDGE('',*,*,#2813,.T.);
#2922 = ADVANCED_FACE('',(#2923),#819,.T.);
#2923 = FACE_BOUND('',#2924,.F.);
#2924 = EDGE_LOOP('',(#2925,#2926,#2947,#2969));
#2925 = ORIENTED_EDGE('',*,*,#802,.T.);
#2926 = ORIENTED_EDGE('',*,*,#2927,.F.);
#2927 = EDGE_CURVE('',#2928,#803,#2930,.T.);
#2928 = VERTEX_POINT('',#2929);
#2929 = CARTESIAN_POINT('',(146.5,7.,-53.7467943448));
#2930 = SURFACE_CURVE('',#2931,(#2935,#2941),.PCURVE_S1.);
#2931 = LINE('',#2932,#2933);
#2932 = CARTESIAN_POINT('',(143.5,7.,-53.7467943448));
#2933 = VECTOR('',#2934,1.);
#2934 = DIRECTION('',(-1.,-0.,-0.));
#2935 = PCURVE('',#819,#2936);
#2936 = DEFINITIONAL_REPRESENTATION('',(#2937),#2940);
#2937 = B_SPLINE_CURVE_WITH_KNOTS('',1,(#2938,#2939),.UNSPECIFIED.,.F.,
  .F.,(2,2),(-3.,-0.),.PIECEWISE_BEZIER_KNOTS.);
#2938 = CARTESIAN_POINT('',(-5.335215565797,-3.));
#2939 = CARTESIAN_POINT('',(-5.335215565797,0.));
#2940 = ( GEOMETRIC_REPRESENTATION_CONTEXT(2) 
PARAMETRIC_REPRESENTATION_CONTEXT() REPRESENTATION_CONTEXT('2D SPACE',''
  ) );
#2941 = PCURVE('',#847,#2942);
#2942 = DEFINITIONAL_REPRESENTATION('',(#2943),#2946);
#2943 = B_SPLINE_CURVE_WITH_KNOTS('',1,(#2944,#2945),.UNSPECIFIED.,.F.,
  .F.,(2,2),(-3.0000006,5.999999928008E-07),.PIECEWISE_BEZIER_KNOTS.);
#2944 = CARTESIAN_POINT('',(9.746794344809,-3.0000006));
#2945 = CARTESIAN_POINT('',(9.746794344809,5.999999928008E-07));
#2946 = ( GEOMETRIC_REPRESENTATION_CONTEXT(2) 
PARAMETRIC_REPRESENTATION_CONTEXT() REPRESENTATION_CONTEXT('2D SPACE',''
  ) );
#2947 = ORIENTED_EDGE('',*,*,#2948,.T.);
#2948 = EDGE_CURVE('',#2928,#2835,#2949,.T.);
#2949 = SURFACE_CURVE('',#2950,(#2955,#2962),.PCURVE_S1.);
#2950 = CIRCLE('',#2951,12.);
#2951 = AXIS2_PLACEMENT_3D('',#2952,#2953,#2954);
#2952 = CARTESIAN_POINT('',(146.5,0.,-44.));
#2953 = DIRECTION('',(1.,-0.,0.));
#2954 = DIRECTION('',(0.,0.583333333333,-0.812232862067));
#2955 = PCURVE('',#819,#2956);
#2956 = DEFINITIONAL_REPRESENTATION('',(#2957),#2961);
#2957 = LINE('',#2958,#2959);
#2958 = CARTESIAN_POINT('',(-5.335215565797,-3.));
#2959 = VECTOR('',#2960,1.);
#2960 = DIRECTION('',(-1.,0.));
#2961 = ( GEOMETRIC_REPRESENTATION_CONTEXT(2) 
PARAMETRIC_REPRESENTATION_CONTEXT() REPRESENTATION_CONTEXT('2D SPACE',''
  ) );
#2962 = PCURVE('',#1584,#2963);
#2963 = DEFINITIONAL_REPRESENTATION('',(#2964),#2968);
#2964 = CIRCLE('',#2965,12.);
#2965 = AXIS2_PLACEMENT_2D('',#2966,#2967);
#2966 = CARTESIAN_POINT('',(-36.,65.));
#2967 = DIRECTION('',(-0.812232862067,-0.583333333333));
#2968 = ( GEOMETRIC_REPRESENTATION_CONTEXT(2) 
PARAMETRIC_REPRESENTATION_CONTEXT() REPRESENTATION_CONTEXT('2D SPACE',''
  ) );
#2969 = ORIENTED_EDGE('',*,*,#2857,.T.);
#2970 = ADVANCED_FACE('',(#2971),#847,.T.);
#2971 = FACE_BOUND('',#2972,.T.);
#2972 = EDGE_LOOP('',(#2973,#2974,#2975,#2996));
#2973 = ORIENTED_EDGE('',*,*,#831,.F.);
#2974 = ORIENTED_EDGE('',*,*,#2927,.F.);
#2975 = ORIENTED_EDGE('',*,*,#2976,.T.);
#2976 = EDGE_CURVE('',#2928,#2881,#2977,.T.);
#2977 = SURFACE_CURVE('',#2978,(#2982,#2989),.PCURVE_S1.);
#2978 = LINE('',#2979,#2980);
#2979 = CARTESIAN_POINT('',(146.5,7.,-44.));
#2980 = VECTOR('',#2981,1.);
#2981 = DIRECTION('',(0.,0.,-1.));
#2982 = PCURVE('',#847,#2983);
#2983 = DEFINITIONAL_REPRESENTATION('',(#2984),#2988);
#2984 = LINE('',#2985,#2986);
#2985 = CARTESIAN_POINT('',(0.,-3.));
#2986 = VECTOR('',#2987,1.);
#2987 = DIRECTION('',(1.,0.));
#2988 = ( GEOMETRIC_REPRESENTATION_CONTEXT(2) 
PARAMETRIC_REPRESENTATION_CONTEXT() REPRESENTATION_CONTEXT('2D SPACE',''
  ) );
#2989 = PCURVE('',#1584,#2990);
#2990 = DEFINITIONAL_REPRESENTATION('',(#2991),#2995);
#2991 = LINE('',#2992,#2993);
#2992 = CARTESIAN_POINT('',(-36.,58.));
#2993 = VECTOR('',#2994,1.);
#2994 = DIRECTION('',(-1.,0.));
#2995 = ( GEOMETRIC_REPRESENTATION_CONTEXT(2) 
PARAMETRIC_REPRESENTATION_CONTEXT() REPRESENTATION_CONTEXT('2D SPACE',''
  ) );
#2996 = ORIENTED_EDGE('',*,*,#2880,.T.);
#2997 = ADVANCED_FACE('',(#2998),#904,.F.);
#2998 = FACE_BOUND('',#2999,.T.);
#2999 = EDGE_LOOP('',(#3000,#3001,#3024,#3050));
#3000 = ORIENTED_EDGE('',*,*,#887,.T.);
#3001 = ORIENTED_EDGE('',*,*,#3002,.T.);
#3002 = EDGE_CURVE('',#888,#3003,#3005,.T.);
#3003 = VERTEX_POINT('',#3004);
#3004 = CARTESIAN_POINT('',(146.5,9.7,-44.));
#3005 = SEAM_CURVE('',#3006,(#3010,#3017),.PCURVE_S1.);
#3006 = LINE('',#3007,#3008);
#3007 = CARTESIAN_POINT('',(142.,9.7,-44.));
#3008 = VECTOR('',#3009,1.);
#3009 = DIRECTION('',(1.,0.,0.));
#3010 = PCURVE('',#904,#3011);
#3011 = DEFINITIONAL_REPRESENTATION('',(#3012),#3016);
#3012 = LINE('',#3013,#3014);
#3013 = CARTESIAN_POINT('',(-6.28318530718,0.));
#3014 = VECTOR('',#3015,1.);
#3015 = DIRECTION('',(-0.,-1.));
#3016 = ( GEOMETRIC_REPRESENTATION_CONTEXT(2) 
PARAMETRIC_REPRESENTATION_CONTEXT() REPRESENTATION_CONTEXT('2D SPACE',''
  ) );
#3017 = PCURVE('',#904,#3018);
#3018 = DEFINITIONAL_REPRESENTATION('',(#3019),#3023);
#3019 = LINE('',#3020,#3021);
#3020 = CARTESIAN_POINT('',(-0.,0.));
#3021 = VECTOR('',#3022,1.);
#3022 = DIRECTION('',(-0.,-1.));
#3023 = ( GEOMETRIC_REPRESENTATION_CONTEXT(2) 
PARAMETRIC_REPRESENTATION_CONTEXT() REPRESENTATION_CONTEXT('2D SPACE',''
  ) );
#3024 = ORIENTED_EDGE('',*,*,#3025,.F.);
#3025 = EDGE_CURVE('',#3003,#3003,#3026,.T.);
#3026 = SURFACE_CURVE('',#3027,(#3032,#3039),.PCURVE_S1.);
#3027 = CIRCLE('',#3028,1.7);
#3028 = AXIS2_PLACEMENT_3D('',#3029,#3030,#3031);
#3029 = CARTESIAN_POINT('',(146.5,8.,-44.));
#3030 = DIRECTION('',(-1.,0.,0.));
#3031 = DIRECTION('',(0.,1.,0.));
#3032 = PCURVE('',#904,#3033);
#3033 = DEFINITIONAL_REPRESENTATION('',(#3034),#3038);
#3034 = LINE('',#3035,#3036);
#3035 = CARTESIAN_POINT('',(-6.28318530718,-4.5));
#3036 = VECTOR('',#3037,1.);
#3037 = DIRECTION('',(1.,-0.));
#3038 = ( GEOMETRIC_REPRESENTATION_CONTEXT(2) 
PARAMETRIC_REPRESENTATION_CONTEXT() REPRESENTATION_CONTEXT('2D SPACE',''
  ) );
#3039 = PCURVE('',#1584,#3040);
#3040 = DEFINITIONAL_REPRESENTATION('',(#3041),#3049);
#3041 = ( BOUNDED_CURVE() B_SPLINE_CURVE(2,(#3042,#3043,#3044,#3045,
#3046,#3047,#3048),.UNSPECIFIED.,.T.,.F.) B_SPLINE_CURVE_WITH_KNOTS((1,2
    ,2,2,2,1),(-2.094395102393,0.,2.094395102393,4.188790204786,
6.28318530718,8.377580409573),.UNSPECIFIED.) CURVE() 
GEOMETRIC_REPRESENTATION_ITEM() RATIONAL_B_SPLINE_CURVE((1.,0.5,1.,0.5,
1.,0.5,1.)) REPRESENTATION_ITEM('') );
#3042 = CARTESIAN_POINT('',(-36.,55.3));
#3043 = CARTESIAN_POINT('',(-38.94448637286,55.3));
#3044 = CARTESIAN_POINT('',(-37.47224318643,57.85));
#3045 = CARTESIAN_POINT('',(-36.,60.4));
#3046 = CARTESIAN_POINT('',(-34.52775681356,57.85));
#3047 = CARTESIAN_POINT('',(-33.05551362713,55.3));
#3048 = CARTESIAN_POINT('',(-36.,55.3));
#3049 = ( GEOMETRIC_REPRESENTATION_CONTEXT(2) 
PARAMETRIC_REPRESENTATION_CONTEXT() REPRESENTATION_CONTEXT('2D SPACE',''
  ) );
#3050 = ORIENTED_EDGE('',*,*,#3002,.F.);
#3051 = ADVANCED_FACE('',(#3052),#936,.T.);
#3052 = FACE_BOUND('',#3053,.T.);
#3053 = EDGE_LOOP('',(#3054,#3055,#3076,#3099));
#3054 = ORIENTED_EDGE('',*,*,#918,.F.);
#3055 = ORIENTED_EDGE('',*,*,#3056,.T.);
#3056 = EDGE_CURVE('',#919,#3057,#3059,.T.);
#3057 = VERTEX_POINT('',#3058);
#3058 = CARTESIAN_POINT('',(146.5,79.806303375956,-154.8095413299));
#3059 = SURFACE_CURVE('',#3060,(#3064,#3070),.PCURVE_S1.);
#3060 = LINE('',#3061,#3062);
#3061 = CARTESIAN_POINT('',(143.5,79.806303375956,-154.8095413299));
#3062 = VECTOR('',#3063,1.);
#3063 = DIRECTION('',(1.,0.,0.));
#3064 = PCURVE('',#936,#3065);
#3065 = DEFINITIONAL_REPRESENTATION('',(#3066),#3069);
#3066 = B_SPLINE_CURVE_WITH_KNOTS('',1,(#3067,#3068),.UNSPECIFIED.,.F.,
  .F.,(2,2),(0.,3.),.PIECEWISE_BEZIER_KNOTS.);
#3067 = CARTESIAN_POINT('',(6.286610905084,0.));
#3068 = CARTESIAN_POINT('',(6.286610905084,-3.));
#3069 = ( GEOMETRIC_REPRESENTATION_CONTEXT(2) 
PARAMETRIC_REPRESENTATION_CONTEXT() REPRESENTATION_CONTEXT('2D SPACE',''
  ) );
#3070 = PCURVE('',#1047,#3071);
#3071 = DEFINITIONAL_REPRESENTATION('',(#3072),#3075);
#3072 = B_SPLINE_CURVE_WITH_KNOTS('',1,(#3073,#3074),.UNSPECIFIED.,.F.,
  .F.,(2,2),(0.,3.),.PIECEWISE_BEZIER_KNOTS.);
#3073 = CARTESIAN_POINT('',(97.915116527814,0.));
#3074 = CARTESIAN_POINT('',(97.915116527814,-3.));
#3075 = ( GEOMETRIC_REPRESENTATION_CONTEXT(2) 
PARAMETRIC_REPRESENTATION_CONTEXT() REPRESENTATION_CONTEXT('2D SPACE',''
  ) );
#3076 = ORIENTED_EDGE('',*,*,#3077,.T.);
#3077 = EDGE_CURVE('',#3057,#3078,#3080,.T.);
#3078 = VERTEX_POINT('',#3079);
#3079 = CARTESIAN_POINT('',(146.5,75.247000850181,-8.));
#3080 = SURFACE_CURVE('',#3081,(#3085,#3092),.PCURVE_S1.);
#3081 = LINE('',#3082,#3083);
#3082 = CARTESIAN_POINT('',(146.5,80.00144565781,-161.0931228056));
#3083 = VECTOR('',#3084,1.);
#3084 = DIRECTION('',(0.,-3.104093521936E-02,0.999518114063));
#3085 = PCURVE('',#936,#3086);
#3086 = DEFINITIONAL_REPRESENTATION('',(#3087),#3091);
#3087 = LINE('',#3088,#3089);
#3088 = CARTESIAN_POINT('',(0.,-3.));
#3089 = VECTOR('',#3090,1.);
#3090 = DIRECTION('',(1.,0.));
#3091 = ( GEOMETRIC_REPRESENTATION_CONTEXT(2) 
PARAMETRIC_REPRESENTATION_CONTEXT() REPRESENTATION_CONTEXT('2D SPACE',''
  ) );
#3092 = PCURVE('',#1584,#3093);
#3093 = DEFINITIONAL_REPRESENTATION('',(#3094),#3098);
#3094 = LINE('',#3095,#3096);
#3095 = CARTESIAN_POINT('',(-153.0931228056,-15.00144565781));
#3096 = VECTOR('',#3097,1.);
#3097 = DIRECTION('',(0.999518114063,3.104093521936E-02));
#3098 = ( GEOMETRIC_REPRESENTATION_CONTEXT(2) 
PARAMETRIC_REPRESENTATION_CONTEXT() REPRESENTATION_CONTEXT('2D SPACE',''
  ) );
#3099 = ORIENTED_EDGE('',*,*,#3100,.T.);
#3100 = EDGE_CURVE('',#3078,#921,#3101,.T.);
#3101 = SURFACE_CURVE('',#3102,(#3106,#3112),.PCURVE_S1.);
#3102 = LINE('',#3103,#3104);
#3103 = CARTESIAN_POINT('',(143.5,75.247000850181,-8.));
#3104 = VECTOR('',#3105,1.);
#3105 = DIRECTION('',(-1.,-0.,0.));
#3106 = PCURVE('',#936,#3107);
#3107 = DEFINITIONAL_REPRESENTATION('',(#3108),#3111);
#3108 = B_SPLINE_CURVE_WITH_KNOTS('',1,(#3109,#3110),.UNSPECIFIED.,.F.,
  .F.,(2,2),(-3.,0.),.PIECEWISE_BEZIER_KNOTS.);
#3109 = CARTESIAN_POINT('',(153.16693179605,-3.));
#3110 = CARTESIAN_POINT('',(153.16693179605,0.));
#3111 = ( GEOMETRIC_REPRESENTATION_CONTEXT(2) 
PARAMETRIC_REPRESENTATION_CONTEXT() REPRESENTATION_CONTEXT('2D SPACE',''
  ) );
#3112 = PCURVE('',#964,#3113);
#3113 = DEFINITIONAL_REPRESENTATION('',(#3114),#3117);
#3114 = B_SPLINE_CURVE_WITH_KNOTS('',1,(#3115,#3116),.UNSPECIFIED.,.F.,
  .F.,(2,2),(-3.,0.),.PIECEWISE_BEZIER_KNOTS.);
#3115 = CARTESIAN_POINT('',(3.,10.247000850181));
#3116 = CARTESIAN_POINT('',(0.,10.247000850181));
#3117 = ( GEOMETRIC_REPRESENTATION_CONTEXT(2) 
PARAMETRIC_REPRESENTATION_CONTEXT() REPRESENTATION_CONTEXT('2D SPACE',''
  ) );
#3118 = ADVANCED_FACE('',(#3119),#1047,.T.);
#3119 = FACE_BOUND('',#3120,.T.);
#3120 = EDGE_LOOP('',(#3121,#3122,#3143,#3164));
#3121 = ORIENTED_EDGE('',*,*,#1033,.F.);
#3122 = ORIENTED_EDGE('',*,*,#3123,.F.);
#3123 = EDGE_CURVE('',#3124,#1005,#3126,.T.);
#3124 = VERTEX_POINT('',#3125);
#3125 = CARTESIAN_POINT('',(146.5,11.068653866112,-102.6351808586));
#3126 = SURFACE_CURVE('',#3127,(#3131,#3137),.PCURVE_S1.);
#3127 = LINE('',#3128,#3129);
#3128 = CARTESIAN_POINT('',(143.5,11.068653866112,-102.6351808586));
#3129 = VECTOR('',#3130,1.);
#3130 = DIRECTION('',(-1.,-0.,-0.));
#3131 = PCURVE('',#1047,#3132);
#3132 = DEFINITIONAL_REPRESENTATION('',(#3133),#3136);
#3133 = B_SPLINE_CURVE_WITH_KNOTS('',1,(#3134,#3135),.UNSPECIFIED.,.F.,
  .F.,(2,2),(-3.0000006,5.999999928008E-07),.PIECEWISE_BEZIER_KNOTS.);
#3134 = CARTESIAN_POINT('',(11.618950038622,-3.0000006));
#3135 = CARTESIAN_POINT('',(11.618950038622,5.999999928008E-07));
#3136 = ( GEOMETRIC_REPRESENTATION_CONTEXT(2) 
PARAMETRIC_REPRESENTATION_CONTEXT() REPRESENTATION_CONTEXT('2D SPACE',''
  ) );
#3137 = PCURVE('',#1021,#3138);
#3138 = DEFINITIONAL_REPRESENTATION('',(#3139),#3142);
#3139 = B_SPLINE_CURVE_WITH_KNOTS('',1,(#3140,#3141),.UNSPECIFIED.,.F.,
  .F.,(2,2),(-3.,-0.),.PIECEWISE_BEZIER_KNOTS.);
#3140 = CARTESIAN_POINT('',(-5.886606359777,-3.));
#3141 = CARTESIAN_POINT('',(-5.886606359777,0.));
#3142 = ( GEOMETRIC_REPRESENTATION_CONTEXT(2) 
PARAMETRIC_REPRESENTATION_CONTEXT() REPRESENTATION_CONTEXT('2D SPACE',''
  ) );
#3143 = ORIENTED_EDGE('',*,*,#3144,.T.);
#3144 = EDGE_CURVE('',#3124,#3057,#3145,.T.);
#3145 = SURFACE_CURVE('',#3146,(#3150,#3157),.PCURVE_S1.);
#3146 = LINE('',#3147,#3148);
#3147 = CARTESIAN_POINT('',(146.5,1.81378950864,-95.61040429814));
#3148 = VECTOR('',#3149,1.);
#3149 = DIRECTION('',(0.,0.79653190062,-0.60459650288));
#3150 = PCURVE('',#1047,#3151);
#3151 = DEFINITIONAL_REPRESENTATION('',(#3152),#3156);
#3152 = LINE('',#3153,#3154);
#3153 = CARTESIAN_POINT('',(0.,-3.));
#3154 = VECTOR('',#3155,1.);
#3155 = DIRECTION('',(1.,0.));
#3156 = ( GEOMETRIC_REPRESENTATION_CONTEXT(2) 
PARAMETRIC_REPRESENTATION_CONTEXT() REPRESENTATION_CONTEXT('2D SPACE',''
  ) );
#3157 = PCURVE('',#1584,#3158);
#3158 = DEFINITIONAL_REPRESENTATION('',(#3159),#3163);
#3159 = LINE('',#3160,#3161);
#3160 = CARTESIAN_POINT('',(-87.61040429814,63.18621049136));
#3161 = VECTOR('',#3162,1.);
#3162 = DIRECTION('',(-0.60459650288,-0.79653190062));
#3163 = ( GEOMETRIC_REPRESENTATION_CONTEXT(2) 
PARAMETRIC_REPRESENTATION_CONTEXT() REPRESENTATION_CONTEXT('2D SPACE',''
  ) );
#3164 = ORIENTED_EDGE('',*,*,#3056,.F.);
#3165 = ADVANCED_FACE('',(#3166),#964,.F.);
#3166 = FACE_BOUND('',#3167,.F.);
#3167 = EDGE_LOOP('',(#3168,#3169,#3190,#3211));
#3168 = ORIENTED_EDGE('',*,*,#948,.F.);
#3169 = ORIENTED_EDGE('',*,*,#3170,.T.);
#3170 = EDGE_CURVE('',#949,#3171,#3173,.T.);
#3171 = VERTEX_POINT('',#3172);
#3172 = CARTESIAN_POINT('',(146.5,74.827850675888,-8.));
#3173 = SURFACE_CURVE('',#3174,(#3178,#3184),.PCURVE_S1.);
#3174 = LINE('',#3175,#3176);
#3175 = CARTESIAN_POINT('',(143.5,74.827850675888,-8.));
#3176 = VECTOR('',#3177,1.);
#3177 = DIRECTION('',(1.,-0.,0.));
#3178 = PCURVE('',#964,#3179);
#3179 = DEFINITIONAL_REPRESENTATION('',(#3180),#3183);
#3180 = B_SPLINE_CURVE_WITH_KNOTS('',1,(#3181,#3182),.UNSPECIFIED.,.F.,
  .F.,(2,2),(0.,3.),.PIECEWISE_BEZIER_KNOTS.);
#3181 = CARTESIAN_POINT('',(0.,9.827850675888));
#3182 = CARTESIAN_POINT('',(3.,9.827850675888));
#3183 = ( GEOMETRIC_REPRESENTATION_CONTEXT(2) 
PARAMETRIC_REPRESENTATION_CONTEXT() REPRESENTATION_CONTEXT('2D SPACE',''
  ) );
#3184 = PCURVE('',#992,#3185);
#3185 = DEFINITIONAL_REPRESENTATION('',(#3186),#3189);
#3186 = B_SPLINE_CURVE_WITH_KNOTS('',1,(#3187,#3188),.UNSPECIFIED.,.F.,
  .F.,(2,2),(0.,3.),.PIECEWISE_BEZIER_KNOTS.);
#3187 = CARTESIAN_POINT('',(8.234836448556,0.));
#3188 = CARTESIAN_POINT('',(8.234836448556,-3.));
#3189 = ( GEOMETRIC_REPRESENTATION_CONTEXT(2) 
PARAMETRIC_REPRESENTATION_CONTEXT() REPRESENTATION_CONTEXT('2D SPACE',''
  ) );
#3190 = ORIENTED_EDGE('',*,*,#3191,.T.);
#3191 = EDGE_CURVE('',#3171,#3078,#3192,.T.);
#3192 = SURFACE_CURVE('',#3193,(#3197,#3204),.PCURVE_S1.);
#3193 = LINE('',#3194,#3195);
#3194 = CARTESIAN_POINT('',(146.5,65.,-8.));
#3195 = VECTOR('',#3196,1.);
#3196 = DIRECTION('',(0.,1.,0.));
#3197 = PCURVE('',#964,#3198);
#3198 = DEFINITIONAL_REPRESENTATION('',(#3199),#3203);
#3199 = LINE('',#3200,#3201);
#3200 = CARTESIAN_POINT('',(3.,0.));
#3201 = VECTOR('',#3202,1.);
#3202 = DIRECTION('',(0.,1.));
#3203 = ( GEOMETRIC_REPRESENTATION_CONTEXT(2) 
PARAMETRIC_REPRESENTATION_CONTEXT() REPRESENTATION_CONTEXT('2D SPACE',''
  ) );
#3204 = PCURVE('',#1584,#3205);
#3205 = DEFINITIONAL_REPRESENTATION('',(#3206),#3210);
#3206 = LINE('',#3207,#3208);
#3207 = CARTESIAN_POINT('',(0.,0.));
#3208 = VECTOR('',#3209,1.);
#3209 = DIRECTION('',(0.,-1.));
#3210 = ( GEOMETRIC_REPRESENTATION_CONTEXT(2) 
PARAMETRIC_REPRESENTATION_CONTEXT() REPRESENTATION_CONTEXT('2D SPACE',''
  ) );
#3211 = ORIENTED_EDGE('',*,*,#3100,.T.);
#3212 = ADVANCED_FACE('',(#3213),#1021,.T.);
#3213 = FACE_BOUND('',#3214,.F.);
#3214 = EDGE_LOOP('',(#3215,#3216,#3217,#3241));
#3215 = ORIENTED_EDGE('',*,*,#1004,.T.);
#3216 = ORIENTED_EDGE('',*,*,#3123,.F.);
#3217 = ORIENTED_EDGE('',*,*,#3218,.T.);
#3218 = EDGE_CURVE('',#3124,#3219,#3221,.T.);
#3219 = VERTEX_POINT('',#3220);
#3220 = CARTESIAN_POINT('',(146.5,9.265037900321,-90.37379041032));
#3221 = SURFACE_CURVE('',#3222,(#3227,#3234),.PCURVE_S1.);
#3222 = CIRCLE('',#3223,12.);
#3223 = AXIS2_PLACEMENT_3D('',#3224,#3225,#3226);
#3224 = CARTESIAN_POINT('',(146.5,0.,-98.));
#3225 = DIRECTION('',(1.,-0.,0.));
#3226 = DIRECTION('',(0.,0.922387822176,-0.386265071553));
#3227 = PCURVE('',#1021,#3228);
#3228 = DEFINITIONAL_REPRESENTATION('',(#3229),#3233);
#3229 = LINE('',#3230,#3231);
#3230 = CARTESIAN_POINT('',(-5.886606359777,-3.));
#3231 = VECTOR('',#3232,1.);
#3232 = DIRECTION('',(-1.,0.));
#3233 = ( GEOMETRIC_REPRESENTATION_CONTEXT(2) 
PARAMETRIC_REPRESENTATION_CONTEXT() REPRESENTATION_CONTEXT('2D SPACE',''
  ) );
#3234 = PCURVE('',#1584,#3235);
#3235 = DEFINITIONAL_REPRESENTATION('',(#3236),#3240);
#3236 = CIRCLE('',#3237,12.);
#3237 = AXIS2_PLACEMENT_2D('',#3238,#3239);
#3238 = CARTESIAN_POINT('',(-90.,65.));
#3239 = DIRECTION('',(-0.386265071553,-0.922387822176));
#3240 = ( GEOMETRIC_REPRESENTATION_CONTEXT(2) 
PARAMETRIC_REPRESENTATION_CONTEXT() REPRESENTATION_CONTEXT('2D SPACE',''
  ) );
#3241 = ORIENTED_EDGE('',*,*,#3242,.T.);
#3242 = EDGE_CURVE('',#3219,#977,#3243,.T.);
#3243 = SURFACE_CURVE('',#3244,(#3248,#3254),.PCURVE_S1.);
#3244 = LINE('',#3245,#3246);
#3245 = CARTESIAN_POINT('',(143.5,9.265037900321,-90.37379041032));
#3246 = VECTOR('',#3247,1.);
#3247 = DIRECTION('',(-1.,-0.,-0.));
#3248 = PCURVE('',#1021,#3249);
#3249 = DEFINITIONAL_REPRESENTATION('',(#3250),#3253);
#3250 = B_SPLINE_CURVE_WITH_KNOTS('',1,(#3251,#3252),.UNSPECIFIED.,.F.,
  .F.,(2,2),(-3.,0.),.PIECEWISE_BEZIER_KNOTS.);
#3251 = CARTESIAN_POINT('',(-6.971863859905,-3.));
#3252 = CARTESIAN_POINT('',(-6.971863859905,0.));
#3253 = ( GEOMETRIC_REPRESENTATION_CONTEXT(2) 
PARAMETRIC_REPRESENTATION_CONTEXT() REPRESENTATION_CONTEXT('2D SPACE',''
  ) );
#3254 = PCURVE('',#992,#3255);
#3255 = DEFINITIONAL_REPRESENTATION('',(#3256),#3259);
#3256 = B_SPLINE_CURVE_WITH_KNOTS('',1,(#3257,#3258),.UNSPECIFIED.,.F.,
  .F.,(2,2),(-3.0000006,5.999999928008E-07),.PIECEWISE_BEZIER_KNOTS.);
#3257 = CARTESIAN_POINT('',(113.5150519005,-3.0000006));
#3258 = CARTESIAN_POINT('',(113.5150519005,5.999999928008E-07));
#3259 = ( GEOMETRIC_REPRESENTATION_CONTEXT(2) 
PARAMETRIC_REPRESENTATION_CONTEXT() REPRESENTATION_CONTEXT('2D SPACE',''
  ) );
#3260 = ADVANCED_FACE('',(#3261),#992,.T.);
#3261 = FACE_BOUND('',#3262,.T.);
#3262 = EDGE_LOOP('',(#3263,#3264,#3265,#3286));
#3263 = ORIENTED_EDGE('',*,*,#976,.F.);
#3264 = ORIENTED_EDGE('',*,*,#3170,.T.);
#3265 = ORIENTED_EDGE('',*,*,#3266,.T.);
#3266 = EDGE_CURVE('',#3171,#3219,#3267,.T.);
#3267 = SURFACE_CURVE('',#3268,(#3272,#3279),.PCURVE_S1.);
#3268 = LINE('',#3269,#3270);
#3269 = CARTESIAN_POINT('',(146.5,79.956060548905,-1.556864518517));
#3270 = VECTOR('',#3271,1.);
#3271 = DIRECTION('',(0.,-0.622745807407,-0.782424219562));
#3272 = PCURVE('',#992,#3273);
#3273 = DEFINITIONAL_REPRESENTATION('',(#3274),#3278);
#3274 = LINE('',#3275,#3276);
#3275 = CARTESIAN_POINT('',(0.,-3.));
#3276 = VECTOR('',#3277,1.);
#3277 = DIRECTION('',(1.,0.));
#3278 = ( GEOMETRIC_REPRESENTATION_CONTEXT(2) 
PARAMETRIC_REPRESENTATION_CONTEXT() REPRESENTATION_CONTEXT('2D SPACE',''
  ) );
#3279 = PCURVE('',#1584,#3280);
#3280 = DEFINITIONAL_REPRESENTATION('',(#3281),#3285);
#3281 = LINE('',#3282,#3283);
#3282 = CARTESIAN_POINT('',(6.443135481483,-14.9560605489));
#3283 = VECTOR('',#3284,1.);
#3284 = DIRECTION('',(-0.782424219562,0.622745807407));
#3285 = ( GEOMETRIC_REPRESENTATION_CONTEXT(2) 
PARAMETRIC_REPRESENTATION_CONTEXT() REPRESENTATION_CONTEXT('2D SPACE',''
  ) );
#3286 = ORIENTED_EDGE('',*,*,#3242,.T.);
#3287 = ADVANCED_FACE('',(#3288),#1078,.F.);
#3288 = FACE_BOUND('',#3289,.T.);
#3289 = EDGE_LOOP('',(#3290,#3291,#3314,#3340));
#3290 = ORIENTED_EDGE('',*,*,#1061,.T.);
#3291 = ORIENTED_EDGE('',*,*,#3292,.T.);
#3292 = EDGE_CURVE('',#1062,#3293,#3295,.T.);
#3293 = VERTEX_POINT('',#3294);
#3294 = CARTESIAN_POINT('',(146.5,9.7,-98.));
#3295 = SEAM_CURVE('',#3296,(#3300,#3307),.PCURVE_S1.);
#3296 = LINE('',#3297,#3298);
#3297 = CARTESIAN_POINT('',(142.,9.7,-98.));
#3298 = VECTOR('',#3299,1.);
#3299 = DIRECTION('',(1.,0.,0.));
#3300 = PCURVE('',#1078,#3301);
#3301 = DEFINITIONAL_REPRESENTATION('',(#3302),#3306);
#3302 = LINE('',#3303,#3304);
#3303 = CARTESIAN_POINT('',(-6.28318530718,0.));
#3304 = VECTOR('',#3305,1.);
#3305 = DIRECTION('',(-0.,-1.));
#3306 = ( GEOMETRIC_REPRESENTATION_CONTEXT(2) 
PARAMETRIC_REPRESENTATION_CONTEXT() REPRESENTATION_CONTEXT('2D SPACE',''
  ) );
#3307 = PCURVE('',#1078,#3308);
#3308 = DEFINITIONAL_REPRESENTATION('',(#3309),#3313);
#3309 = LINE('',#3310,#3311);
#3310 = CARTESIAN_POINT('',(-0.,0.));
#3311 = VECTOR('',#3312,1.);
#3312 = DIRECTION('',(-0.,-1.));
#3313 = ( GEOMETRIC_REPRESENTATION_CONTEXT(2) 
PARAMETRIC_REPRESENTATION_CONTEXT() REPRESENTATION_CONTEXT('2D SPACE',''
  ) );
#3314 = ORIENTED_EDGE('',*,*,#3315,.F.);
#3315 = EDGE_CURVE('',#3293,#3293,#3316,.T.);
#3316 = SURFACE_CURVE('',#3317,(#3322,#3329),.PCURVE_S1.);
#3317 = CIRCLE('',#3318,1.7);
#3318 = AXIS2_PLACEMENT_3D('',#3319,#3320,#3321);
#3319 = CARTESIAN_POINT('',(146.5,8.,-98.));
#3320 = DIRECTION('',(-1.,0.,0.));
#3321 = DIRECTION('',(0.,1.,0.));
#3322 = PCURVE('',#1078,#3323);
#3323 = DEFINITIONAL_REPRESENTATION('',(#3324),#3328);
#3324 = LINE('',#3325,#3326);
#3325 = CARTESIAN_POINT('',(-6.28318530718,-4.5));
#3326 = VECTOR('',#3327,1.);
#3327 = DIRECTION('',(1.,-0.));
#3328 = ( GEOMETRIC_REPRESENTATION_CONTEXT(2) 
PARAMETRIC_REPRESENTATION_CONTEXT() REPRESENTATION_CONTEXT('2D SPACE',''
  ) );
#3329 = PCURVE('',#1584,#3330);
#3330 = DEFINITIONAL_REPRESENTATION('',(#3331),#3339);
#3331 = ( BOUNDED_CURVE() B_SPLINE_CURVE(2,(#3332,#3333,#3334,#3335,
#3336,#3337,#3338),.UNSPECIFIED.,.T.,.F.) B_SPLINE_CURVE_WITH_KNOTS((1,2
    ,2,2,2,1),(-2.094395102393,0.,2.094395102393,4.188790204786,
6.28318530718,8.377580409573),.UNSPECIFIED.) CURVE() 
GEOMETRIC_REPRESENTATION_ITEM() RATIONAL_B_SPLINE_CURVE((1.,0.5,1.,0.5,
1.,0.5,1.)) REPRESENTATION_ITEM('') );
#3332 = CARTESIAN_POINT('',(-90.,55.3));
#3333 = CARTESIAN_POINT('',(-92.94448637286,55.3));
#3334 = CARTESIAN_POINT('',(-91.47224318643,57.85));
#3335 = CARTESIAN_POINT('',(-90.,60.4));
#3336 = CARTESIAN_POINT('',(-88.52775681356,57.85));
#3337 = CARTESIAN_POINT('',(-87.05551362713,55.3));
#3338 = CARTESIAN_POINT('',(-90.,55.3));
#3339 = ( GEOMETRIC_REPRESENTATION_CONTEXT(2) 
PARAMETRIC_REPRESENTATION_CONTEXT() REPRESENTATION_CONTEXT('2D SPACE',''
  ) );
#3340 = ORIENTED_EDGE('',*,*,#3292,.F.);
#3341 = ADVANCED_FACE('',(#3342),#1109,.F.);
#3342 = FACE_BOUND('',#3343,.T.);
#3343 = EDGE_LOOP('',(#3344,#3345,#3368,#3394));
#3344 = ORIENTED_EDGE('',*,*,#1092,.T.);
#3345 = ORIENTED_EDGE('',*,*,#3346,.T.);
#3346 = EDGE_CURVE('',#1093,#3347,#3349,.T.);
#3347 = VERTEX_POINT('',#3348);
#3348 = CARTESIAN_POINT('',(146.5,5.2,-44.));
#3349 = SEAM_CURVE('',#3350,(#3354,#3361),.PCURVE_S1.);
#3350 = LINE('',#3351,#3352);
#3351 = CARTESIAN_POINT('',(142.,5.2,-44.));
#3352 = VECTOR('',#3353,1.);
#3353 = DIRECTION('',(1.,0.,0.));
#3354 = PCURVE('',#1109,#3355);
#3355 = DEFINITIONAL_REPRESENTATION('',(#3356),#3360);
#3356 = LINE('',#3357,#3358);
#3357 = CARTESIAN_POINT('',(-6.28318530718,0.));
#3358 = VECTOR('',#3359,1.);
#3359 = DIRECTION('',(-0.,-1.));
#3360 = ( GEOMETRIC_REPRESENTATION_CONTEXT(2) 
PARAMETRIC_REPRESENTATION_CONTEXT() REPRESENTATION_CONTEXT('2D SPACE',''
  ) );
#3361 = PCURVE('',#1109,#3362);
#3362 = DEFINITIONAL_REPRESENTATION('',(#3363),#3367);
#3363 = LINE('',#3364,#3365);
#3364 = CARTESIAN_POINT('',(-0.,0.));
#3365 = VECTOR('',#3366,1.);
#3366 = DIRECTION('',(-0.,-1.));
#3367 = ( GEOMETRIC_REPRESENTATION_CONTEXT(2) 
PARAMETRIC_REPRESENTATION_CONTEXT() REPRESENTATION_CONTEXT('2D SPACE',''
  ) );
#3368 = ORIENTED_EDGE('',*,*,#3369,.F.);
#3369 = EDGE_CURVE('',#3347,#3347,#3370,.T.);
#3370 = SURFACE_CURVE('',#3371,(#3376,#3383),.PCURVE_S1.);
#3371 = CIRCLE('',#3372,5.2);
#3372 = AXIS2_PLACEMENT_3D('',#3373,#3374,#3375);
#3373 = CARTESIAN_POINT('',(146.5,0.,-44.));
#3374 = DIRECTION('',(-1.,0.,0.));
#3375 = DIRECTION('',(0.,1.,0.));
#3376 = PCURVE('',#1109,#3377);
#3377 = DEFINITIONAL_REPRESENTATION('',(#3378),#3382);
#3378 = LINE('',#3379,#3380);
#3379 = CARTESIAN_POINT('',(-6.28318530718,-4.5));
#3380 = VECTOR('',#3381,1.);
#3381 = DIRECTION('',(1.,-0.));
#3382 = ( GEOMETRIC_REPRESENTATION_CONTEXT(2) 
PARAMETRIC_REPRESENTATION_CONTEXT() REPRESENTATION_CONTEXT('2D SPACE',''
  ) );
#3383 = PCURVE('',#1584,#3384);
#3384 = DEFINITIONAL_REPRESENTATION('',(#3385),#3393);
#3385 = ( BOUNDED_CURVE() B_SPLINE_CURVE(2,(#3386,#3387,#3388,#3389,
#3390,#3391,#3392),.UNSPECIFIED.,.T.,.F.) B_SPLINE_CURVE_WITH_KNOTS((1,2
    ,2,2,2,1),(-2.094395102393,0.,2.094395102393,4.188790204786,
6.28318530718,8.377580409573),.UNSPECIFIED.) CURVE() 
GEOMETRIC_REPRESENTATION_ITEM() RATIONAL_B_SPLINE_CURVE((1.,0.5,1.,0.5,
1.,0.5,1.)) REPRESENTATION_ITEM('') );
#3386 = CARTESIAN_POINT('',(-36.,59.8));
#3387 = CARTESIAN_POINT('',(-45.00666419935,59.8));
#3388 = CARTESIAN_POINT('',(-40.50333209967,67.6));
#3389 = CARTESIAN_POINT('',(-36.,75.4));
#3390 = CARTESIAN_POINT('',(-31.49666790032,67.6));
#3391 = CARTESIAN_POINT('',(-26.99333580064,59.8));
#3392 = CARTESIAN_POINT('',(-36.,59.8));
#3393 = ( GEOMETRIC_REPRESENTATION_CONTEXT(2) 
PARAMETRIC_REPRESENTATION_CONTEXT() REPRESENTATION_CONTEXT('2D SPACE',''
  ) );
#3394 = ORIENTED_EDGE('',*,*,#3346,.F.);
#3395 = ADVANCED_FACE('',(#3396),#1140,.F.);
#3396 = FACE_BOUND('',#3397,.T.);
#3397 = EDGE_LOOP('',(#3398,#3399,#3422,#3448));
#3398 = ORIENTED_EDGE('',*,*,#1123,.T.);
#3399 = ORIENTED_EDGE('',*,*,#3400,.T.);
#3400 = EDGE_CURVE('',#1124,#3401,#3403,.T.);
#3401 = VERTEX_POINT('',#3402);
#3402 = CARTESIAN_POINT('',(146.5,-6.3,-44.));
#3403 = SEAM_CURVE('',#3404,(#3408,#3415),.PCURVE_S1.);
#3404 = LINE('',#3405,#3406);
#3405 = CARTESIAN_POINT('',(142.,-6.3,-44.));
#3406 = VECTOR('',#3407,1.);
#3407 = DIRECTION('',(1.,0.,0.));
#3408 = PCURVE('',#1140,#3409);
#3409 = DEFINITIONAL_REPRESENTATION('',(#3410),#3414);
#3410 = LINE('',#3411,#3412);
#3411 = CARTESIAN_POINT('',(-6.28318530718,0.));
#3412 = VECTOR('',#3413,1.);
#3413 = DIRECTION('',(-0.,-1.));
#3414 = ( GEOMETRIC_REPRESENTATION_CONTEXT(2) 
PARAMETRIC_REPRESENTATION_CONTEXT() REPRESENTATION_CONTEXT('2D SPACE',''
  ) );
#3415 = PCURVE('',#1140,#3416);
#3416 = DEFINITIONAL_REPRESENTATION('',(#3417),#3421);
#3417 = LINE('',#3418,#3419);
#3418 = CARTESIAN_POINT('',(-0.,0.));
#3419 = VECTOR('',#3420,1.);
#3420 = DIRECTION('',(-0.,-1.));
#3421 = ( GEOMETRIC_REPRESENTATION_CONTEXT(2) 
PARAMETRIC_REPRESENTATION_CONTEXT() REPRESENTATION_CONTEXT('2D SPACE',''
  ) );
#3422 = ORIENTED_EDGE('',*,*,#3423,.F.);
#3423 = EDGE_CURVE('',#3401,#3401,#3424,.T.);
#3424 = SURFACE_CURVE('',#3425,(#3430,#3437),.PCURVE_S1.);
#3425 = CIRCLE('',#3426,1.7);
#3426 = AXIS2_PLACEMENT_3D('',#3427,#3428,#3429);
#3427 = CARTESIAN_POINT('',(146.5,-8.,-44.));
#3428 = DIRECTION('',(-1.,0.,0.));
#3429 = DIRECTION('',(0.,1.,0.));
#3430 = PCURVE('',#1140,#3431);
#3431 = DEFINITIONAL_REPRESENTATION('',(#3432),#3436);
#3432 = LINE('',#3433,#3434);
#3433 = CARTESIAN_POINT('',(-6.28318530718,-4.5));
#3434 = VECTOR('',#3435,1.);
#3435 = DIRECTION('',(1.,-0.));
#3436 = ( GEOMETRIC_REPRESENTATION_CONTEXT(2) 
PARAMETRIC_REPRESENTATION_CONTEXT() REPRESENTATION_CONTEXT('2D SPACE',''
  ) );
#3437 = PCURVE('',#1584,#3438);
#3438 = DEFINITIONAL_REPRESENTATION('',(#3439),#3447);
#3439 = ( BOUNDED_CURVE() B_SPLINE_CURVE(2,(#3440,#3441,#3442,#3443,
#3444,#3445,#3446),.UNSPECIFIED.,.T.,.F.) B_SPLINE_CURVE_WITH_KNOTS((1,2
    ,2,2,2,1),(-2.094395102393,0.,2.094395102393,4.188790204786,
6.28318530718,8.377580409573),.UNSPECIFIED.) CURVE() 
GEOMETRIC_REPRESENTATION_ITEM() RATIONAL_B_SPLINE_CURVE((1.,0.5,1.,0.5,
1.,0.5,1.)) REPRESENTATION_ITEM('') );
#3440 = CARTESIAN_POINT('',(-36.,71.3));
#3441 = CARTESIAN_POINT('',(-38.94448637286,71.3));
#3442 = CARTESIAN_POINT('',(-37.47224318643,73.85));
#3443 = CARTESIAN_POINT('',(-36.,76.4));
#3444 = CARTESIAN_POINT('',(-34.52775681356,73.85));
#3445 = CARTESIAN_POINT('',(-33.05551362713,71.3));
#3446 = CARTESIAN_POINT('',(-36.,71.3));
#3447 = ( GEOMETRIC_REPRESENTATION_CONTEXT(2) 
PARAMETRIC_REPRESENTATION_CONTEXT() REPRESENTATION_CONTEXT('2D SPACE',''
  ) );
#3448 = ORIENTED_EDGE('',*,*,#3400,.F.);
#3449 = ADVANCED_FACE('',(#3450),#1172,.T.);
#3450 = FACE_BOUND('',#3451,.T.);
#3451 = EDGE_LOOP('',(#3452,#3453,#3474,#3497));
#3452 = ORIENTED_EDGE('',*,*,#1154,.F.);
#3453 = ORIENTED_EDGE('',*,*,#3454,.F.);
#3454 = EDGE_CURVE('',#3455,#1155,#3457,.T.);
#3455 = VERTEX_POINT('',#3456);
#3456 = CARTESIAN_POINT('',(146.5,-7.,-85.1906491508));
#3457 = SURFACE_CURVE('',#3458,(#3462,#3468),.PCURVE_S1.);
#3458 = LINE('',#3459,#3460);
#3459 = CARTESIAN_POINT('',(143.5,-7.,-85.1906491508));
#3460 = VECTOR('',#3461,1.);
#3461 = DIRECTION('',(-1.,-0.,0.));
#3462 = PCURVE('',#1172,#3463);
#3463 = DEFINITIONAL_REPRESENTATION('',(#3464),#3467);
#3464 = B_SPLINE_CURVE_WITH_KNOTS('',1,(#3465,#3466),.UNSPECIFIED.,.F.,
  .F.,(2,2),(-3.,0.),.PIECEWISE_BEZIER_KNOTS.);
#3465 = CARTESIAN_POINT('',(12.809350849193,-3.));
#3466 = CARTESIAN_POINT('',(12.809350849193,0.));
#3467 = ( GEOMETRIC_REPRESENTATION_CONTEXT(2) 
PARAMETRIC_REPRESENTATION_CONTEXT() REPRESENTATION_CONTEXT('2D SPACE',''
  ) );
#3468 = PCURVE('',#1259,#3469);
#3469 = DEFINITIONAL_REPRESENTATION('',(#3470),#3473);
#3470 = B_SPLINE_CURVE_WITH_KNOTS('',1,(#3471,#3472),.UNSPECIFIED.,.F.,
  .F.,(2,2),(-3.,0.),.PIECEWISE_BEZIER_KNOTS.);
#3471 = CARTESIAN_POINT('',(-14.38156699312,-3.));
#3472 = CARTESIAN_POINT('',(-14.38156699312,0.));
#3473 = ( GEOMETRIC_REPRESENTATION_CONTEXT(2) 
PARAMETRIC_REPRESENTATION_CONTEXT() REPRESENTATION_CONTEXT('2D SPACE',''
  ) );
#3474 = ORIENTED_EDGE('',*,*,#3475,.T.);
#3475 = EDGE_CURVE('',#3455,#3476,#3478,.T.);
#3476 = VERTEX_POINT('',#3477);
#3477 = CARTESIAN_POINT('',(146.5,-7.,-53.7467943448));
#3478 = SURFACE_CURVE('',#3479,(#3483,#3490),.PCURVE_S1.);
#3479 = LINE('',#3480,#3481);
#3480 = CARTESIAN_POINT('',(146.5,-7.,-98.));
#3481 = VECTOR('',#3482,1.);
#3482 = DIRECTION('',(0.,0.,1.));
#3483 = PCURVE('',#1172,#3484);
#3484 = DEFINITIONAL_REPRESENTATION('',(#3485),#3489);
#3485 = LINE('',#3486,#3487);
#3486 = CARTESIAN_POINT('',(0.,-3.));
#3487 = VECTOR('',#3488,1.);
#3488 = DIRECTION('',(1.,0.));
#3489 = ( GEOMETRIC_REPRESENTATION_CONTEXT(2) 
PARAMETRIC_REPRESENTATION_CONTEXT() REPRESENTATION_CONTEXT('2D SPACE',''
  ) );
#3490 = PCURVE('',#1584,#3491);
#3491 = DEFINITIONAL_REPRESENTATION('',(#3492),#3496);
#3492 = LINE('',#3493,#3494);
#3493 = CARTESIAN_POINT('',(-90.,72.));
#3494 = VECTOR('',#3495,1.);
#3495 = DIRECTION('',(1.,0.));
#3496 = ( GEOMETRIC_REPRESENTATION_CONTEXT(2) 
PARAMETRIC_REPRESENTATION_CONTEXT() REPRESENTATION_CONTEXT('2D SPACE',''
  ) );
#3497 = ORIENTED_EDGE('',*,*,#3498,.T.);
#3498 = EDGE_CURVE('',#3476,#1157,#3499,.T.);
#3499 = SURFACE_CURVE('',#3500,(#3504,#3510),.PCURVE_S1.);
#3500 = LINE('',#3501,#3502);
#3501 = CARTESIAN_POINT('',(143.5,-7.,-53.7467943448));
#3502 = VECTOR('',#3503,1.);
#3503 = DIRECTION('',(-1.,-0.,-0.));
#3504 = PCURVE('',#1172,#3505);
#3505 = DEFINITIONAL_REPRESENTATION('',(#3506),#3509);
#3506 = B_SPLINE_CURVE_WITH_KNOTS('',1,(#3507,#3508),.UNSPECIFIED.,.F.,
  .F.,(2,2),(-3.0000006,5.999999928008E-07),.PIECEWISE_BEZIER_KNOTS.);
#3507 = CARTESIAN_POINT('',(44.253205655191,-3.0000006));
#3508 = CARTESIAN_POINT('',(44.253205655191,5.999999928008E-07));
#3509 = ( GEOMETRIC_REPRESENTATION_CONTEXT(2) 
PARAMETRIC_REPRESENTATION_CONTEXT() REPRESENTATION_CONTEXT('2D SPACE',''
  ) );
#3510 = PCURVE('',#1205,#3511);
#3511 = DEFINITIONAL_REPRESENTATION('',(#3512),#3515);
#3512 = B_SPLINE_CURVE_WITH_KNOTS('',1,(#3513,#3514),.UNSPECIFIED.,.F.,
  .F.,(2,2),(-3.0000006,5.999999928008E-07),.PIECEWISE_BEZIER_KNOTS.);
#3513 = CARTESIAN_POINT('',(-4.089562394973,-3.0000006));
#3514 = CARTESIAN_POINT('',(-4.089562394973,5.999999928008E-07));
#3515 = ( GEOMETRIC_REPRESENTATION_CONTEXT(2) 
PARAMETRIC_REPRESENTATION_CONTEXT() REPRESENTATION_CONTEXT('2D SPACE',''
  ) );
#3516 = ADVANCED_FACE('',(#3517),#1259,.T.);
#3517 = FACE_BOUND('',#3518,.F.);
#3518 = EDGE_LOOP('',(#3519,#3520,#3521,#3544));
#3519 = ORIENTED_EDGE('',*,*,#1245,.F.);
#3520 = ORIENTED_EDGE('',*,*,#3454,.F.);
#3521 = ORIENTED_EDGE('',*,*,#3522,.T.);
#3522 = EDGE_CURVE('',#3455,#3523,#3525,.T.);
#3523 = VERTEX_POINT('',#3524);
#3524 = CARTESIAN_POINT('',(146.5,-67.22606065992,-9.522008834488));
#3525 = SURFACE_CURVE('',#3526,(#3530,#3537),.PCURVE_S1.);
#3526 = LINE('',#3527,#3528);
#3527 = CARTESIAN_POINT('',(146.5,1.956060548905,-96.44313548148));
#3528 = VECTOR('',#3529,1.);
#3529 = DIRECTION('',(-0.,-0.622745807407,0.782424219562));
#3530 = PCURVE('',#1259,#3531);
#3531 = DEFINITIONAL_REPRESENTATION('',(#3532),#3536);
#3532 = LINE('',#3533,#3534);
#3533 = CARTESIAN_POINT('',(-0.,-3.));
#3534 = VECTOR('',#3535,1.);
#3535 = DIRECTION('',(-1.,0.));
#3536 = ( GEOMETRIC_REPRESENTATION_CONTEXT(2) 
PARAMETRIC_REPRESENTATION_CONTEXT() REPRESENTATION_CONTEXT('2D SPACE',''
  ) );
#3537 = PCURVE('',#1584,#3538);
#3538 = DEFINITIONAL_REPRESENTATION('',(#3539),#3543);
#3539 = LINE('',#3540,#3541);
#3540 = CARTESIAN_POINT('',(-88.44313548148,63.043939451095));
#3541 = VECTOR('',#3542,1.);
#3542 = DIRECTION('',(0.782424219562,0.622745807407));
#3543 = ( GEOMETRIC_REPRESENTATION_CONTEXT(2) 
PARAMETRIC_REPRESENTATION_CONTEXT() REPRESENTATION_CONTEXT('2D SPACE',''
  ) );
#3544 = ORIENTED_EDGE('',*,*,#3545,.T.);
#3545 = EDGE_CURVE('',#3523,#1218,#3546,.T.);
#3546 = SURFACE_CURVE('',#3547,(#3551,#3558),.PCURVE_S1.);
#3547 = LINE('',#3548,#3549);
#3548 = CARTESIAN_POINT('',(143.5,-67.22606065992,-9.522008834487));
#3549 = VECTOR('',#3550,1.);
#3550 = DIRECTION('',(-1.,0.,-0.));
#3551 = PCURVE('',#1259,#3552);
#3552 = DEFINITIONAL_REPRESENTATION('',(#3553),#3557);
#3553 = LINE('',#3554,#3555);
#3554 = CARTESIAN_POINT('',(-111.0920706105,0.));
#3555 = VECTOR('',#3556,1.);
#3556 = DIRECTION('',(-0.,1.));
#3557 = ( GEOMETRIC_REPRESENTATION_CONTEXT(2) 
PARAMETRIC_REPRESENTATION_CONTEXT() REPRESENTATION_CONTEXT('2D SPACE',''
  ) );
#3558 = PCURVE('',#1233,#3559);
#3559 = DEFINITIONAL_REPRESENTATION('',(#3560),#3564);
#3560 = LINE('',#3561,#3562);
#3561 = CARTESIAN_POINT('',(-14.0622338605,0.));
#3562 = VECTOR('',#3563,1.);
#3563 = DIRECTION('',(-0.,1.));
#3564 = ( GEOMETRIC_REPRESENTATION_CONTEXT(2) 
PARAMETRIC_REPRESENTATION_CONTEXT() REPRESENTATION_CONTEXT('2D SPACE',''
  ) );
#3565 = ADVANCED_FACE('',(#3566),#1205,.T.);
#3566 = FACE_BOUND('',#3567,.F.);
#3567 = EDGE_LOOP('',(#3568,#3569,#3570,#3591));
#3568 = ORIENTED_EDGE('',*,*,#3498,.T.);
#3569 = ORIENTED_EDGE('',*,*,#1184,.F.);
#3570 = ORIENTED_EDGE('',*,*,#3571,.F.);
#3571 = EDGE_CURVE('',#3572,#1185,#3574,.T.);
#3572 = VERTEX_POINT('',#3573);
#3573 = CARTESIAN_POINT('',(146.5,-11.59381886221,-40.90429907935));
#3574 = SURFACE_CURVE('',#3575,(#3579,#3585),.PCURVE_S1.);
#3575 = LINE('',#3576,#3577);
#3576 = CARTESIAN_POINT('',(143.5,-11.59381886221,-40.90429907935));
#3577 = VECTOR('',#3578,1.);
#3578 = DIRECTION('',(-1.,-0.,-0.));
#3579 = PCURVE('',#1205,#3580);
#3580 = DEFINITIONAL_REPRESENTATION('',(#3581),#3584);
#3581 = B_SPLINE_CURVE_WITH_KNOTS('',1,(#3582,#3583),.UNSPECIFIED.,.F.,
  .F.,(2,2),(-3.0000006,5.999999928008E-07),.PIECEWISE_BEZIER_KNOTS.);
#3582 = CARTESIAN_POINT('',(-2.880666904009,-3.0000006));
#3583 = CARTESIAN_POINT('',(-2.880666904009,5.999999928008E-07));
#3584 = ( GEOMETRIC_REPRESENTATION_CONTEXT(2) 
PARAMETRIC_REPRESENTATION_CONTEXT() REPRESENTATION_CONTEXT('2D SPACE',''
  ) );
#3585 = PCURVE('',#1233,#3586);
#3586 = DEFINITIONAL_REPRESENTATION('',(#3587),#3590);
#3587 = B_SPLINE_CURVE_WITH_KNOTS('',1,(#3588,#3589),.UNSPECIFIED.,.F.,
  .F.,(2,2),(-3.0000006,5.999999928008E-07),.PIECEWISE_BEZIER_KNOTS.);
#3588 = CARTESIAN_POINT('',(-77.93550267033,-3.0000006));
#3589 = CARTESIAN_POINT('',(-77.93550267033,5.999999928008E-07));
#3590 = ( GEOMETRIC_REPRESENTATION_CONTEXT(2) 
PARAMETRIC_REPRESENTATION_CONTEXT() REPRESENTATION_CONTEXT('2D SPACE',''
  ) );
#3591 = ORIENTED_EDGE('',*,*,#3592,.T.);
#3592 = EDGE_CURVE('',#3572,#3476,#3593,.T.);
#3593 = SURFACE_CURVE('',#3594,(#3599,#3606),.PCURVE_S1.);
#3594 = CIRCLE('',#3595,12.);
#3595 = AXIS2_PLACEMENT_3D('',#3596,#3597,#3598);
#3596 = CARTESIAN_POINT('',(146.5,0.,-44.));
#3597 = DIRECTION('',(1.,0.,0.));
#3598 = DIRECTION('',(0.,1.,0.));
#3599 = PCURVE('',#1205,#3600);
#3600 = DEFINITIONAL_REPRESENTATION('',(#3601),#3605);
#3601 = LINE('',#3602,#3603);
#3602 = CARTESIAN_POINT('',(-0.,-3.));
#3603 = VECTOR('',#3604,1.);
#3604 = DIRECTION('',(-1.,0.));
#3605 = ( GEOMETRIC_REPRESENTATION_CONTEXT(2) 
PARAMETRIC_REPRESENTATION_CONTEXT() REPRESENTATION_CONTEXT('2D SPACE',''
  ) );
#3606 = PCURVE('',#1584,#3607);
#3607 = DEFINITIONAL_REPRESENTATION('',(#3608),#3612);
#3608 = CIRCLE('',#3609,12.);
#3609 = AXIS2_PLACEMENT_2D('',#3610,#3611);
#3610 = CARTESIAN_POINT('',(-36.,65.));
#3611 = DIRECTION('',(0.,-1.));
#3612 = ( GEOMETRIC_REPRESENTATION_CONTEXT(2) 
PARAMETRIC_REPRESENTATION_CONTEXT() REPRESENTATION_CONTEXT('2D SPACE',''
  ) );
#3613 = ADVANCED_FACE('',(#3614),#1233,.T.);
#3614 = FACE_BOUND('',#3615,.F.);
#3615 = EDGE_LOOP('',(#3616,#3617,#3618,#3639));
#3616 = ORIENTED_EDGE('',*,*,#1217,.F.);
#3617 = ORIENTED_EDGE('',*,*,#3545,.F.);
#3618 = ORIENTED_EDGE('',*,*,#3619,.T.);
#3619 = EDGE_CURVE('',#3523,#3572,#3620,.T.);
#3620 = SURFACE_CURVE('',#3621,(#3625,#3632),.PCURVE_S1.);
#3621 = LINE('',#3622,#3623);
#3622 = CARTESIAN_POINT('',(146.5,-79.47396356079,-2.612935403229));
#3623 = VECTOR('',#3624,1.);
#3624 = DIRECTION('',(0.,0.870978467743,-0.491321186932));
#3625 = PCURVE('',#1233,#3626);
#3626 = DEFINITIONAL_REPRESENTATION('',(#3627),#3631);
#3627 = LINE('',#3628,#3629);
#3628 = CARTESIAN_POINT('',(-0.,-3.));
#3629 = VECTOR('',#3630,1.);
#3630 = DIRECTION('',(-1.,0.));
#3631 = ( GEOMETRIC_REPRESENTATION_CONTEXT(2) 
PARAMETRIC_REPRESENTATION_CONTEXT() REPRESENTATION_CONTEXT('2D SPACE',''
  ) );
#3632 = PCURVE('',#1584,#3633);
#3633 = DEFINITIONAL_REPRESENTATION('',(#3634),#3638);
#3634 = LINE('',#3635,#3636);
#3635 = CARTESIAN_POINT('',(5.387064596771,144.47396356079));
#3636 = VECTOR('',#3637,1.);
#3637 = DIRECTION('',(-0.491321186932,-0.870978467743));
#3638 = ( GEOMETRIC_REPRESENTATION_CONTEXT(2) 
PARAMETRIC_REPRESENTATION_CONTEXT() REPRESENTATION_CONTEXT('2D SPACE',''
  ) );
#3639 = ORIENTED_EDGE('',*,*,#3571,.T.);
#3640 = ADVANCED_FACE('',(#3641),#1290,.F.);
#3641 = FACE_BOUND('',#3642,.T.);
#3642 = EDGE_LOOP('',(#3643,#3644,#3667,#3693));
#3643 = ORIENTED_EDGE('',*,*,#1273,.T.);
#3644 = ORIENTED_EDGE('',*,*,#3645,.T.);
#3645 = EDGE_CURVE('',#1274,#3646,#3648,.T.);
#3646 = VERTEX_POINT('',#3647);
#3647 = CARTESIAN_POINT('',(146.5,-69.3,0.));
#3648 = SEAM_CURVE('',#3649,(#3653,#3660),.PCURVE_S1.);
#3649 = LINE('',#3650,#3651);
#3650 = CARTESIAN_POINT('',(142.,-69.3,0.));
#3651 = VECTOR('',#3652,1.);
#3652 = DIRECTION('',(1.,0.,0.));
#3653 = PCURVE('',#1290,#3654);
#3654 = DEFINITIONAL_REPRESENTATION('',(#3655),#3659);
#3655 = LINE('',#3656,#3657);
#3656 = CARTESIAN_POINT('',(-6.28318530718,0.));
#3657 = VECTOR('',#3658,1.);
#3658 = DIRECTION('',(-0.,-1.));
#3659 = ( GEOMETRIC_REPRESENTATION_CONTEXT(2) 
PARAMETRIC_REPRESENTATION_CONTEXT() REPRESENTATION_CONTEXT('2D SPACE',''
  ) );
#3660 = PCURVE('',#1290,#3661);
#3661 = DEFINITIONAL_REPRESENTATION('',(#3662),#3666);
#3662 = LINE('',#3663,#3664);
#3663 = CARTESIAN_POINT('',(-0.,0.));
#3664 = VECTOR('',#3665,1.);
#3665 = DIRECTION('',(-0.,-1.));
#3666 = ( GEOMETRIC_REPRESENTATION_CONTEXT(2) 
PARAMETRIC_REPRESENTATION_CONTEXT() REPRESENTATION_CONTEXT('2D SPACE',''
  ) );
#3667 = ORIENTED_EDGE('',*,*,#3668,.F.);
#3668 = EDGE_CURVE('',#3646,#3646,#3669,.T.);
#3669 = SURFACE_CURVE('',#3670,(#3675,#3682),.PCURVE_S1.);
#3670 = CIRCLE('',#3671,1.7);
#3671 = AXIS2_PLACEMENT_3D('',#3672,#3673,#3674);
#3672 = CARTESIAN_POINT('',(146.5,-71.,0.));
#3673 = DIRECTION('',(-1.,0.,0.));
#3674 = DIRECTION('',(0.,1.,0.));
#3675 = PCURVE('',#1290,#3676);
#3676 = DEFINITIONAL_REPRESENTATION('',(#3677),#3681);
#3677 = LINE('',#3678,#3679);
#3678 = CARTESIAN_POINT('',(-6.28318530718,-4.5));
#3679 = VECTOR('',#3680,1.);
#3680 = DIRECTION('',(1.,-0.));
#3681 = ( GEOMETRIC_REPRESENTATION_CONTEXT(2) 
PARAMETRIC_REPRESENTATION_CONTEXT() REPRESENTATION_CONTEXT('2D SPACE',''
  ) );
#3682 = PCURVE('',#1584,#3683);
#3683 = DEFINITIONAL_REPRESENTATION('',(#3684),#3692);
#3684 = ( BOUNDED_CURVE() B_SPLINE_CURVE(2,(#3685,#3686,#3687,#3688,
#3689,#3690,#3691),.UNSPECIFIED.,.T.,.F.) B_SPLINE_CURVE_WITH_KNOTS((1,2
    ,2,2,2,1),(-2.094395102393,0.,2.094395102393,4.188790204786,
6.28318530718,8.377580409573),.UNSPECIFIED.) CURVE() 
GEOMETRIC_REPRESENTATION_ITEM() RATIONAL_B_SPLINE_CURVE((1.,0.5,1.,0.5,
1.,0.5,1.)) REPRESENTATION_ITEM('') );
#3685 = CARTESIAN_POINT('',(8.,134.3));
#3686 = CARTESIAN_POINT('',(5.055513627133,134.3));
#3687 = CARTESIAN_POINT('',(6.527756813566,136.85));
#3688 = CARTESIAN_POINT('',(8.,139.4));
#3689 = CARTESIAN_POINT('',(9.472243186434,136.85));
#3690 = CARTESIAN_POINT('',(10.944486372867,134.3));
#3691 = CARTESIAN_POINT('',(8.,134.3));
#3692 = ( GEOMETRIC_REPRESENTATION_CONTEXT(2) 
PARAMETRIC_REPRESENTATION_CONTEXT() REPRESENTATION_CONTEXT('2D SPACE',''
  ) );
#3693 = ORIENTED_EDGE('',*,*,#3645,.F.);
#3694 = ADVANCED_FACE('',(#3695),#1321,.F.);
#3695 = FACE_BOUND('',#3696,.T.);
#3696 = EDGE_LOOP('',(#3697,#3698,#3721,#3747));
#3697 = ORIENTED_EDGE('',*,*,#1304,.T.);
#3698 = ORIENTED_EDGE('',*,*,#3699,.T.);
#3699 = EDGE_CURVE('',#1305,#3700,#3702,.T.);
#3700 = VERTEX_POINT('',#3701);
#3701 = CARTESIAN_POINT('',(146.5,-83.3,0.));
#3702 = SEAM_CURVE('',#3703,(#3707,#3714),.PCURVE_S1.);
#3703 = LINE('',#3704,#3705);
#3704 = CARTESIAN_POINT('',(142.,-83.3,0.));
#3705 = VECTOR('',#3706,1.);
#3706 = DIRECTION('',(1.,0.,0.));
#3707 = PCURVE('',#1321,#3708);
#3708 = DEFINITIONAL_REPRESENTATION('',(#3709),#3713);
#3709 = LINE('',#3710,#3711);
#3710 = CARTESIAN_POINT('',(-6.28318530718,0.));
#3711 = VECTOR('',#3712,1.);
#3712 = DIRECTION('',(-0.,-1.));
#3713 = ( GEOMETRIC_REPRESENTATION_CONTEXT(2) 
PARAMETRIC_REPRESENTATION_CONTEXT() REPRESENTATION_CONTEXT('2D SPACE',''
  ) );
#3714 = PCURVE('',#1321,#3715);
#3715 = DEFINITIONAL_REPRESENTATION('',(#3716),#3720);
#3716 = LINE('',#3717,#3718);
#3717 = CARTESIAN_POINT('',(-0.,0.));
#3718 = VECTOR('',#3719,1.);
#3719 = DIRECTION('',(-0.,-1.));
#3720 = ( GEOMETRIC_REPRESENTATION_CONTEXT(2) 
PARAMETRIC_REPRESENTATION_CONTEXT() REPRESENTATION_CONTEXT('2D SPACE',''
  ) );
#3721 = ORIENTED_EDGE('',*,*,#3722,.F.);
#3722 = EDGE_CURVE('',#3700,#3700,#3723,.T.);
#3723 = SURFACE_CURVE('',#3724,(#3729,#3736),.PCURVE_S1.);
#3724 = CIRCLE('',#3725,1.7);
#3725 = AXIS2_PLACEMENT_3D('',#3726,#3727,#3728);
#3726 = CARTESIAN_POINT('',(146.5,-85.,0.));
#3727 = DIRECTION('',(-1.,0.,0.));
#3728 = DIRECTION('',(0.,1.,0.));
#3729 = PCURVE('',#1321,#3730);
#3730 = DEFINITIONAL_REPRESENTATION('',(#3731),#3735);
#3731 = LINE('',#3732,#3733);
#3732 = CARTESIAN_POINT('',(-6.28318530718,-4.5));
#3733 = VECTOR('',#3734,1.);
#3734 = DIRECTION('',(1.,-0.));
#3735 = ( GEOMETRIC_REPRESENTATION_CONTEXT(2) 
PARAMETRIC_REPRESENTATION_CONTEXT() REPRESENTATION_CONTEXT('2D SPACE',''
  ) );
#3736 = PCURVE('',#1584,#3737);
#3737 = DEFINITIONAL_REPRESENTATION('',(#3738),#3746);
#3738 = ( BOUNDED_CURVE() B_SPLINE_CURVE(2,(#3739,#3740,#3741,#3742,
#3743,#3744,#3745),.UNSPECIFIED.,.T.,.F.) B_SPLINE_CURVE_WITH_KNOTS((1,2
    ,2,2,2,1),(-2.094395102393,0.,2.094395102393,4.188790204786,
6.28318530718,8.377580409573),.UNSPECIFIED.) CURVE() 
GEOMETRIC_REPRESENTATION_ITEM() RATIONAL_B_SPLINE_CURVE((1.,0.5,1.,0.5,
1.,0.5,1.)) REPRESENTATION_ITEM('') );
#3739 = CARTESIAN_POINT('',(8.,148.3));
#3740 = CARTESIAN_POINT('',(5.055513627133,148.3));
#3741 = CARTESIAN_POINT('',(6.527756813566,150.85));
#3742 = CARTESIAN_POINT('',(8.,153.4));
#3743 = CARTESIAN_POINT('',(9.472243186434,150.85));
#3744 = CARTESIAN_POINT('',(10.944486372867,148.3));
#3745 = CARTESIAN_POINT('',(8.,148.3));
#3746 = ( GEOMETRIC_REPRESENTATION_CONTEXT(2) 
PARAMETRIC_REPRESENTATION_CONTEXT() REPRESENTATION_CONTEXT('2D SPACE',''
  ) );
#3747 = ORIENTED_EDGE('',*,*,#3699,.F.);
#3748 = ADVANCED_FACE('',(#3749),#1352,.F.);
#3749 = FACE_BOUND('',#3750,.T.);
#3750 = EDGE_LOOP('',(#3751,#3752,#3775,#3801));
#3751 = ORIENTED_EDGE('',*,*,#1335,.T.);
#3752 = ORIENTED_EDGE('',*,*,#3753,.T.);
#3753 = EDGE_CURVE('',#1336,#3754,#3756,.T.);
#3754 = VERTEX_POINT('',#3755);
#3755 = CARTESIAN_POINT('',(146.5,3.2,-98.));
#3756 = SEAM_CURVE('',#3757,(#3761,#3768),.PCURVE_S1.);
#3757 = LINE('',#3758,#3759);
#3758 = CARTESIAN_POINT('',(142.,3.2,-98.));
#3759 = VECTOR('',#3760,1.);
#3760 = DIRECTION('',(1.,0.,0.));
#3761 = PCURVE('',#1352,#3762);
#3762 = DEFINITIONAL_REPRESENTATION('',(#3763),#3767);
#3763 = LINE('',#3764,#3765);
#3764 = CARTESIAN_POINT('',(-6.28318530718,0.));
#3765 = VECTOR('',#3766,1.);
#3766 = DIRECTION('',(-0.,-1.));
#3767 = ( GEOMETRIC_REPRESENTATION_CONTEXT(2) 
PARAMETRIC_REPRESENTATION_CONTEXT() REPRESENTATION_CONTEXT('2D SPACE',''
  ) );
#3768 = PCURVE('',#1352,#3769);
#3769 = DEFINITIONAL_REPRESENTATION('',(#3770),#3774);
#3770 = LINE('',#3771,#3772);
#3771 = CARTESIAN_POINT('',(-0.,0.));
#3772 = VECTOR('',#3773,1.);
#3773 = DIRECTION('',(-0.,-1.));
#3774 = ( GEOMETRIC_REPRESENTATION_CONTEXT(2) 
PARAMETRIC_REPRESENTATION_CONTEXT() REPRESENTATION_CONTEXT('2D SPACE',''
  ) );
#3775 = ORIENTED_EDGE('',*,*,#3776,.F.);
#3776 = EDGE_CURVE('',#3754,#3754,#3777,.T.);
#3777 = SURFACE_CURVE('',#3778,(#3783,#3790),.PCURVE_S1.);
#3778 = CIRCLE('',#3779,3.2);
#3779 = AXIS2_PLACEMENT_3D('',#3780,#3781,#3782);
#3780 = CARTESIAN_POINT('',(146.5,0.,-98.));
#3781 = DIRECTION('',(-1.,0.,0.));
#3782 = DIRECTION('',(0.,1.,0.));
#3783 = PCURVE('',#1352,#3784);
#3784 = DEFINITIONAL_REPRESENTATION('',(#3785),#3789);
#3785 = LINE('',#3786,#3787);
#3786 = CARTESIAN_POINT('',(-6.28318530718,-4.5));
#3787 = VECTOR('',#3788,1.);
#3788 = DIRECTION('',(1.,-0.));
#3789 = ( GEOMETRIC_REPRESENTATION_CONTEXT(2) 
PARAMETRIC_REPRESENTATION_CONTEXT() REPRESENTATION_CONTEXT('2D SPACE',''
  ) );
#3790 = PCURVE('',#1584,#3791);
#3791 = DEFINITIONAL_REPRESENTATION('',(#3792),#3800);
#3792 = ( BOUNDED_CURVE() B_SPLINE_CURVE(2,(#3793,#3794,#3795,#3796,
#3797,#3798,#3799),.UNSPECIFIED.,.T.,.F.) B_SPLINE_CURVE_WITH_KNOTS((1,2
    ,2,2,2,1),(-2.094395102393,0.,2.094395102393,4.188790204786,
6.28318530718,8.377580409573),.UNSPECIFIED.) CURVE() 
GEOMETRIC_REPRESENTATION_ITEM() RATIONAL_B_SPLINE_CURVE((1.,0.5,1.,0.5,
1.,0.5,1.)) REPRESENTATION_ITEM('') );
#3793 = CARTESIAN_POINT('',(-90.,61.8));
#3794 = CARTESIAN_POINT('',(-95.54256258422,61.8));
#3795 = CARTESIAN_POINT('',(-92.77128129211,66.6));
#3796 = CARTESIAN_POINT('',(-90.,71.4));
#3797 = CARTESIAN_POINT('',(-87.22871870789,66.6));
#3798 = CARTESIAN_POINT('',(-84.45743741578,61.8));
#3799 = CARTESIAN_POINT('',(-90.,61.8));
#3800 = ( GEOMETRIC_REPRESENTATION_CONTEXT(2) 
PARAMETRIC_REPRESENTATION_CONTEXT() REPRESENTATION_CONTEXT('2D SPACE',''
  ) );
#3801 = ORIENTED_EDGE('',*,*,#3753,.F.);
#3802 = ADVANCED_FACE('',(#3803),#1383,.F.);
#3803 = FACE_BOUND('',#3804,.T.);
#3804 = EDGE_LOOP('',(#3805,#3806,#3829,#3855));
#3805 = ORIENTED_EDGE('',*,*,#1366,.T.);
#3806 = ORIENTED_EDGE('',*,*,#3807,.T.);
#3807 = EDGE_CURVE('',#1367,#3808,#3810,.T.);
#3808 = VERTEX_POINT('',#3809);
#3809 = CARTESIAN_POINT('',(146.5,-6.3,-98.));
#3810 = SEAM_CURVE('',#3811,(#3815,#3822),.PCURVE_S1.);
#3811 = LINE('',#3812,#3813);
#3812 = CARTESIAN_POINT('',(142.,-6.3,-98.));
#3813 = VECTOR('',#3814,1.);
#3814 = DIRECTION('',(1.,0.,0.));
#3815 = PCURVE('',#1383,#3816);
#3816 = DEFINITIONAL_REPRESENTATION('',(#3817),#3821);
#3817 = LINE('',#3818,#3819);
#3818 = CARTESIAN_POINT('',(-6.28318530718,0.));
#3819 = VECTOR('',#3820,1.);
#3820 = DIRECTION('',(-0.,-1.));
#3821 = ( GEOMETRIC_REPRESENTATION_CONTEXT(2) 
PARAMETRIC_REPRESENTATION_CONTEXT() REPRESENTATION_CONTEXT('2D SPACE',''
  ) );
#3822 = PCURVE('',#1383,#3823);
#3823 = DEFINITIONAL_REPRESENTATION('',(#3824),#3828);
#3824 = LINE('',#3825,#3826);
#3825 = CARTESIAN_POINT('',(-0.,0.));
#3826 = VECTOR('',#3827,1.);
#3827 = DIRECTION('',(-0.,-1.));
#3828 = ( GEOMETRIC_REPRESENTATION_CONTEXT(2) 
PARAMETRIC_REPRESENTATION_CONTEXT() REPRESENTATION_CONTEXT('2D SPACE',''
  ) );
#3829 = ORIENTED_EDGE('',*,*,#3830,.F.);
#3830 = EDGE_CURVE('',#3808,#3808,#3831,.T.);
#3831 = SURFACE_CURVE('',#3832,(#3837,#3844),.PCURVE_S1.);
#3832 = CIRCLE('',#3833,1.7);
#3833 = AXIS2_PLACEMENT_3D('',#3834,#3835,#3836);
#3834 = CARTESIAN_POINT('',(146.5,-8.,-98.));
#3835 = DIRECTION('',(-1.,0.,0.));
#3836 = DIRECTION('',(0.,1.,0.));
#3837 = PCURVE('',#1383,#3838);
#3838 = DEFINITIONAL_REPRESENTATION('',(#3839),#3843);
#3839 = LINE('',#3840,#3841);
#3840 = CARTESIAN_POINT('',(-6.28318530718,-4.5));
#3841 = VECTOR('',#3842,1.);
#3842 = DIRECTION('',(1.,-0.));
#3843 = ( GEOMETRIC_REPRESENTATION_CONTEXT(2) 
PARAMETRIC_REPRESENTATION_CONTEXT() REPRESENTATION_CONTEXT('2D SPACE',''
  ) );
#3844 = PCURVE('',#1584,#3845);
#3845 = DEFINITIONAL_REPRESENTATION('',(#3846),#3854);
#3846 = ( BOUNDED_CURVE() B_SPLINE_CURVE(2,(#3847,#3848,#3849,#3850,
#3851,#3852,#3853),.UNSPECIFIED.,.T.,.F.) B_SPLINE_CURVE_WITH_KNOTS((1,2
    ,2,2,2,1),(-2.094395102393,0.,2.094395102393,4.188790204786,
6.28318530718,8.377580409573),.UNSPECIFIED.) CURVE() 
GEOMETRIC_REPRESENTATION_ITEM() RATIONAL_B_SPLINE_CURVE((1.,0.5,1.,0.5,
1.,0.5,1.)) REPRESENTATION_ITEM('') );
#3847 = CARTESIAN_POINT('',(-90.,71.3));
#3848 = CARTESIAN_POINT('',(-92.94448637286,71.3));
#3849 = CARTESIAN_POINT('',(-91.47224318643,73.85));
#3850 = CARTESIAN_POINT('',(-90.,76.4));
#3851 = CARTESIAN_POINT('',(-88.52775681356,73.85));
#3852 = CARTESIAN_POINT('',(-87.05551362713,71.3));
#3853 = CARTESIAN_POINT('',(-90.,71.3));
#3854 = ( GEOMETRIC_REPRESENTATION_CONTEXT(2) 
PARAMETRIC_REPRESENTATION_CONTEXT() REPRESENTATION_CONTEXT('2D SPACE',''
  ) );
#3855 = ORIENTED_EDGE('',*,*,#3807,.F.);
#3856 = ADVANCED_FACE('',(#3857),#1420,.T.);
#3857 = FACE_BOUND('',#3858,.F.);
#3858 = EDGE_LOOP('',(#3859,#3860,#3881,#3905));
#3859 = ORIENTED_EDGE('',*,*,#1397,.F.);
#3860 = ORIENTED_EDGE('',*,*,#3861,.F.);
#3861 = EDGE_CURVE('',#3862,#1398,#3864,.T.);
#3862 = VERTEX_POINT('',#3863);
#3863 = CARTESIAN_POINT('',(146.5,-9.265037900321,-90.37379041032));
#3864 = SURFACE_CURVE('',#3865,(#3869,#3875),.PCURVE_S1.);
#3865 = LINE('',#3866,#3867);
#3866 = CARTESIAN_POINT('',(143.5,-9.265037900321,-90.37379041032));
#3867 = VECTOR('',#3868,1.);
#3868 = DIRECTION('',(-1.,-0.,-0.));
#3869 = PCURVE('',#1420,#3870);
#3870 = DEFINITIONAL_REPRESENTATION('',(#3871),#3874);
#3871 = B_SPLINE_CURVE_WITH_KNOTS('',1,(#3872,#3873),.UNSPECIFIED.,.F.,
  .F.,(2,2),(-3.0000006,5.999999928008E-07),.PIECEWISE_BEZIER_KNOTS.);
#3872 = CARTESIAN_POINT('',(-2.452914100865,-3.0000006));
#3873 = CARTESIAN_POINT('',(-2.452914100865,5.999999928008E-07));
#3874 = ( GEOMETRIC_REPRESENTATION_CONTEXT(2) 
PARAMETRIC_REPRESENTATION_CONTEXT() REPRESENTATION_CONTEXT('2D SPACE',''
  ) );
#3875 = PCURVE('',#1448,#3876);
#3876 = DEFINITIONAL_REPRESENTATION('',(#3877),#3880);
#3877 = B_SPLINE_CURVE_WITH_KNOTS('',1,(#3878,#3879),.UNSPECIFIED.,.F.,
  .F.,(2,2),(-3.0000006,5.999999928008E-07),.PIECEWISE_BEZIER_KNOTS.);
#3878 = CARTESIAN_POINT('',(-113.5150519005,-3.0000006));
#3879 = CARTESIAN_POINT('',(-113.5150519005,5.999999928008E-07));
#3880 = ( GEOMETRIC_REPRESENTATION_CONTEXT(2) 
PARAMETRIC_REPRESENTATION_CONTEXT() REPRESENTATION_CONTEXT('2D SPACE',''
  ) );
#3881 = ORIENTED_EDGE('',*,*,#3882,.T.);
#3882 = EDGE_CURVE('',#3862,#3883,#3885,.T.);
#3883 = VERTEX_POINT('',#3884);
#3884 = CARTESIAN_POINT('',(146.5,-11.06865386611,-102.6351808586));
#3885 = SURFACE_CURVE('',#3886,(#3891,#3898),.PCURVE_S1.);
#3886 = CIRCLE('',#3887,12.);
#3887 = AXIS2_PLACEMENT_3D('',#3888,#3889,#3890);
#3888 = CARTESIAN_POINT('',(146.5,0.,-98.));
#3889 = DIRECTION('',(1.,0.,0.));
#3890 = DIRECTION('',(0.,1.,0.));
#3891 = PCURVE('',#1420,#3892);
#3892 = DEFINITIONAL_REPRESENTATION('',(#3893),#3897);
#3893 = LINE('',#3894,#3895);
#3894 = CARTESIAN_POINT('',(-0.,-3.));
#3895 = VECTOR('',#3896,1.);
#3896 = DIRECTION('',(-1.,0.));
#3897 = ( GEOMETRIC_REPRESENTATION_CONTEXT(2) 
PARAMETRIC_REPRESENTATION_CONTEXT() REPRESENTATION_CONTEXT('2D SPACE',''
  ) );
#3898 = PCURVE('',#1584,#3899);
#3899 = DEFINITIONAL_REPRESENTATION('',(#3900),#3904);
#3900 = CIRCLE('',#3901,12.);
#3901 = AXIS2_PLACEMENT_2D('',#3902,#3903);
#3902 = CARTESIAN_POINT('',(-90.,65.));
#3903 = DIRECTION('',(0.,-1.));
#3904 = ( GEOMETRIC_REPRESENTATION_CONTEXT(2) 
PARAMETRIC_REPRESENTATION_CONTEXT() REPRESENTATION_CONTEXT('2D SPACE',''
  ) );
#3905 = ORIENTED_EDGE('',*,*,#3906,.T.);
#3906 = EDGE_CURVE('',#3883,#1400,#3907,.T.);
#3907 = SURFACE_CURVE('',#3908,(#3912,#3918),.PCURVE_S1.);
#3908 = LINE('',#3909,#3910);
#3909 = CARTESIAN_POINT('',(143.5,-11.06865386611,-102.6351808586));
#3910 = VECTOR('',#3911,1.);
#3911 = DIRECTION('',(-1.,-0.,-0.));
#3912 = PCURVE('',#1420,#3913);
#3913 = DEFINITIONAL_REPRESENTATION('',(#3914),#3917);
#3914 = B_SPLINE_CURVE_WITH_KNOTS('',1,(#3915,#3916),.UNSPECIFIED.,.F.,
  .F.,(2,2),(-3.0000006,5.999999928008E-07),.PIECEWISE_BEZIER_KNOTS.);
#3915 = CARTESIAN_POINT('',(-3.538171600992,-3.0000006));
#3916 = CARTESIAN_POINT('',(-3.538171600992,5.999999928008E-07));
#3917 = ( GEOMETRIC_REPRESENTATION_CONTEXT(2) 
PARAMETRIC_REPRESENTATION_CONTEXT() REPRESENTATION_CONTEXT('2D SPACE',''
  ) );
#3918 = PCURVE('',#1530,#3919);
#3919 = DEFINITIONAL_REPRESENTATION('',(#3920),#3923);
#3920 = B_SPLINE_CURVE_WITH_KNOTS('',1,(#3921,#3922),.UNSPECIFIED.,.F.,
  .F.,(2,2),(-3.0000006,5.999999928008E-07),.PIECEWISE_BEZIER_KNOTS.);
#3921 = CARTESIAN_POINT('',(-11.61895003862,-3.0000006));
#3922 = CARTESIAN_POINT('',(-11.61895003862,5.999999928008E-07));
#3923 = ( GEOMETRIC_REPRESENTATION_CONTEXT(2) 
PARAMETRIC_REPRESENTATION_CONTEXT() REPRESENTATION_CONTEXT('2D SPACE',''
  ) );
#3924 = ADVANCED_FACE('',(#3925),#1448,.T.);
#3925 = FACE_BOUND('',#3926,.F.);
#3926 = EDGE_LOOP('',(#3927,#3928,#3949,#3970));
#3927 = ORIENTED_EDGE('',*,*,#1432,.F.);
#3928 = ORIENTED_EDGE('',*,*,#3929,.T.);
#3929 = EDGE_CURVE('',#1433,#3930,#3932,.T.);
#3930 = VERTEX_POINT('',#3931);
#3931 = CARTESIAN_POINT('',(146.5,-74.82785067588,-8.));
#3932 = SURFACE_CURVE('',#3933,(#3937,#3943),.PCURVE_S1.);
#3933 = LINE('',#3934,#3935);
#3934 = CARTESIAN_POINT('',(143.5,-74.82785067588,-8.));
#3935 = VECTOR('',#3936,1.);
#3936 = DIRECTION('',(1.,0.,0.));
#3937 = PCURVE('',#1448,#3938);
#3938 = DEFINITIONAL_REPRESENTATION('',(#3939),#3942);
#3939 = B_SPLINE_CURVE_WITH_KNOTS('',1,(#3940,#3941),.UNSPECIFIED.,.F.,
  .F.,(2,2),(0.,3.),.PIECEWISE_BEZIER_KNOTS.);
#3940 = CARTESIAN_POINT('',(-8.234836448556,0.));
#3941 = CARTESIAN_POINT('',(-8.234836448556,-3.));
#3942 = ( GEOMETRIC_REPRESENTATION_CONTEXT(2) 
PARAMETRIC_REPRESENTATION_CONTEXT() REPRESENTATION_CONTEXT('2D SPACE',''
  ) );
#3943 = PCURVE('',#1476,#3944);
#3944 = DEFINITIONAL_REPRESENTATION('',(#3945),#3948);
#3945 = B_SPLINE_CURVE_WITH_KNOTS('',1,(#3946,#3947),.UNSPECIFIED.,.F.,
  .F.,(2,2),(0.,3.),.PIECEWISE_BEZIER_KNOTS.);
#3946 = CARTESIAN_POINT('',(0.,16.172149324112));
#3947 = CARTESIAN_POINT('',(3.,16.172149324112));
#3948 = ( GEOMETRIC_REPRESENTATION_CONTEXT(2) 
PARAMETRIC_REPRESENTATION_CONTEXT() REPRESENTATION_CONTEXT('2D SPACE',''
  ) );
#3949 = ORIENTED_EDGE('',*,*,#3950,.T.);
#3950 = EDGE_CURVE('',#3930,#3862,#3951,.T.);
#3951 = SURFACE_CURVE('',#3952,(#3956,#3963),.PCURVE_S1.);
#3952 = LINE('',#3953,#3954);
#3953 = CARTESIAN_POINT('',(146.5,-79.9560605489,-1.556864518517));
#3954 = VECTOR('',#3955,1.);
#3955 = DIRECTION('',(0.,0.622745807407,-0.782424219562));
#3956 = PCURVE('',#1448,#3957);
#3957 = DEFINITIONAL_REPRESENTATION('',(#3958),#3962);
#3958 = LINE('',#3959,#3960);
#3959 = CARTESIAN_POINT('',(-0.,-3.));
#3960 = VECTOR('',#3961,1.);
#3961 = DIRECTION('',(-1.,0.));
#3962 = ( GEOMETRIC_REPRESENTATION_CONTEXT(2) 
PARAMETRIC_REPRESENTATION_CONTEXT() REPRESENTATION_CONTEXT('2D SPACE',''
  ) );
#3963 = PCURVE('',#1584,#3964);
#3964 = DEFINITIONAL_REPRESENTATION('',(#3965),#3969);
#3965 = LINE('',#3966,#3967);
#3966 = CARTESIAN_POINT('',(6.443135481483,144.9560605489));
#3967 = VECTOR('',#3968,1.);
#3968 = DIRECTION('',(-0.782424219562,-0.622745807407));
#3969 = ( GEOMETRIC_REPRESENTATION_CONTEXT(2) 
PARAMETRIC_REPRESENTATION_CONTEXT() REPRESENTATION_CONTEXT('2D SPACE',''
  ) );
#3970 = ORIENTED_EDGE('',*,*,#3861,.T.);
#3971 = ADVANCED_FACE('',(#3972),#1530,.T.);
#3972 = FACE_BOUND('',#3973,.F.);
#3973 = EDGE_LOOP('',(#3974,#3975,#3976,#3999));
#3974 = ORIENTED_EDGE('',*,*,#1516,.F.);
#3975 = ORIENTED_EDGE('',*,*,#3906,.F.);
#3976 = ORIENTED_EDGE('',*,*,#3977,.T.);
#3977 = EDGE_CURVE('',#3883,#3978,#3980,.T.);
#3978 = VERTEX_POINT('',#3979);
#3979 = CARTESIAN_POINT('',(146.5,-79.80630337595,-154.8095413299));
#3980 = SURFACE_CURVE('',#3981,(#3985,#3992),.PCURVE_S1.);
#3981 = LINE('',#3982,#3983);
#3982 = CARTESIAN_POINT('',(146.5,-1.81378950864,-95.61040429814));
#3983 = VECTOR('',#3984,1.);
#3984 = DIRECTION('',(-0.,-0.79653190062,-0.60459650288));
#3985 = PCURVE('',#1530,#3986);
#3986 = DEFINITIONAL_REPRESENTATION('',(#3987),#3991);
#3987 = LINE('',#3988,#3989);
#3988 = CARTESIAN_POINT('',(-0.,-3.));
#3989 = VECTOR('',#3990,1.);
#3990 = DIRECTION('',(-1.,0.));
#3991 = ( GEOMETRIC_REPRESENTATION_CONTEXT(2) 
PARAMETRIC_REPRESENTATION_CONTEXT() REPRESENTATION_CONTEXT('2D SPACE',''
  ) );
#3992 = PCURVE('',#1584,#3993);
#3993 = DEFINITIONAL_REPRESENTATION('',(#3994),#3998);
#3994 = LINE('',#3995,#3996);
#3995 = CARTESIAN_POINT('',(-87.61040429814,66.81378950864));
#3996 = VECTOR('',#3997,1.);
#3997 = DIRECTION('',(-0.60459650288,0.79653190062));
#3998 = ( GEOMETRIC_REPRESENTATION_CONTEXT(2) 
PARAMETRIC_REPRESENTATION_CONTEXT() REPRESENTATION_CONTEXT('2D SPACE',''
  ) );
#3999 = ORIENTED_EDGE('',*,*,#4000,.F.);
#4000 = EDGE_CURVE('',#1489,#3978,#4001,.T.);
#4001 = SURFACE_CURVE('',#4002,(#4006,#4013),.PCURVE_S1.);
#4002 = LINE('',#4003,#4004);
#4003 = CARTESIAN_POINT('',(143.5,-79.80630337595,-154.8095413299));
#4004 = VECTOR('',#4005,1.);
#4005 = DIRECTION('',(1.,-0.,-0.));
#4006 = PCURVE('',#1530,#4007);
#4007 = DEFINITIONAL_REPRESENTATION('',(#4008),#4012);
#4008 = LINE('',#4009,#4010);
#4009 = CARTESIAN_POINT('',(-97.91511652781,0.));
#4010 = VECTOR('',#4011,1.);
#4011 = DIRECTION('',(-0.,-1.));
#4012 = ( GEOMETRIC_REPRESENTATION_CONTEXT(2) 
PARAMETRIC_REPRESENTATION_CONTEXT() REPRESENTATION_CONTEXT('2D SPACE',''
  ) );
#4013 = PCURVE('',#1504,#4014);
#4014 = DEFINITIONAL_REPRESENTATION('',(#4015),#4019);
#4015 = LINE('',#4016,#4017);
#4016 = CARTESIAN_POINT('',(-6.286610905084,0.));
#4017 = VECTOR('',#4018,1.);
#4018 = DIRECTION('',(-0.,-1.));
#4019 = ( GEOMETRIC_REPRESENTATION_CONTEXT(2) 
PARAMETRIC_REPRESENTATION_CONTEXT() REPRESENTATION_CONTEXT('2D SPACE',''
  ) );
#4020 = ADVANCED_FACE('',(#4021),#1476,.F.);
#4021 = FACE_BOUND('',#4022,.F.);
#4022 = EDGE_LOOP('',(#4023,#4024,#4045,#4066));
#4023 = ORIENTED_EDGE('',*,*,#1460,.F.);
#4024 = ORIENTED_EDGE('',*,*,#4025,.F.);
#4025 = EDGE_CURVE('',#4026,#1461,#4028,.T.);
#4026 = VERTEX_POINT('',#4027);
#4027 = CARTESIAN_POINT('',(146.5,-75.24700085018,-8.));
#4028 = SURFACE_CURVE('',#4029,(#4033,#4039),.PCURVE_S1.);
#4029 = LINE('',#4030,#4031);
#4030 = CARTESIAN_POINT('',(143.5,-75.24700085018,-8.));
#4031 = VECTOR('',#4032,1.);
#4032 = DIRECTION('',(-1.,0.,0.));
#4033 = PCURVE('',#1476,#4034);
#4034 = DEFINITIONAL_REPRESENTATION('',(#4035),#4038);
#4035 = B_SPLINE_CURVE_WITH_KNOTS('',1,(#4036,#4037),.UNSPECIFIED.,.F.,
  .F.,(2,2),(-3.,0.),.PIECEWISE_BEZIER_KNOTS.);
#4036 = CARTESIAN_POINT('',(3.,15.752999149819));
#4037 = CARTESIAN_POINT('',(0.,15.752999149819));
#4038 = ( GEOMETRIC_REPRESENTATION_CONTEXT(2) 
PARAMETRIC_REPRESENTATION_CONTEXT() REPRESENTATION_CONTEXT('2D SPACE',''
  ) );
#4039 = PCURVE('',#1504,#4040);
#4040 = DEFINITIONAL_REPRESENTATION('',(#4041),#4044);
#4041 = B_SPLINE_CURVE_WITH_KNOTS('',1,(#4042,#4043),.UNSPECIFIED.,.F.,
  .F.,(2,2),(-3.,0.),.PIECEWISE_BEZIER_KNOTS.);
#4042 = CARTESIAN_POINT('',(-153.166931796,-3.));
#4043 = CARTESIAN_POINT('',(-153.166931796,0.));
#4044 = ( GEOMETRIC_REPRESENTATION_CONTEXT(2) 
PARAMETRIC_REPRESENTATION_CONTEXT() REPRESENTATION_CONTEXT('2D SPACE',''
  ) );
#4045 = ORIENTED_EDGE('',*,*,#4046,.T.);
#4046 = EDGE_CURVE('',#4026,#3930,#4047,.T.);
#4047 = SURFACE_CURVE('',#4048,(#4052,#4059),.PCURVE_S1.);
#4048 = LINE('',#4049,#4050);
#4049 = CARTESIAN_POINT('',(146.5,-91.,-8.));
#4050 = VECTOR('',#4051,1.);
#4051 = DIRECTION('',(0.,1.,0.));
#4052 = PCURVE('',#1476,#4053);
#4053 = DEFINITIONAL_REPRESENTATION('',(#4054),#4058);
#4054 = LINE('',#4055,#4056);
#4055 = CARTESIAN_POINT('',(3.,0.));
#4056 = VECTOR('',#4057,1.);
#4057 = DIRECTION('',(0.,1.));
#4058 = ( GEOMETRIC_REPRESENTATION_CONTEXT(2) 
PARAMETRIC_REPRESENTATION_CONTEXT() REPRESENTATION_CONTEXT('2D SPACE',''
  ) );
#4059 = PCURVE('',#1584,#4060);
#4060 = DEFINITIONAL_REPRESENTATION('',(#4061),#4065);
#4061 = LINE('',#4062,#4063);
#4062 = CARTESIAN_POINT('',(0.,156.));
#4063 = VECTOR('',#4064,1.);
#4064 = DIRECTION('',(0.,-1.));
#4065 = ( GEOMETRIC_REPRESENTATION_CONTEXT(2) 
PARAMETRIC_REPRESENTATION_CONTEXT() REPRESENTATION_CONTEXT('2D SPACE',''
  ) );
#4066 = ORIENTED_EDGE('',*,*,#3929,.F.);
#4067 = ADVANCED_FACE('',(#4068),#1504,.T.);
#4068 = FACE_BOUND('',#4069,.F.);
#4069 = EDGE_LOOP('',(#4070,#4071,#4072,#4093));
#4070 = ORIENTED_EDGE('',*,*,#1488,.F.);
#4071 = ORIENTED_EDGE('',*,*,#4000,.T.);
#4072 = ORIENTED_EDGE('',*,*,#4073,.T.);
#4073 = EDGE_CURVE('',#3978,#4026,#4074,.T.);
#4074 = SURFACE_CURVE('',#4075,(#4079,#4086),.PCURVE_S1.);
#4075 = LINE('',#4076,#4077);
#4076 = CARTESIAN_POINT('',(146.5,-80.00144565781,-161.0931228056));
#4077 = VECTOR('',#4078,1.);
#4078 = DIRECTION('',(-0.,3.104093521936E-02,0.999518114063));
#4079 = PCURVE('',#1504,#4080);
#4080 = DEFINITIONAL_REPRESENTATION('',(#4081),#4085);
#4081 = LINE('',#4082,#4083);
#4082 = CARTESIAN_POINT('',(-0.,-3.));
#4083 = VECTOR('',#4084,1.);
#4084 = DIRECTION('',(-1.,0.));
#4085 = ( GEOMETRIC_REPRESENTATION_CONTEXT(2) 
PARAMETRIC_REPRESENTATION_CONTEXT() REPRESENTATION_CONTEXT('2D SPACE',''
  ) );
#4086 = PCURVE('',#1584,#4087);
#4087 = DEFINITIONAL_REPRESENTATION('',(#4088),#4092);
#4088 = LINE('',#4089,#4090);
#4089 = CARTESIAN_POINT('',(-153.0931228056,145.00144565781));
#4090 = VECTOR('',#4091,1.);
#4091 = DIRECTION('',(0.999518114063,-3.104093521936E-02));
#4092 = ( GEOMETRIC_REPRESENTATION_CONTEXT(2) 
PARAMETRIC_REPRESENTATION_CONTEXT() REPRESENTATION_CONTEXT('2D SPACE',''
  ) );
#4093 = ORIENTED_EDGE('',*,*,#4025,.T.);
#4094 = ADVANCED_FACE('',(#4095,#4121,#4128,#4131,#4134,#4137,#4143,
    #4146,#4149,#4152,#4159,#4162,#4165,#4171,#4174),#1584,.T.);
#4095 = FACE_BOUND('',#4096,.T.);
#4096 = EDGE_LOOP('',(#4097,#4098,#4099,#4100,#4101,#4102,#4103,#4104,
    #4105,#4106,#4107,#4108,#4109,#4110,#4111,#4112,#4113,#4114,#4115,
    #4116,#4117,#4118,#4119,#4120));
#4097 = ORIENTED_EDGE('',*,*,#1712,.F.);
#4098 = ORIENTED_EDGE('',*,*,#1620,.F.);
#4099 = ORIENTED_EDGE('',*,*,#1567,.T.);
#4100 = ORIENTED_EDGE('',*,*,#1667,.T.);
#4101 = ORIENTED_EDGE('',*,*,#1761,.T.);
#4102 = ORIENTED_EDGE('',*,*,#1883,.F.);
#4103 = ORIENTED_EDGE('',*,*,#1982,.F.);
#4104 = ORIENTED_EDGE('',*,*,#2055,.T.);
#4105 = ORIENTED_EDGE('',*,*,#2149,.T.);
#4106 = ORIENTED_EDGE('',*,*,#2267,.F.);
#4107 = ORIENTED_EDGE('',*,*,#2366,.F.);
#4108 = ORIENTED_EDGE('',*,*,#2441,.T.);
#4109 = ORIENTED_EDGE('',*,*,#2535,.T.);
#4110 = ORIENTED_EDGE('',*,*,#2631,.T.);
#4111 = ORIENTED_EDGE('',*,*,#2679,.T.);
#4112 = ORIENTED_EDGE('',*,*,#2584,.F.);
#4113 = ORIENTED_EDGE('',*,*,#2488,.F.);
#4114 = ORIENTED_EDGE('',*,*,#2414,.T.);
#4115 = ORIENTED_EDGE('',*,*,#2317,.T.);
#4116 = ORIENTED_EDGE('',*,*,#2196,.F.);
#4117 = ORIENTED_EDGE('',*,*,#2102,.F.);
#4118 = ORIENTED_EDGE('',*,*,#2028,.T.);
#4119 = ORIENTED_EDGE('',*,*,#1933,.T.);
#4120 = ORIENTED_EDGE('',*,*,#1812,.F.);
#4121 = FACE_BOUND('',#4122,.T.);
#4122 = EDGE_LOOP('',(#4123,#4124,#4125,#4126,#4127));
#4123 = ORIENTED_EDGE('',*,*,#3077,.F.);
#4124 = ORIENTED_EDGE('',*,*,#3144,.F.);
#4125 = ORIENTED_EDGE('',*,*,#3218,.T.);
#4126 = ORIENTED_EDGE('',*,*,#3266,.F.);
#4127 = ORIENTED_EDGE('',*,*,#3191,.T.);
#4128 = FACE_BOUND('',#4129,.T.);
#4129 = EDGE_LOOP('',(#4130));
#4130 = ORIENTED_EDGE('',*,*,#3315,.T.);
#4131 = FACE_BOUND('',#4132,.T.);
#4132 = EDGE_LOOP('',(#4133));
#4133 = ORIENTED_EDGE('',*,*,#2728,.T.);
#4134 = FACE_BOUND('',#4135,.T.);
#4135 = EDGE_LOOP('',(#4136));
#4136 = ORIENTED_EDGE('',*,*,#2782,.T.);
#4137 = FACE_BOUND('',#4138,.T.);
#4138 = EDGE_LOOP('',(#4139,#4140,#4141,#4142));
#4139 = ORIENTED_EDGE('',*,*,#2834,.F.);
#4140 = ORIENTED_EDGE('',*,*,#2901,.F.);
#4141 = ORIENTED_EDGE('',*,*,#2976,.F.);
#4142 = ORIENTED_EDGE('',*,*,#2948,.T.);
#4143 = FACE_BOUND('',#4144,.T.);
#4144 = EDGE_LOOP('',(#4145));
#4145 = ORIENTED_EDGE('',*,*,#3025,.T.);
#4146 = FACE_BOUND('',#4147,.T.);
#4147 = EDGE_LOOP('',(#4148));
#4148 = ORIENTED_EDGE('',*,*,#3776,.T.);
#4149 = FACE_BOUND('',#4150,.T.);
#4150 = EDGE_LOOP('',(#4151));
#4151 = ORIENTED_EDGE('',*,*,#3830,.T.);
#4152 = FACE_BOUND('',#4153,.T.);
#4153 = EDGE_LOOP('',(#4154,#4155,#4156,#4157,#4158));
#4154 = ORIENTED_EDGE('',*,*,#3977,.T.);
#4155 = ORIENTED_EDGE('',*,*,#4073,.T.);
#4156 = ORIENTED_EDGE('',*,*,#4046,.T.);
#4157 = ORIENTED_EDGE('',*,*,#3950,.T.);
#4158 = ORIENTED_EDGE('',*,*,#3882,.T.);
#4159 = FACE_BOUND('',#4160,.T.);
#4160 = EDGE_LOOP('',(#4161));
#4161 = ORIENTED_EDGE('',*,*,#3369,.T.);
#4162 = FACE_BOUND('',#4163,.T.);
#4163 = EDGE_LOOP('',(#4164));
#4164 = ORIENTED_EDGE('',*,*,#3423,.T.);
#4165 = FACE_BOUND('',#4166,.T.);
#4166 = EDGE_LOOP('',(#4167,#4168,#4169,#4170));
#4167 = ORIENTED_EDGE('',*,*,#3475,.F.);
#4168 = ORIENTED_EDGE('',*,*,#3522,.T.);
#4169 = ORIENTED_EDGE('',*,*,#3619,.T.);
#4170 = ORIENTED_EDGE('',*,*,#3592,.T.);
#4171 = FACE_BOUND('',#4172,.T.);
#4172 = EDGE_LOOP('',(#4173));
#4173 = ORIENTED_EDGE('',*,*,#3668,.T.);
#4174 = FACE_BOUND('',#4175,.T.);
#4175 = EDGE_LOOP('',(#4176));
#4176 = ORIENTED_EDGE('',*,*,#3722,.T.);
#4177 = ( GEOMETRIC_REPRESENTATION_CONTEXT(3) 
GLOBAL_UNCERTAINTY_ASSIGNED_CONTEXT((#4181)) 
GLOBAL_UNIT_ASSIGNED_CONTEXT((#4178,#4179,#4180)) REPRESENTATION_CONTEXT
('Context #1','3D Context with UNIT and UNCERTAINTY') );
#4178 = ( LENGTH_UNIT() NAMED_UNIT(*) SI_UNIT(.MILLI.,.METRE.) );
#4179 = ( NAMED_UNIT(*) PLANE_ANGLE_UNIT() SI_UNIT($,.RADIAN.) );
#4180 = ( NAMED_UNIT(*) SI_UNIT($,.STERADIAN.) SOLID_ANGLE_UNIT() );
#4181 = UNCERTAINTY_MEASURE_WITH_UNIT(LENGTH_MEASURE(1.E-07),#4178,
  'distance_accuracy_value','confusion accuracy');
#4182 = PRODUCT_RELATED_PRODUCT_CATEGORY('part',$,(#7));
ENDSEC;
END-ISO-10303-21;
