ISO-10303-21;
HEADER;
FILE_DESCRIPTION(('Open CASCADE Model'),'2;1');
FILE_NAME('Open CASCADE Shape Model','2026-09-11T00:16:40',('Author'),(
    'Open CASCADE'),'Open CASCADE STEP processor 7.9','Open CASCADE 7.9'
  ,'Unknown');
FILE_SCHEMA(('AUTOMOTIVE_DESIGN { 1 0 10303 214 1 1 1 1 }'));
ENDSEC;
DATA;
#1 = APPLICATION_PROTOCOL_DEFINITION('international standard',
  'automotive_design',2000,#2);
#2 = APPLICATION_CONTEXT(
  'core data for automotive mechanical design processes');
#3 = SHAPE_DEFINITION_REPRESENTATION(#4,#10);
#4 = PRODUCT_DEFINITION_SHAPE('','',#5);
#5 = PRODUCT_DEFINITION('design','',#6,#9);
#6 = PRODUCT_DEFINITION_FORMATION('','',#7);
#7 = PRODUCT('Open CASCADE STEP translator 7.9 13',
  'Open CASCADE STEP translator 7.9 13','',(#8));
#8 = PRODUCT_CONTEXT('',#2,'mechanical');
#9 = PRODUCT_DEFINITION_CONTEXT('part definition',#2,'design');
#10 = ADVANCED_BREP_SHAPE_REPRESENTATION('',(#11,#15),#4359);
#11 = AXIS2_PLACEMENT_3D('',#12,#13,#14);
#12 = CARTESIAN_POINT('',(0.,0.,0.));
#13 = DIRECTION('',(0.,0.,1.));
#14 = DIRECTION('',(1.,0.,-0.));
#15 = MANIFOLD_SOLID_BREP('',#16);
#16 = CLOSED_SHELL('',(#17,#137,#213,#542,#591,#1246,#1253,#1280,#1873,
    #1900,#2478,#3048,#3075,#3576,#3603,#3734,#3783,#3832,#3859,#3886,
    #3913,#4044,#4093,#4142,#4169,#4196,#4223,#4236,#4265,#4276,#4303,
    #4332));
#17 = ADVANCED_FACE('',(#18),#32,.F.);
#18 = FACE_BOUND('',#19,.F.);
#19 = EDGE_LOOP('',(#20,#55,#83,#111));
#20 = ORIENTED_EDGE('',*,*,#21,.F.);
#21 = EDGE_CURVE('',#22,#24,#26,.T.);
#22 = VERTEX_POINT('',#23);
#23 = CARTESIAN_POINT('',(130.,63.,8.));
#24 = VERTEX_POINT('',#25);
#25 = CARTESIAN_POINT('',(130.,63.,12.));
#26 = SURFACE_CURVE('',#27,(#31,#43),.PCURVE_S1.);
#27 = LINE('',#28,#29);
#28 = CARTESIAN_POINT('',(130.,63.,8.));
#29 = VECTOR('',#30,1.);
#30 = DIRECTION('',(0.,0.,1.));
#31 = PCURVE('',#32,#37);
#32 = PLANE('',#33);
#33 = AXIS2_PLACEMENT_3D('',#34,#35,#36);
#34 = CARTESIAN_POINT('',(130.,63.,8.));
#35 = DIRECTION('',(1.,0.,0.));
#36 = DIRECTION('',(0.,0.,1.));
#37 = DEFINITIONAL_REPRESENTATION('',(#38),#42);
#38 = LINE('',#39,#40);
#39 = CARTESIAN_POINT('',(0.,0.));
#40 = VECTOR('',#41,1.);
#41 = DIRECTION('',(1.,0.));
#42 = ( GEOMETRIC_REPRESENTATION_CONTEXT(2) 
PARAMETRIC_REPRESENTATION_CONTEXT() REPRESENTATION_CONTEXT('2D SPACE',''
  ) );
#43 = PCURVE('',#44,#49);
#44 = PLANE('',#45);
#45 = AXIS2_PLACEMENT_3D('',#46,#47,#48);
#46 = CARTESIAN_POINT('',(130.,63.,8.));
#47 = DIRECTION('',(0.,1.,0.));
#48 = DIRECTION('',(0.,0.,1.));
#49 = DEFINITIONAL_REPRESENTATION('',(#50),#54);
#50 = LINE('',#51,#52);
#51 = CARTESIAN_POINT('',(0.,0.));
#52 = VECTOR('',#53,1.);
#53 = DIRECTION('',(1.,0.));
#54 = ( GEOMETRIC_REPRESENTATION_CONTEXT(2) 
PARAMETRIC_REPRESENTATION_CONTEXT() REPRESENTATION_CONTEXT('2D SPACE',''
  ) );
#55 = ORIENTED_EDGE('',*,*,#56,.T.);
#56 = EDGE_CURVE('',#22,#57,#59,.T.);
#57 = VERTEX_POINT('',#58);
#58 = CARTESIAN_POINT('',(130.,93.,8.));
#59 = SURFACE_CURVE('',#60,(#64,#71),.PCURVE_S1.);
#60 = LINE('',#61,#62);
#61 = CARTESIAN_POINT('',(130.,63.,8.));
#62 = VECTOR('',#63,1.);
#63 = DIRECTION('',(0.,1.,0.));
#64 = PCURVE('',#32,#65);
#65 = DEFINITIONAL_REPRESENTATION('',(#66),#70);
#66 = LINE('',#67,#68);
#67 = CARTESIAN_POINT('',(0.,0.));
#68 = VECTOR('',#69,1.);
#69 = DIRECTION('',(0.,-1.));
#70 = ( GEOMETRIC_REPRESENTATION_CONTEXT(2) 
PARAMETRIC_REPRESENTATION_CONTEXT() REPRESENTATION_CONTEXT('2D SPACE',''
  ) );
#71 = PCURVE('',#72,#77);
#72 = PLANE('',#73);
#73 = AXIS2_PLACEMENT_3D('',#74,#75,#76);
#74 = CARTESIAN_POINT('',(130.,63.,8.));
#75 = DIRECTION('',(0.,0.,1.));
#76 = DIRECTION('',(1.,0.,0.));
#77 = DEFINITIONAL_REPRESENTATION('',(#78),#82);
#78 = LINE('',#79,#80);
#79 = CARTESIAN_POINT('',(0.,0.));
#80 = VECTOR('',#81,1.);
#81 = DIRECTION('',(0.,1.));
#82 = ( GEOMETRIC_REPRESENTATION_CONTEXT(2) 
PARAMETRIC_REPRESENTATION_CONTEXT() REPRESENTATION_CONTEXT('2D SPACE',''
  ) );
#83 = ORIENTED_EDGE('',*,*,#84,.T.);
#84 = EDGE_CURVE('',#57,#85,#87,.T.);
#85 = VERTEX_POINT('',#86);
#86 = CARTESIAN_POINT('',(130.,93.,12.));
#87 = SURFACE_CURVE('',#88,(#92,#99),.PCURVE_S1.);
#88 = LINE('',#89,#90);
#89 = CARTESIAN_POINT('',(130.,93.,8.));
#90 = VECTOR('',#91,1.);
#91 = DIRECTION('',(0.,0.,1.));
#92 = PCURVE('',#32,#93);
#93 = DEFINITIONAL_REPRESENTATION('',(#94),#98);
#94 = LINE('',#95,#96);
#95 = CARTESIAN_POINT('',(0.,-30.));
#96 = VECTOR('',#97,1.);
#97 = DIRECTION('',(1.,0.));
#98 = ( GEOMETRIC_REPRESENTATION_CONTEXT(2) 
PARAMETRIC_REPRESENTATION_CONTEXT() REPRESENTATION_CONTEXT('2D SPACE',''
  ) );
#99 = PCURVE('',#100,#105);
#100 = PLANE('',#101);
#101 = AXIS2_PLACEMENT_3D('',#102,#103,#104);
#102 = CARTESIAN_POINT('',(130.,93.,8.));
#103 = DIRECTION('',(0.,1.,0.));
#104 = DIRECTION('',(0.,0.,1.));
#105 = DEFINITIONAL_REPRESENTATION('',(#106),#110);
#106 = LINE('',#107,#108);
#107 = CARTESIAN_POINT('',(0.,0.));
#108 = VECTOR('',#109,1.);
#109 = DIRECTION('',(1.,0.));
#110 = ( GEOMETRIC_REPRESENTATION_CONTEXT(2) 
PARAMETRIC_REPRESENTATION_CONTEXT() REPRESENTATION_CONTEXT('2D SPACE',''
  ) );
#111 = ORIENTED_EDGE('',*,*,#112,.F.);
#112 = EDGE_CURVE('',#24,#85,#113,.T.);
#113 = SURFACE_CURVE('',#114,(#118,#125),.PCURVE_S1.);
#114 = LINE('',#115,#116);
#115 = CARTESIAN_POINT('',(130.,63.,12.));
#116 = VECTOR('',#117,1.);
#117 = DIRECTION('',(0.,1.,0.));
#118 = PCURVE('',#32,#119);
#119 = DEFINITIONAL_REPRESENTATION('',(#120),#124);
#120 = LINE('',#121,#122);
#121 = CARTESIAN_POINT('',(4.,0.));
#122 = VECTOR('',#123,1.);
#123 = DIRECTION('',(0.,-1.));
#124 = ( GEOMETRIC_REPRESENTATION_CONTEXT(2) 
PARAMETRIC_REPRESENTATION_CONTEXT() REPRESENTATION_CONTEXT('2D SPACE',''
  ) );
#125 = PCURVE('',#126,#131);
#126 = PLANE('',#127);
#127 = AXIS2_PLACEMENT_3D('',#128,#129,#130);
#128 = CARTESIAN_POINT('',(130.,63.,12.));
#129 = DIRECTION('',(0.,0.,1.));
#130 = DIRECTION('',(1.,0.,0.));
#131 = DEFINITIONAL_REPRESENTATION('',(#132),#136);
#132 = LINE('',#133,#134);
#133 = CARTESIAN_POINT('',(0.,0.));
#134 = VECTOR('',#135,1.);
#135 = DIRECTION('',(0.,1.));
#136 = ( GEOMETRIC_REPRESENTATION_CONTEXT(2) 
PARAMETRIC_REPRESENTATION_CONTEXT() REPRESENTATION_CONTEXT('2D SPACE',''
  ) );
#137 = ADVANCED_FACE('',(#138),#44,.F.);
#138 = FACE_BOUND('',#139,.F.);
#139 = EDGE_LOOP('',(#140,#163,#164,#187));
#140 = ORIENTED_EDGE('',*,*,#141,.F.);
#141 = EDGE_CURVE('',#22,#142,#144,.T.);
#142 = VERTEX_POINT('',#143);
#143 = CARTESIAN_POINT('',(160.,63.,8.));
#144 = SURFACE_CURVE('',#145,(#149,#156),.PCURVE_S1.);
#145 = LINE('',#146,#147);
#146 = CARTESIAN_POINT('',(130.,63.,8.));
#147 = VECTOR('',#148,1.);
#148 = DIRECTION('',(1.,0.,0.));
#149 = PCURVE('',#44,#150);
#150 = DEFINITIONAL_REPRESENTATION('',(#151),#155);
#151 = LINE('',#152,#153);
#152 = CARTESIAN_POINT('',(0.,0.));
#153 = VECTOR('',#154,1.);
#154 = DIRECTION('',(0.,1.));
#155 = ( GEOMETRIC_REPRESENTATION_CONTEXT(2) 
PARAMETRIC_REPRESENTATION_CONTEXT() REPRESENTATION_CONTEXT('2D SPACE',''
  ) );
#156 = PCURVE('',#72,#157);
#157 = DEFINITIONAL_REPRESENTATION('',(#158),#162);
#158 = LINE('',#159,#160);
#159 = CARTESIAN_POINT('',(0.,0.));
#160 = VECTOR('',#161,1.);
#161 = DIRECTION('',(1.,0.));
#162 = ( GEOMETRIC_REPRESENTATION_CONTEXT(2) 
PARAMETRIC_REPRESENTATION_CONTEXT() REPRESENTATION_CONTEXT('2D SPACE',''
  ) );
#163 = ORIENTED_EDGE('',*,*,#21,.T.);
#164 = ORIENTED_EDGE('',*,*,#165,.T.);
#165 = EDGE_CURVE('',#24,#166,#168,.T.);
#166 = VERTEX_POINT('',#167);
#167 = CARTESIAN_POINT('',(160.,63.,12.));
#168 = SURFACE_CURVE('',#169,(#173,#180),.PCURVE_S1.);
#169 = LINE('',#170,#171);
#170 = CARTESIAN_POINT('',(130.,63.,12.));
#171 = VECTOR('',#172,1.);
#172 = DIRECTION('',(1.,0.,0.));
#173 = PCURVE('',#44,#174);
#174 = DEFINITIONAL_REPRESENTATION('',(#175),#179);
#175 = LINE('',#176,#177);
#176 = CARTESIAN_POINT('',(4.,0.));
#177 = VECTOR('',#178,1.);
#178 = DIRECTION('',(0.,1.));
#179 = ( GEOMETRIC_REPRESENTATION_CONTEXT(2) 
PARAMETRIC_REPRESENTATION_CONTEXT() REPRESENTATION_CONTEXT('2D SPACE',''
  ) );
#180 = PCURVE('',#126,#181);
#181 = DEFINITIONAL_REPRESENTATION('',(#182),#186);
#182 = LINE('',#183,#184);
#183 = CARTESIAN_POINT('',(0.,0.));
#184 = VECTOR('',#185,1.);
#185 = DIRECTION('',(1.,0.));
#186 = ( GEOMETRIC_REPRESENTATION_CONTEXT(2) 
PARAMETRIC_REPRESENTATION_CONTEXT() REPRESENTATION_CONTEXT('2D SPACE',''
  ) );
#187 = ORIENTED_EDGE('',*,*,#188,.F.);
#188 = EDGE_CURVE('',#142,#166,#189,.T.);
#189 = SURFACE_CURVE('',#190,(#194,#201),.PCURVE_S1.);
#190 = LINE('',#191,#192);
#191 = CARTESIAN_POINT('',(160.,63.,8.));
#192 = VECTOR('',#193,1.);
#193 = DIRECTION('',(0.,0.,1.));
#194 = PCURVE('',#44,#195);
#195 = DEFINITIONAL_REPRESENTATION('',(#196),#200);
#196 = LINE('',#197,#198);
#197 = CARTESIAN_POINT('',(0.,30.));
#198 = VECTOR('',#199,1.);
#199 = DIRECTION('',(1.,0.));
#200 = ( GEOMETRIC_REPRESENTATION_CONTEXT(2) 
PARAMETRIC_REPRESENTATION_CONTEXT() REPRESENTATION_CONTEXT('2D SPACE',''
  ) );
#201 = PCURVE('',#202,#207);
#202 = PLANE('',#203);
#203 = AXIS2_PLACEMENT_3D('',#204,#205,#206);
#204 = CARTESIAN_POINT('',(160.,63.,8.));
#205 = DIRECTION('',(1.,0.,0.));
#206 = DIRECTION('',(0.,0.,1.));
#207 = DEFINITIONAL_REPRESENTATION('',(#208),#212);
#208 = LINE('',#209,#210);
#209 = CARTESIAN_POINT('',(0.,0.));
#210 = VECTOR('',#211,1.);
#211 = DIRECTION('',(1.,0.));
#212 = ( GEOMETRIC_REPRESENTATION_CONTEXT(2) 
PARAMETRIC_REPRESENTATION_CONTEXT() REPRESENTATION_CONTEXT('2D SPACE',''
  ) );
#213 = ADVANCED_FACE('',(#214,#262,#297,#332,#367,#402,#437,#472,#507),
  #126,.T.);
#214 = FACE_BOUND('',#215,.T.);
#215 = EDGE_LOOP('',(#216,#217,#218,#241));
#216 = ORIENTED_EDGE('',*,*,#112,.F.);
#217 = ORIENTED_EDGE('',*,*,#165,.T.);
#218 = ORIENTED_EDGE('',*,*,#219,.T.);
#219 = EDGE_CURVE('',#166,#220,#222,.T.);
#220 = VERTEX_POINT('',#221);
#221 = CARTESIAN_POINT('',(160.,93.,12.));
#222 = SURFACE_CURVE('',#223,(#227,#234),.PCURVE_S1.);
#223 = LINE('',#224,#225);
#224 = CARTESIAN_POINT('',(160.,63.,12.));
#225 = VECTOR('',#226,1.);
#226 = DIRECTION('',(0.,1.,0.));
#227 = PCURVE('',#126,#228);
#228 = DEFINITIONAL_REPRESENTATION('',(#229),#233);
#229 = LINE('',#230,#231);
#230 = CARTESIAN_POINT('',(30.,0.));
#231 = VECTOR('',#232,1.);
#232 = DIRECTION('',(0.,1.));
#233 = ( GEOMETRIC_REPRESENTATION_CONTEXT(2) 
PARAMETRIC_REPRESENTATION_CONTEXT() REPRESENTATION_CONTEXT('2D SPACE',''
  ) );
#234 = PCURVE('',#202,#235);
#235 = DEFINITIONAL_REPRESENTATION('',(#236),#240);
#236 = LINE('',#237,#238);
#237 = CARTESIAN_POINT('',(4.,0.));
#238 = VECTOR('',#239,1.);
#239 = DIRECTION('',(0.,-1.));
#240 = ( GEOMETRIC_REPRESENTATION_CONTEXT(2) 
PARAMETRIC_REPRESENTATION_CONTEXT() REPRESENTATION_CONTEXT('2D SPACE',''
  ) );
#241 = ORIENTED_EDGE('',*,*,#242,.F.);
#242 = EDGE_CURVE('',#85,#220,#243,.T.);
#243 = SURFACE_CURVE('',#244,(#248,#255),.PCURVE_S1.);
#244 = LINE('',#245,#246);
#245 = CARTESIAN_POINT('',(130.,93.,12.));
#246 = VECTOR('',#247,1.);
#247 = DIRECTION('',(1.,0.,0.));
#248 = PCURVE('',#126,#249);
#249 = DEFINITIONAL_REPRESENTATION('',(#250),#254);
#250 = LINE('',#251,#252);
#251 = CARTESIAN_POINT('',(0.,30.));
#252 = VECTOR('',#253,1.);
#253 = DIRECTION('',(1.,0.));
#254 = ( GEOMETRIC_REPRESENTATION_CONTEXT(2) 
PARAMETRIC_REPRESENTATION_CONTEXT() REPRESENTATION_CONTEXT('2D SPACE',''
  ) );
#255 = PCURVE('',#100,#256);
#256 = DEFINITIONAL_REPRESENTATION('',(#257),#261);
#257 = LINE('',#258,#259);
#258 = CARTESIAN_POINT('',(4.,0.));
#259 = VECTOR('',#260,1.);
#260 = DIRECTION('',(0.,1.));
#261 = ( GEOMETRIC_REPRESENTATION_CONTEXT(2) 
PARAMETRIC_REPRESENTATION_CONTEXT() REPRESENTATION_CONTEXT('2D SPACE',''
  ) );
#262 = FACE_BOUND('',#263,.T.);
#263 = EDGE_LOOP('',(#264));
#264 = ORIENTED_EDGE('',*,*,#265,.T.);
#265 = EDGE_CURVE('',#266,#266,#268,.T.);
#266 = VERTEX_POINT('',#267);
#267 = CARTESIAN_POINT('',(134.7,66.,12.));
#268 = SURFACE_CURVE('',#269,(#274,#285),.PCURVE_S1.);
#269 = CIRCLE('',#270,1.7);
#270 = AXIS2_PLACEMENT_3D('',#271,#272,#273);
#271 = CARTESIAN_POINT('',(133.,66.,12.));
#272 = DIRECTION('',(0.,0.,-1.));
#273 = DIRECTION('',(1.,0.,0.));
#274 = PCURVE('',#126,#275);
#275 = DEFINITIONAL_REPRESENTATION('',(#276),#284);
#276 = ( BOUNDED_CURVE() B_SPLINE_CURVE(2,(#277,#278,#279,#280,#281,#282
,#283),.UNSPECIFIED.,.T.,.F.) B_SPLINE_CURVE_WITH_KNOTS((1,2,2,2,2,1),(
    -2.094395102393,0.,2.094395102393,4.188790204786,6.28318530718,
8.377580409573),.UNSPECIFIED.) CURVE() GEOMETRIC_REPRESENTATION_ITEM() 
RATIONAL_B_SPLINE_CURVE((1.,0.5,1.,0.5,1.,0.5,1.)) REPRESENTATION_ITEM(
  '') );
#277 = CARTESIAN_POINT('',(4.7,3.));
#278 = CARTESIAN_POINT('',(4.7,5.551362713291E-02));
#279 = CARTESIAN_POINT('',(2.15,1.527756813566));
#280 = CARTESIAN_POINT('',(-0.4,3.));
#281 = CARTESIAN_POINT('',(2.15,4.472243186434));
#282 = CARTESIAN_POINT('',(4.7,5.944486372867));
#283 = CARTESIAN_POINT('',(4.7,3.));
#284 = ( GEOMETRIC_REPRESENTATION_CONTEXT(2) 
PARAMETRIC_REPRESENTATION_CONTEXT() REPRESENTATION_CONTEXT('2D SPACE',''
  ) );
#285 = PCURVE('',#286,#291);
#286 = CYLINDRICAL_SURFACE('',#287,1.7);
#287 = AXIS2_PLACEMENT_3D('',#288,#289,#290);
#288 = CARTESIAN_POINT('',(133.,66.,7.));
#289 = DIRECTION('',(-0.,-0.,-1.));
#290 = DIRECTION('',(1.,0.,0.));
#291 = DEFINITIONAL_REPRESENTATION('',(#292),#296);
#292 = LINE('',#293,#294);
#293 = CARTESIAN_POINT('',(-6.28318530718,-5.));
#294 = VECTOR('',#295,1.);
#295 = DIRECTION('',(1.,-0.));
#296 = ( GEOMETRIC_REPRESENTATION_CONTEXT(2) 
PARAMETRIC_REPRESENTATION_CONTEXT() REPRESENTATION_CONTEXT('2D SPACE',''
  ) );
#297 = FACE_BOUND('',#298,.T.);
#298 = EDGE_LOOP('',(#299));
#299 = ORIENTED_EDGE('',*,*,#300,.T.);
#300 = EDGE_CURVE('',#301,#301,#303,.T.);
#301 = VERTEX_POINT('',#302);
#302 = CARTESIAN_POINT('',(140.,70.,12.));
#303 = SURFACE_CURVE('',#304,(#309,#320),.PCURVE_S1.);
#304 = CIRCLE('',#305,3.);
#305 = AXIS2_PLACEMENT_3D('',#306,#307,#308);
#306 = CARTESIAN_POINT('',(137.,70.,12.));
#307 = DIRECTION('',(0.,0.,-1.));
#308 = DIRECTION('',(1.,0.,0.));
#309 = PCURVE('',#126,#310);
#310 = DEFINITIONAL_REPRESENTATION('',(#311),#319);
#311 = ( BOUNDED_CURVE() B_SPLINE_CURVE(2,(#312,#313,#314,#315,#316,#317
,#318),.UNSPECIFIED.,.T.,.F.) B_SPLINE_CURVE_WITH_KNOTS((1,2,2,2,2,1),(
    -2.094395102393,0.,2.094395102393,4.188790204786,6.28318530718,
8.377580409573),.UNSPECIFIED.) CURVE() GEOMETRIC_REPRESENTATION_ITEM() 
RATIONAL_B_SPLINE_CURVE((1.,0.5,1.,0.5,1.,0.5,1.)) REPRESENTATION_ITEM(
  '') );
#312 = CARTESIAN_POINT('',(10.,7.));
#313 = CARTESIAN_POINT('',(10.,1.803847577293));
#314 = CARTESIAN_POINT('',(5.5,4.401923788647));
#315 = CARTESIAN_POINT('',(1.,7.));
#316 = CARTESIAN_POINT('',(5.5,9.598076211353));
#317 = CARTESIAN_POINT('',(10.,12.196152422707));
#318 = CARTESIAN_POINT('',(10.,7.));
#319 = ( GEOMETRIC_REPRESENTATION_CONTEXT(2) 
PARAMETRIC_REPRESENTATION_CONTEXT() REPRESENTATION_CONTEXT('2D SPACE',''
  ) );
#320 = PCURVE('',#321,#326);
#321 = CYLINDRICAL_SURFACE('',#322,3.);
#322 = AXIS2_PLACEMENT_3D('',#323,#324,#325);
#323 = CARTESIAN_POINT('',(137.,70.,-9.));
#324 = DIRECTION('',(-0.,-0.,-1.));
#325 = DIRECTION('',(1.,0.,0.));
#326 = DEFINITIONAL_REPRESENTATION('',(#327),#331);
#327 = LINE('',#328,#329);
#328 = CARTESIAN_POINT('',(-6.28318530718,-21.));
#329 = VECTOR('',#330,1.);
#330 = DIRECTION('',(1.,-0.));
#331 = ( GEOMETRIC_REPRESENTATION_CONTEXT(2) 
PARAMETRIC_REPRESENTATION_CONTEXT() REPRESENTATION_CONTEXT('2D SPACE',''
  ) );
#332 = FACE_BOUND('',#333,.T.);
#333 = EDGE_LOOP('',(#334));
#334 = ORIENTED_EDGE('',*,*,#335,.T.);
#335 = EDGE_CURVE('',#336,#336,#338,.T.);
#336 = VERTEX_POINT('',#337);
#337 = CARTESIAN_POINT('',(158.7,66.,12.));
#338 = SURFACE_CURVE('',#339,(#344,#355),.PCURVE_S1.);
#339 = CIRCLE('',#340,1.7);
#340 = AXIS2_PLACEMENT_3D('',#341,#342,#343);
#341 = CARTESIAN_POINT('',(157.,66.,12.));
#342 = DIRECTION('',(0.,0.,-1.));
#343 = DIRECTION('',(1.,0.,0.));
#344 = PCURVE('',#126,#345);
#345 = DEFINITIONAL_REPRESENTATION('',(#346),#354);
#346 = ( BOUNDED_CURVE() B_SPLINE_CURVE(2,(#347,#348,#349,#350,#351,#352
,#353),.UNSPECIFIED.,.T.,.F.) B_SPLINE_CURVE_WITH_KNOTS((1,2,2,2,2,1),(
    -2.094395102393,0.,2.094395102393,4.188790204786,6.28318530718,
8.377580409573),.UNSPECIFIED.) CURVE() GEOMETRIC_REPRESENTATION_ITEM() 
RATIONAL_B_SPLINE_CURVE((1.,0.5,1.,0.5,1.,0.5,1.)) REPRESENTATION_ITEM(
  '') );
#347 = CARTESIAN_POINT('',(28.7,3.));
#348 = CARTESIAN_POINT('',(28.7,5.551362713291E-02));
#349 = CARTESIAN_POINT('',(26.15,1.527756813566));
#350 = CARTESIAN_POINT('',(23.6,3.));
#351 = CARTESIAN_POINT('',(26.15,4.472243186434));
#352 = CARTESIAN_POINT('',(28.7,5.944486372867));
#353 = CARTESIAN_POINT('',(28.7,3.));
#354 = ( GEOMETRIC_REPRESENTATION_CONTEXT(2) 
PARAMETRIC_REPRESENTATION_CONTEXT() REPRESENTATION_CONTEXT('2D SPACE',''
  ) );
#355 = PCURVE('',#356,#361);
#356 = CYLINDRICAL_SURFACE('',#357,1.7);
#357 = AXIS2_PLACEMENT_3D('',#358,#359,#360);
#358 = CARTESIAN_POINT('',(157.,66.,7.));
#359 = DIRECTION('',(-0.,-0.,-1.));
#360 = DIRECTION('',(1.,0.,0.));
#361 = DEFINITIONAL_REPRESENTATION('',(#362),#366);
#362 = LINE('',#363,#364);
#363 = CARTESIAN_POINT('',(-6.28318530718,-5.));
#364 = VECTOR('',#365,1.);
#365 = DIRECTION('',(1.,-0.));
#366 = ( GEOMETRIC_REPRESENTATION_CONTEXT(2) 
PARAMETRIC_REPRESENTATION_CONTEXT() REPRESENTATION_CONTEXT('2D SPACE',''
  ) );
#367 = FACE_BOUND('',#368,.T.);
#368 = EDGE_LOOP('',(#369));
#369 = ORIENTED_EDGE('',*,*,#370,.T.);
#370 = EDGE_CURVE('',#371,#371,#373,.T.);
#371 = VERTEX_POINT('',#372);
#372 = CARTESIAN_POINT('',(156.,70.,12.));
#373 = SURFACE_CURVE('',#374,(#379,#390),.PCURVE_S1.);
#374 = CIRCLE('',#375,3.);
#375 = AXIS2_PLACEMENT_3D('',#376,#377,#378);
#376 = CARTESIAN_POINT('',(153.,70.,12.));
#377 = DIRECTION('',(0.,0.,-1.));
#378 = DIRECTION('',(1.,0.,0.));
#379 = PCURVE('',#126,#380);
#380 = DEFINITIONAL_REPRESENTATION('',(#381),#389);
#381 = ( BOUNDED_CURVE() B_SPLINE_CURVE(2,(#382,#383,#384,#385,#386,#387
,#388),.UNSPECIFIED.,.T.,.F.) B_SPLINE_CURVE_WITH_KNOTS((1,2,2,2,2,1),(
    -2.094395102393,0.,2.094395102393,4.188790204786,6.28318530718,
8.377580409573),.UNSPECIFIED.) CURVE() GEOMETRIC_REPRESENTATION_ITEM() 
RATIONAL_B_SPLINE_CURVE((1.,0.5,1.,0.5,1.,0.5,1.)) REPRESENTATION_ITEM(
  '') );
#382 = CARTESIAN_POINT('',(26.,7.));
#383 = CARTESIAN_POINT('',(26.,1.803847577293));
#384 = CARTESIAN_POINT('',(21.5,4.401923788647));
#385 = CARTESIAN_POINT('',(17.,7.));
#386 = CARTESIAN_POINT('',(21.5,9.598076211353));
#387 = CARTESIAN_POINT('',(26.,12.196152422707));
#388 = CARTESIAN_POINT('',(26.,7.));
#389 = ( GEOMETRIC_REPRESENTATION_CONTEXT(2) 
PARAMETRIC_REPRESENTATION_CONTEXT() REPRESENTATION_CONTEXT('2D SPACE',''
  ) );
#390 = PCURVE('',#391,#396);
#391 = CYLINDRICAL_SURFACE('',#392,3.);
#392 = AXIS2_PLACEMENT_3D('',#393,#394,#395);
#393 = CARTESIAN_POINT('',(153.,70.,-9.));
#394 = DIRECTION('',(-0.,-0.,-1.));
#395 = DIRECTION('',(1.,0.,0.));
#396 = DEFINITIONAL_REPRESENTATION('',(#397),#401);
#397 = LINE('',#398,#399);
#398 = CARTESIAN_POINT('',(-6.28318530718,-21.));
#399 = VECTOR('',#400,1.);
#400 = DIRECTION('',(1.,-0.));
#401 = ( GEOMETRIC_REPRESENTATION_CONTEXT(2) 
PARAMETRIC_REPRESENTATION_CONTEXT() REPRESENTATION_CONTEXT('2D SPACE',''
  ) );
#402 = FACE_BOUND('',#403,.T.);
#403 = EDGE_LOOP('',(#404));
#404 = ORIENTED_EDGE('',*,*,#405,.T.);
#405 = EDGE_CURVE('',#406,#406,#408,.T.);
#406 = VERTEX_POINT('',#407);
#407 = CARTESIAN_POINT('',(140.,86.,12.));
#408 = SURFACE_CURVE('',#409,(#414,#425),.PCURVE_S1.);
#409 = CIRCLE('',#410,3.);
#410 = AXIS2_PLACEMENT_3D('',#411,#412,#413);
#411 = CARTESIAN_POINT('',(137.,86.,12.));
#412 = DIRECTION('',(0.,0.,-1.));
#413 = DIRECTION('',(1.,0.,0.));
#414 = PCURVE('',#126,#415);
#415 = DEFINITIONAL_REPRESENTATION('',(#416),#424);
#416 = ( BOUNDED_CURVE() B_SPLINE_CURVE(2,(#417,#418,#419,#420,#421,#422
,#423),.UNSPECIFIED.,.T.,.F.) B_SPLINE_CURVE_WITH_KNOTS((1,2,2,2,2,1),(
    -2.094395102393,0.,2.094395102393,4.188790204786,6.28318530718,
8.377580409573),.UNSPECIFIED.) CURVE() GEOMETRIC_REPRESENTATION_ITEM() 
RATIONAL_B_SPLINE_CURVE((1.,0.5,1.,0.5,1.,0.5,1.)) REPRESENTATION_ITEM(
  '') );
#417 = CARTESIAN_POINT('',(10.,23.));
#418 = CARTESIAN_POINT('',(10.,17.803847577293));
#419 = CARTESIAN_POINT('',(5.5,20.401923788647));
#420 = CARTESIAN_POINT('',(1.,23.));
#421 = CARTESIAN_POINT('',(5.5,25.598076211353));
#422 = CARTESIAN_POINT('',(10.,28.196152422707));
#423 = CARTESIAN_POINT('',(10.,23.));
#424 = ( GEOMETRIC_REPRESENTATION_CONTEXT(2) 
PARAMETRIC_REPRESENTATION_CONTEXT() REPRESENTATION_CONTEXT('2D SPACE',''
  ) );
#425 = PCURVE('',#426,#431);
#426 = CYLINDRICAL_SURFACE('',#427,3.);
#427 = AXIS2_PLACEMENT_3D('',#428,#429,#430);
#428 = CARTESIAN_POINT('',(137.,86.,-9.));
#429 = DIRECTION('',(-0.,-0.,-1.));
#430 = DIRECTION('',(1.,0.,0.));
#431 = DEFINITIONAL_REPRESENTATION('',(#432),#436);
#432 = LINE('',#433,#434);
#433 = CARTESIAN_POINT('',(-6.28318530718,-21.));
#434 = VECTOR('',#435,1.);
#435 = DIRECTION('',(1.,-0.));
#436 = ( GEOMETRIC_REPRESENTATION_CONTEXT(2) 
PARAMETRIC_REPRESENTATION_CONTEXT() REPRESENTATION_CONTEXT('2D SPACE',''
  ) );
#437 = FACE_BOUND('',#438,.T.);
#438 = EDGE_LOOP('',(#439));
#439 = ORIENTED_EDGE('',*,*,#440,.T.);
#440 = EDGE_CURVE('',#441,#441,#443,.T.);
#441 = VERTEX_POINT('',#442);
#442 = CARTESIAN_POINT('',(134.7,90.,12.));
#443 = SURFACE_CURVE('',#444,(#449,#460),.PCURVE_S1.);
#444 = CIRCLE('',#445,1.7);
#445 = AXIS2_PLACEMENT_3D('',#446,#447,#448);
#446 = CARTESIAN_POINT('',(133.,90.,12.));
#447 = DIRECTION('',(0.,0.,-1.));
#448 = DIRECTION('',(1.,0.,0.));
#449 = PCURVE('',#126,#450);
#450 = DEFINITIONAL_REPRESENTATION('',(#451),#459);
#451 = ( BOUNDED_CURVE() B_SPLINE_CURVE(2,(#452,#453,#454,#455,#456,#457
,#458),.UNSPECIFIED.,.T.,.F.) B_SPLINE_CURVE_WITH_KNOTS((1,2,2,2,2,1),(
    -2.094395102393,0.,2.094395102393,4.188790204786,6.28318530718,
8.377580409573),.UNSPECIFIED.) CURVE() GEOMETRIC_REPRESENTATION_ITEM() 
RATIONAL_B_SPLINE_CURVE((1.,0.5,1.,0.5,1.,0.5,1.)) REPRESENTATION_ITEM(
  '') );
#452 = CARTESIAN_POINT('',(4.7,27.));
#453 = CARTESIAN_POINT('',(4.7,24.055513627133));
#454 = CARTESIAN_POINT('',(2.15,25.527756813566));
#455 = CARTESIAN_POINT('',(-0.4,27.));
#456 = CARTESIAN_POINT('',(2.15,28.472243186434));
#457 = CARTESIAN_POINT('',(4.7,29.944486372867));
#458 = CARTESIAN_POINT('',(4.7,27.));
#459 = ( GEOMETRIC_REPRESENTATION_CONTEXT(2) 
PARAMETRIC_REPRESENTATION_CONTEXT() REPRESENTATION_CONTEXT('2D SPACE',''
  ) );
#460 = PCURVE('',#461,#466);
#461 = CYLINDRICAL_SURFACE('',#462,1.7);
#462 = AXIS2_PLACEMENT_3D('',#463,#464,#465);
#463 = CARTESIAN_POINT('',(133.,90.,7.));
#464 = DIRECTION('',(-0.,-0.,-1.));
#465 = DIRECTION('',(1.,0.,0.));
#466 = DEFINITIONAL_REPRESENTATION('',(#467),#471);
#467 = LINE('',#468,#469);
#468 = CARTESIAN_POINT('',(-6.28318530718,-5.));
#469 = VECTOR('',#470,1.);
#470 = DIRECTION('',(1.,-0.));
#471 = ( GEOMETRIC_REPRESENTATION_CONTEXT(2) 
PARAMETRIC_REPRESENTATION_CONTEXT() REPRESENTATION_CONTEXT('2D SPACE',''
  ) );
#472 = FACE_BOUND('',#473,.T.);
#473 = EDGE_LOOP('',(#474));
#474 = ORIENTED_EDGE('',*,*,#475,.T.);
#475 = EDGE_CURVE('',#476,#476,#478,.T.);
#476 = VERTEX_POINT('',#477);
#477 = CARTESIAN_POINT('',(156.,86.,12.));
#478 = SURFACE_CURVE('',#479,(#484,#495),.PCURVE_S1.);
#479 = CIRCLE('',#480,3.);
#480 = AXIS2_PLACEMENT_3D('',#481,#482,#483);
#481 = CARTESIAN_POINT('',(153.,86.,12.));
#482 = DIRECTION('',(0.,0.,-1.));
#483 = DIRECTION('',(1.,0.,0.));
#484 = PCURVE('',#126,#485);
#485 = DEFINITIONAL_REPRESENTATION('',(#486),#494);
#486 = ( BOUNDED_CURVE() B_SPLINE_CURVE(2,(#487,#488,#489,#490,#491,#492
,#493),.UNSPECIFIED.,.T.,.F.) B_SPLINE_CURVE_WITH_KNOTS((1,2,2,2,2,1),(
    -2.094395102393,0.,2.094395102393,4.188790204786,6.28318530718,
8.377580409573),.UNSPECIFIED.) CURVE() GEOMETRIC_REPRESENTATION_ITEM() 
RATIONAL_B_SPLINE_CURVE((1.,0.5,1.,0.5,1.,0.5,1.)) REPRESENTATION_ITEM(
  '') );
#487 = CARTESIAN_POINT('',(26.,23.));
#488 = CARTESIAN_POINT('',(26.,17.803847577293));
#489 = CARTESIAN_POINT('',(21.5,20.401923788647));
#490 = CARTESIAN_POINT('',(17.,23.));
#491 = CARTESIAN_POINT('',(21.5,25.598076211353));
#492 = CARTESIAN_POINT('',(26.,28.196152422707));
#493 = CARTESIAN_POINT('',(26.,23.));
#494 = ( GEOMETRIC_REPRESENTATION_CONTEXT(2) 
PARAMETRIC_REPRESENTATION_CONTEXT() REPRESENTATION_CONTEXT('2D SPACE',''
  ) );
#495 = PCURVE('',#496,#501);
#496 = CYLINDRICAL_SURFACE('',#497,3.);
#497 = AXIS2_PLACEMENT_3D('',#498,#499,#500);
#498 = CARTESIAN_POINT('',(153.,86.,-9.));
#499 = DIRECTION('',(-0.,-0.,-1.));
#500 = DIRECTION('',(1.,0.,0.));
#501 = DEFINITIONAL_REPRESENTATION('',(#502),#506);
#502 = LINE('',#503,#504);
#503 = CARTESIAN_POINT('',(-6.28318530718,-21.));
#504 = VECTOR('',#505,1.);
#505 = DIRECTION('',(1.,-0.));
#506 = ( GEOMETRIC_REPRESENTATION_CONTEXT(2) 
PARAMETRIC_REPRESENTATION_CONTEXT() REPRESENTATION_CONTEXT('2D SPACE',''
  ) );
#507 = FACE_BOUND('',#508,.T.);
#508 = EDGE_LOOP('',(#509));
#509 = ORIENTED_EDGE('',*,*,#510,.T.);
#510 = EDGE_CURVE('',#511,#511,#513,.T.);
#511 = VERTEX_POINT('',#512);
#512 = CARTESIAN_POINT('',(158.7,90.,12.));
#513 = SURFACE_CURVE('',#514,(#519,#530),.PCURVE_S1.);
#514 = CIRCLE('',#515,1.7);
#515 = AXIS2_PLACEMENT_3D('',#516,#517,#518);
#516 = CARTESIAN_POINT('',(157.,90.,12.));
#517 = DIRECTION('',(0.,0.,-1.));
#518 = DIRECTION('',(1.,0.,0.));
#519 = PCURVE('',#126,#520);
#520 = DEFINITIONAL_REPRESENTATION('',(#521),#529);
#521 = ( BOUNDED_CURVE() B_SPLINE_CURVE(2,(#522,#523,#524,#525,#526,#527
,#528),.UNSPECIFIED.,.T.,.F.) B_SPLINE_CURVE_WITH_KNOTS((1,2,2,2,2,1),(
    -2.094395102393,0.,2.094395102393,4.188790204786,6.28318530718,
8.377580409573),.UNSPECIFIED.) CURVE() GEOMETRIC_REPRESENTATION_ITEM() 
RATIONAL_B_SPLINE_CURVE((1.,0.5,1.,0.5,1.,0.5,1.)) REPRESENTATION_ITEM(
  '') );
#522 = CARTESIAN_POINT('',(28.7,27.));
#523 = CARTESIAN_POINT('',(28.7,24.055513627133));
#524 = CARTESIAN_POINT('',(26.15,25.527756813566));
#525 = CARTESIAN_POINT('',(23.6,27.));
#526 = CARTESIAN_POINT('',(26.15,28.472243186434));
#527 = CARTESIAN_POINT('',(28.7,29.944486372867));
#528 = CARTESIAN_POINT('',(28.7,27.));
#529 = ( GEOMETRIC_REPRESENTATION_CONTEXT(2) 
PARAMETRIC_REPRESENTATION_CONTEXT() REPRESENTATION_CONTEXT('2D SPACE',''
  ) );
#530 = PCURVE('',#531,#536);
#531 = CYLINDRICAL_SURFACE('',#532,1.7);
#532 = AXIS2_PLACEMENT_3D('',#533,#534,#535);
#533 = CARTESIAN_POINT('',(157.,90.,7.));
#534 = DIRECTION('',(-0.,-0.,-1.));
#535 = DIRECTION('',(1.,0.,0.));
#536 = DEFINITIONAL_REPRESENTATION('',(#537),#541);
#537 = LINE('',#538,#539);
#538 = CARTESIAN_POINT('',(-6.28318530718,-5.));
#539 = VECTOR('',#540,1.);
#540 = DIRECTION('',(1.,-0.));
#541 = ( GEOMETRIC_REPRESENTATION_CONTEXT(2) 
PARAMETRIC_REPRESENTATION_CONTEXT() REPRESENTATION_CONTEXT('2D SPACE',''
  ) );
#542 = ADVANCED_FACE('',(#543),#100,.T.);
#543 = FACE_BOUND('',#544,.T.);
#544 = EDGE_LOOP('',(#545,#568,#569,#570));
#545 = ORIENTED_EDGE('',*,*,#546,.F.);
#546 = EDGE_CURVE('',#57,#547,#549,.T.);
#547 = VERTEX_POINT('',#548);
#548 = CARTESIAN_POINT('',(160.,93.,8.));
#549 = SURFACE_CURVE('',#550,(#554,#561),.PCURVE_S1.);
#550 = LINE('',#551,#552);
#551 = CARTESIAN_POINT('',(130.,93.,8.));
#552 = VECTOR('',#553,1.);
#553 = DIRECTION('',(1.,0.,0.));
#554 = PCURVE('',#100,#555);
#555 = DEFINITIONAL_REPRESENTATION('',(#556),#560);
#556 = LINE('',#557,#558);
#557 = CARTESIAN_POINT('',(0.,0.));
#558 = VECTOR('',#559,1.);
#559 = DIRECTION('',(0.,1.));
#560 = ( GEOMETRIC_REPRESENTATION_CONTEXT(2) 
PARAMETRIC_REPRESENTATION_CONTEXT() REPRESENTATION_CONTEXT('2D SPACE',''
  ) );
#561 = PCURVE('',#72,#562);
#562 = DEFINITIONAL_REPRESENTATION('',(#563),#567);
#563 = LINE('',#564,#565);
#564 = CARTESIAN_POINT('',(0.,30.));
#565 = VECTOR('',#566,1.);
#566 = DIRECTION('',(1.,0.));
#567 = ( GEOMETRIC_REPRESENTATION_CONTEXT(2) 
PARAMETRIC_REPRESENTATION_CONTEXT() REPRESENTATION_CONTEXT('2D SPACE',''
  ) );
#568 = ORIENTED_EDGE('',*,*,#84,.T.);
#569 = ORIENTED_EDGE('',*,*,#242,.T.);
#570 = ORIENTED_EDGE('',*,*,#571,.F.);
#571 = EDGE_CURVE('',#547,#220,#572,.T.);
#572 = SURFACE_CURVE('',#573,(#577,#584),.PCURVE_S1.);
#573 = LINE('',#574,#575);
#574 = CARTESIAN_POINT('',(160.,93.,8.));
#575 = VECTOR('',#576,1.);
#576 = DIRECTION('',(0.,0.,1.));
#577 = PCURVE('',#100,#578);
#578 = DEFINITIONAL_REPRESENTATION('',(#579),#583);
#579 = LINE('',#580,#581);
#580 = CARTESIAN_POINT('',(0.,30.));
#581 = VECTOR('',#582,1.);
#582 = DIRECTION('',(1.,0.));
#583 = ( GEOMETRIC_REPRESENTATION_CONTEXT(2) 
PARAMETRIC_REPRESENTATION_CONTEXT() REPRESENTATION_CONTEXT('2D SPACE',''
  ) );
#584 = PCURVE('',#202,#585);
#585 = DEFINITIONAL_REPRESENTATION('',(#586),#590);
#586 = LINE('',#587,#588);
#587 = CARTESIAN_POINT('',(0.,-30.));
#588 = VECTOR('',#589,1.);
#589 = DIRECTION('',(1.,0.));
#590 = ( GEOMETRIC_REPRESENTATION_CONTEXT(2) 
PARAMETRIC_REPRESENTATION_CONTEXT() REPRESENTATION_CONTEXT('2D SPACE',''
  ) );
#591 = ADVANCED_FACE('',(#592,#618,#648,#678,#904,#934,#1216),#72,.F.);
#592 = FACE_BOUND('',#593,.F.);
#593 = EDGE_LOOP('',(#594,#595,#596,#617));
#594 = ORIENTED_EDGE('',*,*,#56,.F.);
#595 = ORIENTED_EDGE('',*,*,#141,.T.);
#596 = ORIENTED_EDGE('',*,*,#597,.T.);
#597 = EDGE_CURVE('',#142,#547,#598,.T.);
#598 = SURFACE_CURVE('',#599,(#603,#610),.PCURVE_S1.);
#599 = LINE('',#600,#601);
#600 = CARTESIAN_POINT('',(160.,63.,8.));
#601 = VECTOR('',#602,1.);
#602 = DIRECTION('',(0.,1.,0.));
#603 = PCURVE('',#72,#604);
#604 = DEFINITIONAL_REPRESENTATION('',(#605),#609);
#605 = LINE('',#606,#607);
#606 = CARTESIAN_POINT('',(30.,0.));
#607 = VECTOR('',#608,1.);
#608 = DIRECTION('',(0.,1.));
#609 = ( GEOMETRIC_REPRESENTATION_CONTEXT(2) 
PARAMETRIC_REPRESENTATION_CONTEXT() REPRESENTATION_CONTEXT('2D SPACE',''
  ) );
#610 = PCURVE('',#202,#611);
#611 = DEFINITIONAL_REPRESENTATION('',(#612),#616);
#612 = LINE('',#613,#614);
#613 = CARTESIAN_POINT('',(0.,0.));
#614 = VECTOR('',#615,1.);
#615 = DIRECTION('',(0.,-1.));
#616 = ( GEOMETRIC_REPRESENTATION_CONTEXT(2) 
PARAMETRIC_REPRESENTATION_CONTEXT() REPRESENTATION_CONTEXT('2D SPACE',''
  ) );
#617 = ORIENTED_EDGE('',*,*,#546,.F.);
#618 = FACE_BOUND('',#619,.F.);
#619 = EDGE_LOOP('',(#620));
#620 = ORIENTED_EDGE('',*,*,#621,.T.);
#621 = EDGE_CURVE('',#622,#622,#624,.T.);
#622 = VERTEX_POINT('',#623);
#623 = CARTESIAN_POINT('',(134.7,66.,8.));
#624 = SURFACE_CURVE('',#625,(#630,#641),.PCURVE_S1.);
#625 = CIRCLE('',#626,1.7);
#626 = AXIS2_PLACEMENT_3D('',#627,#628,#629);
#627 = CARTESIAN_POINT('',(133.,66.,8.));
#628 = DIRECTION('',(0.,0.,-1.));
#629 = DIRECTION('',(1.,0.,0.));
#630 = PCURVE('',#72,#631);
#631 = DEFINITIONAL_REPRESENTATION('',(#632),#640);
#632 = ( BOUNDED_CURVE() B_SPLINE_CURVE(2,(#633,#634,#635,#636,#637,#638
,#639),.UNSPECIFIED.,.T.,.F.) B_SPLINE_CURVE_WITH_KNOTS((1,2,2,2,2,1),(
    -2.094395102393,0.,2.094395102393,4.188790204786,6.28318530718,
8.377580409573),.UNSPECIFIED.) CURVE() GEOMETRIC_REPRESENTATION_ITEM() 
RATIONAL_B_SPLINE_CURVE((1.,0.5,1.,0.5,1.,0.5,1.)) REPRESENTATION_ITEM(
  '') );
#633 = CARTESIAN_POINT('',(4.7,3.));
#634 = CARTESIAN_POINT('',(4.7,5.551362713291E-02));
#635 = CARTESIAN_POINT('',(2.15,1.527756813566));
#636 = CARTESIAN_POINT('',(-0.4,3.));
#637 = CARTESIAN_POINT('',(2.15,4.472243186434));
#638 = CARTESIAN_POINT('',(4.7,5.944486372867));
#639 = CARTESIAN_POINT('',(4.7,3.));
#640 = ( GEOMETRIC_REPRESENTATION_CONTEXT(2) 
PARAMETRIC_REPRESENTATION_CONTEXT() REPRESENTATION_CONTEXT('2D SPACE',''
  ) );
#641 = PCURVE('',#286,#642);
#642 = DEFINITIONAL_REPRESENTATION('',(#643),#647);
#643 = LINE('',#644,#645);
#644 = CARTESIAN_POINT('',(-6.28318530718,-1.));
#645 = VECTOR('',#646,1.);
#646 = DIRECTION('',(1.,-0.));
#647 = ( GEOMETRIC_REPRESENTATION_CONTEXT(2) 
PARAMETRIC_REPRESENTATION_CONTEXT() REPRESENTATION_CONTEXT('2D SPACE',''
  ) );
#648 = FACE_BOUND('',#649,.F.);
#649 = EDGE_LOOP('',(#650));
#650 = ORIENTED_EDGE('',*,*,#651,.T.);
#651 = EDGE_CURVE('',#652,#652,#654,.T.);
#652 = VERTEX_POINT('',#653);
#653 = CARTESIAN_POINT('',(158.7,66.,8.));
#654 = SURFACE_CURVE('',#655,(#660,#671),.PCURVE_S1.);
#655 = CIRCLE('',#656,1.7);
#656 = AXIS2_PLACEMENT_3D('',#657,#658,#659);
#657 = CARTESIAN_POINT('',(157.,66.,8.));
#658 = DIRECTION('',(0.,0.,-1.));
#659 = DIRECTION('',(1.,0.,0.));
#660 = PCURVE('',#72,#661);
#661 = DEFINITIONAL_REPRESENTATION('',(#662),#670);
#662 = ( BOUNDED_CURVE() B_SPLINE_CURVE(2,(#663,#664,#665,#666,#667,#668
,#669),.UNSPECIFIED.,.T.,.F.) B_SPLINE_CURVE_WITH_KNOTS((1,2,2,2,2,1),(
    -2.094395102393,0.,2.094395102393,4.188790204786,6.28318530718,
8.377580409573),.UNSPECIFIED.) CURVE() GEOMETRIC_REPRESENTATION_ITEM() 
RATIONAL_B_SPLINE_CURVE((1.,0.5,1.,0.5,1.,0.5,1.)) REPRESENTATION_ITEM(
  '') );
#663 = CARTESIAN_POINT('',(28.7,3.));
#664 = CARTESIAN_POINT('',(28.7,5.551362713291E-02));
#665 = CARTESIAN_POINT('',(26.15,1.527756813566));
#666 = CARTESIAN_POINT('',(23.6,3.));
#667 = CARTESIAN_POINT('',(26.15,4.472243186434));
#668 = CARTESIAN_POINT('',(28.7,5.944486372867));
#669 = CARTESIAN_POINT('',(28.7,3.));
#670 = ( GEOMETRIC_REPRESENTATION_CONTEXT(2) 
PARAMETRIC_REPRESENTATION_CONTEXT() REPRESENTATION_CONTEXT('2D SPACE',''
  ) );
#671 = PCURVE('',#356,#672);
#672 = DEFINITIONAL_REPRESENTATION('',(#673),#677);
#673 = LINE('',#674,#675);
#674 = CARTESIAN_POINT('',(-6.28318530718,-1.));
#675 = VECTOR('',#676,1.);
#676 = DIRECTION('',(1.,-0.));
#677 = ( GEOMETRIC_REPRESENTATION_CONTEXT(2) 
PARAMETRIC_REPRESENTATION_CONTEXT() REPRESENTATION_CONTEXT('2D SPACE',''
  ) );
#678 = FACE_BOUND('',#679,.F.);
#679 = EDGE_LOOP('',(#680,#710,#738,#766,#794,#822,#850,#878));
#680 = ORIENTED_EDGE('',*,*,#681,.F.);
#681 = EDGE_CURVE('',#682,#684,#686,.T.);
#682 = VERTEX_POINT('',#683);
#683 = CARTESIAN_POINT('',(143.4,66.,8.));
#684 = VERTEX_POINT('',#685);
#685 = CARTESIAN_POINT('',(143.4,90.,8.));
#686 = SURFACE_CURVE('',#687,(#691,#698),.PCURVE_S1.);
#687 = LINE('',#688,#689);
#688 = CARTESIAN_POINT('',(143.4,66.,8.));
#689 = VECTOR('',#690,1.);
#690 = DIRECTION('',(0.,1.,0.));
#691 = PCURVE('',#72,#692);
#692 = DEFINITIONAL_REPRESENTATION('',(#693),#697);
#693 = LINE('',#694,#695);
#694 = CARTESIAN_POINT('',(13.4,3.));
#695 = VECTOR('',#696,1.);
#696 = DIRECTION('',(0.,1.));
#697 = ( GEOMETRIC_REPRESENTATION_CONTEXT(2) 
PARAMETRIC_REPRESENTATION_CONTEXT() REPRESENTATION_CONTEXT('2D SPACE',''
  ) );
#698 = PCURVE('',#699,#704);
#699 = PLANE('',#700);
#700 = AXIS2_PLACEMENT_3D('',#701,#702,#703);
#701 = CARTESIAN_POINT('',(143.4,66.,-8.));
#702 = DIRECTION('',(1.,0.,0.));
#703 = DIRECTION('',(0.,0.,1.));
#704 = DEFINITIONAL_REPRESENTATION('',(#705),#709);
#705 = LINE('',#706,#707);
#706 = CARTESIAN_POINT('',(16.,0.));
#707 = VECTOR('',#708,1.);
#708 = DIRECTION('',(0.,-1.));
#709 = ( GEOMETRIC_REPRESENTATION_CONTEXT(2) 
PARAMETRIC_REPRESENTATION_CONTEXT() REPRESENTATION_CONTEXT('2D SPACE',''
  ) );
#710 = ORIENTED_EDGE('',*,*,#711,.F.);
#711 = EDGE_CURVE('',#712,#682,#714,.T.);
#712 = VERTEX_POINT('',#713);
#713 = CARTESIAN_POINT('',(137.4,66.,8.));
#714 = SURFACE_CURVE('',#715,(#719,#726),.PCURVE_S1.);
#715 = LINE('',#716,#717);
#716 = CARTESIAN_POINT('',(137.4,66.,8.));
#717 = VECTOR('',#718,1.);
#718 = DIRECTION('',(1.,0.,0.));
#719 = PCURVE('',#72,#720);
#720 = DEFINITIONAL_REPRESENTATION('',(#721),#725);
#721 = LINE('',#722,#723);
#722 = CARTESIAN_POINT('',(7.4,3.));
#723 = VECTOR('',#724,1.);
#724 = DIRECTION('',(1.,0.));
#725 = ( GEOMETRIC_REPRESENTATION_CONTEXT(2) 
PARAMETRIC_REPRESENTATION_CONTEXT() REPRESENTATION_CONTEXT('2D SPACE',''
  ) );
#726 = PCURVE('',#727,#732);
#727 = PLANE('',#728);
#728 = AXIS2_PLACEMENT_3D('',#729,#730,#731);
#729 = CARTESIAN_POINT('',(137.4,66.,-8.));
#730 = DIRECTION('',(0.,1.,0.));
#731 = DIRECTION('',(0.,0.,1.));
#732 = DEFINITIONAL_REPRESENTATION('',(#733),#737);
#733 = LINE('',#734,#735);
#734 = CARTESIAN_POINT('',(16.,0.));
#735 = VECTOR('',#736,1.);
#736 = DIRECTION('',(0.,1.));
#737 = ( GEOMETRIC_REPRESENTATION_CONTEXT(2) 
PARAMETRIC_REPRESENTATION_CONTEXT() REPRESENTATION_CONTEXT('2D SPACE',''
  ) );
#738 = ORIENTED_EDGE('',*,*,#739,.T.);
#739 = EDGE_CURVE('',#712,#740,#742,.T.);
#740 = VERTEX_POINT('',#741);
#741 = CARTESIAN_POINT('',(137.4,67.026786250537,8.));
#742 = SURFACE_CURVE('',#743,(#747,#754),.PCURVE_S1.);
#743 = LINE('',#744,#745);
#744 = CARTESIAN_POINT('',(137.4,66.,8.));
#745 = VECTOR('',#746,1.);
#746 = DIRECTION('',(0.,1.,0.));
#747 = PCURVE('',#72,#748);
#748 = DEFINITIONAL_REPRESENTATION('',(#749),#753);
#749 = LINE('',#750,#751);
#750 = CARTESIAN_POINT('',(7.4,3.));
#751 = VECTOR('',#752,1.);
#752 = DIRECTION('',(0.,1.));
#753 = ( GEOMETRIC_REPRESENTATION_CONTEXT(2) 
PARAMETRIC_REPRESENTATION_CONTEXT() REPRESENTATION_CONTEXT('2D SPACE',''
  ) );
#754 = PCURVE('',#755,#760);
#755 = PLANE('',#756);
#756 = AXIS2_PLACEMENT_3D('',#757,#758,#759);
#757 = CARTESIAN_POINT('',(137.4,66.,-8.));
#758 = DIRECTION('',(1.,0.,0.));
#759 = DIRECTION('',(0.,0.,1.));
#760 = DEFINITIONAL_REPRESENTATION('',(#761),#765);
#761 = LINE('',#762,#763);
#762 = CARTESIAN_POINT('',(16.,0.));
#763 = VECTOR('',#764,1.);
#764 = DIRECTION('',(0.,-1.));
#765 = ( GEOMETRIC_REPRESENTATION_CONTEXT(2) 
PARAMETRIC_REPRESENTATION_CONTEXT() REPRESENTATION_CONTEXT('2D SPACE',''
  ) );
#766 = ORIENTED_EDGE('',*,*,#767,.T.);
#767 = EDGE_CURVE('',#740,#768,#770,.T.);
#768 = VERTEX_POINT('',#769);
#769 = CARTESIAN_POINT('',(137.4,72.973213749463,8.));
#770 = SURFACE_CURVE('',#771,(#776,#787),.PCURVE_S1.);
#771 = CIRCLE('',#772,3.);
#772 = AXIS2_PLACEMENT_3D('',#773,#774,#775);
#773 = CARTESIAN_POINT('',(137.,70.,8.));
#774 = DIRECTION('',(0.,0.,-1.));
#775 = DIRECTION('',(1.,0.,0.));
#776 = PCURVE('',#72,#777);
#777 = DEFINITIONAL_REPRESENTATION('',(#778),#786);
#778 = ( BOUNDED_CURVE() B_SPLINE_CURVE(2,(#779,#780,#781,#782,#783,#784
,#785),.UNSPECIFIED.,.T.,.F.) B_SPLINE_CURVE_WITH_KNOTS((1,2,2,2,2,1),(
    -2.094395102393,0.,2.094395102393,4.188790204786,6.28318530718,
8.377580409573),.UNSPECIFIED.) CURVE() GEOMETRIC_REPRESENTATION_ITEM() 
RATIONAL_B_SPLINE_CURVE((1.,0.5,1.,0.5,1.,0.5,1.)) REPRESENTATION_ITEM(
  '') );
#779 = CARTESIAN_POINT('',(10.,7.));
#780 = CARTESIAN_POINT('',(10.,1.803847577293));
#781 = CARTESIAN_POINT('',(5.5,4.401923788647));
#782 = CARTESIAN_POINT('',(1.,7.));
#783 = CARTESIAN_POINT('',(5.5,9.598076211353));
#784 = CARTESIAN_POINT('',(10.,12.196152422707));
#785 = CARTESIAN_POINT('',(10.,7.));
#786 = ( GEOMETRIC_REPRESENTATION_CONTEXT(2) 
PARAMETRIC_REPRESENTATION_CONTEXT() REPRESENTATION_CONTEXT('2D SPACE',''
  ) );
#787 = PCURVE('',#321,#788);
#788 = DEFINITIONAL_REPRESENTATION('',(#789),#793);
#789 = LINE('',#790,#791);
#790 = CARTESIAN_POINT('',(-6.28318530718,-17.));
#791 = VECTOR('',#792,1.);
#792 = DIRECTION('',(1.,-0.));
#793 = ( GEOMETRIC_REPRESENTATION_CONTEXT(2) 
PARAMETRIC_REPRESENTATION_CONTEXT() REPRESENTATION_CONTEXT('2D SPACE',''
  ) );
#794 = ORIENTED_EDGE('',*,*,#795,.T.);
#795 = EDGE_CURVE('',#768,#796,#798,.T.);
#796 = VERTEX_POINT('',#797);
#797 = CARTESIAN_POINT('',(137.4,83.026786250537,8.));
#798 = SURFACE_CURVE('',#799,(#803,#810),.PCURVE_S1.);
#799 = LINE('',#800,#801);
#800 = CARTESIAN_POINT('',(137.4,66.,8.));
#801 = VECTOR('',#802,1.);
#802 = DIRECTION('',(0.,1.,0.));
#803 = PCURVE('',#72,#804);
#804 = DEFINITIONAL_REPRESENTATION('',(#805),#809);
#805 = LINE('',#806,#807);
#806 = CARTESIAN_POINT('',(7.4,3.));
#807 = VECTOR('',#808,1.);
#808 = DIRECTION('',(0.,1.));
#809 = ( GEOMETRIC_REPRESENTATION_CONTEXT(2) 
PARAMETRIC_REPRESENTATION_CONTEXT() REPRESENTATION_CONTEXT('2D SPACE',''
  ) );
#810 = PCURVE('',#811,#816);
#811 = PLANE('',#812);
#812 = AXIS2_PLACEMENT_3D('',#813,#814,#815);
#813 = CARTESIAN_POINT('',(137.4,66.,-8.));
#814 = DIRECTION('',(1.,0.,0.));
#815 = DIRECTION('',(0.,0.,1.));
#816 = DEFINITIONAL_REPRESENTATION('',(#817),#821);
#817 = LINE('',#818,#819);
#818 = CARTESIAN_POINT('',(16.,0.));
#819 = VECTOR('',#820,1.);
#820 = DIRECTION('',(0.,-1.));
#821 = ( GEOMETRIC_REPRESENTATION_CONTEXT(2) 
PARAMETRIC_REPRESENTATION_CONTEXT() REPRESENTATION_CONTEXT('2D SPACE',''
  ) );
#822 = ORIENTED_EDGE('',*,*,#823,.T.);
#823 = EDGE_CURVE('',#796,#824,#826,.T.);
#824 = VERTEX_POINT('',#825);
#825 = CARTESIAN_POINT('',(137.4,88.973213749463,8.));
#826 = SURFACE_CURVE('',#827,(#832,#843),.PCURVE_S1.);
#827 = CIRCLE('',#828,3.);
#828 = AXIS2_PLACEMENT_3D('',#829,#830,#831);
#829 = CARTESIAN_POINT('',(137.,86.,8.));
#830 = DIRECTION('',(0.,0.,-1.));
#831 = DIRECTION('',(1.,0.,0.));
#832 = PCURVE('',#72,#833);
#833 = DEFINITIONAL_REPRESENTATION('',(#834),#842);
#834 = ( BOUNDED_CURVE() B_SPLINE_CURVE(2,(#835,#836,#837,#838,#839,#840
,#841),.UNSPECIFIED.,.T.,.F.) B_SPLINE_CURVE_WITH_KNOTS((1,2,2,2,2,1),(
    -2.094395102393,0.,2.094395102393,4.188790204786,6.28318530718,
8.377580409573),.UNSPECIFIED.) CURVE() GEOMETRIC_REPRESENTATION_ITEM() 
RATIONAL_B_SPLINE_CURVE((1.,0.5,1.,0.5,1.,0.5,1.)) REPRESENTATION_ITEM(
  '') );
#835 = CARTESIAN_POINT('',(10.,23.));
#836 = CARTESIAN_POINT('',(10.,17.803847577293));
#837 = CARTESIAN_POINT('',(5.5,20.401923788647));
#838 = CARTESIAN_POINT('',(1.,23.));
#839 = CARTESIAN_POINT('',(5.5,25.598076211353));
#840 = CARTESIAN_POINT('',(10.,28.196152422707));
#841 = CARTESIAN_POINT('',(10.,23.));
#842 = ( GEOMETRIC_REPRESENTATION_CONTEXT(2) 
PARAMETRIC_REPRESENTATION_CONTEXT() REPRESENTATION_CONTEXT('2D SPACE',''
  ) );
#843 = PCURVE('',#426,#844);
#844 = DEFINITIONAL_REPRESENTATION('',(#845),#849);
#845 = LINE('',#846,#847);
#846 = CARTESIAN_POINT('',(-6.28318530718,-17.));
#847 = VECTOR('',#848,1.);
#848 = DIRECTION('',(1.,-0.));
#849 = ( GEOMETRIC_REPRESENTATION_CONTEXT(2) 
PARAMETRIC_REPRESENTATION_CONTEXT() REPRESENTATION_CONTEXT('2D SPACE',''
  ) );
#850 = ORIENTED_EDGE('',*,*,#851,.T.);
#851 = EDGE_CURVE('',#824,#852,#854,.T.);
#852 = VERTEX_POINT('',#853);
#853 = CARTESIAN_POINT('',(137.4,90.,8.));
#854 = SURFACE_CURVE('',#855,(#859,#866),.PCURVE_S1.);
#855 = LINE('',#856,#857);
#856 = CARTESIAN_POINT('',(137.4,66.,8.));
#857 = VECTOR('',#858,1.);
#858 = DIRECTION('',(0.,1.,0.));
#859 = PCURVE('',#72,#860);
#860 = DEFINITIONAL_REPRESENTATION('',(#861),#865);
#861 = LINE('',#862,#863);
#862 = CARTESIAN_POINT('',(7.4,3.));
#863 = VECTOR('',#864,1.);
#864 = DIRECTION('',(0.,1.));
#865 = ( GEOMETRIC_REPRESENTATION_CONTEXT(2) 
PARAMETRIC_REPRESENTATION_CONTEXT() REPRESENTATION_CONTEXT('2D SPACE',''
  ) );
#866 = PCURVE('',#867,#872);
#867 = PLANE('',#868);
#868 = AXIS2_PLACEMENT_3D('',#869,#870,#871);
#869 = CARTESIAN_POINT('',(137.4,66.,-8.));
#870 = DIRECTION('',(1.,0.,0.));
#871 = DIRECTION('',(0.,0.,1.));
#872 = DEFINITIONAL_REPRESENTATION('',(#873),#877);
#873 = LINE('',#874,#875);
#874 = CARTESIAN_POINT('',(16.,0.));
#875 = VECTOR('',#876,1.);
#876 = DIRECTION('',(0.,-1.));
#877 = ( GEOMETRIC_REPRESENTATION_CONTEXT(2) 
PARAMETRIC_REPRESENTATION_CONTEXT() REPRESENTATION_CONTEXT('2D SPACE',''
  ) );
#878 = ORIENTED_EDGE('',*,*,#879,.T.);
#879 = EDGE_CURVE('',#852,#684,#880,.T.);
#880 = SURFACE_CURVE('',#881,(#885,#892),.PCURVE_S1.);
#881 = LINE('',#882,#883);
#882 = CARTESIAN_POINT('',(137.4,90.,8.));
#883 = VECTOR('',#884,1.);
#884 = DIRECTION('',(1.,0.,0.));
#885 = PCURVE('',#72,#886);
#886 = DEFINITIONAL_REPRESENTATION('',(#887),#891);
#887 = LINE('',#888,#889);
#888 = CARTESIAN_POINT('',(7.4,27.));
#889 = VECTOR('',#890,1.);
#890 = DIRECTION('',(1.,0.));
#891 = ( GEOMETRIC_REPRESENTATION_CONTEXT(2) 
PARAMETRIC_REPRESENTATION_CONTEXT() REPRESENTATION_CONTEXT('2D SPACE',''
  ) );
#892 = PCURVE('',#893,#898);
#893 = PLANE('',#894);
#894 = AXIS2_PLACEMENT_3D('',#895,#896,#897);
#895 = CARTESIAN_POINT('',(137.4,90.,-8.));
#896 = DIRECTION('',(0.,1.,0.));
#897 = DIRECTION('',(0.,0.,1.));
#898 = DEFINITIONAL_REPRESENTATION('',(#899),#903);
#899 = LINE('',#900,#901);
#900 = CARTESIAN_POINT('',(16.,0.));
#901 = VECTOR('',#902,1.);
#902 = DIRECTION('',(0.,1.));
#903 = ( GEOMETRIC_REPRESENTATION_CONTEXT(2) 
PARAMETRIC_REPRESENTATION_CONTEXT() REPRESENTATION_CONTEXT('2D SPACE',''
  ) );
#904 = FACE_BOUND('',#905,.F.);
#905 = EDGE_LOOP('',(#906));
#906 = ORIENTED_EDGE('',*,*,#907,.T.);
#907 = EDGE_CURVE('',#908,#908,#910,.T.);
#908 = VERTEX_POINT('',#909);
#909 = CARTESIAN_POINT('',(134.7,90.,8.));
#910 = SURFACE_CURVE('',#911,(#916,#927),.PCURVE_S1.);
#911 = CIRCLE('',#912,1.7);
#912 = AXIS2_PLACEMENT_3D('',#913,#914,#915);
#913 = CARTESIAN_POINT('',(133.,90.,8.));
#914 = DIRECTION('',(0.,0.,-1.));
#915 = DIRECTION('',(1.,0.,0.));
#916 = PCURVE('',#72,#917);
#917 = DEFINITIONAL_REPRESENTATION('',(#918),#926);
#918 = ( BOUNDED_CURVE() B_SPLINE_CURVE(2,(#919,#920,#921,#922,#923,#924
,#925),.UNSPECIFIED.,.T.,.F.) B_SPLINE_CURVE_WITH_KNOTS((1,2,2,2,2,1),(
    -2.094395102393,0.,2.094395102393,4.188790204786,6.28318530718,
8.377580409573),.UNSPECIFIED.) CURVE() GEOMETRIC_REPRESENTATION_ITEM() 
RATIONAL_B_SPLINE_CURVE((1.,0.5,1.,0.5,1.,0.5,1.)) REPRESENTATION_ITEM(
  '') );
#919 = CARTESIAN_POINT('',(4.7,27.));
#920 = CARTESIAN_POINT('',(4.7,24.055513627133));
#921 = CARTESIAN_POINT('',(2.15,25.527756813566));
#922 = CARTESIAN_POINT('',(-0.4,27.));
#923 = CARTESIAN_POINT('',(2.15,28.472243186434));
#924 = CARTESIAN_POINT('',(4.7,29.944486372867));
#925 = CARTESIAN_POINT('',(4.7,27.));
#926 = ( GEOMETRIC_REPRESENTATION_CONTEXT(2) 
PARAMETRIC_REPRESENTATION_CONTEXT() REPRESENTATION_CONTEXT('2D SPACE',''
  ) );
#927 = PCURVE('',#461,#928);
#928 = DEFINITIONAL_REPRESENTATION('',(#929),#933);
#929 = LINE('',#930,#931);
#930 = CARTESIAN_POINT('',(-6.28318530718,-1.));
#931 = VECTOR('',#932,1.);
#932 = DIRECTION('',(1.,-0.));
#933 = ( GEOMETRIC_REPRESENTATION_CONTEXT(2) 
PARAMETRIC_REPRESENTATION_CONTEXT() REPRESENTATION_CONTEXT('2D SPACE',''
  ) );
#934 = FACE_BOUND('',#935,.F.);
#935 = EDGE_LOOP('',(#936,#966,#994,#1022,#1050,#1078,#1106,#1134,#1162,
    #1190));
#936 = ORIENTED_EDGE('',*,*,#937,.T.);
#937 = EDGE_CURVE('',#938,#940,#942,.T.);
#938 = VERTEX_POINT('',#939);
#939 = CARTESIAN_POINT('',(146.6,66.,8.));
#940 = VERTEX_POINT('',#941);
#941 = CARTESIAN_POINT('',(146.6,90.,8.));
#942 = SURFACE_CURVE('',#943,(#947,#954),.PCURVE_S1.);
#943 = LINE('',#944,#945);
#944 = CARTESIAN_POINT('',(146.6,66.,8.));
#945 = VECTOR('',#946,1.);
#946 = DIRECTION('',(0.,1.,0.));
#947 = PCURVE('',#72,#948);
#948 = DEFINITIONAL_REPRESENTATION('',(#949),#953);
#949 = LINE('',#950,#951);
#950 = CARTESIAN_POINT('',(16.6,3.));
#951 = VECTOR('',#952,1.);
#952 = DIRECTION('',(0.,1.));
#953 = ( GEOMETRIC_REPRESENTATION_CONTEXT(2) 
PARAMETRIC_REPRESENTATION_CONTEXT() REPRESENTATION_CONTEXT('2D SPACE',''
  ) );
#954 = PCURVE('',#955,#960);
#955 = PLANE('',#956);
#956 = AXIS2_PLACEMENT_3D('',#957,#958,#959);
#957 = CARTESIAN_POINT('',(146.6,66.,-8.));
#958 = DIRECTION('',(1.,0.,0.));
#959 = DIRECTION('',(0.,0.,1.));
#960 = DEFINITIONAL_REPRESENTATION('',(#961),#965);
#961 = LINE('',#962,#963);
#962 = CARTESIAN_POINT('',(16.,0.));
#963 = VECTOR('',#964,1.);
#964 = DIRECTION('',(0.,-1.));
#965 = ( GEOMETRIC_REPRESENTATION_CONTEXT(2) 
PARAMETRIC_REPRESENTATION_CONTEXT() REPRESENTATION_CONTEXT('2D SPACE',''
  ) );
#966 = ORIENTED_EDGE('',*,*,#967,.T.);
#967 = EDGE_CURVE('',#940,#968,#970,.T.);
#968 = VERTEX_POINT('',#969);
#969 = CARTESIAN_POINT('',(152.6,90.,8.));
#970 = SURFACE_CURVE('',#971,(#975,#982),.PCURVE_S1.);
#971 = LINE('',#972,#973);
#972 = CARTESIAN_POINT('',(146.6,90.,8.));
#973 = VECTOR('',#974,1.);
#974 = DIRECTION('',(1.,0.,0.));
#975 = PCURVE('',#72,#976);
#976 = DEFINITIONAL_REPRESENTATION('',(#977),#981);
#977 = LINE('',#978,#979);
#978 = CARTESIAN_POINT('',(16.6,27.));
#979 = VECTOR('',#980,1.);
#980 = DIRECTION('',(1.,0.));
#981 = ( GEOMETRIC_REPRESENTATION_CONTEXT(2) 
PARAMETRIC_REPRESENTATION_CONTEXT() REPRESENTATION_CONTEXT('2D SPACE',''
  ) );
#982 = PCURVE('',#983,#988);
#983 = PLANE('',#984);
#984 = AXIS2_PLACEMENT_3D('',#985,#986,#987);
#985 = CARTESIAN_POINT('',(146.6,90.,-8.));
#986 = DIRECTION('',(0.,1.,0.));
#987 = DIRECTION('',(0.,0.,1.));
#988 = DEFINITIONAL_REPRESENTATION('',(#989),#993);
#989 = LINE('',#990,#991);
#990 = CARTESIAN_POINT('',(16.,0.));
#991 = VECTOR('',#992,1.);
#992 = DIRECTION('',(0.,1.));
#993 = ( GEOMETRIC_REPRESENTATION_CONTEXT(2) 
PARAMETRIC_REPRESENTATION_CONTEXT() REPRESENTATION_CONTEXT('2D SPACE',''
  ) );
#994 = ORIENTED_EDGE('',*,*,#995,.F.);
#995 = EDGE_CURVE('',#996,#968,#998,.T.);
#996 = VERTEX_POINT('',#997);
#997 = CARTESIAN_POINT('',(152.6,88.973213749464,8.));
#998 = SURFACE_CURVE('',#999,(#1003,#1010),.PCURVE_S1.);
#999 = LINE('',#1000,#1001);
#1000 = CARTESIAN_POINT('',(152.6,66.,8.));
#1001 = VECTOR('',#1002,1.);
#1002 = DIRECTION('',(0.,1.,0.));
#1003 = PCURVE('',#72,#1004);
#1004 = DEFINITIONAL_REPRESENTATION('',(#1005),#1009);
#1005 = LINE('',#1006,#1007);
#1006 = CARTESIAN_POINT('',(22.6,3.));
#1007 = VECTOR('',#1008,1.);
#1008 = DIRECTION('',(0.,1.));
#1009 = ( GEOMETRIC_REPRESENTATION_CONTEXT(2) 
PARAMETRIC_REPRESENTATION_CONTEXT() REPRESENTATION_CONTEXT('2D SPACE',''
  ) );
#1010 = PCURVE('',#1011,#1016);
#1011 = PLANE('',#1012);
#1012 = AXIS2_PLACEMENT_3D('',#1013,#1014,#1015);
#1013 = CARTESIAN_POINT('',(152.6,66.,-8.));
#1014 = DIRECTION('',(1.,0.,0.));
#1015 = DIRECTION('',(0.,0.,1.));
#1016 = DEFINITIONAL_REPRESENTATION('',(#1017),#1021);
#1017 = LINE('',#1018,#1019);
#1018 = CARTESIAN_POINT('',(16.,0.));
#1019 = VECTOR('',#1020,1.);
#1020 = DIRECTION('',(0.,-1.));
#1021 = ( GEOMETRIC_REPRESENTATION_CONTEXT(2) 
PARAMETRIC_REPRESENTATION_CONTEXT() REPRESENTATION_CONTEXT('2D SPACE',''
  ) );
#1022 = ORIENTED_EDGE('',*,*,#1023,.T.);
#1023 = EDGE_CURVE('',#996,#1024,#1026,.T.);
#1024 = VERTEX_POINT('',#1025);
#1025 = CARTESIAN_POINT('',(156.,86.,8.));
#1026 = SURFACE_CURVE('',#1027,(#1032,#1043),.PCURVE_S1.);
#1027 = CIRCLE('',#1028,3.);
#1028 = AXIS2_PLACEMENT_3D('',#1029,#1030,#1031);
#1029 = CARTESIAN_POINT('',(153.,86.,8.));
#1030 = DIRECTION('',(0.,0.,-1.));
#1031 = DIRECTION('',(1.,0.,0.));
#1032 = PCURVE('',#72,#1033);
#1033 = DEFINITIONAL_REPRESENTATION('',(#1034),#1042);
#1034 = ( BOUNDED_CURVE() B_SPLINE_CURVE(2,(#1035,#1036,#1037,#1038,
#1039,#1040,#1041),.UNSPECIFIED.,.T.,.F.) B_SPLINE_CURVE_WITH_KNOTS((1,2
    ,2,2,2,1),(-2.094395102393,0.,2.094395102393,4.188790204786,
6.28318530718,8.377580409573),.UNSPECIFIED.) CURVE() 
GEOMETRIC_REPRESENTATION_ITEM() RATIONAL_B_SPLINE_CURVE((1.,0.5,1.,0.5,
1.,0.5,1.)) REPRESENTATION_ITEM('') );
#1035 = CARTESIAN_POINT('',(26.,23.));
#1036 = CARTESIAN_POINT('',(26.,17.803847577293));
#1037 = CARTESIAN_POINT('',(21.5,20.401923788647));
#1038 = CARTESIAN_POINT('',(17.,23.));
#1039 = CARTESIAN_POINT('',(21.5,25.598076211353));
#1040 = CARTESIAN_POINT('',(26.,28.196152422707));
#1041 = CARTESIAN_POINT('',(26.,23.));
#1042 = ( GEOMETRIC_REPRESENTATION_CONTEXT(2) 
PARAMETRIC_REPRESENTATION_CONTEXT() REPRESENTATION_CONTEXT('2D SPACE',''
  ) );
#1043 = PCURVE('',#496,#1044);
#1044 = DEFINITIONAL_REPRESENTATION('',(#1045),#1049);
#1045 = LINE('',#1046,#1047);
#1046 = CARTESIAN_POINT('',(-6.28318530718,-17.));
#1047 = VECTOR('',#1048,1.);
#1048 = DIRECTION('',(1.,-0.));
#1049 = ( GEOMETRIC_REPRESENTATION_CONTEXT(2) 
PARAMETRIC_REPRESENTATION_CONTEXT() REPRESENTATION_CONTEXT('2D SPACE',''
  ) );
#1050 = ORIENTED_EDGE('',*,*,#1051,.T.);
#1051 = EDGE_CURVE('',#1024,#1052,#1054,.T.);
#1052 = VERTEX_POINT('',#1053);
#1053 = CARTESIAN_POINT('',(152.6,83.026786250536,8.));
#1054 = SURFACE_CURVE('',#1055,(#1060,#1071),.PCURVE_S1.);
#1055 = CIRCLE('',#1056,3.);
#1056 = AXIS2_PLACEMENT_3D('',#1057,#1058,#1059);
#1057 = CARTESIAN_POINT('',(153.,86.,8.));
#1058 = DIRECTION('',(0.,0.,-1.));
#1059 = DIRECTION('',(1.,0.,0.));
#1060 = PCURVE('',#72,#1061);
#1061 = DEFINITIONAL_REPRESENTATION('',(#1062),#1070);
#1062 = ( BOUNDED_CURVE() B_SPLINE_CURVE(2,(#1063,#1064,#1065,#1066,
#1067,#1068,#1069),.UNSPECIFIED.,.T.,.F.) B_SPLINE_CURVE_WITH_KNOTS((1,2
    ,2,2,2,1),(-2.094395102393,0.,2.094395102393,4.188790204786,
6.28318530718,8.377580409573),.UNSPECIFIED.) CURVE() 
GEOMETRIC_REPRESENTATION_ITEM() RATIONAL_B_SPLINE_CURVE((1.,0.5,1.,0.5,
1.,0.5,1.)) REPRESENTATION_ITEM('') );
#1063 = CARTESIAN_POINT('',(26.,23.));
#1064 = CARTESIAN_POINT('',(26.,17.803847577293));
#1065 = CARTESIAN_POINT('',(21.5,20.401923788647));
#1066 = CARTESIAN_POINT('',(17.,23.));
#1067 = CARTESIAN_POINT('',(21.5,25.598076211353));
#1068 = CARTESIAN_POINT('',(26.,28.196152422707));
#1069 = CARTESIAN_POINT('',(26.,23.));
#1070 = ( GEOMETRIC_REPRESENTATION_CONTEXT(2) 
PARAMETRIC_REPRESENTATION_CONTEXT() REPRESENTATION_CONTEXT('2D SPACE',''
  ) );
#1071 = PCURVE('',#496,#1072);
#1072 = DEFINITIONAL_REPRESENTATION('',(#1073),#1077);
#1073 = LINE('',#1074,#1075);
#1074 = CARTESIAN_POINT('',(-6.28318530718,-17.));
#1075 = VECTOR('',#1076,1.);
#1076 = DIRECTION('',(1.,-0.));
#1077 = ( GEOMETRIC_REPRESENTATION_CONTEXT(2) 
PARAMETRIC_REPRESENTATION_CONTEXT() REPRESENTATION_CONTEXT('2D SPACE',''
  ) );
#1078 = ORIENTED_EDGE('',*,*,#1079,.F.);
#1079 = EDGE_CURVE('',#1080,#1052,#1082,.T.);
#1080 = VERTEX_POINT('',#1081);
#1081 = CARTESIAN_POINT('',(152.6,72.973213749464,8.));
#1082 = SURFACE_CURVE('',#1083,(#1087,#1094),.PCURVE_S1.);
#1083 = LINE('',#1084,#1085);
#1084 = CARTESIAN_POINT('',(152.6,66.,8.));
#1085 = VECTOR('',#1086,1.);
#1086 = DIRECTION('',(0.,1.,0.));
#1087 = PCURVE('',#72,#1088);
#1088 = DEFINITIONAL_REPRESENTATION('',(#1089),#1093);
#1089 = LINE('',#1090,#1091);
#1090 = CARTESIAN_POINT('',(22.6,3.));
#1091 = VECTOR('',#1092,1.);
#1092 = DIRECTION('',(0.,1.));
#1093 = ( GEOMETRIC_REPRESENTATION_CONTEXT(2) 
PARAMETRIC_REPRESENTATION_CONTEXT() REPRESENTATION_CONTEXT('2D SPACE',''
  ) );
#1094 = PCURVE('',#1095,#1100);
#1095 = PLANE('',#1096);
#1096 = AXIS2_PLACEMENT_3D('',#1097,#1098,#1099);
#1097 = CARTESIAN_POINT('',(152.6,66.,-8.));
#1098 = DIRECTION('',(1.,0.,0.));
#1099 = DIRECTION('',(0.,0.,1.));
#1100 = DEFINITIONAL_REPRESENTATION('',(#1101),#1105);
#1101 = LINE('',#1102,#1103);
#1102 = CARTESIAN_POINT('',(16.,0.));
#1103 = VECTOR('',#1104,1.);
#1104 = DIRECTION('',(0.,-1.));
#1105 = ( GEOMETRIC_REPRESENTATION_CONTEXT(2) 
PARAMETRIC_REPRESENTATION_CONTEXT() REPRESENTATION_CONTEXT('2D SPACE',''
  ) );
#1106 = ORIENTED_EDGE('',*,*,#1107,.T.);
#1107 = EDGE_CURVE('',#1080,#1108,#1110,.T.);
#1108 = VERTEX_POINT('',#1109);
#1109 = CARTESIAN_POINT('',(156.,70.,8.));
#1110 = SURFACE_CURVE('',#1111,(#1116,#1127),.PCURVE_S1.);
#1111 = CIRCLE('',#1112,3.);
#1112 = AXIS2_PLACEMENT_3D('',#1113,#1114,#1115);
#1113 = CARTESIAN_POINT('',(153.,70.,8.));
#1114 = DIRECTION('',(0.,0.,-1.));
#1115 = DIRECTION('',(1.,0.,0.));
#1116 = PCURVE('',#72,#1117);
#1117 = DEFINITIONAL_REPRESENTATION('',(#1118),#1126);
#1118 = ( BOUNDED_CURVE() B_SPLINE_CURVE(2,(#1119,#1120,#1121,#1122,
#1123,#1124,#1125),.UNSPECIFIED.,.T.,.F.) B_SPLINE_CURVE_WITH_KNOTS((1,2
    ,2,2,2,1),(-2.094395102393,0.,2.094395102393,4.188790204786,
6.28318530718,8.377580409573),.UNSPECIFIED.) CURVE() 
GEOMETRIC_REPRESENTATION_ITEM() RATIONAL_B_SPLINE_CURVE((1.,0.5,1.,0.5,
1.,0.5,1.)) REPRESENTATION_ITEM('') );
#1119 = CARTESIAN_POINT('',(26.,7.));
#1120 = CARTESIAN_POINT('',(26.,1.803847577293));
#1121 = CARTESIAN_POINT('',(21.5,4.401923788647));
#1122 = CARTESIAN_POINT('',(17.,7.));
#1123 = CARTESIAN_POINT('',(21.5,9.598076211353));
#1124 = CARTESIAN_POINT('',(26.,12.196152422707));
#1125 = CARTESIAN_POINT('',(26.,7.));
#1126 = ( GEOMETRIC_REPRESENTATION_CONTEXT(2) 
PARAMETRIC_REPRESENTATION_CONTEXT() REPRESENTATION_CONTEXT('2D SPACE',''
  ) );
#1127 = PCURVE('',#391,#1128);
#1128 = DEFINITIONAL_REPRESENTATION('',(#1129),#1133);
#1129 = LINE('',#1130,#1131);
#1130 = CARTESIAN_POINT('',(-6.28318530718,-17.));
#1131 = VECTOR('',#1132,1.);
#1132 = DIRECTION('',(1.,-0.));
#1133 = ( GEOMETRIC_REPRESENTATION_CONTEXT(2) 
PARAMETRIC_REPRESENTATION_CONTEXT() REPRESENTATION_CONTEXT('2D SPACE',''
  ) );
#1134 = ORIENTED_EDGE('',*,*,#1135,.T.);
#1135 = EDGE_CURVE('',#1108,#1136,#1138,.T.);
#1136 = VERTEX_POINT('',#1137);
#1137 = CARTESIAN_POINT('',(152.6,67.026786250536,8.));
#1138 = SURFACE_CURVE('',#1139,(#1144,#1155),.PCURVE_S1.);
#1139 = CIRCLE('',#1140,3.);
#1140 = AXIS2_PLACEMENT_3D('',#1141,#1142,#1143);
#1141 = CARTESIAN_POINT('',(153.,70.,8.));
#1142 = DIRECTION('',(0.,0.,-1.));
#1143 = DIRECTION('',(1.,0.,0.));
#1144 = PCURVE('',#72,#1145);
#1145 = DEFINITIONAL_REPRESENTATION('',(#1146),#1154);
#1146 = ( BOUNDED_CURVE() B_SPLINE_CURVE(2,(#1147,#1148,#1149,#1150,
#1151,#1152,#1153),.UNSPECIFIED.,.T.,.F.) B_SPLINE_CURVE_WITH_KNOTS((1,2
    ,2,2,2,1),(-2.094395102393,0.,2.094395102393,4.188790204786,
6.28318530718,8.377580409573),.UNSPECIFIED.) CURVE() 
GEOMETRIC_REPRESENTATION_ITEM() RATIONAL_B_SPLINE_CURVE((1.,0.5,1.,0.5,
1.,0.5,1.)) REPRESENTATION_ITEM('') );
#1147 = CARTESIAN_POINT('',(26.,7.));
#1148 = CARTESIAN_POINT('',(26.,1.803847577293));
#1149 = CARTESIAN_POINT('',(21.5,4.401923788647));
#1150 = CARTESIAN_POINT('',(17.,7.));
#1151 = CARTESIAN_POINT('',(21.5,9.598076211353));
#1152 = CARTESIAN_POINT('',(26.,12.196152422707));
#1153 = CARTESIAN_POINT('',(26.,7.));
#1154 = ( GEOMETRIC_REPRESENTATION_CONTEXT(2) 
PARAMETRIC_REPRESENTATION_CONTEXT() REPRESENTATION_CONTEXT('2D SPACE',''
  ) );
#1155 = PCURVE('',#391,#1156);
#1156 = DEFINITIONAL_REPRESENTATION('',(#1157),#1161);
#1157 = LINE('',#1158,#1159);
#1158 = CARTESIAN_POINT('',(-6.28318530718,-17.));
#1159 = VECTOR('',#1160,1.);
#1160 = DIRECTION('',(1.,-0.));
#1161 = ( GEOMETRIC_REPRESENTATION_CONTEXT(2) 
PARAMETRIC_REPRESENTATION_CONTEXT() REPRESENTATION_CONTEXT('2D SPACE',''
  ) );
#1162 = ORIENTED_EDGE('',*,*,#1163,.F.);
#1163 = EDGE_CURVE('',#1164,#1136,#1166,.T.);
#1164 = VERTEX_POINT('',#1165);
#1165 = CARTESIAN_POINT('',(152.6,66.,8.));
#1166 = SURFACE_CURVE('',#1167,(#1171,#1178),.PCURVE_S1.);
#1167 = LINE('',#1168,#1169);
#1168 = CARTESIAN_POINT('',(152.6,66.,8.));
#1169 = VECTOR('',#1170,1.);
#1170 = DIRECTION('',(0.,1.,0.));
#1171 = PCURVE('',#72,#1172);
#1172 = DEFINITIONAL_REPRESENTATION('',(#1173),#1177);
#1173 = LINE('',#1174,#1175);
#1174 = CARTESIAN_POINT('',(22.6,3.));
#1175 = VECTOR('',#1176,1.);
#1176 = DIRECTION('',(0.,1.));
#1177 = ( GEOMETRIC_REPRESENTATION_CONTEXT(2) 
PARAMETRIC_REPRESENTATION_CONTEXT() REPRESENTATION_CONTEXT('2D SPACE',''
  ) );
#1178 = PCURVE('',#1179,#1184);
#1179 = PLANE('',#1180);
#1180 = AXIS2_PLACEMENT_3D('',#1181,#1182,#1183);
#1181 = CARTESIAN_POINT('',(152.6,66.,-8.));
#1182 = DIRECTION('',(1.,0.,0.));
#1183 = DIRECTION('',(0.,0.,1.));
#1184 = DEFINITIONAL_REPRESENTATION('',(#1185),#1189);
#1185 = LINE('',#1186,#1187);
#1186 = CARTESIAN_POINT('',(16.,0.));
#1187 = VECTOR('',#1188,1.);
#1188 = DIRECTION('',(0.,-1.));
#1189 = ( GEOMETRIC_REPRESENTATION_CONTEXT(2) 
PARAMETRIC_REPRESENTATION_CONTEXT() REPRESENTATION_CONTEXT('2D SPACE',''
  ) );
#1190 = ORIENTED_EDGE('',*,*,#1191,.F.);
#1191 = EDGE_CURVE('',#938,#1164,#1192,.T.);
#1192 = SURFACE_CURVE('',#1193,(#1197,#1204),.PCURVE_S1.);
#1193 = LINE('',#1194,#1195);
#1194 = CARTESIAN_POINT('',(146.6,66.,8.));
#1195 = VECTOR('',#1196,1.);
#1196 = DIRECTION('',(1.,0.,0.));
#1197 = PCURVE('',#72,#1198);
#1198 = DEFINITIONAL_REPRESENTATION('',(#1199),#1203);
#1199 = LINE('',#1200,#1201);
#1200 = CARTESIAN_POINT('',(16.6,3.));
#1201 = VECTOR('',#1202,1.);
#1202 = DIRECTION('',(1.,0.));
#1203 = ( GEOMETRIC_REPRESENTATION_CONTEXT(2) 
PARAMETRIC_REPRESENTATION_CONTEXT() REPRESENTATION_CONTEXT('2D SPACE',''
  ) );
#1204 = PCURVE('',#1205,#1210);
#1205 = PLANE('',#1206);
#1206 = AXIS2_PLACEMENT_3D('',#1207,#1208,#1209);
#1207 = CARTESIAN_POINT('',(146.6,66.,-8.));
#1208 = DIRECTION('',(0.,1.,0.));
#1209 = DIRECTION('',(0.,0.,1.));
#1210 = DEFINITIONAL_REPRESENTATION('',(#1211),#1215);
#1211 = LINE('',#1212,#1213);
#1212 = CARTESIAN_POINT('',(16.,0.));
#1213 = VECTOR('',#1214,1.);
#1214 = DIRECTION('',(0.,1.));
#1215 = ( GEOMETRIC_REPRESENTATION_CONTEXT(2) 
PARAMETRIC_REPRESENTATION_CONTEXT() REPRESENTATION_CONTEXT('2D SPACE',''
  ) );
#1216 = FACE_BOUND('',#1217,.F.);
#1217 = EDGE_LOOP('',(#1218));
#1218 = ORIENTED_EDGE('',*,*,#1219,.T.);
#1219 = EDGE_CURVE('',#1220,#1220,#1222,.T.);
#1220 = VERTEX_POINT('',#1221);
#1221 = CARTESIAN_POINT('',(158.7,90.,8.));
#1222 = SURFACE_CURVE('',#1223,(#1228,#1239),.PCURVE_S1.);
#1223 = CIRCLE('',#1224,1.7);
#1224 = AXIS2_PLACEMENT_3D('',#1225,#1226,#1227);
#1225 = CARTESIAN_POINT('',(157.,90.,8.));
#1226 = DIRECTION('',(0.,0.,-1.));
#1227 = DIRECTION('',(1.,0.,0.));
#1228 = PCURVE('',#72,#1229);
#1229 = DEFINITIONAL_REPRESENTATION('',(#1230),#1238);
#1230 = ( BOUNDED_CURVE() B_SPLINE_CURVE(2,(#1231,#1232,#1233,#1234,
#1235,#1236,#1237),.UNSPECIFIED.,.T.,.F.) B_SPLINE_CURVE_WITH_KNOTS((1,2
    ,2,2,2,1),(-2.094395102393,0.,2.094395102393,4.188790204786,
6.28318530718,8.377580409573),.UNSPECIFIED.) CURVE() 
GEOMETRIC_REPRESENTATION_ITEM() RATIONAL_B_SPLINE_CURVE((1.,0.5,1.,0.5,
1.,0.5,1.)) REPRESENTATION_ITEM('') );
#1231 = CARTESIAN_POINT('',(28.7,27.));
#1232 = CARTESIAN_POINT('',(28.7,24.055513627133));
#1233 = CARTESIAN_POINT('',(26.15,25.527756813566));
#1234 = CARTESIAN_POINT('',(23.6,27.));
#1235 = CARTESIAN_POINT('',(26.15,28.472243186434));
#1236 = CARTESIAN_POINT('',(28.7,29.944486372867));
#1237 = CARTESIAN_POINT('',(28.7,27.));
#1238 = ( GEOMETRIC_REPRESENTATION_CONTEXT(2) 
PARAMETRIC_REPRESENTATION_CONTEXT() REPRESENTATION_CONTEXT('2D SPACE',''
  ) );
#1239 = PCURVE('',#531,#1240);
#1240 = DEFINITIONAL_REPRESENTATION('',(#1241),#1245);
#1241 = LINE('',#1242,#1243);
#1242 = CARTESIAN_POINT('',(-6.28318530718,-1.));
#1243 = VECTOR('',#1244,1.);
#1244 = DIRECTION('',(1.,-0.));
#1245 = ( GEOMETRIC_REPRESENTATION_CONTEXT(2) 
PARAMETRIC_REPRESENTATION_CONTEXT() REPRESENTATION_CONTEXT('2D SPACE',''
  ) );
#1246 = ADVANCED_FACE('',(#1247),#202,.T.);
#1247 = FACE_BOUND('',#1248,.T.);
#1248 = EDGE_LOOP('',(#1249,#1250,#1251,#1252));
#1249 = ORIENTED_EDGE('',*,*,#188,.F.);
#1250 = ORIENTED_EDGE('',*,*,#597,.T.);
#1251 = ORIENTED_EDGE('',*,*,#571,.T.);
#1252 = ORIENTED_EDGE('',*,*,#219,.F.);
#1253 = ADVANCED_FACE('',(#1254),#286,.F.);
#1254 = FACE_BOUND('',#1255,.T.);
#1255 = EDGE_LOOP('',(#1256,#1257,#1278,#1279));
#1256 = ORIENTED_EDGE('',*,*,#621,.T.);
#1257 = ORIENTED_EDGE('',*,*,#1258,.T.);
#1258 = EDGE_CURVE('',#622,#266,#1259,.T.);
#1259 = SEAM_CURVE('',#1260,(#1264,#1271),.PCURVE_S1.);
#1260 = LINE('',#1261,#1262);
#1261 = CARTESIAN_POINT('',(134.7,66.,7.));
#1262 = VECTOR('',#1263,1.);
#1263 = DIRECTION('',(0.,0.,1.));
#1264 = PCURVE('',#286,#1265);
#1265 = DEFINITIONAL_REPRESENTATION('',(#1266),#1270);
#1266 = LINE('',#1267,#1268);
#1267 = CARTESIAN_POINT('',(-6.28318530718,0.));
#1268 = VECTOR('',#1269,1.);
#1269 = DIRECTION('',(-0.,-1.));
#1270 = ( GEOMETRIC_REPRESENTATION_CONTEXT(2) 
PARAMETRIC_REPRESENTATION_CONTEXT() REPRESENTATION_CONTEXT('2D SPACE',''
  ) );
#1271 = PCURVE('',#286,#1272);
#1272 = DEFINITIONAL_REPRESENTATION('',(#1273),#1277);
#1273 = LINE('',#1274,#1275);
#1274 = CARTESIAN_POINT('',(-0.,0.));
#1275 = VECTOR('',#1276,1.);
#1276 = DIRECTION('',(-0.,-1.));
#1277 = ( GEOMETRIC_REPRESENTATION_CONTEXT(2) 
PARAMETRIC_REPRESENTATION_CONTEXT() REPRESENTATION_CONTEXT('2D SPACE',''
  ) );
#1278 = ORIENTED_EDGE('',*,*,#265,.F.);
#1279 = ORIENTED_EDGE('',*,*,#1258,.F.);
#1280 = ADVANCED_FACE('',(#1281),#321,.F.);
#1281 = FACE_BOUND('',#1282,.T.);
#1282 = EDGE_LOOP('',(#1283,#1318,#1341,#1510,#1656,#1677,#1678,#1679,
    #1805,#1806,#1834,#1853,#1854));
#1283 = ORIENTED_EDGE('',*,*,#1284,.T.);
#1284 = EDGE_CURVE('',#1285,#1287,#1289,.T.);
#1285 = VERTEX_POINT('',#1286);
#1286 = CARTESIAN_POINT('',(137.4,72.973213749463,-8.));
#1287 = VERTEX_POINT('',#1288);
#1288 = CARTESIAN_POINT('',(140.,70.,-8.));
#1289 = SURFACE_CURVE('',#1290,(#1295,#1302),.PCURVE_S1.);
#1290 = CIRCLE('',#1291,3.);
#1291 = AXIS2_PLACEMENT_3D('',#1292,#1293,#1294);
#1292 = CARTESIAN_POINT('',(137.,70.,-8.));
#1293 = DIRECTION('',(0.,0.,-1.));
#1294 = DIRECTION('',(1.,0.,0.));
#1295 = PCURVE('',#321,#1296);
#1296 = DEFINITIONAL_REPRESENTATION('',(#1297),#1301);
#1297 = LINE('',#1298,#1299);
#1298 = CARTESIAN_POINT('',(-6.28318530718,-1.));
#1299 = VECTOR('',#1300,1.);
#1300 = DIRECTION('',(1.,-0.));
#1301 = ( GEOMETRIC_REPRESENTATION_CONTEXT(2) 
PARAMETRIC_REPRESENTATION_CONTEXT() REPRESENTATION_CONTEXT('2D SPACE',''
  ) );
#1302 = PCURVE('',#1303,#1308);
#1303 = PLANE('',#1304);
#1304 = AXIS2_PLACEMENT_3D('',#1305,#1306,#1307);
#1305 = CARTESIAN_POINT('',(137.4,66.,-8.));
#1306 = DIRECTION('',(0.,0.,1.));
#1307 = DIRECTION('',(1.,0.,0.));
#1308 = DEFINITIONAL_REPRESENTATION('',(#1309),#1317);
#1309 = ( BOUNDED_CURVE() B_SPLINE_CURVE(2,(#1310,#1311,#1312,#1313,
#1314,#1315,#1316),.UNSPECIFIED.,.T.,.F.) B_SPLINE_CURVE_WITH_KNOTS((1,2
    ,2,2,2,1),(-2.094395102393,0.,2.094395102393,4.188790204786,
6.28318530718,8.377580409573),.UNSPECIFIED.) CURVE() 
GEOMETRIC_REPRESENTATION_ITEM() RATIONAL_B_SPLINE_CURVE((1.,0.5,1.,0.5,
1.,0.5,1.)) REPRESENTATION_ITEM('') );
#1310 = CARTESIAN_POINT('',(2.6,4.));
#1311 = CARTESIAN_POINT('',(2.6,-1.196152422707));
#1312 = CARTESIAN_POINT('',(-1.9,1.401923788647));
#1313 = CARTESIAN_POINT('',(-6.4,4.));
#1314 = CARTESIAN_POINT('',(-1.9,6.598076211353));
#1315 = CARTESIAN_POINT('',(2.6,9.196152422707));
#1316 = CARTESIAN_POINT('',(2.6,4.));
#1317 = ( GEOMETRIC_REPRESENTATION_CONTEXT(2) 
PARAMETRIC_REPRESENTATION_CONTEXT() REPRESENTATION_CONTEXT('2D SPACE',''
  ) );
#1318 = ORIENTED_EDGE('',*,*,#1319,.T.);
#1319 = EDGE_CURVE('',#1287,#1320,#1322,.T.);
#1320 = VERTEX_POINT('',#1321);
#1321 = CARTESIAN_POINT('',(140.,70.,-1.374772708487));
#1322 = SEAM_CURVE('',#1323,(#1327,#1334),.PCURVE_S1.);
#1323 = LINE('',#1324,#1325);
#1324 = CARTESIAN_POINT('',(140.,70.,-9.));
#1325 = VECTOR('',#1326,1.);
#1326 = DIRECTION('',(0.,0.,1.));
#1327 = PCURVE('',#321,#1328);
#1328 = DEFINITIONAL_REPRESENTATION('',(#1329),#1333);
#1329 = LINE('',#1330,#1331);
#1330 = CARTESIAN_POINT('',(-6.28318530718,0.));
#1331 = VECTOR('',#1332,1.);
#1332 = DIRECTION('',(-0.,-1.));
#1333 = ( GEOMETRIC_REPRESENTATION_CONTEXT(2) 
PARAMETRIC_REPRESENTATION_CONTEXT() REPRESENTATION_CONTEXT('2D SPACE',''
  ) );
#1334 = PCURVE('',#321,#1335);
#1335 = DEFINITIONAL_REPRESENTATION('',(#1336),#1340);
#1336 = LINE('',#1337,#1338);
#1337 = CARTESIAN_POINT('',(-0.,0.));
#1338 = VECTOR('',#1339,1.);
#1339 = DIRECTION('',(-0.,-1.));
#1340 = ( GEOMETRIC_REPRESENTATION_CONTEXT(2) 
PARAMETRIC_REPRESENTATION_CONTEXT() REPRESENTATION_CONTEXT('2D SPACE',''
  ) );
#1341 = ORIENTED_EDGE('',*,*,#1342,.T.);
#1342 = EDGE_CURVE('',#1320,#1343,#1345,.T.);
#1343 = VERTEX_POINT('',#1344);
#1344 = CARTESIAN_POINT('',(138.30766968306,72.7,0.));
#1345 = SURFACE_CURVE('',#1346,(#1397,#1451),.PCURVE_S1.);
#1346 = B_SPLINE_CURVE_WITH_KNOTS('',7,(#1347,#1348,#1349,#1350,#1351,
    #1352,#1353,#1354,#1355,#1356,#1357,#1358,#1359,#1360,#1361,#1362,
    #1363,#1364,#1365,#1366,#1367,#1368,#1369,#1370,#1371,#1372,#1373,
    #1374,#1375,#1376,#1377,#1378,#1379,#1380,#1381,#1382,#1383,#1384,
    #1385,#1386,#1387,#1388,#1389,#1390,#1391,#1392,#1393,#1394,#1395,
    #1396),.UNSPECIFIED.,.F.,.F.,(8,6,6,6,6,6,6,6,8),(0.,
    6.111044717107E-02,0.167740611404,0.283177958966,0.358461822423,
    0.446128383994,0.657772943447,0.831549432326,1.),.UNSPECIFIED.);
#1347 = CARTESIAN_POINT('',(140.,70.,-1.374772708487));
#1348 = CARTESIAN_POINT('',(140.,70.030309699609,-1.396819770828));
#1349 = CARTESIAN_POINT('',(139.99964285891,70.061381300905,
    -1.418228840153));
#1350 = CARTESIAN_POINT('',(139.99889594965,70.093193777511,
    -1.438957263501));
#1351 = CARTESIAN_POINT('',(139.99772701798,70.125724433995,
    -1.458964387976));
#1352 = CARTESIAN_POINT('',(139.99610418258,70.158948905874,
    -1.478211560746));
#1353 = CARTESIAN_POINT('',(139.99399593499,70.192841159609,
    -1.496662129048));
#1354 = CARTESIAN_POINT('',(139.98679119663,70.287628138247,
    -1.545024956662));
#1355 = CARTESIAN_POINT('',(139.9806343587,70.349894978565,
    -1.573269641492));
#1356 = CARTESIAN_POINT('',(139.97274173281,70.413880830409,
    -1.598743172736));
#1357 = CARTESIAN_POINT('',(139.96298371753,70.479270775286,
    -1.62123865549));
#1358 = CARTESIAN_POINT('',(139.95126642163,70.545734480523,
    -1.640611839021));
#1359 = CARTESIAN_POINT('',(139.93753808261,70.612932520421,
    -1.65677833391));
#1360 = CARTESIAN_POINT('',(139.90475261871,70.753695526228,
    -1.683711491803));
#1361 = CARTESIAN_POINT('',(139.88539349858,70.827136781836,
    -1.693885228349));
#1362 = CARTESIAN_POINT('',(139.86372899879,70.900431833228,
    -1.700238752146));
#1363 = CARTESIAN_POINT('',(139.83983254429,70.973167843779,
    -1.702848792527));
#1364 = CARTESIAN_POINT('',(139.81384197318,71.044938684974,
    -1.701860900872));
#1365 = CARTESIAN_POINT('',(139.78596139872,71.115349850132,
    -1.697488256629));
#1366 = CARTESIAN_POINT('',(139.7372253801,71.228809634116,
    -1.685133746449));
#1367 = CARTESIAN_POINT('',(139.71728253016,71.272896117957,
    -1.678932209636));
#1368 = CARTESIAN_POINT('',(139.69667942057,71.316242200699,
    -1.671471910385));
#1369 = CARTESIAN_POINT('',(139.67546368344,71.358810419599,
    -1.662819343096));
#1370 = CARTESIAN_POINT('',(139.65368568393,71.400566468131,
    -1.653041449079));
#1371 = CARTESIAN_POINT('',(139.63139852027,71.44147919598,
    -1.642205616553));
#1372 = CARTESIAN_POINT('',(139.5821771679,71.528148038122,
    -1.616608613505));
#1373 = CARTESIAN_POINT('',(139.55507594035,71.573603521596,
    -1.601492234352));
#1374 = CARTESIAN_POINT('',(139.52741806416,71.617883252325,
    -1.585124629323));
#1375 = CARTESIAN_POINT('',(139.49926547709,71.660987778286,
    -1.567592815818));
#1376 = CARTESIAN_POINT('',(139.47067804555,71.702921562503,
    -1.548977010253));
#1377 = CARTESIAN_POINT('',(139.44171327858,71.743692542972,
    -1.529350895816));
#1378 = CARTESIAN_POINT('',(139.34172081256,71.878960219416,
    -1.459124209458));
#1379 = CARTESIAN_POINT('',(139.26907091165,71.967983641052,
    -1.403924627127));
#1380 = CARTESIAN_POINT('',(139.19516894835,72.050614163027,
    -1.344063375896));
#1381 = CARTESIAN_POINT('',(139.12059356453,72.127172633662,
    -1.280153176204));
#1382 = CARTESIAN_POINT('',(139.04583911025,72.19798350768,-1.2125887818
    ));
#1383 = CARTESIAN_POINT('',(138.97139447385,72.263319798369,
    -1.14156813115));
#1384 = CARTESIAN_POINT('',(138.83750268419,72.372690443872,
    -1.005928801666));
#1385 = CARTESIAN_POINT('',(138.77798691722,72.418255414717,
    -0.94267221214));
#1386 = CARTESIAN_POINT('',(138.71944065362,72.460404138449,
    -0.877126658328));
#1387 = CARTESIAN_POINT('',(138.66213870301,72.499272702747,
    -0.809052242566));
#1388 = CARTESIAN_POINT('',(138.60665140814,72.534796169475,
    -0.738269787739));
#1389 = CARTESIAN_POINT('',(138.55394280617,72.566791579627,
    -0.664683108739));
#1390 = CARTESIAN_POINT('',(138.45822512125,72.622316950995,
    -0.514126891403));
#1391 = CARTESIAN_POINT('',(138.41369297291,72.64681617177,
    -0.435324550769));
#1392 = CARTESIAN_POINT('',(138.37427337988,72.667337218455,
    -0.353000058342));
#1393 = CARTESIAN_POINT('',(138.34224723992,72.683252840564,
    -0.268022482819));
#1394 = CARTESIAN_POINT('',(138.31954719002,72.694247568468,
    -0.180850561426));
#1395 = CARTESIAN_POINT('',(138.30766968306,72.7,-9.155486108648E-02));
#1396 = CARTESIAN_POINT('',(138.30766968306,72.7,-2.22044604925E-16));
#1397 = PCURVE('',#321,#1398);
#1398 = DEFINITIONAL_REPRESENTATION('',(#1399),#1450);
#1399 = B_SPLINE_CURVE_WITH_KNOTS('',7,(#1400,#1401,#1402,#1403,#1404,
    #1405,#1406,#1407,#1408,#1409,#1410,#1411,#1412,#1413,#1414,#1415,
    #1416,#1417,#1418,#1419,#1420,#1421,#1422,#1423,#1424,#1425,#1426,
    #1427,#1428,#1429,#1430,#1431,#1432,#1433,#1434,#1435,#1436,#1437,
    #1438,#1439,#1440,#1441,#1442,#1443,#1444,#1445,#1446,#1447,#1448,
    #1449),.UNSPECIFIED.,.F.,.F.,(8,6,6,6,6,6,6,6,8),(0.,
    6.111044717107E-02,0.167740611404,0.283177958966,0.358461822423,
    0.446128383994,0.657772943447,0.831549432326,1.),.UNSPECIFIED.);
#1400 = CARTESIAN_POINT('',(0.,-7.625227291513));
#1401 = CARTESIAN_POINT('',(-1.010323320301E-02,-7.603180229172));
#1402 = CARTESIAN_POINT('',(-2.046044170804E-02,-7.581771159847));
#1403 = CARTESIAN_POINT('',(-3.106628049353E-02,-7.561042736499));
#1404 = CARTESIAN_POINT('',(-4.191525812673E-02,-7.541035612024));
#1405 = CARTESIAN_POINT('',(-5.300173676372E-02,-7.521788439254));
#1406 = CARTESIAN_POINT('',(-6.431993214939E-02,-7.503337870952));
#1407 = CARTESIAN_POINT('',(-9.600673201962E-02,-7.454975043338));
#1408 = CARTESIAN_POINT('',(-0.116858255175,-7.426730358508));
#1409 = CARTESIAN_POINT('',(-0.138338154136,-7.401256827264));
#1410 = CARTESIAN_POINT('',(-0.16036291245,-7.37876134451));
#1411 = CARTESIAN_POINT('',(-0.182846275087,-7.359388160979));
#1412 = CARTESIAN_POINT('',(-0.205699697369,-7.34322166609));
#1413 = CARTESIAN_POINT('',(-0.253876582614,-7.316288508197));
#1414 = CARTESIAN_POINT('',(-0.279182675652,-7.306114771651));
#1415 = CARTESIAN_POINT('',(-0.304641211517,-7.299761247854));
#1416 = CARTESIAN_POINT('',(-0.330140820583,-7.297151207473));
#1417 = CARTESIAN_POINT('',(-0.355566898862,-7.298139099128));
#1418 = CARTESIAN_POINT('',(-0.380799881775,-7.302511743371));
#1419 = CARTESIAN_POINT('',(-0.42196124728,-7.314866253551));
#1420 = CARTESIAN_POINT('',(-0.438087373496,-7.321067790364));
#1421 = CARTESIAN_POINT('',(-0.454080670717,-7.328528089615));
#1422 = CARTESIAN_POINT('',(-0.469929898445,-7.337180656904));
#1423 = CARTESIAN_POINT('',(-0.48562380153,-7.346958550921));
#1424 = CARTESIAN_POINT('',(-0.501151110172,-7.357794383447));
#1425 = CARTESIAN_POINT('',(-0.53437464555,-7.383391386495));
#1426 = CARTESIAN_POINT('',(-0.552011181612,-7.398507765648));
#1427 = CARTESIAN_POINT('',(-0.569407888256,-7.414875370677));
#1428 = CARTESIAN_POINT('',(-0.586562931928,-7.432407184182));
#1429 = CARTESIAN_POINT('',(-0.603474880871,-7.451022989747));
#1430 = CARTESIAN_POINT('',(-0.620142680624,-7.470649104184));
#1431 = CARTESIAN_POINT('',(-0.676213902746,-7.540875790542));
#1432 = CARTESIAN_POINT('',(-0.714471608395,-7.596075372873));
#1433 = CARTESIAN_POINT('',(-0.751365869591,-7.655936624104));
#1434 = CARTESIAN_POINT('',(-0.786936880429,-7.719846823796));
#1435 = CARTESIAN_POINT('',(-0.821219153562,-7.7874112182));
#1436 = CARTESIAN_POINT('',(-0.854214967721,-7.85843186885));
#1437 = CARTESIAN_POINT('',(-0.911843037113,-7.994071198334));
#1438 = CARTESIAN_POINT('',(-0.936815700609,-8.05732778786));
#1439 = CARTESIAN_POINT('',(-0.960846400741,-8.122873341672));
#1440 = CARTESIAN_POINT('',(-0.98391124528,-8.190947757434));
#1441 = CARTESIAN_POINT('',(-1.005862332934,-8.261730212261));
#1442 = CARTESIAN_POINT('',(-1.02641145803,-8.335316891261));
#1443 = CARTESIAN_POINT('',(-1.063297080148,-8.485873108597));
#1444 = CARTESIAN_POINT('',(-1.080234878332,-8.564675449231));
#1445 = CARTESIAN_POINT('',(-1.095042777822,-8.646999941658));
#1446 = CARTESIAN_POINT('',(-1.106962862466,-8.731977517181));
#1447 = CARTESIAN_POINT('',(-1.11537047351,-8.819149438574));
#1448 = CARTESIAN_POINT('',(-1.119769514999,-8.908445138914));
#1449 = CARTESIAN_POINT('',(-1.119769514999,-9.));
#1450 = ( GEOMETRIC_REPRESENTATION_CONTEXT(2) 
PARAMETRIC_REPRESENTATION_CONTEXT() REPRESENTATION_CONTEXT('2D SPACE',''
  ) );
#1451 = PCURVE('',#1452,#1457);
#1452 = CYLINDRICAL_SURFACE('',#1453,1.7);
#1453 = AXIS2_PLACEMENT_3D('',#1454,#1455,#1456);
#1454 = CARTESIAN_POINT('',(135.,71.,0.));
#1455 = DIRECTION('',(-1.,-0.,-0.));
#1456 = DIRECTION('',(0.,1.,0.));
#1457 = DEFINITIONAL_REPRESENTATION('',(#1458),#1509);
#1458 = B_SPLINE_CURVE_WITH_KNOTS('',7,(#1459,#1460,#1461,#1462,#1463,
    #1464,#1465,#1466,#1467,#1468,#1469,#1470,#1471,#1472,#1473,#1474,
    #1475,#1476,#1477,#1478,#1479,#1480,#1481,#1482,#1483,#1484,#1485,
    #1486,#1487,#1488,#1489,#1490,#1491,#1492,#1493,#1494,#1495,#1496,
    #1497,#1498,#1499,#1500,#1501,#1502,#1503,#1504,#1505,#1506,#1507,
    #1508),.UNSPECIFIED.,.F.,.F.,(8,6,6,6,6,6,6,6,8),(0.,
    6.111044717107E-02,0.167740611404,0.283177958966,0.358461822423,
    0.446128383994,0.657772943447,0.831549432326,1.),.UNSPECIFIED.);
#1459 = CARTESIAN_POINT('',(-4.08351405489,-5.));
#1460 = CARTESIAN_POINT('',(-4.105561117231,-5.));
#1461 = CARTESIAN_POINT('',(-4.127749795641,-4.999642858915));
#1462 = CARTESIAN_POINT('',(-4.15007298441,-4.99889594965));
#1463 = CARTESIAN_POINT('',(-4.172524290934,-4.997727017988));
#1464 = CARTESIAN_POINT('',(-4.195098035713,-4.996104182589));
#1465 = CARTESIAN_POINT('',(-4.217789252354,-4.99399593499));
#1466 = CARTESIAN_POINT('',(-4.280384603603,-4.986791196633));
#1467 = CARTESIAN_POINT('',(-4.320561723892,-4.980634358702));
#1468 = CARTESIAN_POINT('',(-4.361001839367,-4.97274173281));
#1469 = CARTESIAN_POINT('',(-4.401596130304,-4.962983717535));
#1470 = CARTESIAN_POINT('',(-4.442245658112,-4.95126642163));
#1471 = CARTESIAN_POINT('',(-4.482856857124,-4.937538082613));
#1472 = CARTESIAN_POINT('',(-4.567160679885,-4.904752618714));
#1473 = CARTESIAN_POINT('',(-4.610716319343,-4.885393498588));
#1474 = CARTESIAN_POINT('',(-4.65390279233,-4.863728998796));
#1475 = CARTESIAN_POINT('',(-4.696619692625,-4.839832544291));
#1476 = CARTESIAN_POINT('',(-4.738762144149,-4.813841973181));
#1477 = CARTESIAN_POINT('',(-4.780215584887,-4.785961398728));
#1478 = CARTESIAN_POINT('',(-4.847351135686,-4.737225380105));
#1479 = CARTESIAN_POINT('',(-4.873526920618,-4.717282530166));
#1480 = CARTESIAN_POINT('',(-4.899380195289,-4.696679420576));
#1481 = CARTESIAN_POINT('',(-4.924911921023,-4.675463683441));
#1482 = CARTESIAN_POINT('',(-4.950121730795,-4.65368568393));
#1483 = CARTESIAN_POINT('',(-4.975007929226,-4.631398520274));
#1484 = CARTESIAN_POINT('',(-5.028166615618,-4.582177167906));
#1485 = CARTESIAN_POINT('',(-5.056328754256,-4.555075940353));
#1486 = CARTESIAN_POINT('',(-5.084074241262,-4.527418064162));
#1487 = CARTESIAN_POINT('',(-5.111421905869,-4.49926547709));
#1488 = CARTESIAN_POINT('',(-5.138389533311,-4.470678045556));
#1489 = CARTESIAN_POINT('',(-5.16499432435,-4.441713278589));
#1490 = CARTESIAN_POINT('',(-5.254647890131,-4.34172081256));
#1491 = CARTESIAN_POINT('',(-5.316085908134,-4.26907091165));
#1492 = CARTESIAN_POINT('',(-5.375865291397,-4.195168948356));
#1493 = CARTESIAN_POINT('',(-5.43429003091,-4.120593564531));
#1494 = CARTESIAN_POINT('',(-5.491665425551,-4.045839110256));
#1495 = CARTESIAN_POINT('',(-5.54831139354,-3.971394473858));
#1496 = CARTESIAN_POINT('',(-5.650806166468,-3.837502684196));
#1497 = CARTESIAN_POINT('',(-5.696596493907,-3.777986917229));
#1498 = CARTESIAN_POINT('',(-5.742334854075,-3.719440653625));
#1499 = CARTESIAN_POINT('',(-5.788328960592,-3.662138703015));
#1500 = CARTESIAN_POINT('',(-5.834803932775,-3.606651408143));
#1501 = CARTESIAN_POINT('',(-5.881928696241,-3.553942806176));
#1502 = CARTESIAN_POINT('',(-5.976322118399,-3.458225121259));
#1503 = CARTESIAN_POINT('',(-6.024799648215,-3.413692972918));
#1504 = CARTESIAN_POINT('',(-6.074574808009,-3.374273379883));
#1505 = CARTESIAN_POINT('',(-6.125269658226,-3.342247239922));
#1506 = CARTESIAN_POINT('',(-6.176802679965,-3.319547190025));
#1507 = CARTESIAN_POINT('',(-6.22932950654,-3.307669683062));
#1508 = CARTESIAN_POINT('',(-6.28318530718,-3.307669683062));
#1509 = ( GEOMETRIC_REPRESENTATION_CONTEXT(2) 
PARAMETRIC_REPRESENTATION_CONTEXT() REPRESENTATION_CONTEXT('2D SPACE',''
  ) );
#1510 = ORIENTED_EDGE('',*,*,#1511,.T.);
#1511 = EDGE_CURVE('',#1343,#1512,#1514,.T.);
#1512 = VERTEX_POINT('',#1513);
#1513 = CARTESIAN_POINT('',(140.,70.,1.374772708487));
#1514 = SURFACE_CURVE('',#1515,(#1560,#1608),.PCURVE_S1.);
#1515 = B_SPLINE_CURVE_WITH_KNOTS('',7,(#1516,#1517,#1518,#1519,#1520,
    #1521,#1522,#1523,#1524,#1525,#1526,#1527,#1528,#1529,#1530,#1531,
    #1532,#1533,#1534,#1535,#1536,#1537,#1538,#1539,#1540,#1541,#1542,
    #1543,#1544,#1545,#1546,#1547,#1548,#1549,#1550,#1551,#1552,#1553,
    #1554,#1555,#1556,#1557,#1558,#1559),.UNSPECIFIED.,.F.,.F.,(8,6,6,6,
    6,6,6,8),(0.,0.11386908961,0.346195936743,0.553676471525,
    0.64288560461,0.713642838447,0.837413616087,1.),.UNSPECIFIED.);
#1516 = CARTESIAN_POINT('',(138.30766968306,72.7,-2.081899558551E-16));
#1517 = CARTESIAN_POINT('',(138.30766968306,72.7,6.080353928995E-02));
#1518 = CARTESIAN_POINT('',(138.31290814684,72.697462750084,
    0.121110499062));
#1519 = CARTESIAN_POINT('',(138.32323218507,72.69246307652,
    0.180770549024));
#1520 = CARTESIAN_POINT('',(138.33829545999,72.685087972226,
    0.239593604885));
#1521 = CARTESIAN_POINT('',(138.3575542987,72.675457135097,0.29731062358
    ));
#1522 = CARTESIAN_POINT('',(138.38027163393,72.663769423948,
    0.353538901714));
#1523 = CARTESIAN_POINT('',(138.45706085427,72.623047092534,
    0.518362489077));
#1524 = CARTESIAN_POINT('',(138.52039184807,72.587964721025,
    0.623216679499));
#1525 = CARTESIAN_POINT('',(138.59119616314,72.546118565978,
    0.722671219009));
#1526 = CARTESIAN_POINT('',(138.66614765862,72.498173706406,
    0.816796109155));
#1527 = CARTESIAN_POINT('',(138.74345320476,72.444633139305,
    0.905989120412));
#1528 = CARTESIAN_POINT('',(138.82255105088,72.385223528804,
    0.991090053436));
#1529 = CARTESIAN_POINT('',(138.9758939376,72.259336869418,
    1.145829995882));
#1530 = CARTESIAN_POINT('',(139.04909523563,72.194834866726,
    1.215486366302));
#1531 = CARTESIAN_POINT('',(139.1225816059,72.125027883011,
    1.281795964663));
#1532 = CARTESIAN_POINT('',(139.19588577367,72.049656063105,
    1.344563609463));
#1533 = CARTESIAN_POINT('',(139.26853386493,71.968413728308,
    1.403409738892));
#1534 = CARTESIAN_POINT('',(139.33997399628,71.881000100155,
    1.457751518377));
#1535 = CARTESIAN_POINT('',(139.4394637506,71.7468652388,1.527829496423)
  );
#1536 = CARTESIAN_POINT('',(139.46904648818,71.705334907263,
    1.547923511843));
#1537 = CARTESIAN_POINT('',(139.49823913078,71.662594247922,
    1.566969172789));
#1538 = CARTESIAN_POINT('',(139.52698070455,71.618634641313,
    1.584888474375));
#1539 = CARTESIAN_POINT('',(139.55520766761,71.573451220312,
    1.601596320623));
#1540 = CARTESIAN_POINT('',(139.58285422489,71.527043356856,
    1.617000229061));
#1541 = CARTESIAN_POINT('',(139.63126674387,71.441638296135,
    1.642104140156));
#1542 = CARTESIAN_POINT('',(139.65227566616,71.403089398871,
    1.65232612519));
#1543 = CARTESIAN_POINT('',(139.67283316497,71.363791389471,
    1.661609475404));
#1544 = CARTESIAN_POINT('',(139.69289506193,71.323769692393,
    1.669897933404));
#1545 = CARTESIAN_POINT('',(139.71241924516,71.283052223955,
    1.67713549943));
#1546 = CARTESIAN_POINT('',(139.73136566925,71.241669392331,
    1.68326643135));
#1547 = CARTESIAN_POINT('',(139.78176096747,71.12615962321,
    1.696926849107));
#1548 = CARTESIAN_POINT('',(139.81200270002,71.050590553638,
    1.702078905673));
#1549 = CARTESIAN_POINT('',(139.84007404797,70.973414162847,
    1.703333297383));
#1550 = CARTESIAN_POINT('',(139.86571633823,70.895119744639,
    1.700422054131));
#1551 = CARTESIAN_POINT('',(139.88876067804,70.816213264584,
    1.693166799009));
#1552 = CARTESIAN_POINT('',(139.90912536713,70.737209722122,
    1.681480481682));
#1553 = CARTESIAN_POINT('',(139.95004016554,70.55539130496,
    1.644210365641));
#1554 = CARTESIAN_POINT('',(139.96847827009,70.453622494573,
    1.615569995742));
#1555 = CARTESIAN_POINT('',(139.98227477043,70.35431967028,
    1.579637470461));
#1556 = CARTESIAN_POINT('',(139.99177154075,70.258460705553,
    1.536827530871));
#1557 = CARTESIAN_POINT('',(139.99747424989,70.16695330867,
    1.487785664901));
#1558 = CARTESIAN_POINT('',(140.,70.080589539057,1.433392972447));
#1559 = CARTESIAN_POINT('',(140.,70.,1.374772708487));
#1560 = PCURVE('',#321,#1561);
#1561 = DEFINITIONAL_REPRESENTATION('',(#1562),#1607);
#1562 = B_SPLINE_CURVE_WITH_KNOTS('',7,(#1563,#1564,#1565,#1566,#1567,
    #1568,#1569,#1570,#1571,#1572,#1573,#1574,#1575,#1576,#1577,#1578,
    #1579,#1580,#1581,#1582,#1583,#1584,#1585,#1586,#1587,#1588,#1589,
    #1590,#1591,#1592,#1593,#1594,#1595,#1596,#1597,#1598,#1599,#1600,
    #1601,#1602,#1603,#1604,#1605,#1606),.UNSPECIFIED.,.F.,.F.,(8,6,6,6,
    6,6,6,8),(0.,0.11386908961,0.346195936743,0.553676471525,
    0.64288560461,0.713642838447,0.837413616087,1.),.UNSPECIFIED.);
#1563 = CARTESIAN_POINT('',(-1.119769514999,-9.));
#1564 = CARTESIAN_POINT('',(-1.119769514999,-9.06080353929));
#1565 = CARTESIAN_POINT('',(-1.117829347285,-9.121110499062));
#1566 = CARTESIAN_POINT('',(-1.114005612643,-9.180770549024));
#1567 = CARTESIAN_POINT('',(-1.108415168395,-9.239593604885));
#1568 = CARTESIAN_POINT('',(-1.101238148024,-9.29731062358));
#1569 = CARTESIAN_POINT('',(-1.092722968,-9.353538901714));
#1570 = CARTESIAN_POINT('',(-1.063750006207,-9.518362489077));
#1571 = CARTESIAN_POINT('',(-1.039621031847,-9.623216679499));
#1572 = CARTESIAN_POINT('',(-1.012223373588,-9.722671219009));
#1573 = CARTESIAN_POINT('',(-0.982600694919,-9.816796109155));
#1574 = CARTESIAN_POINT('',(-0.951289705932,-9.905989120412));
#1575 = CARTESIAN_POINT('',(-0.918345858869,-9.991090053436));
#1576 = CARTESIAN_POINT('',(-0.852213422788,-10.14582999588));
#1577 = CARTESIAN_POINT('',(-0.819711624288,-10.2154863663));
#1578 = CARTESIAN_POINT('',(-0.785964513969,-10.28179596466));
#1579 = CARTESIAN_POINT('',(-0.750969908303,-10.34456360946));
#1580 = CARTESIAN_POINT('',(-0.714696258082,-10.40340973889));
#1581 = CARTESIAN_POINT('',(-0.677106862809,-10.45775151837));
#1582 = CARTESIAN_POINT('',(-0.621438826653,-10.52782949642));
#1583 = CARTESIAN_POINT('',(-0.604445541113,-10.54792351184));
#1584 = CARTESIAN_POINT('',(-0.587198026933,-10.56696917278));
#1585 = CARTESIAN_POINT('',(-0.569697366578,-10.58488847437));
#1586 = CARTESIAN_POINT('',(-0.551945050871,-10.60159632062));
#1587 = CARTESIAN_POINT('',(-0.5339430059,-10.61700022906));
#1588 = CARTESIAN_POINT('',(-0.501218912855,-10.64210414015));
#1589 = CARTESIAN_POINT('',(-0.486586963173,-10.65232612519));
#1590 = CARTESIAN_POINT('',(-0.471806987331,-10.6616094754));
#1591 = CARTESIAN_POINT('',(-0.456888198766,-10.6698979334));
#1592 = CARTESIAN_POINT('',(-0.441839807908,-10.67713549943));
#1593 = CARTESIAN_POINT('',(-0.426671022185,-10.68326643135));
#1594 = CARTESIAN_POINT('',(-0.38466283139,-10.6969268491));
#1595 = CARTESIAN_POINT('',(-0.357543755145,-10.70207890567));
#1596 = CARTESIAN_POINT('',(-0.330191758264,-10.70333329738));
#1597 = CARTESIAN_POINT('',(-0.30275540589,-10.70042205413));
#1598 = CARTESIAN_POINT('',(-0.275376951212,-10.693166799));
#1599 = CARTESIAN_POINT('',(-0.248194609682,-10.68148048168));
#1600 = CARTESIAN_POINT('',(-0.186072903377,-10.64421036564));
#1601 = CARTESIAN_POINT('',(-0.151628246007,-10.61556999574));
#1602 = CARTESIAN_POINT('',(-0.118253640925,-10.57963747046));
#1603 = CARTESIAN_POINT('',(-8.618519397913E-02,-10.53682753087));
#1604 = CARTESIAN_POINT('',(-5.565111908448E-02,-10.4877856649));
#1605 = CARTESIAN_POINT('',(-2.686317968563E-02,-10.43339297244));
#1606 = CARTESIAN_POINT('',(0.,-10.37477270848));
#1607 = ( GEOMETRIC_REPRESENTATION_CONTEXT(2) 
PARAMETRIC_REPRESENTATION_CONTEXT() REPRESENTATION_CONTEXT('2D SPACE',''
  ) );
#1608 = PCURVE('',#1452,#1609);
#1609 = DEFINITIONAL_REPRESENTATION('',(#1610),#1655);
#1610 = B_SPLINE_CURVE_WITH_KNOTS('',7,(#1611,#1612,#1613,#1614,#1615,
    #1616,#1617,#1618,#1619,#1620,#1621,#1622,#1623,#1624,#1625,#1626,
    #1627,#1628,#1629,#1630,#1631,#1632,#1633,#1634,#1635,#1636,#1637,
    #1638,#1639,#1640,#1641,#1642,#1643,#1644,#1645,#1646,#1647,#1648,
    #1649,#1650,#1651,#1652,#1653,#1654),.UNSPECIFIED.,.F.,.F.,(8,6,6,6,
    6,6,6,8),(0.,0.11386908961,0.346195936743,0.553676471525,
    0.64288560461,0.713642838447,0.837413616087,1.),.UNSPECIFIED.);
#1611 = CARTESIAN_POINT('',(0.,-3.307669683062));
#1612 = CARTESIAN_POINT('',(-3.576678781762E-02,-3.307669683062));
#1613 = CARTESIAN_POINT('',(-7.124142441414E-02,-3.312908146845));
#1614 = CARTESIAN_POINT('',(-0.106410473076,-3.323232185078));
#1615 = CARTESIAN_POINT('',(-0.141230711034,-3.338295459992));
#1616 = CARTESIAN_POINT('',(-0.175607695564,-3.357554298704));
#1617 = CARTESIAN_POINT('',(-0.209366626477,-3.380271633935));
#1618 = CARTESIAN_POINT('',(-0.309236997869,-3.457060854272));
#1619 = CARTESIAN_POINT('',(-0.374065471782,-3.520391848075));
#1620 = CARTESIAN_POINT('',(-0.437254944895,-3.591196163143));
#1621 = CARTESIAN_POINT('',(-0.499105293651,-3.666147658624));
#1622 = CARTESIAN_POINT('',(-0.560070024752,-3.743453204768));
#1623 = CARTESIAN_POINT('',(-0.620956027823,-3.822551050889));
#1624 = CARTESIAN_POINT('',(-0.738296659345,-3.975893937606));
#1625 = CARTESIAN_POINT('',(-0.794025913687,-4.049095235631));
#1626 = CARTESIAN_POINT('',(-0.850473965282,-4.122581605906));
#1627 = CARTESIAN_POINT('',(-0.907943497267,-4.195885773672));
#1628 = CARTESIAN_POINT('',(-0.966723254873,-4.268533864932));
#1629 = CARTESIAN_POINT('',(-1.027100190158,-4.339973996282));
#1630 = CARTESIAN_POINT('',(-1.116122336693,-4.4394637506));
#1631 = CARTESIAN_POINT('',(-1.143248317347,-4.469046488187));
#1632 = CARTESIAN_POINT('',(-1.170751131524,-4.498239130789));
#1633 = CARTESIAN_POINT('',(-1.198649070845,-4.526980704553));
#1634 = CARTESIAN_POINT('',(-1.226961050413,-4.555207667613));
#1635 = CARTESIAN_POINT('',(-1.255707117701,-4.582854224898));
#1636 = CARTESIAN_POINT('',(-1.308070734422,-4.631266743875));
#1637 = CARTESIAN_POINT('',(-1.331521929621,-4.652275666163));
#1638 = CARTESIAN_POINT('',(-1.355260423995,-4.67283316497));
#1639 = CARTESIAN_POINT('',(-1.379285126921,-4.692895061933));
#1640 = CARTESIAN_POINT('',(-1.403595980203,-4.712419245165));
#1641 = CARTESIAN_POINT('',(-1.428193958077,-4.731365669257));
#1642 = CARTESIAN_POINT('',(-1.496614380815,-4.781760967475));
#1643 = CARTESIAN_POINT('',(-1.541115065049,-4.812002700028));
#1644 = CARTESIAN_POINT('',(-1.586420201694,-4.840074047972));
#1645 = CARTESIAN_POINT('',(-1.63238708582,-4.86571633823));
#1646 = CARTESIAN_POINT('',(-1.678885858179,-4.888760678048));
#1647 = CARTESIAN_POINT('',(-1.725792313751,-4.909125367136));
#1648 = CARTESIAN_POINT('',(-1.834968211266,-4.950040165549));
#1649 = CARTESIAN_POINT('',(-1.896995878513,-4.968478270093));
#1650 = CARTESIAN_POINT('',(-1.958853022499,-4.982274770439));
#1651 = CARTESIAN_POINT('',(-2.020318150159,-4.991771540758));
#1652 = CARTESIAN_POINT('',(-2.081146761451,-4.997474249896));
#1653 = CARTESIAN_POINT('',(-2.14105098833,-5.));
#1654 = CARTESIAN_POINT('',(-2.19967125229,-5.));
#1655 = ( GEOMETRIC_REPRESENTATION_CONTEXT(2) 
PARAMETRIC_REPRESENTATION_CONTEXT() REPRESENTATION_CONTEXT('2D SPACE',''
  ) );
#1656 = ORIENTED_EDGE('',*,*,#1657,.T.);
#1657 = EDGE_CURVE('',#1512,#301,#1658,.T.);
#1658 = SEAM_CURVE('',#1659,(#1663,#1670),.PCURVE_S1.);
#1659 = LINE('',#1660,#1661);
#1660 = CARTESIAN_POINT('',(140.,70.,-9.));
#1661 = VECTOR('',#1662,1.);
#1662 = DIRECTION('',(0.,0.,1.));
#1663 = PCURVE('',#321,#1664);
#1664 = DEFINITIONAL_REPRESENTATION('',(#1665),#1669);
#1665 = LINE('',#1666,#1667);
#1666 = CARTESIAN_POINT('',(-6.28318530718,0.));
#1667 = VECTOR('',#1668,1.);
#1668 = DIRECTION('',(-0.,-1.));
#1669 = ( GEOMETRIC_REPRESENTATION_CONTEXT(2) 
PARAMETRIC_REPRESENTATION_CONTEXT() REPRESENTATION_CONTEXT('2D SPACE',''
  ) );
#1670 = PCURVE('',#321,#1671);
#1671 = DEFINITIONAL_REPRESENTATION('',(#1672),#1676);
#1672 = LINE('',#1673,#1674);
#1673 = CARTESIAN_POINT('',(-0.,0.));
#1674 = VECTOR('',#1675,1.);
#1675 = DIRECTION('',(-0.,-1.));
#1676 = ( GEOMETRIC_REPRESENTATION_CONTEXT(2) 
PARAMETRIC_REPRESENTATION_CONTEXT() REPRESENTATION_CONTEXT('2D SPACE',''
  ) );
#1677 = ORIENTED_EDGE('',*,*,#300,.F.);
#1678 = ORIENTED_EDGE('',*,*,#1657,.F.);
#1679 = ORIENTED_EDGE('',*,*,#1680,.T.);
#1680 = EDGE_CURVE('',#1512,#1320,#1681,.T.);
#1681 = SURFACE_CURVE('',#1682,(#1721,#1763),.PCURVE_S1.);
#1682 = B_SPLINE_CURVE_WITH_KNOTS('',5,(#1683,#1684,#1685,#1686,#1687,
    #1688,#1689,#1690,#1691,#1692,#1693,#1694,#1695,#1696,#1697,#1698,
    #1699,#1700,#1701,#1702,#1703,#1704,#1705,#1706,#1707,#1708,#1709,
    #1710,#1711,#1712,#1713,#1714,#1715,#1716,#1717,#1718,#1719,#1720),
  .UNSPECIFIED.,.F.,.F.,(6,4,4,4,4,4,4,4,4,6),(0.,0.101255143823,
    0.17878933506,0.24210774949,0.50003849354,0.704956188943,
    0.758153044591,0.822603532316,0.899434278178,1.),.UNSPECIFIED.);
#1683 = CARTESIAN_POINT('',(140.,70.,1.374772708487));
#1684 = CARTESIAN_POINT('',(140.,69.942386759768,1.33286524271));
#1685 = CARTESIAN_POINT('',(139.99861668489,69.887722656737,
    1.288488170669));
#1686 = CARTESIAN_POINT('',(139.99613432256,69.836067253568,
    1.241925962135));
#1687 = CARTESIAN_POINT('',(139.99281070164,69.787456774001,
    1.193451516422));
#1688 = CARTESIAN_POINT('',(139.98586507553,69.707023015507,
    1.104943630498));
#1689 = CARTESIAN_POINT('',(139.98249428835,69.673924304046,
    1.065581235532));
#1690 = CARTESIAN_POINT('',(139.9788663607,69.642600609052,
    1.025339372768));
#1691 = CARTESIAN_POINT('',(139.97507153093,69.613039926232,
    0.98430604247));
#1692 = CARTESIAN_POINT('',(139.96801775316,69.562511000102,
    0.908462308659));
#1693 = CARTESIAN_POINT('',(139.96478818685,69.540961502293,
    0.873890729351));
#1694 = CARTESIAN_POINT('',(139.96154296799,69.520568611895,
    0.838883505632));
#1695 = CARTESIAN_POINT('',(139.95832049898,69.501324155111,
    0.803478576352));
#1696 = CARTESIAN_POINT('',(139.94225816568,69.409473262244,
    0.622007065176));
#1697 = CARTESIAN_POINT('',(139.93029451941,69.354614511745,
    0.470200133954));
#1698 = CARTESIAN_POINT('',(139.92156252453,69.3182188841,0.314728883371
    ));
#1699 = CARTESIAN_POINT('',(139.91719042916,69.3,0.157408345043));
#1700 = CARTESIAN_POINT('',(139.91719042916,69.3,-0.125055876616));
#1701 = CARTESIAN_POINT('',(139.91994978565,69.311499309236,
    -0.250081656569));
#1702 = CARTESIAN_POINT('',(139.92546565175,69.334486429701,
    -0.374172033414));
#1703 = CARTESIAN_POINT('',(139.93328334808,69.369063690243,
    -0.496404114603));
#1704 = CARTESIAN_POINT('',(139.94487914667,69.427429287885,
    -0.646625543808));
#1705 = CARTESIAN_POINT('',(139.94736273689,69.440251667894,
    -0.677387855242));
#1706 = CARTESIAN_POINT('',(139.94992417446,69.453870969636,
    -0.707933660788));
#1707 = CARTESIAN_POINT('',(139.95254546509,69.468291260139,
    -0.738243425167));
#1708 = CARTESIAN_POINT('',(139.95843045514,69.501963935591,
    -0.804707389171));
#1709 = CARTESIAN_POINT('',(139.96171270878,69.521593093308,
    -0.840741343758));
#1710 = CARTESIAN_POINT('',(139.96501753482,69.542412877422,
    -0.876362049987));
#1711 = CARTESIAN_POINT('',(139.96830428728,69.564431919829,
    -0.911529378611));
#1712 = CARTESIAN_POINT('',(139.97536962578,69.615348167423,
    -0.987529310053));
#1713 = CARTESIAN_POINT('',(139.97912131605,69.644753500201,
    -1.028151967524));
#1714 = CARTESIAN_POINT('',(139.98270528109,69.675891353388,
    -1.067993468845));
#1715 = CARTESIAN_POINT('',(139.98603337105,69.708773298327,
    -1.106967816744));
#1716 = CARTESIAN_POINT('',(139.99289803519,69.788738341551,
    -1.194728156029));
#1717 = CARTESIAN_POINT('',(139.99618324779,69.837088441698,
    -1.242845860812));
#1718 = CARTESIAN_POINT('',(139.9986348772,69.888443319605,
    -1.289073064048));
#1719 = CARTESIAN_POINT('',(140.,69.94276683539,-1.333141707044));
#1720 = CARTESIAN_POINT('',(140.,70.,-1.374772708487));
#1721 = PCURVE('',#321,#1722);
#1722 = DEFINITIONAL_REPRESENTATION('',(#1723),#1762);
#1723 = B_SPLINE_CURVE_WITH_KNOTS('',5,(#1724,#1725,#1726,#1727,#1728,
    #1729,#1730,#1731,#1732,#1733,#1734,#1735,#1736,#1737,#1738,#1739,
    #1740,#1741,#1742,#1743,#1744,#1745,#1746,#1747,#1748,#1749,#1750,
    #1751,#1752,#1753,#1754,#1755,#1756,#1757,#1758,#1759,#1760,#1761),
  .UNSPECIFIED.,.F.,.F.,(6,4,4,4,4,4,4,4,4,6),(0.,0.101255143823,
    0.17878933506,0.24210774949,0.50003849354,0.704956188943,
    0.758153044591,0.822603532316,0.899434278178,1.),.UNSPECIFIED.);
#1724 = CARTESIAN_POINT('',(-6.28318530718,-10.37477270848));
#1725 = CARTESIAN_POINT('',(-6.263980893769,-10.33286524271));
#1726 = CARTESIAN_POINT('',(-6.245759318468,-10.28848817066));
#1727 = CARTESIAN_POINT('',(-6.228526511134,-10.24192596213));
#1728 = CARTESIAN_POINT('',(-6.212287589432,-10.19345151642));
#1729 = CARTESIAN_POINT('',(-6.185376560657,-10.10494363049));
#1730 = CARTESIAN_POINT('',(-6.17428785073,-10.06558123553));
#1731 = CARTESIAN_POINT('',(-6.163778075907,-10.02533937276));
#1732 = CARTESIAN_POINT('',(-6.153844213016,-9.98430604247));
#1733 = CARTESIAN_POINT('',(-6.136837913018,-9.908462308659));
#1734 = CARTESIAN_POINT('',(-6.129574881618,-9.873890729351));
#1735 = CARTESIAN_POINT('',(-6.122692070836,-9.838883505632));
#1736 = CARTESIAN_POINT('',(-6.116188096971,-9.803478576352));
#1737 = CARTESIAN_POINT('',(-6.085106510655,-9.622007065176));
#1738 = CARTESIAN_POINT('',(-6.066405730695,-9.470200133954));
#1739 = CARTESIAN_POINT('',(-6.053925532359,-9.314728883371));
#1740 = CARTESIAN_POINT('',(-6.047681070459,-9.157408345043));
#1741 = CARTESIAN_POINT('',(-6.047681070459,-8.874944123384));
#1742 = CARTESIAN_POINT('',(-6.051622754668,-8.749918343431));
#1743 = CARTESIAN_POINT('',(-6.05950364638,-8.625827966586));
#1744 = CARTESIAN_POINT('',(-6.071316481743,-8.503595885397));
#1745 = CARTESIAN_POINT('',(-6.091151931302,-8.353374456192));
#1746 = CARTESIAN_POINT('',(-6.095505448914,-8.322612144758));
#1747 = CARTESIAN_POINT('',(-6.100124701632,-8.292066339212));
#1748 = CARTESIAN_POINT('',(-6.105010126725,-8.261756574833));
#1749 = CARTESIAN_POINT('',(-6.11640448293,-8.195292610829));
#1750 = CARTESIAN_POINT('',(-6.123038212522,-8.159258656242));
#1751 = CARTESIAN_POINT('',(-6.130064653101,-8.123637950013));
#1752 = CARTESIAN_POINT('',(-6.137485272929,-8.088470621389));
#1753 = CARTESIAN_POINT('',(-6.154619978702,-8.012470689947));
#1754 = CARTESIAN_POINT('',(-6.164500657841,-7.971848032476));
#1755 = CARTESIAN_POINT('',(-6.174947236941,-7.932006531155));
#1756 = CARTESIAN_POINT('',(-6.185962649957,-7.893032183256));
#1757 = CARTESIAN_POINT('',(-6.212715701188,-7.805271843971));
#1758 = CARTESIAN_POINT('',(-6.22886719035,-7.757154139188));
#1759 = CARTESIAN_POINT('',(-6.245999546567,-7.710926935952));
#1760 = CARTESIAN_POINT('',(-6.264107585643,-7.666858292956));
#1761 = CARTESIAN_POINT('',(-6.28318530718,-7.625227291513));
#1762 = ( GEOMETRIC_REPRESENTATION_CONTEXT(2) 
PARAMETRIC_REPRESENTATION_CONTEXT() REPRESENTATION_CONTEXT('2D SPACE',''
  ) );
#1763 = PCURVE('',#1452,#1764);
#1764 = DEFINITIONAL_REPRESENTATION('',(#1765),#1804);
#1765 = B_SPLINE_CURVE_WITH_KNOTS('',5,(#1766,#1767,#1768,#1769,#1770,
    #1771,#1772,#1773,#1774,#1775,#1776,#1777,#1778,#1779,#1780,#1781,
    #1782,#1783,#1784,#1785,#1786,#1787,#1788,#1789,#1790,#1791,#1792,
    #1793,#1794,#1795,#1796,#1797,#1798,#1799,#1800,#1801,#1802,#1803),
  .UNSPECIFIED.,.F.,.F.,(6,4,4,4,4,4,4,4,4,6),(0.,0.101255143823,
    0.17878933506,0.24210774949,0.50003849354,0.704956188943,
    0.758153044591,0.822603532316,0.899434278178,1.),.UNSPECIFIED.);
#1766 = CARTESIAN_POINT('',(-2.19967125229,-5.));
#1767 = CARTESIAN_POINT('',(-2.241578718067,-5.));
#1768 = CARTESIAN_POINT('',(-2.282938011231,-4.998616684897));
#1769 = CARTESIAN_POINT('',(-2.323774882008,-4.996134322561));
#1770 = CARTESIAN_POINT('',(-2.364108320532,-4.992810701649));
#1771 = CARTESIAN_POINT('',(-2.434458987858,-4.985865075534));
#1772 = CARTESIAN_POINT('',(-2.464688955978,-4.982494288351));
#1773 = CARTESIAN_POINT('',(-2.494658392015,-4.978866360704));
#1774 = CARTESIAN_POINT('',(-2.524387044379,-4.975071530936));
#1775 = CARTESIAN_POINT('',(-2.577995403531,-4.968017753168));
#1776 = CARTESIAN_POINT('',(-2.601947900327,-4.964788186855));
#1777 = CARTESIAN_POINT('',(-2.625765491419,-4.961542967991));
#1778 = CARTESIAN_POINT('',(-2.649459521981,-4.958320498986));
#1779 = CARTESIAN_POINT('',(-2.769102149998,-4.942258165681));
#1780 = CARTESIAN_POINT('',(-2.863349643127,-4.930294519412));
#1781 = CARTESIAN_POINT('',(-2.956458371318,-4.921562524535));
#1782 = CARTESIAN_POINT('',(-3.048999509447,-4.917190429163));
#1783 = CARTESIAN_POINT('',(-3.215154933952,-4.917190429163));
#1784 = CARTESIAN_POINT('',(-3.288699447707,-4.919949785657));
#1785 = CARTESIAN_POINT('',(-3.362523322869,-4.925465651751));
#1786 = CARTESIAN_POINT('',(-3.436909930589,-4.933283348088));
#1787 = CARTESIAN_POINT('',(-3.531710797791,-4.944879146677));
#1788 = CARTESIAN_POINT('',(-3.551309510821,-4.947362736897));
#1789 = CARTESIAN_POINT('',(-3.570974784499,-4.949924174463));
#1790 = CARTESIAN_POINT('',(-3.59071296302,-4.952545465094));
#1791 = CARTESIAN_POINT('',(-3.634540667452,-4.958430455149));
#1792 = CARTESIAN_POINT('',(-3.658667310913,-4.961712708783));
#1793 = CARTESIAN_POINT('',(-3.68292235601,-4.965017534824));
#1794 = CARTESIAN_POINT('',(-3.707317779347,-4.968304287283));
#1795 = CARTESIAN_POINT('',(-3.761129105023,-4.975369625788));
#1796 = CARTESIAN_POINT('',(-3.790608901284,-4.979121316058));
#1797 = CARTESIAN_POINT('',(-3.820326110657,-4.982705281096));
#1798 = CARTESIAN_POINT('',(-3.85029991458,-4.986033371053));
#1799 = CARTESIAN_POINT('',(-3.920139784042,-4.99289803519));
#1800 = CARTESIAN_POINT('',(-3.960217512054,-4.996183247794));
#1801 = CARTESIAN_POINT('',(-4.000792510689,-4.998634877207));
#1802 = CARTESIAN_POINT('',(-4.041883053447,-5.));
#1803 = CARTESIAN_POINT('',(-4.08351405489,-5.));
#1804 = ( GEOMETRIC_REPRESENTATION_CONTEXT(2) 
PARAMETRIC_REPRESENTATION_CONTEXT() REPRESENTATION_CONTEXT('2D SPACE',''
  ) );
#1805 = ORIENTED_EDGE('',*,*,#1319,.F.);
#1806 = ORIENTED_EDGE('',*,*,#1807,.T.);
#1807 = EDGE_CURVE('',#1287,#1808,#1810,.T.);
#1808 = VERTEX_POINT('',#1809);
#1809 = CARTESIAN_POINT('',(137.4,67.026786250537,-8.));
#1810 = SURFACE_CURVE('',#1811,(#1816,#1823),.PCURVE_S1.);
#1811 = CIRCLE('',#1812,3.);
#1812 = AXIS2_PLACEMENT_3D('',#1813,#1814,#1815);
#1813 = CARTESIAN_POINT('',(137.,70.,-8.));
#1814 = DIRECTION('',(0.,0.,-1.));
#1815 = DIRECTION('',(1.,0.,0.));
#1816 = PCURVE('',#321,#1817);
#1817 = DEFINITIONAL_REPRESENTATION('',(#1818),#1822);
#1818 = LINE('',#1819,#1820);
#1819 = CARTESIAN_POINT('',(-6.28318530718,-1.));
#1820 = VECTOR('',#1821,1.);
#1821 = DIRECTION('',(1.,-0.));
#1822 = ( GEOMETRIC_REPRESENTATION_CONTEXT(2) 
PARAMETRIC_REPRESENTATION_CONTEXT() REPRESENTATION_CONTEXT('2D SPACE',''
  ) );
#1823 = PCURVE('',#1303,#1824);
#1824 = DEFINITIONAL_REPRESENTATION('',(#1825),#1833);
#1825 = ( BOUNDED_CURVE() B_SPLINE_CURVE(2,(#1826,#1827,#1828,#1829,
#1830,#1831,#1832),.UNSPECIFIED.,.T.,.F.) B_SPLINE_CURVE_WITH_KNOTS((1,2
    ,2,2,2,1),(-2.094395102393,0.,2.094395102393,4.188790204786,
6.28318530718,8.377580409573),.UNSPECIFIED.) CURVE() 
GEOMETRIC_REPRESENTATION_ITEM() RATIONAL_B_SPLINE_CURVE((1.,0.5,1.,0.5,
1.,0.5,1.)) REPRESENTATION_ITEM('') );
#1826 = CARTESIAN_POINT('',(2.6,4.));
#1827 = CARTESIAN_POINT('',(2.6,-1.196152422707));
#1828 = CARTESIAN_POINT('',(-1.9,1.401923788647));
#1829 = CARTESIAN_POINT('',(-6.4,4.));
#1830 = CARTESIAN_POINT('',(-1.9,6.598076211353));
#1831 = CARTESIAN_POINT('',(2.6,9.196152422707));
#1832 = CARTESIAN_POINT('',(2.6,4.));
#1833 = ( GEOMETRIC_REPRESENTATION_CONTEXT(2) 
PARAMETRIC_REPRESENTATION_CONTEXT() REPRESENTATION_CONTEXT('2D SPACE',''
  ) );
#1834 = ORIENTED_EDGE('',*,*,#1835,.F.);
#1835 = EDGE_CURVE('',#740,#1808,#1836,.T.);
#1836 = SURFACE_CURVE('',#1837,(#1841,#1847),.PCURVE_S1.);
#1837 = LINE('',#1838,#1839);
#1838 = CARTESIAN_POINT('',(137.4,67.026786250536,-9.));
#1839 = VECTOR('',#1840,1.);
#1840 = DIRECTION('',(-0.,-0.,-1.));
#1841 = PCURVE('',#321,#1842);
#1842 = DEFINITIONAL_REPRESENTATION('',(#1843),#1846);
#1843 = B_SPLINE_CURVE_WITH_KNOTS('',1,(#1844,#1845),.UNSPECIFIED.,.F.,
  .F.,(2,2),(-18.6,5.999999999062E-07),.PIECEWISE_BEZIER_KNOTS.);
#1844 = CARTESIAN_POINT('',(-4.846120569795,-18.6));
#1845 = CARTESIAN_POINT('',(-4.846120569795,5.999999999062E-07));
#1846 = ( GEOMETRIC_REPRESENTATION_CONTEXT(2) 
PARAMETRIC_REPRESENTATION_CONTEXT() REPRESENTATION_CONTEXT('2D SPACE',''
  ) );
#1847 = PCURVE('',#755,#1848);
#1848 = DEFINITIONAL_REPRESENTATION('',(#1849),#1852);
#1849 = B_SPLINE_CURVE_WITH_KNOTS('',1,(#1850,#1851),.UNSPECIFIED.,.F.,
  .F.,(2,2),(-18.6,5.999999999062E-07),.PIECEWISE_BEZIER_KNOTS.);
#1850 = CARTESIAN_POINT('',(17.6,-1.026786250536));
#1851 = CARTESIAN_POINT('',(-1.0000006,-1.026786250536));
#1852 = ( GEOMETRIC_REPRESENTATION_CONTEXT(2) 
PARAMETRIC_REPRESENTATION_CONTEXT() REPRESENTATION_CONTEXT('2D SPACE',''
  ) );
#1853 = ORIENTED_EDGE('',*,*,#767,.T.);
#1854 = ORIENTED_EDGE('',*,*,#1855,.T.);
#1855 = EDGE_CURVE('',#768,#1285,#1856,.T.);
#1856 = SURFACE_CURVE('',#1857,(#1861,#1867),.PCURVE_S1.);
#1857 = LINE('',#1858,#1859);
#1858 = CARTESIAN_POINT('',(137.4,72.973213749464,-9.));
#1859 = VECTOR('',#1860,1.);
#1860 = DIRECTION('',(-0.,-0.,-1.));
#1861 = PCURVE('',#321,#1862);
#1862 = DEFINITIONAL_REPRESENTATION('',(#1863),#1866);
#1863 = B_SPLINE_CURVE_WITH_KNOTS('',1,(#1864,#1865),.UNSPECIFIED.,.F.,
  .F.,(2,2),(-18.6,5.999999999062E-07),.PIECEWISE_BEZIER_KNOTS.);
#1864 = CARTESIAN_POINT('',(-1.437064737385,-18.6));
#1865 = CARTESIAN_POINT('',(-1.437064737385,5.999999999062E-07));
#1866 = ( GEOMETRIC_REPRESENTATION_CONTEXT(2) 
PARAMETRIC_REPRESENTATION_CONTEXT() REPRESENTATION_CONTEXT('2D SPACE',''
  ) );
#1867 = PCURVE('',#811,#1868);
#1868 = DEFINITIONAL_REPRESENTATION('',(#1869),#1872);
#1869 = B_SPLINE_CURVE_WITH_KNOTS('',1,(#1870,#1871),.UNSPECIFIED.,.F.,
  .F.,(2,2),(-18.6,5.999999999062E-07),.PIECEWISE_BEZIER_KNOTS.);
#1870 = CARTESIAN_POINT('',(17.6,-6.973213749464));
#1871 = CARTESIAN_POINT('',(-1.0000006,-6.973213749464));
#1872 = ( GEOMETRIC_REPRESENTATION_CONTEXT(2) 
PARAMETRIC_REPRESENTATION_CONTEXT() REPRESENTATION_CONTEXT('2D SPACE',''
  ) );
#1873 = ADVANCED_FACE('',(#1874),#356,.F.);
#1874 = FACE_BOUND('',#1875,.T.);
#1875 = EDGE_LOOP('',(#1876,#1877,#1898,#1899));
#1876 = ORIENTED_EDGE('',*,*,#651,.T.);
#1877 = ORIENTED_EDGE('',*,*,#1878,.T.);
#1878 = EDGE_CURVE('',#652,#336,#1879,.T.);
#1879 = SEAM_CURVE('',#1880,(#1884,#1891),.PCURVE_S1.);
#1880 = LINE('',#1881,#1882);
#1881 = CARTESIAN_POINT('',(158.7,66.,7.));
#1882 = VECTOR('',#1883,1.);
#1883 = DIRECTION('',(0.,0.,1.));
#1884 = PCURVE('',#356,#1885);
#1885 = DEFINITIONAL_REPRESENTATION('',(#1886),#1890);
#1886 = LINE('',#1887,#1888);
#1887 = CARTESIAN_POINT('',(-6.28318530718,0.));
#1888 = VECTOR('',#1889,1.);
#1889 = DIRECTION('',(-0.,-1.));
#1890 = ( GEOMETRIC_REPRESENTATION_CONTEXT(2) 
PARAMETRIC_REPRESENTATION_CONTEXT() REPRESENTATION_CONTEXT('2D SPACE',''
  ) );
#1891 = PCURVE('',#356,#1892);
#1892 = DEFINITIONAL_REPRESENTATION('',(#1893),#1897);
#1893 = LINE('',#1894,#1895);
#1894 = CARTESIAN_POINT('',(-0.,0.));
#1895 = VECTOR('',#1896,1.);
#1896 = DIRECTION('',(-0.,-1.));
#1897 = ( GEOMETRIC_REPRESENTATION_CONTEXT(2) 
PARAMETRIC_REPRESENTATION_CONTEXT() REPRESENTATION_CONTEXT('2D SPACE',''
  ) );
#1898 = ORIENTED_EDGE('',*,*,#335,.F.);
#1899 = ORIENTED_EDGE('',*,*,#1878,.F.);
#1900 = ADVANCED_FACE('',(#1901,#2001),#391,.F.);
#1901 = FACE_BOUND('',#1902,.T.);
#1902 = EDGE_LOOP('',(#1903,#1904,#1925,#1926,#1927,#1928,#1949,#1982));
#1903 = ORIENTED_EDGE('',*,*,#1107,.T.);
#1904 = ORIENTED_EDGE('',*,*,#1905,.T.);
#1905 = EDGE_CURVE('',#1108,#371,#1906,.T.);
#1906 = SEAM_CURVE('',#1907,(#1911,#1918),.PCURVE_S1.);
#1907 = LINE('',#1908,#1909);
#1908 = CARTESIAN_POINT('',(156.,70.,-9.));
#1909 = VECTOR('',#1910,1.);
#1910 = DIRECTION('',(0.,0.,1.));
#1911 = PCURVE('',#391,#1912);
#1912 = DEFINITIONAL_REPRESENTATION('',(#1913),#1917);
#1913 = LINE('',#1914,#1915);
#1914 = CARTESIAN_POINT('',(-6.28318530718,0.));
#1915 = VECTOR('',#1916,1.);
#1916 = DIRECTION('',(-0.,-1.));
#1917 = ( GEOMETRIC_REPRESENTATION_CONTEXT(2) 
PARAMETRIC_REPRESENTATION_CONTEXT() REPRESENTATION_CONTEXT('2D SPACE',''
  ) );
#1918 = PCURVE('',#391,#1919);
#1919 = DEFINITIONAL_REPRESENTATION('',(#1920),#1924);
#1920 = LINE('',#1921,#1922);
#1921 = CARTESIAN_POINT('',(-0.,0.));
#1922 = VECTOR('',#1923,1.);
#1923 = DIRECTION('',(-0.,-1.));
#1924 = ( GEOMETRIC_REPRESENTATION_CONTEXT(2) 
PARAMETRIC_REPRESENTATION_CONTEXT() REPRESENTATION_CONTEXT('2D SPACE',''
  ) );
#1925 = ORIENTED_EDGE('',*,*,#370,.F.);
#1926 = ORIENTED_EDGE('',*,*,#1905,.F.);
#1927 = ORIENTED_EDGE('',*,*,#1135,.T.);
#1928 = ORIENTED_EDGE('',*,*,#1929,.T.);
#1929 = EDGE_CURVE('',#1136,#1930,#1932,.T.);
#1930 = VERTEX_POINT('',#1931);
#1931 = CARTESIAN_POINT('',(152.6,67.026786250536,-8.));
#1932 = SURFACE_CURVE('',#1933,(#1937,#1943),.PCURVE_S1.);
#1933 = LINE('',#1934,#1935);
#1934 = CARTESIAN_POINT('',(152.6,67.026786250536,-9.));
#1935 = VECTOR('',#1936,1.);
#1936 = DIRECTION('',(-0.,-0.,-1.));
#1937 = PCURVE('',#391,#1938);
#1938 = DEFINITIONAL_REPRESENTATION('',(#1939),#1942);
#1939 = B_SPLINE_CURVE_WITH_KNOTS('',1,(#1940,#1941),.UNSPECIFIED.,.F.,
  .F.,(2,2),(-18.6,5.999999999062E-07),.PIECEWISE_BEZIER_KNOTS.);
#1940 = CARTESIAN_POINT('',(-4.578657390975,-18.6));
#1941 = CARTESIAN_POINT('',(-4.578657390975,5.999999999062E-07));
#1942 = ( GEOMETRIC_REPRESENTATION_CONTEXT(2) 
PARAMETRIC_REPRESENTATION_CONTEXT() REPRESENTATION_CONTEXT('2D SPACE',''
  ) );
#1943 = PCURVE('',#1179,#1944);
#1944 = DEFINITIONAL_REPRESENTATION('',(#1945),#1948);
#1945 = B_SPLINE_CURVE_WITH_KNOTS('',1,(#1946,#1947),.UNSPECIFIED.,.F.,
  .F.,(2,2),(-18.6,5.999999999062E-07),.PIECEWISE_BEZIER_KNOTS.);
#1946 = CARTESIAN_POINT('',(17.6,-1.026786250536));
#1947 = CARTESIAN_POINT('',(-1.0000006,-1.026786250536));
#1948 = ( GEOMETRIC_REPRESENTATION_CONTEXT(2) 
PARAMETRIC_REPRESENTATION_CONTEXT() REPRESENTATION_CONTEXT('2D SPACE',''
  ) );
#1949 = ORIENTED_EDGE('',*,*,#1950,.T.);
#1950 = EDGE_CURVE('',#1930,#1951,#1953,.T.);
#1951 = VERTEX_POINT('',#1952);
#1952 = CARTESIAN_POINT('',(152.6,72.973213749464,-8.));
#1953 = SURFACE_CURVE('',#1954,(#1959,#1966),.PCURVE_S1.);
#1954 = CIRCLE('',#1955,3.);
#1955 = AXIS2_PLACEMENT_3D('',#1956,#1957,#1958);
#1956 = CARTESIAN_POINT('',(153.,70.,-8.));
#1957 = DIRECTION('',(0.,0.,-1.));
#1958 = DIRECTION('',(1.,0.,0.));
#1959 = PCURVE('',#391,#1960);
#1960 = DEFINITIONAL_REPRESENTATION('',(#1961),#1965);
#1961 = LINE('',#1962,#1963);
#1962 = CARTESIAN_POINT('',(-6.28318530718,-1.));
#1963 = VECTOR('',#1964,1.);
#1964 = DIRECTION('',(1.,-0.));
#1965 = ( GEOMETRIC_REPRESENTATION_CONTEXT(2) 
PARAMETRIC_REPRESENTATION_CONTEXT() REPRESENTATION_CONTEXT('2D SPACE',''
  ) );
#1966 = PCURVE('',#1967,#1972);
#1967 = PLANE('',#1968);
#1968 = AXIS2_PLACEMENT_3D('',#1969,#1970,#1971);
#1969 = CARTESIAN_POINT('',(146.6,66.,-8.));
#1970 = DIRECTION('',(0.,0.,1.));
#1971 = DIRECTION('',(1.,0.,0.));
#1972 = DEFINITIONAL_REPRESENTATION('',(#1973),#1981);
#1973 = ( BOUNDED_CURVE() B_SPLINE_CURVE(2,(#1974,#1975,#1976,#1977,
#1978,#1979,#1980),.UNSPECIFIED.,.T.,.F.) B_SPLINE_CURVE_WITH_KNOTS((1,2
    ,2,2,2,1),(-2.094395102393,0.,2.094395102393,4.188790204786,
6.28318530718,8.377580409573),.UNSPECIFIED.) CURVE() 
GEOMETRIC_REPRESENTATION_ITEM() RATIONAL_B_SPLINE_CURVE((1.,0.5,1.,0.5,
1.,0.5,1.)) REPRESENTATION_ITEM('') );
#1974 = CARTESIAN_POINT('',(9.4,4.));
#1975 = CARTESIAN_POINT('',(9.4,-1.196152422707));
#1976 = CARTESIAN_POINT('',(4.9,1.401923788647));
#1977 = CARTESIAN_POINT('',(0.4,4.));
#1978 = CARTESIAN_POINT('',(4.9,6.598076211353));
#1979 = CARTESIAN_POINT('',(9.4,9.196152422707));
#1980 = CARTESIAN_POINT('',(9.4,4.));
#1981 = ( GEOMETRIC_REPRESENTATION_CONTEXT(2) 
PARAMETRIC_REPRESENTATION_CONTEXT() REPRESENTATION_CONTEXT('2D SPACE',''
  ) );
#1982 = ORIENTED_EDGE('',*,*,#1983,.F.);
#1983 = EDGE_CURVE('',#1080,#1951,#1984,.T.);
#1984 = SURFACE_CURVE('',#1985,(#1989,#1995),.PCURVE_S1.);
#1985 = LINE('',#1986,#1987);
#1986 = CARTESIAN_POINT('',(152.6,72.973213749464,-9.));
#1987 = VECTOR('',#1988,1.);
#1988 = DIRECTION('',(-0.,-0.,-1.));
#1989 = PCURVE('',#391,#1990);
#1990 = DEFINITIONAL_REPRESENTATION('',(#1991),#1994);
#1991 = B_SPLINE_CURVE_WITH_KNOTS('',1,(#1992,#1993),.UNSPECIFIED.,.F.,
  .F.,(2,2),(-18.6,5.999999999062E-07),.PIECEWISE_BEZIER_KNOTS.);
#1992 = CARTESIAN_POINT('',(-1.704527916205,-18.6));
#1993 = CARTESIAN_POINT('',(-1.704527916205,5.999999999062E-07));
#1994 = ( GEOMETRIC_REPRESENTATION_CONTEXT(2) 
PARAMETRIC_REPRESENTATION_CONTEXT() REPRESENTATION_CONTEXT('2D SPACE',''
  ) );
#1995 = PCURVE('',#1095,#1996);
#1996 = DEFINITIONAL_REPRESENTATION('',(#1997),#2000);
#1997 = B_SPLINE_CURVE_WITH_KNOTS('',1,(#1998,#1999),.UNSPECIFIED.,.F.,
  .F.,(2,2),(-18.6,5.999999999062E-07),.PIECEWISE_BEZIER_KNOTS.);
#1998 = CARTESIAN_POINT('',(17.6,-6.973213749464));
#1999 = CARTESIAN_POINT('',(-1.0000006,-6.973213749464));
#2000 = ( GEOMETRIC_REPRESENTATION_CONTEXT(2) 
PARAMETRIC_REPRESENTATION_CONTEXT() REPRESENTATION_CONTEXT('2D SPACE',''
  ) );
#2001 = FACE_BOUND('',#2002,.T.);
#2002 = EDGE_LOOP('',(#2003));
#2003 = ORIENTED_EDGE('',*,*,#2004,.F.);
#2004 = EDGE_CURVE('',#2005,#2005,#2007,.T.);
#2005 = VERTEX_POINT('',#2006);
#2006 = CARTESIAN_POINT('',(151.69233031693,72.7,0.));
#2007 = SURFACE_CURVE('',#2008,(#2161,#2317),.PCURVE_S1.);
#2008 = B_SPLINE_CURVE_WITH_KNOTS('',7,(#2009,#2010,#2011,#2012,#2013,
    #2014,#2015,#2016,#2017,#2018,#2019,#2020,#2021,#2022,#2023,#2024,
    #2025,#2026,#2027,#2028,#2029,#2030,#2031,#2032,#2033,#2034,#2035,
    #2036,#2037,#2038,#2039,#2040,#2041,#2042,#2043,#2044,#2045,#2046,
    #2047,#2048,#2049,#2050,#2051,#2052,#2053,#2054,#2055,#2056,#2057,
    #2058,#2059,#2060,#2061,#2062,#2063,#2064,#2065,#2066,#2067,#2068,
    #2069,#2070,#2071,#2072,#2073,#2074,#2075,#2076,#2077,#2078,#2079,
    #2080,#2081,#2082,#2083,#2084,#2085,#2086,#2087,#2088,#2089,#2090,
    #2091,#2092,#2093,#2094,#2095,#2096,#2097,#2098,#2099,#2100,#2101,
    #2102,#2103,#2104,#2105,#2106,#2107,#2108,#2109,#2110,#2111,#2112,
    #2113,#2114,#2115,#2116,#2117,#2118,#2119,#2120,#2121,#2122,#2123,
    #2124,#2125,#2126,#2127,#2128,#2129,#2130,#2131,#2132,#2133,#2134,
    #2135,#2136,#2137,#2138,#2139,#2140,#2141,#2142,#2143,#2144,#2145,
    #2146,#2147,#2148,#2149,#2150,#2151,#2152,#2153,#2154,#2155,#2156,
    #2157,#2158,#2159,#2160),.UNSPECIFIED.,.T.,.F.,(8,6,6,6,6,6,6,6,6,6,
    6,6,6,6,6,6,6,6,6,6,6,6,6,6,6,8),(0.,4.047834326215E-02,
    0.123066215875,0.196821686621,0.228533874041,0.253686754468,
    0.29768496346,0.335605878267,0.358351973038,0.386776430677,
    0.408672417107,0.42699273827,0.500579209482,0.55881643508,
    0.574227241261,0.592424427845,0.614582902332,0.643118989027,
    0.665779166977,0.705187654224,0.746079209953,0.772747119553,
    0.803801356591,0.878772476702,0.940329542255,1.),.UNSPECIFIED.);
#2009 = CARTESIAN_POINT('',(151.69233031693,72.7,-2.22044604925E-16));
#2010 = CARTESIAN_POINT('',(151.69233031693,72.7,6.080353928991E-02));
#2011 = CARTESIAN_POINT('',(151.68709185315,72.697462750084,
    0.121110499062));
#2012 = CARTESIAN_POINT('',(151.67676781492,72.69246307652,
    0.180770549024));
#2013 = CARTESIAN_POINT('',(151.66170454,72.685087972226,0.239593604885)
  );
#2014 = CARTESIAN_POINT('',(151.64244570129,72.675457135097,
    0.29731062358));
#2015 = CARTESIAN_POINT('',(151.61972836606,72.663769423948,
    0.353538901714));
#2016 = CARTESIAN_POINT('',(151.54293914572,72.623047092534,
    0.518362489077));
#2017 = CARTESIAN_POINT('',(151.47960815192,72.587964721025,0.6232166795
    ));
#2018 = CARTESIAN_POINT('',(151.40880383685,72.546118565979,
    0.722671219008));
#2019 = CARTESIAN_POINT('',(151.33385234137,72.498173706405,
    0.816796109156));
#2020 = CARTESIAN_POINT('',(151.25654679523,72.444633139306,
    0.905989120411));
#2021 = CARTESIAN_POINT('',(151.17744894911,72.385223528804,
    0.991090053436));
#2022 = CARTESIAN_POINT('',(151.02410606239,72.259336869415,
    1.145829995885));
#2023 = CARTESIAN_POINT('',(150.95090476436,72.194834866722,
    1.215486366306));
#2024 = CARTESIAN_POINT('',(150.87741839409,72.125027883008,
    1.281795964665));
#2025 = CARTESIAN_POINT('',(150.80411422632,72.049656063106,
    1.344563609462));
#2026 = CARTESIAN_POINT('',(150.73146613507,71.968413728312,
    1.403409738889));
#2027 = CARTESIAN_POINT('',(150.66002600372,71.881000100161,
    1.457751518374));
#2028 = CARTESIAN_POINT('',(150.5605362494,71.7468652388,1.527829496423)
  );
#2029 = CARTESIAN_POINT('',(150.53095351181,71.705334907263,
    1.547923511843));
#2030 = CARTESIAN_POINT('',(150.50176086921,71.662594247922,
    1.566969172789));
#2031 = CARTESIAN_POINT('',(150.47301929544,71.618634641313,
    1.584888474375));
#2032 = CARTESIAN_POINT('',(150.44479233238,71.573451220312,
    1.601596320623));
#2033 = CARTESIAN_POINT('',(150.4171457751,71.527043356856,
    1.617000229061));
#2034 = CARTESIAN_POINT('',(150.36873325615,71.441638296191,
    1.64210414014));
#2035 = CARTESIAN_POINT('',(150.34772433384,71.403089398873,
    1.652326125184));
#2036 = CARTESIAN_POINT('',(150.327166835,71.36379138942,1.661609475412)
  );
#2037 = CARTESIAN_POINT('',(150.30710493804,71.323769692347,
    1.669897933416));
#2038 = CARTESIAN_POINT('',(150.28758075483,71.283052223968,
    1.677135499433));
#2039 = CARTESIAN_POINT('',(150.26863433077,71.241669392399,
    1.683266431342));
#2040 = CARTESIAN_POINT('',(150.21823903255,71.126159623285,
    1.696926849098));
#2041 = CARTESIAN_POINT('',(150.18799729996,71.05059055364,1.70207890568
    ));
#2042 = CARTESIAN_POINT('',(150.159925952,70.973414162778,1.703333297387
    ));
#2043 = CARTESIAN_POINT('',(150.13428366175,70.895119744577,
    1.700422054121));
#2044 = CARTESIAN_POINT('',(150.11123932196,70.816213264603,
    1.693166799003));
#2045 = CARTESIAN_POINT('',(150.09087463288,70.737209722211,
    1.681480481701));
#2046 = CARTESIAN_POINT('',(150.05794849541,70.590891557873,
    1.651487398222));
#2047 = CARTESIAN_POINT('',(150.044739324,70.523655321005,1.634356009728
    ));
#2048 = CARTESIAN_POINT('',(150.03354653713,70.457250767731,
    1.614017460044));
#2049 = CARTESIAN_POINT('',(150.02430700245,70.392010520098,
    1.590567677361));
#2050 = CARTESIAN_POINT('',(150.01691717447,70.328257291912,1.5641610682
    ));
#2051 = CARTESIAN_POINT('',(150.01123963857,70.266297613962,
    1.535013294263));
#2052 = CARTESIAN_POINT('',(150.00463236785,70.170496518324,
    1.484443882175));
#2053 = CARTESIAN_POINT('',(150.00271040398,70.135302542735,
    1.464586277267));
#2054 = CARTESIAN_POINT('',(150.00130726684,70.100862191048,
    1.443871536695));
#2055 = CARTESIAN_POINT('',(150.00038588296,70.067202296372,
    1.422341796279));
#2056 = CARTESIAN_POINT('',(149.99990888356,70.034347813625,
    1.40004110832));
#2057 = CARTESIAN_POINT('',(149.99983888607,70.002321666785,
    1.377015524381));
#2058 = CARTESIAN_POINT('',(150.00051352991,69.932184443517,
    1.323693749097));
#2059 = CARTESIAN_POINT('',(150.00146600253,69.894548992549,
    1.293016583612));
#2060 = CARTESIAN_POINT('',(150.00292392256,69.858250253026,
    1.261353684019));
#2061 = CARTESIAN_POINT('',(150.00481850626,69.823297569389,
    1.22877523714));
#2062 = CARTESIAN_POINT('',(150.00708445704,69.789697620731,
    1.195349614224));
#2063 = CARTESIAN_POINT('',(150.00965996547,69.757454420796,
    1.161143370945));
#2064 = CARTESIAN_POINT('',(150.01466421238,69.702777842319,
    1.099319965658));
#2065 = CARTESIAN_POINT('',(150.01699120964,69.679788359531,
    1.071989371805));
#2066 = CARTESIAN_POINT('',(150.01944154676,69.657598553753,
    1.04425517771));
#2067 = CARTESIAN_POINT('',(150.02199051213,69.636205599297,
    1.016141560352));
#2068 = CARTESIAN_POINT('',(150.02461483683,69.61560616065,
    0.987671161814));
#2069 = CARTESIAN_POINT('',(150.02729269469,69.595796392475,
    0.958865089287));
#2070 = CARTESIAN_POINT('',(150.03227199592,69.560854223934,
    0.905376459308));
#2071 = CARTESIAN_POINT('',(150.03456346605,69.545486455225,
    0.880788883528));
#2072 = CARTESIAN_POINT('',(150.03686616681,69.530666221389,
    0.855991708134));
#2073 = CARTESIAN_POINT('',(150.03916879274,69.516391168577,
    0.830995984579));
#2074 = CARTESIAN_POINT('',(150.04146067875,69.502659001188,
    0.805812295357));
#2075 = CARTESIAN_POINT('',(150.04373180012,69.48946748187,
    0.780450754009));
#2076 = CARTESIAN_POINT('',(150.05497399281,69.425991451009,
    0.652376725738));
#2077 = CARTESIAN_POINT('',(150.06349148963,69.383838940315,
    0.547084292624));
#2078 = CARTESIAN_POINT('',(150.07091357579,69.350243628652,
    0.43969877468));
#2079 = CARTESIAN_POINT('',(150.07678406425,69.325111121043,
    0.330793868872));
#2080 = CARTESIAN_POINT('',(150.08080002982,69.30837401213,
    0.220886699516));
#2081 = CARTESIAN_POINT('',(150.08280957083,69.3,0.110462617586));
#2082 = CARTESIAN_POINT('',(150.08280957083,69.3,-8.742145498527E-02));
#2083 = CARTESIAN_POINT('',(150.08155101842,69.305244888971,
    -0.174829976963));
#2084 = CARTESIAN_POINT('',(150.07903462412,69.315731760739,
    -0.261982633878));
#2085 = CARTESIAN_POINT('',(150.07532037595,69.331472460641,
    -0.348634249144));
#2086 = CARTESIAN_POINT('',(150.07052781481,69.352491617661,
    -0.434530053857));
#2087 = CARTESIAN_POINT('',(150.06483630984,69.378824676553,
    -0.519398339011));
#2088 = CARTESIAN_POINT('',(150.05680473077,69.418902108383,
    -0.625050827026));
#2089 = CARTESIAN_POINT('',(150.05507787511,69.427663873222,
    -0.647066873122));
#2090 = CARTESIAN_POINT('',(150.05330917376,69.436802209533,
    -0.66898603157));
#2091 = CARTESIAN_POINT('',(150.05150333248,69.446318174793,
    -0.690802948119));
#2092 = CARTESIAN_POINT('',(150.04966535587,69.456212898913,
    -0.712512128681));
#2093 = CARTESIAN_POINT('',(150.04780054738,69.466487584241,
    -0.734107939336));
#2094 = CARTESIAN_POINT('',(150.04368746253,69.489726091182,
    -0.780944403341));
#2095 = CARTESIAN_POINT('',(150.04143083034,69.50284019601,
    -0.806137998561));
#2096 = CARTESIAN_POINT('',(150.03915382423,69.516487957951,
    -0.831155928144));
#2097 = CARTESIAN_POINT('',(150.03686627951,69.530671571613,
    -0.855988271288));
#2098 = CARTESIAN_POINT('',(150.03457865541,69.545393288298,
    -0.880624650231));
#2099 = CARTESIAN_POINT('',(150.03230203497,69.560655416,-0.905054230255
    ));
#2100 = CARTESIAN_POINT('',(150.02730356881,69.595705742173,
    -0.958747731552));
#2101 = CARTESIAN_POINT('',(150.02459273196,69.615755706601,
    -0.987906112629));
#2102 = CARTESIAN_POINT('',(150.02193673883,69.636614740249,
    -1.0167205839));
#2103 = CARTESIAN_POINT('',(150.01935822849,69.658286831229,
    -1.045169252792));
#2104 = CARTESIAN_POINT('',(150.01688135475,69.680775428212,
    -1.073228613175));
#2105 = CARTESIAN_POINT('',(150.01453178625,69.704083440424,
    -1.10087354536));
#2106 = CARTESIAN_POINT('',(150.00950984265,69.759288029645,
    -1.16311082714));
#2107 = CARTESIAN_POINT('',(150.00693848029,69.791732502446,
    -1.197420499904));
#2108 = CARTESIAN_POINT('',(150.00468182103,69.825545080609,
    -1.230940487586));
#2109 = CARTESIAN_POINT('',(150.00280259267,69.860721451682,
    -1.263603137802));
#2110 = CARTESIAN_POINT('',(150.00136704916,69.89725456621,
    -1.295338992594));
#2111 = CARTESIAN_POINT('',(150.00044497056,69.93513463773,
    -1.326076788433));
#2112 = CARTESIAN_POINT('',(149.99984339927,70.005488929816,
    -1.379301415597));
#2113 = CARTESIAN_POINT('',(149.99994693375,70.03747118689,
    -1.402184593758));
#2114 = CARTESIAN_POINT('',(150.0004573773,70.070274756014,
    -1.424345207943));
#2115 = CARTESIAN_POINT('',(150.00141164979,70.103876541362,
    -1.445737476688));
#2116 = CARTESIAN_POINT('',(150.00284648023,70.138251509264,
    -1.466317619822));
#2117 = CARTESIAN_POINT('',(150.00479840669,70.173372688207,
    -1.486043858464));
#2118 = CARTESIAN_POINT('',(150.01166088381,70.271538142179,
    -1.537628256911));
#2119 = CARTESIAN_POINT('',(150.01769639239,70.336109204723,
    -1.56771596167));
#2120 = CARTESIAN_POINT('',(150.02559519999,70.402600259297,
    -1.594822987181));
#2121 = CARTESIAN_POINT('',(150.03550932755,70.470660887712,
    -1.618709045949));
#2122 = CARTESIAN_POINT('',(150.0475500062,70.539922040218,
    -1.639206698578));
#2123 = CARTESIAN_POINT('',(150.0617797643,70.610003724957,
    -1.65621794725));
#2124 = CARTESIAN_POINT('',(150.09524738129,70.75369552626,
    -1.683711491809));
#2125 = CARTESIAN_POINT('',(150.11460650141,70.827136781841,
    -1.693885228347));
#2126 = CARTESIAN_POINT('',(150.13627100119,70.900431833205,
    -1.700238752142));
#2127 = CARTESIAN_POINT('',(150.1601674557,70.973167843755,
    -1.702848792528));
#2128 = CARTESIAN_POINT('',(150.18615802681,71.044938684975,
    -1.701860900875));
#2129 = CARTESIAN_POINT('',(150.21403860128,71.115349850159,
    -1.697488256626));
#2130 = CARTESIAN_POINT('',(150.2627746102,71.228809611566,
    -1.685133748905));
#2131 = CARTESIAN_POINT('',(150.28271746863,71.272896112634,
    -1.678932208744));
#2132 = CARTESIAN_POINT('',(150.30332058695,71.316242214759,
    -1.671471906842));
#2133 = CARTESIAN_POINT('',(150.32453632408,71.358810435843,
    -1.662819340591));
#2134 = CARTESIAN_POINT('',(150.34631431485,71.400566468266,
    -1.65304145078));
#2135 = CARTESIAN_POINT('',(150.36860147001,71.441479178887,
    -1.642205621601));
#2136 = CARTESIAN_POINT('',(150.41782283209,71.528148038122,
    -1.616608613505));
#2137 = CARTESIAN_POINT('',(150.44492405964,71.573603521596,
    -1.601492234352));
#2138 = CARTESIAN_POINT('',(150.47258193583,71.617883252325,
    -1.585124629323));
#2139 = CARTESIAN_POINT('',(150.50073452291,71.660987778286,
    -1.567592815818));
#2140 = CARTESIAN_POINT('',(150.52932195444,71.702921562503,
    -1.548977010253));
#2141 = CARTESIAN_POINT('',(150.55828672141,71.743692542973,
    -1.529350895816));
#2142 = CARTESIAN_POINT('',(150.65827918744,71.878960219418,
    -1.459124209457));
#2143 = CARTESIAN_POINT('',(150.73092908835,71.967983641053,
    -1.403924627126));
#2144 = CARTESIAN_POINT('',(150.80483105164,72.050614163027,
    -1.344063375896));
#2145 = CARTESIAN_POINT('',(150.87940643546,72.127172633661,
    -1.280153176205));
#2146 = CARTESIAN_POINT('',(150.95416088974,72.197983507679,
    -1.212588781801));
#2147 = CARTESIAN_POINT('',(151.02860552614,72.263319798369,
    -1.14156813115));
#2148 = CARTESIAN_POINT('',(151.1624973158,72.372690443872,
    -1.005928801666));
#2149 = CARTESIAN_POINT('',(151.22201308277,72.418255414716,
    -0.942672212141));
#2150 = CARTESIAN_POINT('',(151.28055934637,72.46040413845,
    -0.877126658327));
#2151 = CARTESIAN_POINT('',(151.33786129698,72.499272702747,
    -0.809052242567));
#2152 = CARTESIAN_POINT('',(151.39334859185,72.534796169475,
    -0.738269787738));
#2153 = CARTESIAN_POINT('',(151.44605719382,72.566791579627,
    -0.664683108739));
#2154 = CARTESIAN_POINT('',(151.54177487874,72.622316950995,
    -0.514126891403));
#2155 = CARTESIAN_POINT('',(151.58630702708,72.64681617177,
    -0.435324550769));
#2156 = CARTESIAN_POINT('',(151.62572662011,72.667337218455,
    -0.353000058341));
#2157 = CARTESIAN_POINT('',(151.65775276007,72.683252840563,
    -0.26802248282));
#2158 = CARTESIAN_POINT('',(151.68045280997,72.694247568468,
    -0.180850561426));
#2159 = CARTESIAN_POINT('',(151.69233031693,72.7,-9.155486108666E-02));
#2160 = CARTESIAN_POINT('',(151.69233031693,72.7,-2.22044604925E-16));
#2161 = PCURVE('',#391,#2162);
#2162 = DEFINITIONAL_REPRESENTATION('',(#2163),#2316);
#2163 = B_SPLINE_CURVE_WITH_KNOTS('',7,(#2164,#2165,#2166,#2167,#2168,
    #2169,#2170,#2171,#2172,#2173,#2174,#2175,#2176,#2177,#2178,#2179,
    #2180,#2181,#2182,#2183,#2184,#2185,#2186,#2187,#2188,#2189,#2190,
    #2191,#2192,#2193,#2194,#2195,#2196,#2197,#2198,#2199,#2200,#2201,
    #2202,#2203,#2204,#2205,#2206,#2207,#2208,#2209,#2210,#2211,#2212,
    #2213,#2214,#2215,#2216,#2217,#2218,#2219,#2220,#2221,#2222,#2223,
    #2224,#2225,#2226,#2227,#2228,#2229,#2230,#2231,#2232,#2233,#2234,
    #2235,#2236,#2237,#2238,#2239,#2240,#2241,#2242,#2243,#2244,#2245,
    #2246,#2247,#2248,#2249,#2250,#2251,#2252,#2253,#2254,#2255,#2256,
    #2257,#2258,#2259,#2260,#2261,#2262,#2263,#2264,#2265,#2266,#2267,
    #2268,#2269,#2270,#2271,#2272,#2273,#2274,#2275,#2276,#2277,#2278,
    #2279,#2280,#2281,#2282,#2283,#2284,#2285,#2286,#2287,#2288,#2289,
    #2290,#2291,#2292,#2293,#2294,#2295,#2296,#2297,#2298,#2299,#2300,
    #2301,#2302,#2303,#2304,#2305,#2306,#2307,#2308,#2309,#2310,#2311,
    #2312,#2313,#2314,#2315),.UNSPECIFIED.,.T.,.F.,(8,6,6,6,6,6,6,6,6,6,
    6,6,6,6,6,6,6,6,6,6,6,6,6,6,6,8),(0.,4.047834326215E-02,
    0.123066215875,0.196821686621,0.228533874041,0.253686754468,
    0.29768496346,0.335605878267,0.358351973038,0.386776430677,
    0.408672417107,0.42699273827,0.500579209482,0.55881643508,
    0.574227241261,0.592424427845,0.614582902332,0.643118989027,
    0.665779166977,0.705187654224,0.746079209953,0.772747119553,
    0.803801356591,0.878772476702,0.940329542255,1.),.UNSPECIFIED.);
#2164 = CARTESIAN_POINT('',(-2.021823138591,-9.));
#2165 = CARTESIAN_POINT('',(-2.021823138591,-9.06080353929));
#2166 = CARTESIAN_POINT('',(-2.023763306305,-9.121110499062));
#2167 = CARTESIAN_POINT('',(-2.027587040947,-9.180770549024));
#2168 = CARTESIAN_POINT('',(-2.033177485195,-9.239593604885));
#2169 = CARTESIAN_POINT('',(-2.040354505566,-9.29731062358));
#2170 = CARTESIAN_POINT('',(-2.048869685589,-9.353538901714));
#2171 = CARTESIAN_POINT('',(-2.077842647383,-9.518362489077));
#2172 = CARTESIAN_POINT('',(-2.101971621743,-9.6232166795));
#2173 = CARTESIAN_POINT('',(-2.129369280002,-9.722671219008));
#2174 = CARTESIAN_POINT('',(-2.158991958671,-9.816796109156));
#2175 = CARTESIAN_POINT('',(-2.190302947658,-9.905989120411));
#2176 = CARTESIAN_POINT('',(-2.223246794721,-9.991090053436));
#2177 = CARTESIAN_POINT('',(-2.289379230804,-10.14582999588));
#2178 = CARTESIAN_POINT('',(-2.321881029304,-10.2154863663));
#2179 = CARTESIAN_POINT('',(-2.355628139622,-10.28179596466));
#2180 = CARTESIAN_POINT('',(-2.390622745286,-10.34456360946));
#2181 = CARTESIAN_POINT('',(-2.426896395506,-10.40340973888));
#2182 = CARTESIAN_POINT('',(-2.464485790779,-10.45775151837));
#2183 = CARTESIAN_POINT('',(-2.520153826937,-10.52782949642));
#2184 = CARTESIAN_POINT('',(-2.537147112477,-10.54792351184));
#2185 = CARTESIAN_POINT('',(-2.554394626657,-10.56696917278));
#2186 = CARTESIAN_POINT('',(-2.571895287011,-10.58488847437));
#2187 = CARTESIAN_POINT('',(-2.589647602719,-10.60159632062));
#2188 = CARTESIAN_POINT('',(-2.60764964769,-10.61700022906));
#2189 = CARTESIAN_POINT('',(-2.640373740713,-10.64210414014));
#2190 = CARTESIAN_POINT('',(-2.655005690415,-10.65232612518));
#2191 = CARTESIAN_POINT('',(-2.669785666277,-10.66160947541));
#2192 = CARTESIAN_POINT('',(-2.684704454842,-10.66989793341));
#2193 = CARTESIAN_POINT('',(-2.699752845677,-10.67713549943));
#2194 = CARTESIAN_POINT('',(-2.71492163138,-10.68326643134));
#2195 = CARTESIAN_POINT('',(-2.756929822173,-10.69692684909));
#2196 = CARTESIAN_POINT('',(-2.784048898445,-10.70207890568));
#2197 = CARTESIAN_POINT('',(-2.811400895351,-10.70333329738));
#2198 = CARTESIAN_POINT('',(-2.838837247721,-10.70042205412));
#2199 = CARTESIAN_POINT('',(-2.866215702371,-10.693166799));
#2200 = CARTESIAN_POINT('',(-2.893398043878,-10.6814804817));
#2201 = CARTESIAN_POINT('',(-2.943390416344,-10.65148739822));
#2202 = CARTESIAN_POINT('',(-2.966222299017,-10.63435600972));
#2203 = CARTESIAN_POINT('',(-2.98865658496,-10.61401746004));
#2204 = CARTESIAN_POINT('',(-3.010607237564,-10.59056767736));
#2205 = CARTESIAN_POINT('',(-3.031990403632,-10.5641610682));
#2206 = CARTESIAN_POINT('',(-3.052724960331,-10.53501329426));
#2207 = CARTESIAN_POINT('',(-3.084734517848,-10.48444388217));
#2208 = CARTESIAN_POINT('',(-3.096482120409,-10.46458627726));
#2209 = CARTESIAN_POINT('',(-3.107970037348,-10.44387153669));
#2210 = CARTESIAN_POINT('',(-3.119192477243,-10.42234179627));
#2211 = CARTESIAN_POINT('',(-3.130143767513,-10.40004110832));
#2212 = CARTESIAN_POINT('',(-3.140818432219,-10.37701552438));
#2213 = CARTESIAN_POINT('',(-3.164198588173,-10.32369374909));
#2214 = CARTESIAN_POINT('',(-3.176746295583,-10.29301658361));
#2215 = CARTESIAN_POINT('',(-3.188853533894,-10.26135368401));
#2216 = CARTESIAN_POINT('',(-3.200519509101,-10.22877523714));
#2217 = CARTESIAN_POINT('',(-3.211743491385,-10.19534961422));
#2218 = CARTESIAN_POINT('',(-3.222524815117,-10.16114337094));
#2219 = CARTESIAN_POINT('',(-3.240826517288,-10.09931996565));
#2220 = CARTESIAN_POINT('',(-3.248528498277,-10.0719893718));
#2221 = CARTESIAN_POINT('',(-3.255969574832,-10.04425517771));
#2222 = CARTESIAN_POINT('',(-3.263150527902,-10.01614156035));
#2223 = CARTESIAN_POINT('',(-3.270072166371,-9.987671161814));
#2224 = CARTESIAN_POINT('',(-3.276735327061,-9.958865089287));
#2225 = CARTESIAN_POINT('',(-3.28850038164,-9.905376459308));
#2226 = CARTESIAN_POINT('',(-3.293679502125,-9.880788883528));
#2227 = CARTESIAN_POINT('',(-3.298678707377,-9.855991708134));
#2228 = CARTESIAN_POINT('',(-3.303498421883,-9.830995984579));
#2229 = CARTESIAN_POINT('',(-3.308139023429,-9.805812295357));
#2230 = CARTESIAN_POINT('',(-3.312600843102,-9.780450754009));
#2231 = CARTESIAN_POINT('',(-3.33408880715,-9.652376725738));
#2232 = CARTESIAN_POINT('',(-3.348419859443,-9.547084292624));
#2233 = CARTESIAN_POINT('',(-3.359885733484,-9.43969877468));
#2234 = CARTESIAN_POINT('',(-3.36848858355,-9.330793868872));
#2235 = CARTESIAN_POINT('',(-3.374226697988,-9.220886699516));
#2236 = CARTESIAN_POINT('',(-3.377096890311,-9.110462617586));
#2237 = CARTESIAN_POINT('',(-3.377096890311,-8.912578545015));
#2238 = CARTESIAN_POINT('',(-3.3752990612,-8.825170023037));
#2239 = CARTESIAN_POINT('',(-3.371704030806,-8.738017366122));
#2240 = CARTESIAN_POINT('',(-3.366313076849,-8.651365750856));
#2241 = CARTESIAN_POINT('',(-3.359127511743,-8.565469946143));
#2242 = CARTESIAN_POINT('',(-3.350148067411,-8.480601660989));
#2243 = CARTESIAN_POINT('',(-3.336523307253,-8.374949172974));
#2244 = CARTESIAN_POINT('',(-3.333546548303,-8.352933126878));
#2245 = CARTESIAN_POINT('',(-3.330443936535,-8.33101396843));
#2246 = CARTESIAN_POINT('',(-3.327215380695,-8.309197051881));
#2247 = CARTESIAN_POINT('',(-3.323860764977,-8.287487871319));
#2248 = CARTESIAN_POINT('',(-3.320379949027,-8.265892060664));
#2249 = CARTESIAN_POINT('',(-3.312513383549,-8.219055596659));
#2250 = CARTESIAN_POINT('',(-3.308077813345,-8.193862001439));
#2251 = CARTESIAN_POINT('',(-3.303465777769,-8.168844071856));
#2252 = CARTESIAN_POINT('',(-3.298676951765,-8.144011728712));
#2253 = CARTESIAN_POINT('',(-3.293710964789,-8.119375349769));
#2254 = CARTESIAN_POINT('',(-3.288567400802,-8.094945769745));
#2255 = CARTESIAN_POINT('',(-3.276765752947,-8.041252268448));
#2256 = CARTESIAN_POINT('',(-3.270021780697,-8.012093887371));
#2257 = CARTESIAN_POINT('',(-3.263012983034,-7.9832794161));
#2258 = CARTESIAN_POINT('',(-3.255738491777,-7.954830747208));
#2259 = CARTESIAN_POINT('',(-3.248197469043,-7.926771386825));
#2260 = CARTESIAN_POINT('',(-3.240389107254,-7.89912645464));
#2261 = CARTESIAN_POINT('',(-3.221911593627,-7.83688917286));
#2262 = CARTESIAN_POINT('',(-3.211063511467,-7.802579500096));
#2263 = CARTESIAN_POINT('',(-3.199769046061,-7.769059512414));
#2264 = CARTESIAN_POINT('',(-3.188028930056,-7.736396862198));
#2265 = CARTESIAN_POINT('',(-3.175843965338,-7.704661007406));
#2266 = CARTESIAN_POINT('',(-3.163215023036,-7.673923211567));
#2267 = CARTESIAN_POINT('',(-3.139762735057,-7.620698584403));
#2268 = CARTESIAN_POINT('',(-3.129102654662,-7.597815406242));
#2269 = CARTESIAN_POINT('',(-3.1181681659,-7.575654792057));
#2270 = CARTESIAN_POINT('',(-3.106964790906,-7.554262523312));
#2271 = CARTESIAN_POINT('',(-3.095498210383,-7.533682380178));
#2272 = CARTESIAN_POINT('',(-3.083774263595,-7.513956141536));
#2273 = CARTESIAN_POINT('',(-3.050972586901,-7.462371743089));
#2274 = CARTESIAN_POINT('',(-3.029360921596,-7.43228403833));
#2275 = CARTESIAN_POINT('',(-3.007052976685,-7.405177012819));
#2276 = CARTESIAN_POINT('',(-2.984141592666,-7.381290954051));
#2277 = CARTESIAN_POINT('',(-2.960722826536,-7.360793301422));
#2278 = CARTESIAN_POINT('',(-2.936895352001,-7.34378205275));
#2279 = CARTESIAN_POINT('',(-2.887716070965,-7.316288508191));
#2280 = CARTESIAN_POINT('',(-2.862409977936,-7.306114771653));
#2281 = CARTESIAN_POINT('',(-2.836951442081,-7.299761247858));
#2282 = CARTESIAN_POINT('',(-2.811451833015,-7.297151207472));
#2283 = CARTESIAN_POINT('',(-2.786025754727,-7.298139099125));
#2284 = CARTESIAN_POINT('',(-2.760792771806,-7.302511743374));
#2285 = CARTESIAN_POINT('',(-2.71963141449,-7.314866251095));
#2286 = CARTESIAN_POINT('',(-2.703505281864,-7.321067791256));
#2287 = CARTESIAN_POINT('',(-2.687511977552,-7.328528093158));
#2288 = CARTESIAN_POINT('',(-2.671662749173,-7.337180659409));
#2289 = CARTESIAN_POINT('',(-2.655968852201,-7.34695854922));
#2290 = CARTESIAN_POINT('',(-2.64044154997,-7.357794378399));
#2291 = CARTESIAN_POINT('',(-2.60721800804,-7.383391386495));
#2292 = CARTESIAN_POINT('',(-2.589581471978,-7.398507765648));
#2293 = CARTESIAN_POINT('',(-2.572184765334,-7.414875370677));
#2294 = CARTESIAN_POINT('',(-2.555029721662,-7.432407184182));
#2295 = CARTESIAN_POINT('',(-2.538117772719,-7.451022989747));
#2296 = CARTESIAN_POINT('',(-2.521449972966,-7.470649104184));
#2297 = CARTESIAN_POINT('',(-2.465378750843,-7.540875790543));
#2298 = CARTESIAN_POINT('',(-2.427121045195,-7.596075372874));
#2299 = CARTESIAN_POINT('',(-2.390226783999,-7.655936624104));
#2300 = CARTESIAN_POINT('',(-2.354655773162,-7.719846823795));
#2301 = CARTESIAN_POINT('',(-2.320373500028,-7.7874112182));
#2302 = CARTESIAN_POINT('',(-2.287377685869,-7.85843186885));
#2303 = CARTESIAN_POINT('',(-2.229749616477,-7.994071198334));
#2304 = CARTESIAN_POINT('',(-2.204776952981,-8.057327787859));
#2305 = CARTESIAN_POINT('',(-2.180746252849,-8.122873341673));
#2306 = CARTESIAN_POINT('',(-2.157681408309,-8.190947757434));
#2307 = CARTESIAN_POINT('',(-2.135730320656,-8.261730212262));
#2308 = CARTESIAN_POINT('',(-2.11518119556,-8.335316891261));
#2309 = CARTESIAN_POINT('',(-2.078295573442,-8.485873108597));
#2310 = CARTESIAN_POINT('',(-2.061357775258,-8.564675449231));
#2311 = CARTESIAN_POINT('',(-2.046549875768,-8.646999941659));
#2312 = CARTESIAN_POINT('',(-2.034629791124,-8.73197751718));
#2313 = CARTESIAN_POINT('',(-2.02622218008,-8.819149438574));
#2314 = CARTESIAN_POINT('',(-2.021823138591,-8.908445138913));
#2315 = CARTESIAN_POINT('',(-2.021823138591,-9.));
#2316 = ( GEOMETRIC_REPRESENTATION_CONTEXT(2) 
PARAMETRIC_REPRESENTATION_CONTEXT() REPRESENTATION_CONTEXT('2D SPACE',''
  ) );
#2317 = PCURVE('',#2318,#2323);
#2318 = CYLINDRICAL_SURFACE('',#2319,1.7);
#2319 = AXIS2_PLACEMENT_3D('',#2320,#2321,#2322);
#2320 = CARTESIAN_POINT('',(135.,71.,0.));
#2321 = DIRECTION('',(-1.,-0.,-0.));
#2322 = DIRECTION('',(0.,1.,0.));
#2323 = DEFINITIONAL_REPRESENTATION('',(#2324),#2477);
#2324 = B_SPLINE_CURVE_WITH_KNOTS('',7,(#2325,#2326,#2327,#2328,#2329,
    #2330,#2331,#2332,#2333,#2334,#2335,#2336,#2337,#2338,#2339,#2340,
    #2341,#2342,#2343,#2344,#2345,#2346,#2347,#2348,#2349,#2350,#2351,
    #2352,#2353,#2354,#2355,#2356,#2357,#2358,#2359,#2360,#2361,#2362,
    #2363,#2364,#2365,#2366,#2367,#2368,#2369,#2370,#2371,#2372,#2373,
    #2374,#2375,#2376,#2377,#2378,#2379,#2380,#2381,#2382,#2383,#2384,
    #2385,#2386,#2387,#2388,#2389,#2390,#2391,#2392,#2393,#2394,#2395,
    #2396,#2397,#2398,#2399,#2400,#2401,#2402,#2403,#2404,#2405,#2406,
    #2407,#2408,#2409,#2410,#2411,#2412,#2413,#2414,#2415,#2416,#2417,
    #2418,#2419,#2420,#2421,#2422,#2423,#2424,#2425,#2426,#2427,#2428,
    #2429,#2430,#2431,#2432,#2433,#2434,#2435,#2436,#2437,#2438,#2439,
    #2440,#2441,#2442,#2443,#2444,#2445,#2446,#2447,#2448,#2449,#2450,
    #2451,#2452,#2453,#2454,#2455,#2456,#2457,#2458,#2459,#2460,#2461,
    #2462,#2463,#2464,#2465,#2466,#2467,#2468,#2469,#2470,#2471,#2472,
    #2473,#2474,#2475,#2476),.UNSPECIFIED.,.F.,.F.,(8,6,6,6,6,6,6,6,6,6,
    6,6,6,6,6,6,6,6,6,6,6,6,6,6,6,8),(0.,4.047834326215E-02,
    0.123066215875,0.196821686621,0.228533874041,0.253686754468,
    0.29768496346,0.335605878267,0.358351973038,0.386776430677,
    0.408672417107,0.42699273827,0.500579209482,0.55881643508,
    0.574227241261,0.592424427845,0.614582902332,0.643118989027,
    0.665779166977,0.705187654224,0.746079209953,0.772747119553,
    0.803801356591,0.878772476702,0.940329542255,1.),.UNSPECIFIED.);
#2325 = CARTESIAN_POINT('',(0.,-16.69233031693));
#2326 = CARTESIAN_POINT('',(-3.576678781759E-02,-16.69233031693));
#2327 = CARTESIAN_POINT('',(-7.124142441418E-02,-16.68709185315));
#2328 = CARTESIAN_POINT('',(-0.106410473076,-16.67676781492));
#2329 = CARTESIAN_POINT('',(-0.141230711034,-16.66170454));
#2330 = CARTESIAN_POINT('',(-0.175607695564,-16.64244570129));
#2331 = CARTESIAN_POINT('',(-0.209366626477,-16.61972836606));
#2332 = CARTESIAN_POINT('',(-0.309236997869,-16.54293914572));
#2333 = CARTESIAN_POINT('',(-0.374065471783,-16.47960815192));
#2334 = CARTESIAN_POINT('',(-0.437254944894,-16.40880383685));
#2335 = CARTESIAN_POINT('',(-0.499105293652,-16.33385234137));
#2336 = CARTESIAN_POINT('',(-0.560070024751,-16.25654679523));
#2337 = CARTESIAN_POINT('',(-0.620956027823,-16.17744894911));
#2338 = CARTESIAN_POINT('',(-0.738296659348,-16.02410606239));
#2339 = CARTESIAN_POINT('',(-0.79402591369,-15.95090476436));
#2340 = CARTESIAN_POINT('',(-0.850473965284,-15.87741839409));
#2341 = CARTESIAN_POINT('',(-0.907943497266,-15.80411422632));
#2342 = CARTESIAN_POINT('',(-0.966723254869,-15.73146613507));
#2343 = CARTESIAN_POINT('',(-1.027100190155,-15.66002600372));
#2344 = CARTESIAN_POINT('',(-1.116122336693,-15.5605362494));
#2345 = CARTESIAN_POINT('',(-1.143248317347,-15.53095351181));
#2346 = CARTESIAN_POINT('',(-1.170751131524,-15.50176086921));
#2347 = CARTESIAN_POINT('',(-1.198649070845,-15.47301929544));
#2348 = CARTESIAN_POINT('',(-1.226961050413,-15.44479233238));
#2349 = CARTESIAN_POINT('',(-1.255707117701,-15.4171457751));
#2350 = CARTESIAN_POINT('',(-1.308070734388,-15.36873325615));
#2351 = CARTESIAN_POINT('',(-1.331521929619,-15.34772433384));
#2352 = CARTESIAN_POINT('',(-1.355260424026,-15.327166835));
#2353 = CARTESIAN_POINT('',(-1.379285126949,-15.30710493804));
#2354 = CARTESIAN_POINT('',(-1.403595980195,-15.28758075483));
#2355 = CARTESIAN_POINT('',(-1.428193958036,-15.26863433077));
#2356 = CARTESIAN_POINT('',(-1.49661438077,-15.21823903255));
#2357 = CARTESIAN_POINT('',(-1.541115065048,-15.18799729996));
#2358 = CARTESIAN_POINT('',(-1.586420201734,-15.159925952));
#2359 = CARTESIAN_POINT('',(-1.632387085857,-15.13428366175));
#2360 = CARTESIAN_POINT('',(-1.678885858169,-15.11123932196));
#2361 = CARTESIAN_POINT('',(-1.725792313697,-15.09087463288));
#2362 = CARTESIAN_POINT('',(-1.813651493002,-15.05794849541));
#2363 = CARTESIAN_POINT('',(-1.85442028709,-15.044739324));
#2364 = CARTESIAN_POINT('',(-1.895198301514,-15.03354653713));
#2365 = CARTESIAN_POINT('',(-1.935895167949,-15.02430700245));
#2366 = CARTESIAN_POINT('',(-1.976414702104,-15.01691717447));
#2367 = CARTESIAN_POINT('',(-2.016650488899,-15.01123963857));
#2368 = CARTESIAN_POINT('',(-2.080373275653,-15.00463236785));
#2369 = CARTESIAN_POINT('',(-2.10413433428,-15.00271040398));
#2370 = CARTESIAN_POINT('',(-2.127760985778,-15.00130726684));
#2371 = CARTESIAN_POINT('',(-2.151248889747,-15.00038588296));
#2372 = CARTESIAN_POINT('',(-2.174592942789,-14.99990888356));
#2373 = CARTESIAN_POINT('',(-2.197787198193,-14.99983888607));
#2374 = CARTESIAN_POINT('',(-2.249613504479,-15.00051352991));
#2375 = CARTESIAN_POINT('',(-2.27815855493,-15.00146600253));
#2376 = CARTESIAN_POINT('',(-2.30646741489,-15.00292392256));
#2377 = CARTESIAN_POINT('',(-2.334546801167,-15.00481850626));
#2378 = CARTESIAN_POINT('',(-2.362402669448,-15.00708445704));
#2379 = CARTESIAN_POINT('',(-2.390040214306,-15.00965996547));
#2380 = CARTESIAN_POINT('',(-2.438588915197,-15.01466421238));
#2381 = CARTESIAN_POINT('',(-2.459590642528,-15.01699120964));
#2382 = CARTESIAN_POINT('',(-2.480473914268,-15.01944154676));
#2383 = CARTESIAN_POINT('',(-2.501243792356,-15.02199051213));
#2384 = CARTESIAN_POINT('',(-2.521905537592,-15.02461483683));
#2385 = CARTESIAN_POINT('',(-2.542464609636,-15.02729269469));
#2386 = CARTESIAN_POINT('',(-2.580047223039,-15.03227199592));
#2387 = CARTESIAN_POINT('',(-2.597099766247,-15.03456346605));
#2388 = CARTESIAN_POINT('',(-2.614087555647,-15.03686616681));
#2389 = CARTESIAN_POINT('',(-2.631013820081,-15.03916879274));
#2390 = CARTESIAN_POINT('',(-2.647881758205,-15.04146067875));
#2391 = CARTESIAN_POINT('',(-2.664694538495,-15.04373180012));
#2392 = CARTESIAN_POINT('',(-2.748777549075,-15.05497399281));
#2393 = CARTESIAN_POINT('',(-2.815283619726,-15.06349148963));
#2394 = CARTESIAN_POINT('',(-2.881155030643,-15.07091357579));
#2395 = CARTESIAN_POINT('',(-2.946559890734,-15.07678406425));
#2396 = CARTESIAN_POINT('',(-3.01165944868,-15.08080002982));
#2397 = CARTESIAN_POINT('',(-3.076614643245,-15.08280957083));
#2398 = CARTESIAN_POINT('',(-3.193017038875,-15.08280957083));
#2399 = CARTESIAN_POINT('',(-3.244433791202,-15.08155101842));
#2400 = CARTESIAN_POINT('',(-3.295922208183,-15.07903462412));
#2401 = CARTESIAN_POINT('',(-3.347559848265,-15.07532037595));
#2402 = CARTESIAN_POINT('',(-3.39942437516,-15.07052781481));
#2403 = CARTESIAN_POINT('',(-3.451595402278,-15.06483630984));
#2404 = CARTESIAN_POINT('',(-3.518065076311,-15.05680473077));
#2405 = CARTESIAN_POINT('',(-3.53200176048,-15.05507787511));
#2406 = CARTESIAN_POINT('',(-3.545968108067,-15.05330917376));
#2407 = CARTESIAN_POINT('',(-3.559965872362,-15.05150333248));
#2408 = CARTESIAN_POINT('',(-3.573996841541,-15.04966535587));
#2409 = CARTESIAN_POINT('',(-3.588062838665,-15.04780054738));
#2410 = CARTESIAN_POINT('',(-3.618818503546,-15.04368746253));
#2411 = CARTESIAN_POINT('',(-3.635522687144,-15.04143083034));
#2412 = CARTESIAN_POINT('',(-3.652281350378,-15.03915382423));
#2413 = CARTESIAN_POINT('',(-3.669097600529,-15.03686627951));
#2414 = CARTESIAN_POINT('',(-3.685974574257,-15.03457865541));
#2415 = CARTESIAN_POINT('',(-3.702915437609,-15.03230203497));
#2416 = CARTESIAN_POINT('',(-3.740633740813,-15.02730356881));
#2417 = CARTESIAN_POINT('',(-3.761443422498,-15.02459273196));
#2418 = CARTESIAN_POINT('',(-3.782358303712,-15.02193673883));
#2419 = CARTESIAN_POINT('',(-3.803384046718,-15.01935822849));
#2420 = CARTESIAN_POINT('',(-3.82452610339,-15.01688135475));
#2421 = CARTESIAN_POINT('',(-3.845789715212,-15.01453178625));
#2422 = CARTESIAN_POINT('',(-3.894726599619,-15.00950984265));
#2423 = CARTESIAN_POINT('',(-3.92248947501,-15.00693848029));
#2424 = CARTESIAN_POINT('',(-3.950472888571,-15.00468182103));
#2425 = CARTESIAN_POINT('',(-3.97868197274,-15.00280259267));
#2426 = CARTESIAN_POINT('',(-4.007122643276,-15.00136704916));
#2427 = CARTESIAN_POINT('',(-4.035801599257,-15.00044497056));
#2428 = CARTESIAN_POINT('',(-4.087695113301,-14.99984339927));
#2429 = CARTESIAN_POINT('',(-4.110819578413,-14.99994693375));
#2430 = CARTESIAN_POINT('',(-4.134092783148,-15.0004573773));
#2431 = CARTESIAN_POINT('',(-4.15750859669,-15.00141164979));
#2432 = CARTESIAN_POINT('',(-4.181061692667,-15.00284648023));
#2433 = CARTESIAN_POINT('',(-4.204747549158,-15.00479840669));
#2434 = CARTESIAN_POINT('',(-4.269979120994,-15.01166088381));
#2435 = CARTESIAN_POINT('',(-4.311835244892,-15.01769639239));
#2436 = CARTESIAN_POINT('',(-4.353991871317,-15.02559519999));
#2437 = CARTESIAN_POINT('',(-4.396327404033,-15.03550932755));
#2438 = CARTESIAN_POINT('',(-4.438732135655,-15.0475500062));
#2439 = CARTESIAN_POINT('',(-4.481102783656,-15.0617797643));
#2440 = CARTESIAN_POINT('',(-4.567160679904,-15.09524738129));
#2441 = CARTESIAN_POINT('',(-4.610716319346,-15.11460650141));
#2442 = CARTESIAN_POINT('',(-4.653902792316,-15.13627100119));
#2443 = CARTESIAN_POINT('',(-4.696619692611,-15.1601674557));
#2444 = CARTESIAN_POINT('',(-4.73876214415,-15.18615802681));
#2445 = CARTESIAN_POINT('',(-4.780215584903,-15.21403860128));
#2446 = CARTESIAN_POINT('',(-4.847351122343,-15.2627746102));
#2447 = CARTESIAN_POINT('',(-4.873526917636,-15.28271746863));
#2448 = CARTESIAN_POINT('',(-4.899380203836,-15.30332058695));
#2449 = CARTESIAN_POINT('',(-4.924911930714,-15.32453632408));
#2450 = CARTESIAN_POINT('',(-4.950121730672,-15.34631431485));
#2451 = CARTESIAN_POINT('',(-4.975007918742,-15.36860147001));
#2452 = CARTESIAN_POINT('',(-5.028166615618,-15.41782283209));
#2453 = CARTESIAN_POINT('',(-5.056328754256,-15.44492405964));
#2454 = CARTESIAN_POINT('',(-5.084074241262,-15.47258193583));
#2455 = CARTESIAN_POINT('',(-5.111421905869,-15.50073452291));
#2456 = CARTESIAN_POINT('',(-5.138389533311,-15.52932195444));
#2457 = CARTESIAN_POINT('',(-5.16499432435,-15.55828672141));
#2458 = CARTESIAN_POINT('',(-5.254647890132,-15.65827918744));
#2459 = CARTESIAN_POINT('',(-5.316085908135,-15.73092908835));
#2460 = CARTESIAN_POINT('',(-5.375865291396,-15.80483105164));
#2461 = CARTESIAN_POINT('',(-5.434290030909,-15.87940643546));
#2462 = CARTESIAN_POINT('',(-5.49166542555,-15.95416088974));
#2463 = CARTESIAN_POINT('',(-5.54831139354,-16.02860552614));
#2464 = CARTESIAN_POINT('',(-5.650806166469,-16.1624973158));
#2465 = CARTESIAN_POINT('',(-5.696596493907,-16.22201308277));
#2466 = CARTESIAN_POINT('',(-5.742334854076,-16.28055934637));
#2467 = CARTESIAN_POINT('',(-5.788328960592,-16.33786129698));
#2468 = CARTESIAN_POINT('',(-5.834803932776,-16.39334859185));
#2469 = CARTESIAN_POINT('',(-5.88192869624,-16.44605719382));
#2470 = CARTESIAN_POINT('',(-5.976322118399,-16.54177487874));
#2471 = CARTESIAN_POINT('',(-6.024799648215,-16.58630702708));
#2472 = CARTESIAN_POINT('',(-6.07457480801,-16.62572662011));
#2473 = CARTESIAN_POINT('',(-6.125269658225,-16.65775276007));
#2474 = CARTESIAN_POINT('',(-6.176802679965,-16.68045280997));
#2475 = CARTESIAN_POINT('',(-6.22932950654,-16.69233031693));
#2476 = CARTESIAN_POINT('',(-6.28318530718,-16.69233031693));
#2477 = ( GEOMETRIC_REPRESENTATION_CONTEXT(2) 
PARAMETRIC_REPRESENTATION_CONTEXT() REPRESENTATION_CONTEXT('2D SPACE',''
  ) );
#2478 = ADVANCED_FACE('',(#2479),#426,.F.);
#2479 = FACE_BOUND('',#2480,.T.);
#2480 = EDGE_LOOP('',(#2481,#2511,#2534,#2595,#2651,#2672,#2673,#2674,
    #2980,#2981,#3009,#3028,#3029));
#2481 = ORIENTED_EDGE('',*,*,#2482,.T.);
#2482 = EDGE_CURVE('',#2483,#2485,#2487,.T.);
#2483 = VERTEX_POINT('',#2484);
#2484 = CARTESIAN_POINT('',(137.4,88.973213749463,-8.));
#2485 = VERTEX_POINT('',#2486);
#2486 = CARTESIAN_POINT('',(140.,86.,-8.));
#2487 = SURFACE_CURVE('',#2488,(#2493,#2500),.PCURVE_S1.);
#2488 = CIRCLE('',#2489,3.);
#2489 = AXIS2_PLACEMENT_3D('',#2490,#2491,#2492);
#2490 = CARTESIAN_POINT('',(137.,86.,-8.));
#2491 = DIRECTION('',(0.,0.,-1.));
#2492 = DIRECTION('',(1.,0.,0.));
#2493 = PCURVE('',#426,#2494);
#2494 = DEFINITIONAL_REPRESENTATION('',(#2495),#2499);
#2495 = LINE('',#2496,#2497);
#2496 = CARTESIAN_POINT('',(-6.28318530718,-1.));
#2497 = VECTOR('',#2498,1.);
#2498 = DIRECTION('',(1.,-0.));
#2499 = ( GEOMETRIC_REPRESENTATION_CONTEXT(2) 
PARAMETRIC_REPRESENTATION_CONTEXT() REPRESENTATION_CONTEXT('2D SPACE',''
  ) );
#2500 = PCURVE('',#1303,#2501);
#2501 = DEFINITIONAL_REPRESENTATION('',(#2502),#2510);
#2502 = ( BOUNDED_CURVE() B_SPLINE_CURVE(2,(#2503,#2504,#2505,#2506,
#2507,#2508,#2509),.UNSPECIFIED.,.T.,.F.) B_SPLINE_CURVE_WITH_KNOTS((1,2
    ,2,2,2,1),(-2.094395102393,0.,2.094395102393,4.188790204786,
6.28318530718,8.377580409573),.UNSPECIFIED.) CURVE() 
GEOMETRIC_REPRESENTATION_ITEM() RATIONAL_B_SPLINE_CURVE((1.,0.5,1.,0.5,
1.,0.5,1.)) REPRESENTATION_ITEM('') );
#2503 = CARTESIAN_POINT('',(2.6,20.));
#2504 = CARTESIAN_POINT('',(2.6,14.803847577293));
#2505 = CARTESIAN_POINT('',(-1.9,17.401923788647));
#2506 = CARTESIAN_POINT('',(-6.4,20.));
#2507 = CARTESIAN_POINT('',(-1.9,22.598076211353));
#2508 = CARTESIAN_POINT('',(2.6,25.196152422707));
#2509 = CARTESIAN_POINT('',(2.6,20.));
#2510 = ( GEOMETRIC_REPRESENTATION_CONTEXT(2) 
PARAMETRIC_REPRESENTATION_CONTEXT() REPRESENTATION_CONTEXT('2D SPACE',''
  ) );
#2511 = ORIENTED_EDGE('',*,*,#2512,.T.);
#2512 = EDGE_CURVE('',#2485,#2513,#2515,.T.);
#2513 = VERTEX_POINT('',#2514);
#2514 = CARTESIAN_POINT('',(140.,86.,-1.374772708487));
#2515 = SEAM_CURVE('',#2516,(#2520,#2527),.PCURVE_S1.);
#2516 = LINE('',#2517,#2518);
#2517 = CARTESIAN_POINT('',(140.,86.,-9.));
#2518 = VECTOR('',#2519,1.);
#2519 = DIRECTION('',(0.,0.,1.));
#2520 = PCURVE('',#426,#2521);
#2521 = DEFINITIONAL_REPRESENTATION('',(#2522),#2526);
#2522 = LINE('',#2523,#2524);
#2523 = CARTESIAN_POINT('',(-6.28318530718,0.));
#2524 = VECTOR('',#2525,1.);
#2525 = DIRECTION('',(-0.,-1.));
#2526 = ( GEOMETRIC_REPRESENTATION_CONTEXT(2) 
PARAMETRIC_REPRESENTATION_CONTEXT() REPRESENTATION_CONTEXT('2D SPACE',''
  ) );
#2527 = PCURVE('',#426,#2528);
#2528 = DEFINITIONAL_REPRESENTATION('',(#2529),#2533);
#2529 = LINE('',#2530,#2531);
#2530 = CARTESIAN_POINT('',(-0.,0.));
#2531 = VECTOR('',#2532,1.);
#2532 = DIRECTION('',(-0.,-1.));
#2533 = ( GEOMETRIC_REPRESENTATION_CONTEXT(2) 
PARAMETRIC_REPRESENTATION_CONTEXT() REPRESENTATION_CONTEXT('2D SPACE',''
  ) );
#2534 = ORIENTED_EDGE('',*,*,#2535,.T.);
#2535 = EDGE_CURVE('',#2513,#2536,#2538,.T.);
#2536 = VERTEX_POINT('',#2537);
#2537 = CARTESIAN_POINT('',(139.91719042916,86.7,0.));
#2538 = SURFACE_CURVE('',#2539,(#2554,#2572),.PCURVE_S1.);
#2539 = B_SPLINE_CURVE_WITH_KNOTS('',7,(#2540,#2541,#2542,#2543,#2544,
    #2545,#2546,#2547,#2548,#2549,#2550,#2551,#2552,#2553),
  .UNSPECIFIED.,.F.,.F.,(8,6,8),(0.,0.20251476513,1.),.UNSPECIFIED.);
#2540 = CARTESIAN_POINT('',(140.,86.,-1.374772708487));
#2541 = CARTESIAN_POINT('',(140.,86.041152314451,-1.344838804361));
#2542 = CARTESIAN_POINT('',(139.99934127852,86.080900277854,
    -1.313728897251));
#2543 = CARTESIAN_POINT('',(139.99810505495,86.119226872306,
    -1.281524264236));
#2544 = CARTESIAN_POINT('',(139.99636876595,86.156118414036,
    -1.248304529471));
#2545 = CARTESIAN_POINT('',(139.99420606541,86.191564553403,
    -1.214147664188));
#2546 = CARTESIAN_POINT('',(139.99168682449,86.225558274899,
    -1.179129986696));
#2547 = CARTESIAN_POINT('',(139.97781280952,86.386226175962,
    -1.002333868683));
#2548 = CARTESIAN_POINT('',(139.96223334396,86.491882625496,
    -0.849034799581));
#2549 = CARTESIAN_POINT('',(139.94607057252,86.575555519085,
    -0.687088971187));
#2550 = CARTESIAN_POINT('',(139.93210386332,86.637844768968,
    -0.519215146088));
#2551 = CARTESIAN_POINT('',(139.92217145663,86.679243065767,
    -0.347554924708));
#2552 = CARTESIAN_POINT('',(139.91719042916,86.7,-0.173914517));
#2553 = CARTESIAN_POINT('',(139.91719042916,86.7,-2.22044604925E-16));
#2554 = PCURVE('',#426,#2555);
#2555 = DEFINITIONAL_REPRESENTATION('',(#2556),#2571);
#2556 = B_SPLINE_CURVE_WITH_KNOTS('',7,(#2557,#2558,#2559,#2560,#2561,
    #2562,#2563,#2564,#2565,#2566,#2567,#2568,#2569,#2570),
  .UNSPECIFIED.,.F.,.F.,(8,6,8),(0.,0.20251476513,1.),.UNSPECIFIED.);
#2557 = CARTESIAN_POINT('',(0.,-7.625227291513));
#2558 = CARTESIAN_POINT('',(-1.37174381504E-02,-7.655161195639));
#2559 = CARTESIAN_POINT('',(-2.696685815337E-02,-7.686271102749));
#2560 = CARTESIAN_POINT('',(-3.974656576403E-02,-7.718475735764));
#2561 = CARTESIAN_POINT('',(-5.205498276485E-02,-7.751695470529));
#2562 = CARTESIAN_POINT('',(-6.389064696567E-02,-7.785852335812));
#2563 = CARTESIAN_POINT('',(-7.525221220372E-02,-7.820870013304));
#2564 = CARTESIAN_POINT('',(-0.129007483494,-7.997666131317));
#2565 = CARTESIAN_POINT('',(-0.164542554969,-8.150965200419));
#2566 = CARTESIAN_POINT('',(-0.192921967235,-8.312911028813));
#2567 = CARTESIAN_POINT('',(-0.214197590513,-8.480784853912));
#2568 = CARTESIAN_POINT('',(-0.228388878366,-8.652445075292));
#2569 = CARTESIAN_POINT('',(-0.235504236721,-8.826085483));
#2570 = CARTESIAN_POINT('',(-0.235504236721,-9.));
#2571 = ( GEOMETRIC_REPRESENTATION_CONTEXT(2) 
PARAMETRIC_REPRESENTATION_CONTEXT() REPRESENTATION_CONTEXT('2D SPACE',''
  ) );
#2572 = PCURVE('',#2573,#2578);
#2573 = CYLINDRICAL_SURFACE('',#2574,1.7);
#2574 = AXIS2_PLACEMENT_3D('',#2575,#2576,#2577);
#2575 = CARTESIAN_POINT('',(135.,85.,0.));
#2576 = DIRECTION('',(-1.,-0.,-0.));
#2577 = DIRECTION('',(0.,1.,0.));
#2578 = DEFINITIONAL_REPRESENTATION('',(#2579),#2594);
#2579 = B_SPLINE_CURVE_WITH_KNOTS('',7,(#2580,#2581,#2582,#2583,#2584,
    #2585,#2586,#2587,#2588,#2589,#2590,#2591,#2592,#2593),
  .UNSPECIFIED.,.F.,.F.,(8,6,8),(0.,0.20251476513,1.),.UNSPECIFIED.);
#2580 = CARTESIAN_POINT('',(-5.34126390588,-5.));
#2581 = CARTESIAN_POINT('',(-5.371197810006,-5.));
#2582 = CARTESIAN_POINT('',(-5.400870679555,-4.999341278523));
#2583 = CARTESIAN_POINT('',(-5.430289871733,-4.998105054959));
#2584 = CARTESIAN_POINT('',(-5.459461778022,-4.996368765955));
#2585 = CARTESIAN_POINT('',(-5.488391824173,-4.994206065415));
#2586 = CARTESIAN_POINT('',(-5.517084470212,-4.991686824496));
#2587 = CARTESIAN_POINT('',(-5.65761121258,-4.977812809526));
#2588 = CARTESIAN_POINT('',(-5.766145818098,-4.962233343964));
#2589 = CARTESIAN_POINT('',(-5.872045684354,-4.946070572521));
#2590 = CARTESIAN_POINT('',(-5.976015377635,-4.932103863329));
#2591 = CARTESIAN_POINT('',(-6.078741365005,-4.922171456638));
#2592 = CARTESIAN_POINT('',(-6.180882650121,-4.917190429163));
#2593 = CARTESIAN_POINT('',(-6.28318530718,-4.917190429163));
#2594 = ( GEOMETRIC_REPRESENTATION_CONTEXT(2) 
PARAMETRIC_REPRESENTATION_CONTEXT() REPRESENTATION_CONTEXT('2D SPACE',''
  ) );
#2595 = ORIENTED_EDGE('',*,*,#2596,.T.);
#2596 = EDGE_CURVE('',#2536,#2597,#2599,.T.);
#2597 = VERTEX_POINT('',#2598);
#2598 = CARTESIAN_POINT('',(140.,86.,1.374772708487));
#2599 = SURFACE_CURVE('',#2600,(#2615,#2633),.PCURVE_S1.);
#2600 = B_SPLINE_CURVE_WITH_KNOTS('',7,(#2601,#2602,#2603,#2604,#2605,
    #2606,#2607,#2608,#2609,#2610,#2611,#2612,#2613,#2614),
  .UNSPECIFIED.,.F.,.F.,(8,6,8),(0.,0.798820568607,1.),.UNSPECIFIED.);
#2601 = CARTESIAN_POINT('',(139.91719042916,86.7,-2.081899558551E-16));
#2602 = CARTESIAN_POINT('',(139.91719042916,86.7,0.174206014793));
#2603 = CARTESIAN_POINT('',(139.92218816992,86.679173429429,
    0.348136087838));
#2604 = CARTESIAN_POINT('',(139.932153748,86.637636815396,0.520076338379
    ));
#2605 = CARTESIAN_POINT('',(139.94616404581,86.575138569845,
    0.688211758986));
#2606 = CARTESIAN_POINT('',(139.96236856795,86.491182411511,
    0.850388972624));
#2607 = CARTESIAN_POINT('',(139.97796919344,86.385164627553,
    1.003872465141));
#2608 = CARTESIAN_POINT('',(139.99178615944,86.2242136675,1.180513535954
    ));
#2609 = CARTESIAN_POINT('',(139.99427710952,86.190396469411,
    1.215272245437));
#2610 = CARTESIAN_POINT('',(139.99641439725,86.155145893207,
    1.249179675339));
#2611 = CARTESIAN_POINT('',(139.9981294292,86.118469000399,
    1.282160812123));
#2612 = CARTESIAN_POINT('',(139.99934994152,86.080376116669,
    1.314139067591));
#2613 = CARTESIAN_POINT('',(140.,86.040880831865,1.345036278885));
#2614 = CARTESIAN_POINT('',(140.,86.,1.374772708487));
#2615 = PCURVE('',#426,#2616);
#2616 = DEFINITIONAL_REPRESENTATION('',(#2617),#2632);
#2617 = B_SPLINE_CURVE_WITH_KNOTS('',7,(#2618,#2619,#2620,#2621,#2622,
    #2623,#2624,#2625,#2626,#2627,#2628,#2629,#2630,#2631),
  .UNSPECIFIED.,.F.,.F.,(8,6,8),(0.,0.798820568607,1.),.UNSPECIFIED.);
#2618 = CARTESIAN_POINT('',(-0.235504236721,-9.));
#2619 = CARTESIAN_POINT('',(-0.235504236721,-9.174206014793));
#2620 = CARTESIAN_POINT('',(-0.228365007834,-9.348136087838));
#2621 = CARTESIAN_POINT('',(-0.214126303008,-9.520076338379));
#2622 = CARTESIAN_POINT('',(-0.192779557113,-9.688211758986));
#2623 = CARTESIAN_POINT('',(-0.164305063657,-9.850388972624));
#2624 = CARTESIAN_POINT('',(-0.128650466704,-10.00387246514));
#2625 = CARTESIAN_POINT('',(-7.480282145343E-02,-10.18051353595));
#2626 = CARTESIAN_POINT('',(-6.350062325354E-02,-10.21527224543));
#2627 = CARTESIAN_POINT('',(-5.173051350519E-02,-10.24917967533));
#2628 = CARTESIAN_POINT('',(-3.949385680674E-02,-10.28216081212));
#2629 = CARTESIAN_POINT('',(-2.679213435692E-02,-10.31413906759));
#2630 = CARTESIAN_POINT('',(-1.362694395485E-02,-10.34503627888));
#2631 = CARTESIAN_POINT('',(0.,-10.37477270848));
#2632 = ( GEOMETRIC_REPRESENTATION_CONTEXT(2) 
PARAMETRIC_REPRESENTATION_CONTEXT() REPRESENTATION_CONTEXT('2D SPACE',''
  ) );
#2633 = PCURVE('',#2573,#2634);
#2634 = DEFINITIONAL_REPRESENTATION('',(#2635),#2650);
#2635 = B_SPLINE_CURVE_WITH_KNOTS('',7,(#2636,#2637,#2638,#2639,#2640,
    #2641,#2642,#2643,#2644,#2645,#2646,#2647,#2648,#2649),
  .UNSPECIFIED.,.F.,.F.,(8,6,8),(0.,0.798820568607,1.),.UNSPECIFIED.);
#2636 = CARTESIAN_POINT('',(0.,-4.917190429163));
#2637 = CARTESIAN_POINT('',(-0.102474126349,-4.917190429163));
#2638 = CARTESIAN_POINT('',(-0.204785800771,-4.922188169922));
#2639 = CARTESIAN_POINT('',(-0.307685328469,-4.932153748));
#2640 = CARTESIAN_POINT('',(-0.411835060089,-4.946164045815));
#2641 = CARTESIAN_POINT('',(-0.517925135147,-4.962368567958));
#2642 = CARTESIAN_POINT('',(-0.626663755271,-4.977969193445));
#2643 = CARTESIAN_POINT('',(-0.767235104786,-4.991786159445));
#2644 = CARTESIAN_POINT('',(-0.795746425228,-4.99427710952));
#2645 = CARTESIAN_POINT('',(-0.824492325501,-4.996414397255));
#2646 = CARTESIAN_POINT('',(-0.853477077883,-4.998129429203));
#2647 = CARTESIAN_POINT('',(-0.882705903374,-4.999349941527));
#2648 = CARTESIAN_POINT('',(-0.912184971698,-5.));
#2649 = CARTESIAN_POINT('',(-0.9419214013,-5.));
#2650 = ( GEOMETRIC_REPRESENTATION_CONTEXT(2) 
PARAMETRIC_REPRESENTATION_CONTEXT() REPRESENTATION_CONTEXT('2D SPACE',''
  ) );
#2651 = ORIENTED_EDGE('',*,*,#2652,.T.);
#2652 = EDGE_CURVE('',#2597,#406,#2653,.T.);
#2653 = SEAM_CURVE('',#2654,(#2658,#2665),.PCURVE_S1.);
#2654 = LINE('',#2655,#2656);
#2655 = CARTESIAN_POINT('',(140.,86.,-9.));
#2656 = VECTOR('',#2657,1.);
#2657 = DIRECTION('',(0.,0.,1.));
#2658 = PCURVE('',#426,#2659);
#2659 = DEFINITIONAL_REPRESENTATION('',(#2660),#2664);
#2660 = LINE('',#2661,#2662);
#2661 = CARTESIAN_POINT('',(-6.28318530718,0.));
#2662 = VECTOR('',#2663,1.);
#2663 = DIRECTION('',(-0.,-1.));
#2664 = ( GEOMETRIC_REPRESENTATION_CONTEXT(2) 
PARAMETRIC_REPRESENTATION_CONTEXT() REPRESENTATION_CONTEXT('2D SPACE',''
  ) );
#2665 = PCURVE('',#426,#2666);
#2666 = DEFINITIONAL_REPRESENTATION('',(#2667),#2671);
#2667 = LINE('',#2668,#2669);
#2668 = CARTESIAN_POINT('',(-0.,0.));
#2669 = VECTOR('',#2670,1.);
#2670 = DIRECTION('',(-0.,-1.));
#2671 = ( GEOMETRIC_REPRESENTATION_CONTEXT(2) 
PARAMETRIC_REPRESENTATION_CONTEXT() REPRESENTATION_CONTEXT('2D SPACE',''
  ) );
#2672 = ORIENTED_EDGE('',*,*,#405,.F.);
#2673 = ORIENTED_EDGE('',*,*,#2652,.F.);
#2674 = ORIENTED_EDGE('',*,*,#2675,.T.);
#2675 = EDGE_CURVE('',#2597,#2513,#2676,.T.);
#2676 = SURFACE_CURVE('',#2677,(#2776,#2878),.PCURVE_S1.);
#2677 = B_SPLINE_CURVE_WITH_KNOTS('',7,(#2678,#2679,#2680,#2681,#2682,
    #2683,#2684,#2685,#2686,#2687,#2688,#2689,#2690,#2691,#2692,#2693,
    #2694,#2695,#2696,#2697,#2698,#2699,#2700,#2701,#2702,#2703,#2704,
    #2705,#2706,#2707,#2708,#2709,#2710,#2711,#2712,#2713,#2714,#2715,
    #2716,#2717,#2718,#2719,#2720,#2721,#2722,#2723,#2724,#2725,#2726,
    #2727,#2728,#2729,#2730,#2731,#2732,#2733,#2734,#2735,#2736,#2737,
    #2738,#2739,#2740,#2741,#2742,#2743,#2744,#2745,#2746,#2747,#2748,
    #2749,#2750,#2751,#2752,#2753,#2754,#2755,#2756,#2757,#2758,#2759,
    #2760,#2761,#2762,#2763,#2764,#2765,#2766,#2767,#2768,#2769,#2770,
    #2771,#2772,#2773,#2774,#2775),.UNSPECIFIED.,.F.,.F.,(8,6,6,6,6,6,6,
    6,6,6,6,6,6,6,6,6,8),(0.,3.047226742589E-02,8.364260131451E-02,
    0.1412045713,0.17874428785,0.222458522433,0.327993400887,
    0.414645666742,0.465803654409,0.499514168601,0.556504034597,
    0.672780329864,0.776621397845,0.821269304994,0.856682297976,
    0.918627818432,1.),.UNSPECIFIED.);
#2678 = CARTESIAN_POINT('',(140.,86.,1.374772708487));
#2679 = CARTESIAN_POINT('',(140.,85.969690300391,1.396819770828));
#2680 = CARTESIAN_POINT('',(139.99964285891,85.938618699095,
    1.418228840153));
#2681 = CARTESIAN_POINT('',(139.99889594965,85.906806222489,
    1.438957263501));
#2682 = CARTESIAN_POINT('',(139.99772701798,85.874275566005,
    1.458964387976));
#2683 = CARTESIAN_POINT('',(139.99610418258,85.841051094126,
    1.478211560746));
#2684 = CARTESIAN_POINT('',(139.99399593499,85.807158840391,
    1.496662129048));
#2685 = CARTESIAN_POINT('',(139.98679119663,85.712371861753,
    1.545024956662));
#2686 = CARTESIAN_POINT('',(139.9806343587,85.650105021435,
    1.573269641492));
#2687 = CARTESIAN_POINT('',(139.97274173281,85.586119169591,
    1.598743172736));
#2688 = CARTESIAN_POINT('',(139.96298371753,85.520729224714,
    1.62123865549));
#2689 = CARTESIAN_POINT('',(139.95126642163,85.454265519477,
    1.640611839021));
#2690 = CARTESIAN_POINT('',(139.93753808261,85.387067479579,
    1.65677833391));
#2691 = CARTESIAN_POINT('',(139.90475261871,85.246304473772,
    1.683711491803));
#2692 = CARTESIAN_POINT('',(139.88539349858,85.172863218164,
    1.693885228349));
#2693 = CARTESIAN_POINT('',(139.86372899879,85.099568166772,
    1.700238752146));
#2694 = CARTESIAN_POINT('',(139.83983254429,85.026832156221,
    1.702848792527));
#2695 = CARTESIAN_POINT('',(139.81384197318,84.955061315026,
    1.701860900872));
#2696 = CARTESIAN_POINT('',(139.78596139872,84.884650149868,
    1.697488256629));
#2697 = CARTESIAN_POINT('',(139.73722538979,84.771190388434,
    1.685133748905));
#2698 = CARTESIAN_POINT('',(139.71728253136,84.727103887366,
    1.678932208744));
#2699 = CARTESIAN_POINT('',(139.69667941304,84.683757785241,
    1.671471906842));
#2700 = CARTESIAN_POINT('',(139.67546367592,84.641189564157,
    1.662819340591));
#2701 = CARTESIAN_POINT('',(139.65368568514,84.599433531734,
    1.65304145078));
#2702 = CARTESIAN_POINT('',(139.63139852998,84.558520821113,
    1.642205621601));
#2703 = CARTESIAN_POINT('',(139.5821771679,84.471851961878,
    1.616608613505));
#2704 = CARTESIAN_POINT('',(139.55507594035,84.426396478404,
    1.601492234352));
#2705 = CARTESIAN_POINT('',(139.52741806416,84.382116747675,
    1.585124629323));
#2706 = CARTESIAN_POINT('',(139.49926547709,84.339012221714,
    1.567592815818));
#2707 = CARTESIAN_POINT('',(139.47067804555,84.297078437497,
    1.548977010253));
#2708 = CARTESIAN_POINT('',(139.44171327858,84.256307457027,
    1.529350895816));
#2709 = CARTESIAN_POINT('',(139.34172081256,84.121039780586,
    1.459124209459));
#2710 = CARTESIAN_POINT('',(139.26907091165,84.03201635895,
    1.403924627128));
#2711 = CARTESIAN_POINT('',(139.19516894835,83.949385836973,
    1.344063375896));
#2712 = CARTESIAN_POINT('',(139.12059356453,83.872827366337,
    1.280153176203));
#2713 = CARTESIAN_POINT('',(139.04583911025,83.802016492318,
    1.212588781798));
#2714 = CARTESIAN_POINT('',(138.97139447385,83.73668020163,
    1.141568131148));
#2715 = CARTESIAN_POINT('',(138.83750268419,83.627309556128,
    1.005928801666));
#2716 = CARTESIAN_POINT('',(138.77798691722,83.581744585283,
    0.94267221214));
#2717 = CARTESIAN_POINT('',(138.71944065362,83.539595861551,
    0.877126658328));
#2718 = CARTESIAN_POINT('',(138.66213870301,83.500727297253,
    0.809052242566));
#2719 = CARTESIAN_POINT('',(138.60665140814,83.465203830525,
    0.738269787738));
#2720 = CARTESIAN_POINT('',(138.55394280617,83.433208420373,
    0.664683108739));
#2721 = CARTESIAN_POINT('',(138.47664441227,83.388367991654,
    0.543098954227));
#2722 = CARTESIAN_POINT('',(138.4492604926,83.372977479566,
    0.496777928585));
#2723 = CARTESIAN_POINT('',(138.423511964,83.358935640433,0.449290888759
    ));
#2724 = CARTESIAN_POINT('',(138.399759558,83.346335914283,0.400655298779
    ));
#2725 = CARTESIAN_POINT('',(138.37839521472,83.335270717802,
    0.350875609627));
#2726 = CARTESIAN_POINT('',(138.35983477929,83.325837829965,
    0.299933600239));
#2727 = CARTESIAN_POINT('',(138.33440901772,83.313090956936,
    0.213411856082));
#2728 = CARTESIAN_POINT('',(138.32571693937,83.308789017245,
    0.178529666839));
#2729 = CARTESIAN_POINT('',(138.31859246789,83.305299661312,
    0.143246566308));
#2730 = CARTESIAN_POINT('',(138.31315899188,83.302658410442,
    0.107665483539));
#2731 = CARTESIAN_POINT('',(138.30950225687,83.300887762379,
    7.187836917933E-02));
#2732 = CARTESIAN_POINT('',(138.30766968306,83.3,3.596636943004E-02));
#2733 = CARTESIAN_POINT('',(138.30766968306,83.3,-6.080353928993E-02));
#2734 = CARTESIAN_POINT('',(138.31290814684,83.302537249916,
    -0.121110499062));
#2735 = CARTESIAN_POINT('',(138.32323218507,83.30753692348,
    -0.180770549024));
#2736 = CARTESIAN_POINT('',(138.33829545999,83.314912027774,
    -0.239593604885));
#2737 = CARTESIAN_POINT('',(138.3575542987,83.324542864903,
    -0.29731062358));
#2738 = CARTESIAN_POINT('',(138.38027163393,83.336230576052,
    -0.353538901714));
#2739 = CARTESIAN_POINT('',(138.45706085427,83.376952907466,
    -0.518362489077));
#2740 = CARTESIAN_POINT('',(138.52039184807,83.412035278975,
    -0.6232166795));
#2741 = CARTESIAN_POINT('',(138.59119616314,83.453881434021,
    -0.722671219007));
#2742 = CARTESIAN_POINT('',(138.66614765862,83.501826293595,
    -0.816796109156));
#2743 = CARTESIAN_POINT('',(138.74345320476,83.555366860694,
    -0.905989120411));
#2744 = CARTESIAN_POINT('',(138.82255105088,83.614776471196,
    -0.991090053436));
#2745 = CARTESIAN_POINT('',(138.97589393761,83.740663130588,
    -1.145829995889));
#2746 = CARTESIAN_POINT('',(139.04909523563,83.805165133282,
    -1.21548636631));
#2747 = CARTESIAN_POINT('',(139.12258160591,83.874972116994,
    -1.281795964666));
#2748 = CARTESIAN_POINT('',(139.19588577366,83.950343936894,
    -1.344563609461));
#2749 = CARTESIAN_POINT('',(139.26853386492,84.031586271684,
    -1.403409738885));
#2750 = CARTESIAN_POINT('',(139.33997399627,84.118999899834,
    -1.457751518371));
#2751 = CARTESIAN_POINT('',(139.4394637506,84.2531347612,-1.527829496423
    ));
#2752 = CARTESIAN_POINT('',(139.46904648818,84.294665092737,
    -1.547923511844));
#2753 = CARTESIAN_POINT('',(139.49823913078,84.337405752078,
    -1.566969172789));
#2754 = CARTESIAN_POINT('',(139.52698070455,84.381365358687,
    -1.584888474375));
#2755 = CARTESIAN_POINT('',(139.55520766761,84.426548779688,
    -1.601596320623));
#2756 = CARTESIAN_POINT('',(139.58285422489,84.472956643144,
    -1.617000229061));
#2757 = CARTESIAN_POINT('',(139.63126674385,84.558361703834,
    -1.642104140147));
#2758 = CARTESIAN_POINT('',(139.65227566616,84.596910601128,
    -1.652326125187));
#2759 = CARTESIAN_POINT('',(139.67283316498,84.636208610557,
    -1.661609475408));
#2760 = CARTESIAN_POINT('',(139.69289506194,84.676230307632,
    -1.669897933411));
#2761 = CARTESIAN_POINT('',(139.71241924516,84.716947776038,
    -1.677135499432));
#2762 = CARTESIAN_POINT('',(139.73136566924,84.758330607632,
    -1.683266431346));
#2763 = CARTESIAN_POINT('',(139.78176096747,84.87384037679,
    -1.696926849107));
#2764 = CARTESIAN_POINT('',(139.81200270002,84.949409446362,
    -1.702078905673));
#2765 = CARTESIAN_POINT('',(139.84007404797,85.026585837153,
    -1.703333297383));
#2766 = CARTESIAN_POINT('',(139.86571633823,85.104880255361,
    -1.700422054131));
#2767 = CARTESIAN_POINT('',(139.88876067804,85.183786735416,
    -1.693166799009));
#2768 = CARTESIAN_POINT('',(139.90912536713,85.262790277878,
    -1.681480481682));
#2769 = CARTESIAN_POINT('',(139.95004016559,85.444608695249,
    -1.644210365598));
#2770 = CARTESIAN_POINT('',(139.96847827008,85.546377505478,
    -1.615569995699));
#2771 = CARTESIAN_POINT('',(139.98227477041,85.645680329565,
    -1.579637470498));
#2772 = CARTESIAN_POINT('',(139.99177154075,85.74153929427,
    -1.536827530971));
#2773 = CARTESIAN_POINT('',(139.9974742499,85.833046691331,
    -1.487785664936));
#2774 = CARTESIAN_POINT('',(140.,85.919410461112,-1.433392972324));
#2775 = CARTESIAN_POINT('',(140.,86.,-1.374772708487));
#2776 = PCURVE('',#426,#2777);
#2777 = DEFINITIONAL_REPRESENTATION('',(#2778),#2877);
#2778 = B_SPLINE_CURVE_WITH_KNOTS('',7,(#2779,#2780,#2781,#2782,#2783,
    #2784,#2785,#2786,#2787,#2788,#2789,#2790,#2791,#2792,#2793,#2794,
    #2795,#2796,#2797,#2798,#2799,#2800,#2801,#2802,#2803,#2804,#2805,
    #2806,#2807,#2808,#2809,#2810,#2811,#2812,#2813,#2814,#2815,#2816,
    #2817,#2818,#2819,#2820,#2821,#2822,#2823,#2824,#2825,#2826,#2827,
    #2828,#2829,#2830,#2831,#2832,#2833,#2834,#2835,#2836,#2837,#2838,
    #2839,#2840,#2841,#2842,#2843,#2844,#2845,#2846,#2847,#2848,#2849,
    #2850,#2851,#2852,#2853,#2854,#2855,#2856,#2857,#2858,#2859,#2860,
    #2861,#2862,#2863,#2864,#2865,#2866,#2867,#2868,#2869,#2870,#2871,
    #2872,#2873,#2874,#2875,#2876),.UNSPECIFIED.,.F.,.F.,(8,6,6,6,6,6,6,
    6,6,6,6,6,6,6,6,6,8),(0.,3.047226742589E-02,8.364260131451E-02,
    0.1412045713,0.17874428785,0.222458522433,0.327993400887,
    0.414645666742,0.465803654409,0.499514168601,0.556504034597,
    0.672780329864,0.776621397845,0.821269304994,0.856682297976,
    0.918627818432,1.),.UNSPECIFIED.);
#2779 = CARTESIAN_POINT('',(-6.28318530718,-10.37477270848));
#2780 = CARTESIAN_POINT('',(-6.273082073977,-10.39681977082));
#2781 = CARTESIAN_POINT('',(-6.262724865472,-10.41822884015));
#2782 = CARTESIAN_POINT('',(-6.252119026686,-10.4389572635));
#2783 = CARTESIAN_POINT('',(-6.241270049053,-10.45896438797));
#2784 = CARTESIAN_POINT('',(-6.230183570416,-10.47821156074));
#2785 = CARTESIAN_POINT('',(-6.21886537503,-10.49666212904));
#2786 = CARTESIAN_POINT('',(-6.18717857516,-10.54502495666));
#2787 = CARTESIAN_POINT('',(-6.166327052005,-10.57326964149));
#2788 = CARTESIAN_POINT('',(-6.144847153044,-10.59874317273));
#2789 = CARTESIAN_POINT('',(-6.122822394729,-10.62123865549));
#2790 = CARTESIAN_POINT('',(-6.100339032092,-10.64061183902));
#2791 = CARTESIAN_POINT('',(-6.077485609811,-10.65677833391));
#2792 = CARTESIAN_POINT('',(-6.029308724566,-10.6837114918));
#2793 = CARTESIAN_POINT('',(-6.004002631528,-10.69388522834));
#2794 = CARTESIAN_POINT('',(-5.978544095662,-10.70023875214));
#2795 = CARTESIAN_POINT('',(-5.953044486597,-10.70284879252));
#2796 = CARTESIAN_POINT('',(-5.927618408317,-10.70186090087));
#2797 = CARTESIAN_POINT('',(-5.902385425405,-10.69748825662));
#2798 = CARTESIAN_POINT('',(-5.86122406808,-10.6851337489));
#2799 = CARTESIAN_POINT('',(-5.845097935453,-10.67893220874));
#2800 = CARTESIAN_POINT('',(-5.829104631142,-10.67147190684));
#2801 = CARTESIAN_POINT('',(-5.813255402763,-10.66281934059));
#2802 = CARTESIAN_POINT('',(-5.797561505791,-10.65304145078));
#2803 = CARTESIAN_POINT('',(-5.78203420356,-10.6422056216));
#2804 = CARTESIAN_POINT('',(-5.748810661629,-10.6166086135));
#2805 = CARTESIAN_POINT('',(-5.731174125567,-10.60149223435));
#2806 = CARTESIAN_POINT('',(-5.713777418924,-10.58512462932));
#2807 = CARTESIAN_POINT('',(-5.696622375251,-10.56759281581));
#2808 = CARTESIAN_POINT('',(-5.679710426309,-10.54897701025));
#2809 = CARTESIAN_POINT('',(-5.663042626556,-10.52935089581));
#2810 = CARTESIAN_POINT('',(-5.606971404434,-10.45912420945));
#2811 = CARTESIAN_POINT('',(-5.568713698786,-10.40392462712));
#2812 = CARTESIAN_POINT('',(-5.531819437589,-10.34406337589));
#2813 = CARTESIAN_POINT('',(-5.49624842675,-10.2801531762));
#2814 = CARTESIAN_POINT('',(-5.461966153617,-10.21258878179));
#2815 = CARTESIAN_POINT('',(-5.428970339458,-10.14156813114));
#2816 = CARTESIAN_POINT('',(-5.371342270066,-10.00592880166));
#2817 = CARTESIAN_POINT('',(-5.346369606571,-9.94267221214));
#2818 = CARTESIAN_POINT('',(-5.322338906439,-9.877126658328));
#2819 = CARTESIAN_POINT('',(-5.299274061899,-9.809052242566));
#2820 = CARTESIAN_POINT('',(-5.277322974246,-9.738269787738));
#2821 = CARTESIAN_POINT('',(-5.25677384915,-9.664683108739));
#2822 = CARTESIAN_POINT('',(-5.226986257125,-9.543098954227));
#2823 = CARTESIAN_POINT('',(-5.216516384624,-9.496777928585));
#2824 = CARTESIAN_POINT('',(-5.206741425938,-9.449290888759));
#2825 = CARTESIAN_POINT('',(-5.197779843055,-9.400655298779));
#2826 = CARTESIAN_POINT('',(-5.189760303796,-9.350875609627));
#2827 = CARTESIAN_POINT('',(-5.182820433806,-9.299933600239));
#2828 = CARTESIAN_POINT('',(-5.173339739249,-9.213411856082));
#2829 = CARTESIAN_POINT('',(-5.170106981342,-9.178529666839));
#2830 = CARTESIAN_POINT('',(-5.167462650535,-9.143246566308));
#2831 = CARTESIAN_POINT('',(-5.165448845741,-9.107665483539));
#2832 = CARTESIAN_POINT('',(-5.164094551099,-9.071878369179));
#2833 = CARTESIAN_POINT('',(-5.163415792181,-9.03596636943));
#2834 = CARTESIAN_POINT('',(-5.163415792181,-8.93919646071));
#2835 = CARTESIAN_POINT('',(-5.165355959895,-8.878889500938));
#2836 = CARTESIAN_POINT('',(-5.169179694537,-8.819229450976));
#2837 = CARTESIAN_POINT('',(-5.174770138784,-8.760406395115));
#2838 = CARTESIAN_POINT('',(-5.181947159156,-8.70268937642));
#2839 = CARTESIAN_POINT('',(-5.190462339179,-8.646461098286));
#2840 = CARTESIAN_POINT('',(-5.219435300973,-8.481637510923));
#2841 = CARTESIAN_POINT('',(-5.243564275333,-8.3767833205));
#2842 = CARTESIAN_POINT('',(-5.270961933592,-8.277328780993));
#2843 = CARTESIAN_POINT('',(-5.300584612261,-8.183203890843));
#2844 = CARTESIAN_POINT('',(-5.331895601248,-8.094010879589));
#2845 = CARTESIAN_POINT('',(-5.364839448311,-8.008909946564));
#2846 = CARTESIAN_POINT('',(-5.430971884395,-7.854170004111));
#2847 = CARTESIAN_POINT('',(-5.463473682896,-7.78451363369));
#2848 = CARTESIAN_POINT('',(-5.497220793213,-7.718204035334));
#2849 = CARTESIAN_POINT('',(-5.532215398876,-7.655436390539));
#2850 = CARTESIAN_POINT('',(-5.568489049094,-7.596590261115));
#2851 = CARTESIAN_POINT('',(-5.606078444367,-7.542248481629));
#2852 = CARTESIAN_POINT('',(-5.661746480527,-7.472170503577));
#2853 = CARTESIAN_POINT('',(-5.678739766067,-7.452076488156));
#2854 = CARTESIAN_POINT('',(-5.695987280247,-7.433030827211));
#2855 = CARTESIAN_POINT('',(-5.713487940601,-7.415111525625));
#2856 = CARTESIAN_POINT('',(-5.731240256309,-7.398403679377));
#2857 = CARTESIAN_POINT('',(-5.74924230128,-7.382999770939));
#2858 = CARTESIAN_POINT('',(-5.781966394313,-7.357895859853));
#2859 = CARTESIAN_POINT('',(-5.796598344006,-7.347673874813));
#2860 = CARTESIAN_POINT('',(-5.811378319859,-7.338390524592));
#2861 = CARTESIAN_POINT('',(-5.826297108424,-7.330102066589));
#2862 = CARTESIAN_POINT('',(-5.841345499269,-7.322864500568));
#2863 = CARTESIAN_POINT('',(-5.856514284981,-7.316733568654));
#2864 = CARTESIAN_POINT('',(-5.89852247579,-7.303073150893));
#2865 = CARTESIAN_POINT('',(-5.925641552035,-7.297921094327));
#2866 = CARTESIAN_POINT('',(-5.952993548916,-7.296666702617));
#2867 = CARTESIAN_POINT('',(-5.98042990129,-7.299577945869));
#2868 = CARTESIAN_POINT('',(-6.007808355967,-7.306833200991));
#2869 = CARTESIAN_POINT('',(-6.034990697498,-7.318519518318));
#2870 = CARTESIAN_POINT('',(-6.097112403874,-7.355789634402));
#2871 = CARTESIAN_POINT('',(-6.131557061189,-7.384430004301));
#2872 = CARTESIAN_POINT('',(-6.164931666202,-7.420362529502));
#2873 = CARTESIAN_POINT('',(-6.197000113142,-7.463172469029));
#2874 = CARTESIAN_POINT('',(-6.227534188095,-7.512214335064));
#2875 = CARTESIAN_POINT('',(-6.25632212755,-7.566607027676));
#2876 = CARTESIAN_POINT('',(-6.28318530718,-7.625227291513));
#2877 = ( GEOMETRIC_REPRESENTATION_CONTEXT(2) 
PARAMETRIC_REPRESENTATION_CONTEXT() REPRESENTATION_CONTEXT('2D SPACE',''
  ) );
#2878 = PCURVE('',#2573,#2879);
#2879 = DEFINITIONAL_REPRESENTATION('',(#2880),#2979);
#2880 = B_SPLINE_CURVE_WITH_KNOTS('',7,(#2881,#2882,#2883,#2884,#2885,
    #2886,#2887,#2888,#2889,#2890,#2891,#2892,#2893,#2894,#2895,#2896,
    #2897,#2898,#2899,#2900,#2901,#2902,#2903,#2904,#2905,#2906,#2907,
    #2908,#2909,#2910,#2911,#2912,#2913,#2914,#2915,#2916,#2917,#2918,
    #2919,#2920,#2921,#2922,#2923,#2924,#2925,#2926,#2927,#2928,#2929,
    #2930,#2931,#2932,#2933,#2934,#2935,#2936,#2937,#2938,#2939,#2940,
    #2941,#2942,#2943,#2944,#2945,#2946,#2947,#2948,#2949,#2950,#2951,
    #2952,#2953,#2954,#2955,#2956,#2957,#2958,#2959,#2960,#2961,#2962,
    #2963,#2964,#2965,#2966,#2967,#2968,#2969,#2970,#2971,#2972,#2973,
    #2974,#2975,#2976,#2977,#2978),.UNSPECIFIED.,.F.,.F.,(8,6,6,6,6,6,6,
    6,6,6,6,6,6,6,6,6,8),(0.,3.047226742589E-02,8.364260131451E-02,
    0.1412045713,0.17874428785,0.222458522433,0.327993400887,
    0.414645666742,0.465803654409,0.499514168601,0.556504034597,
    0.672780329864,0.776621397845,0.821269304994,0.856682297976,
    0.918627818432,1.),.UNSPECIFIED.);
#2881 = CARTESIAN_POINT('',(-0.9419214013,-5.));
#2882 = CARTESIAN_POINT('',(-0.963968463641,-5.));
#2883 = CARTESIAN_POINT('',(-0.986157142051,-4.999642858915));
#2884 = CARTESIAN_POINT('',(-1.00848033082,-4.99889594965));
#2885 = CARTESIAN_POINT('',(-1.030931637344,-4.997727017988));
#2886 = CARTESIAN_POINT('',(-1.053505382123,-4.996104182589));
#2887 = CARTESIAN_POINT('',(-1.076196598764,-4.99399593499));
#2888 = CARTESIAN_POINT('',(-1.138791950014,-4.986791196633));
#2889 = CARTESIAN_POINT('',(-1.178969070302,-4.980634358702));
#2890 = CARTESIAN_POINT('',(-1.219409185777,-4.97274173281));
#2891 = CARTESIAN_POINT('',(-1.260003476715,-4.962983717535));
#2892 = CARTESIAN_POINT('',(-1.300653004522,-4.95126642163));
#2893 = CARTESIAN_POINT('',(-1.341264203534,-4.937538082613));
#2894 = CARTESIAN_POINT('',(-1.425568026295,-4.904752618714));
#2895 = CARTESIAN_POINT('',(-1.469123665753,-4.885393498588));
#2896 = CARTESIAN_POINT('',(-1.51231013874,-4.863728998796));
#2897 = CARTESIAN_POINT('',(-1.555027039035,-4.839832544291));
#2898 = CARTESIAN_POINT('',(-1.597169490559,-4.813841973181));
#2899 = CARTESIAN_POINT('',(-1.638622931298,-4.785961398728));
#2900 = CARTESIAN_POINT('',(-1.705758468754,-4.737225389791));
#2901 = CARTESIAN_POINT('',(-1.731934264047,-4.717282531362));
#2902 = CARTESIAN_POINT('',(-1.757787550246,-4.696679413047));
#2903 = CARTESIAN_POINT('',(-1.783319277124,-4.67546367592));
#2904 = CARTESIAN_POINT('',(-1.808529077082,-4.653685685147));
#2905 = CARTESIAN_POINT('',(-1.833415265152,-4.631398529981));
#2906 = CARTESIAN_POINT('',(-1.886573962028,-4.582177167906));
#2907 = CARTESIAN_POINT('',(-1.914736100666,-4.555075940353));
#2908 = CARTESIAN_POINT('',(-1.942481587672,-4.527418064162));
#2909 = CARTESIAN_POINT('',(-1.969829252279,-4.49926547709));
#2910 = CARTESIAN_POINT('',(-1.996796879721,-4.470678045556));
#2911 = CARTESIAN_POINT('',(-2.023401670761,-4.441713278589));
#2912 = CARTESIAN_POINT('',(-2.11305523654,-4.341720812561));
#2913 = CARTESIAN_POINT('',(-2.174493254543,-4.269070911651));
#2914 = CARTESIAN_POINT('',(-2.234272637807,-4.195168948356));
#2915 = CARTESIAN_POINT('',(-2.292697377321,-4.12059356453));
#2916 = CARTESIAN_POINT('',(-2.350072771962,-4.045839110255));
#2917 = CARTESIAN_POINT('',(-2.406718739951,-3.971394473856));
#2918 = CARTESIAN_POINT('',(-2.509213512879,-3.837502684196));
#2919 = CARTESIAN_POINT('',(-2.555003840318,-3.777986917229));
#2920 = CARTESIAN_POINT('',(-2.600742200485,-3.719440653625));
#2921 = CARTESIAN_POINT('',(-2.646736307003,-3.662138703015));
#2922 = CARTESIAN_POINT('',(-2.693211279186,-3.606651408143));
#2923 = CARTESIAN_POINT('',(-2.740336042651,-3.553942806176));
#2924 = CARTESIAN_POINT('',(-2.816565006341,-3.476644412271));
#2925 = CARTESIAN_POINT('',(-2.845262122861,-3.449260492604));
#2926 = CARTESIAN_POINT('',(-2.874365185271,-3.423511964004));
#2927 = CARTESIAN_POINT('',(-2.903887461974,-3.399759558009));
#2928 = CARTESIAN_POINT('',(-2.933854270201,-3.378395214727));
#2929 = CARTESIAN_POINT('',(-2.96430891685,-3.359834779293));
#2930 = CARTESIAN_POINT('',(-3.0157534312,-3.33440901772));
#2931 = CARTESIAN_POINT('',(-3.036422056068,-3.325716939376));
#2932 = CARTESIAN_POINT('',(-3.057268329577,-3.318592467893));
#2933 = CARTESIAN_POINT('',(-3.078244570646,-3.313158991882));
#2934 = CARTESIAN_POINT('',(-3.099311234334,-3.309502256873));
#2935 = CARTESIAN_POINT('',(-3.12043596569,-3.307669683062));
#2936 = CARTESIAN_POINT('',(-3.177359441407,-3.307669683062));
#2937 = CARTESIAN_POINT('',(-3.212834078004,-3.312908146845));
#2938 = CARTESIAN_POINT('',(-3.248003126666,-3.323232185078));
#2939 = CARTESIAN_POINT('',(-3.282823364624,-3.338295459992));
#2940 = CARTESIAN_POINT('',(-3.317200349154,-3.357554298704));
#2941 = CARTESIAN_POINT('',(-3.350959280066,-3.380271633935));
#2942 = CARTESIAN_POINT('',(-3.450829651459,-3.457060854272));
#2943 = CARTESIAN_POINT('',(-3.515658125373,-3.520391848076));
#2944 = CARTESIAN_POINT('',(-3.578847598483,-3.591196163142));
#2945 = CARTESIAN_POINT('',(-3.640697947242,-3.666147658625));
#2946 = CARTESIAN_POINT('',(-3.701662678341,-3.743453204768));
#2947 = CARTESIAN_POINT('',(-3.762548681413,-3.822551050889));
#2948 = CARTESIAN_POINT('',(-3.87988931294,-3.975893937613));
#2949 = CARTESIAN_POINT('',(-3.935618567283,-4.049095235639));
#2950 = CARTESIAN_POINT('',(-3.992066618876,-4.12258160591));
#2951 = CARTESIAN_POINT('',(-4.049536150855,-4.19588577367));
#2952 = CARTESIAN_POINT('',(-4.108315908456,-4.268533864924));
#2953 = CARTESIAN_POINT('',(-4.168692843741,-4.339973996274));
#2954 = CARTESIAN_POINT('',(-4.257714990283,-4.4394637506));
#2955 = CARTESIAN_POINT('',(-4.284840970937,-4.469046488187));
#2956 = CARTESIAN_POINT('',(-4.312343785113,-4.498239130789));
#2957 = CARTESIAN_POINT('',(-4.340241724435,-4.526980704553));
#2958 = CARTESIAN_POINT('',(-4.368553704002,-4.555207667613));
#2959 = CARTESIAN_POINT('',(-4.397299771291,-4.582854224898));
#2960 = CARTESIAN_POINT('',(-4.449663387993,-4.631266743857));
#2961 = CARTESIAN_POINT('',(-4.47311458321,-4.65227566616));
#2962 = CARTESIAN_POINT('',(-4.496853077602,-4.672833164983));
#2963 = CARTESIAN_POINT('',(-4.520877780526,-4.692895061947));
#2964 = CARTESIAN_POINT('',(-4.545188633788,-4.712419245164));
#2965 = CARTESIAN_POINT('',(-4.569786611644,-4.73136566924));
#2966 = CARTESIAN_POINT('',(-4.638207034404,-4.781760967475));
#2967 = CARTESIAN_POINT('',(-4.682707718639,-4.812002700028));
#2968 = CARTESIAN_POINT('',(-4.728012855284,-4.840074047972));
#2969 = CARTESIAN_POINT('',(-4.77397973941,-4.86571633823));
#2970 = CARTESIAN_POINT('',(-4.820478511769,-4.888760678048));
#2971 = CARTESIAN_POINT('',(-4.86738496734,-4.909125367136));
#2972 = CARTESIAN_POINT('',(-4.976560864981,-4.950040165596));
#2973 = CARTESIAN_POINT('',(-5.038588532136,-4.968478270085));
#2974 = CARTESIAN_POINT('',(-5.100445675998,-4.982274770411));
#2975 = CARTESIAN_POINT('',(-5.161910803631,-4.991771540751));
#2976 = CARTESIAN_POINT('',(-5.22273941503,-4.997474249907));
#2977 = CARTESIAN_POINT('',(-5.282643642042,-5.));
#2978 = CARTESIAN_POINT('',(-5.34126390588,-5.));
#2979 = ( GEOMETRIC_REPRESENTATION_CONTEXT(2) 
PARAMETRIC_REPRESENTATION_CONTEXT() REPRESENTATION_CONTEXT('2D SPACE',''
  ) );
#2980 = ORIENTED_EDGE('',*,*,#2512,.F.);
#2981 = ORIENTED_EDGE('',*,*,#2982,.T.);
#2982 = EDGE_CURVE('',#2485,#2983,#2985,.T.);
#2983 = VERTEX_POINT('',#2984);
#2984 = CARTESIAN_POINT('',(137.4,83.026786250537,-8.));
#2985 = SURFACE_CURVE('',#2986,(#2991,#2998),.PCURVE_S1.);
#2986 = CIRCLE('',#2987,3.);
#2987 = AXIS2_PLACEMENT_3D('',#2988,#2989,#2990);
#2988 = CARTESIAN_POINT('',(137.,86.,-8.));
#2989 = DIRECTION('',(0.,0.,-1.));
#2990 = DIRECTION('',(1.,0.,0.));
#2991 = PCURVE('',#426,#2992);
#2992 = DEFINITIONAL_REPRESENTATION('',(#2993),#2997);
#2993 = LINE('',#2994,#2995);
#2994 = CARTESIAN_POINT('',(-6.28318530718,-1.));
#2995 = VECTOR('',#2996,1.);
#2996 = DIRECTION('',(1.,-0.));
#2997 = ( GEOMETRIC_REPRESENTATION_CONTEXT(2) 
PARAMETRIC_REPRESENTATION_CONTEXT() REPRESENTATION_CONTEXT('2D SPACE',''
  ) );
#2998 = PCURVE('',#1303,#2999);
#2999 = DEFINITIONAL_REPRESENTATION('',(#3000),#3008);
#3000 = ( BOUNDED_CURVE() B_SPLINE_CURVE(2,(#3001,#3002,#3003,#3004,
#3005,#3006,#3007),.UNSPECIFIED.,.T.,.F.) B_SPLINE_CURVE_WITH_KNOTS((1,2
    ,2,2,2,1),(-2.094395102393,0.,2.094395102393,4.188790204786,
6.28318530718,8.377580409573),.UNSPECIFIED.) CURVE() 
GEOMETRIC_REPRESENTATION_ITEM() RATIONAL_B_SPLINE_CURVE((1.,0.5,1.,0.5,
1.,0.5,1.)) REPRESENTATION_ITEM('') );
#3001 = CARTESIAN_POINT('',(2.6,20.));
#3002 = CARTESIAN_POINT('',(2.6,14.803847577293));
#3003 = CARTESIAN_POINT('',(-1.9,17.401923788647));
#3004 = CARTESIAN_POINT('',(-6.4,20.));
#3005 = CARTESIAN_POINT('',(-1.9,22.598076211353));
#3006 = CARTESIAN_POINT('',(2.6,25.196152422707));
#3007 = CARTESIAN_POINT('',(2.6,20.));
#3008 = ( GEOMETRIC_REPRESENTATION_CONTEXT(2) 
PARAMETRIC_REPRESENTATION_CONTEXT() REPRESENTATION_CONTEXT('2D SPACE',''
  ) );
#3009 = ORIENTED_EDGE('',*,*,#3010,.F.);
#3010 = EDGE_CURVE('',#796,#2983,#3011,.T.);
#3011 = SURFACE_CURVE('',#3012,(#3016,#3022),.PCURVE_S1.);
#3012 = LINE('',#3013,#3014);
#3013 = CARTESIAN_POINT('',(137.4,83.026786250536,-9.));
#3014 = VECTOR('',#3015,1.);
#3015 = DIRECTION('',(-0.,-0.,-1.));
#3016 = PCURVE('',#426,#3017);
#3017 = DEFINITIONAL_REPRESENTATION('',(#3018),#3021);
#3018 = B_SPLINE_CURVE_WITH_KNOTS('',1,(#3019,#3020),.UNSPECIFIED.,.F.,
  .F.,(2,2),(-18.6,5.999999999062E-07),.PIECEWISE_BEZIER_KNOTS.);
#3019 = CARTESIAN_POINT('',(-4.846120569795,-18.6));
#3020 = CARTESIAN_POINT('',(-4.846120569795,5.999999999062E-07));
#3021 = ( GEOMETRIC_REPRESENTATION_CONTEXT(2) 
PARAMETRIC_REPRESENTATION_CONTEXT() REPRESENTATION_CONTEXT('2D SPACE',''
  ) );
#3022 = PCURVE('',#811,#3023);
#3023 = DEFINITIONAL_REPRESENTATION('',(#3024),#3027);
#3024 = B_SPLINE_CURVE_WITH_KNOTS('',1,(#3025,#3026),.UNSPECIFIED.,.F.,
  .F.,(2,2),(-18.6,5.999999999062E-07),.PIECEWISE_BEZIER_KNOTS.);
#3025 = CARTESIAN_POINT('',(17.6,-17.02678625053));
#3026 = CARTESIAN_POINT('',(-1.0000006,-17.02678625053));
#3027 = ( GEOMETRIC_REPRESENTATION_CONTEXT(2) 
PARAMETRIC_REPRESENTATION_CONTEXT() REPRESENTATION_CONTEXT('2D SPACE',''
  ) );
#3028 = ORIENTED_EDGE('',*,*,#823,.T.);
#3029 = ORIENTED_EDGE('',*,*,#3030,.T.);
#3030 = EDGE_CURVE('',#824,#2483,#3031,.T.);
#3031 = SURFACE_CURVE('',#3032,(#3036,#3042),.PCURVE_S1.);
#3032 = LINE('',#3033,#3034);
#3033 = CARTESIAN_POINT('',(137.4,88.973213749464,-9.));
#3034 = VECTOR('',#3035,1.);
#3035 = DIRECTION('',(-0.,-0.,-1.));
#3036 = PCURVE('',#426,#3037);
#3037 = DEFINITIONAL_REPRESENTATION('',(#3038),#3041);
#3038 = B_SPLINE_CURVE_WITH_KNOTS('',1,(#3039,#3040),.UNSPECIFIED.,.F.,
  .F.,(2,2),(-18.6,5.999999999062E-07),.PIECEWISE_BEZIER_KNOTS.);
#3039 = CARTESIAN_POINT('',(-1.437064737385,-18.6));
#3040 = CARTESIAN_POINT('',(-1.437064737385,5.999999999062E-07));
#3041 = ( GEOMETRIC_REPRESENTATION_CONTEXT(2) 
PARAMETRIC_REPRESENTATION_CONTEXT() REPRESENTATION_CONTEXT('2D SPACE',''
  ) );
#3042 = PCURVE('',#867,#3043);
#3043 = DEFINITIONAL_REPRESENTATION('',(#3044),#3047);
#3044 = B_SPLINE_CURVE_WITH_KNOTS('',1,(#3045,#3046),.UNSPECIFIED.,.F.,
  .F.,(2,2),(-18.6,5.999999999062E-07),.PIECEWISE_BEZIER_KNOTS.);
#3045 = CARTESIAN_POINT('',(17.6,-22.97321374946));
#3046 = CARTESIAN_POINT('',(-1.0000006,-22.97321374946));
#3047 = ( GEOMETRIC_REPRESENTATION_CONTEXT(2) 
PARAMETRIC_REPRESENTATION_CONTEXT() REPRESENTATION_CONTEXT('2D SPACE',''
  ) );
#3048 = ADVANCED_FACE('',(#3049),#461,.F.);
#3049 = FACE_BOUND('',#3050,.T.);
#3050 = EDGE_LOOP('',(#3051,#3052,#3073,#3074));
#3051 = ORIENTED_EDGE('',*,*,#907,.T.);
#3052 = ORIENTED_EDGE('',*,*,#3053,.T.);
#3053 = EDGE_CURVE('',#908,#441,#3054,.T.);
#3054 = SEAM_CURVE('',#3055,(#3059,#3066),.PCURVE_S1.);
#3055 = LINE('',#3056,#3057);
#3056 = CARTESIAN_POINT('',(134.7,90.,7.));
#3057 = VECTOR('',#3058,1.);
#3058 = DIRECTION('',(0.,0.,1.));
#3059 = PCURVE('',#461,#3060);
#3060 = DEFINITIONAL_REPRESENTATION('',(#3061),#3065);
#3061 = LINE('',#3062,#3063);
#3062 = CARTESIAN_POINT('',(-6.28318530718,0.));
#3063 = VECTOR('',#3064,1.);
#3064 = DIRECTION('',(-0.,-1.));
#3065 = ( GEOMETRIC_REPRESENTATION_CONTEXT(2) 
PARAMETRIC_REPRESENTATION_CONTEXT() REPRESENTATION_CONTEXT('2D SPACE',''
  ) );
#3066 = PCURVE('',#461,#3067);
#3067 = DEFINITIONAL_REPRESENTATION('',(#3068),#3072);
#3068 = LINE('',#3069,#3070);
#3069 = CARTESIAN_POINT('',(-0.,0.));
#3070 = VECTOR('',#3071,1.);
#3071 = DIRECTION('',(-0.,-1.));
#3072 = ( GEOMETRIC_REPRESENTATION_CONTEXT(2) 
PARAMETRIC_REPRESENTATION_CONTEXT() REPRESENTATION_CONTEXT('2D SPACE',''
  ) );
#3073 = ORIENTED_EDGE('',*,*,#440,.F.);
#3074 = ORIENTED_EDGE('',*,*,#3053,.F.);
#3075 = ADVANCED_FACE('',(#3076,#3171),#496,.F.);
#3076 = FACE_BOUND('',#3077,.T.);
#3077 = EDGE_LOOP('',(#3078,#3079,#3100,#3101,#3102,#3103,#3124,#3152));
#3078 = ORIENTED_EDGE('',*,*,#1023,.T.);
#3079 = ORIENTED_EDGE('',*,*,#3080,.T.);
#3080 = EDGE_CURVE('',#1024,#476,#3081,.T.);
#3081 = SEAM_CURVE('',#3082,(#3086,#3093),.PCURVE_S1.);
#3082 = LINE('',#3083,#3084);
#3083 = CARTESIAN_POINT('',(156.,86.,-9.));
#3084 = VECTOR('',#3085,1.);
#3085 = DIRECTION('',(0.,0.,1.));
#3086 = PCURVE('',#496,#3087);
#3087 = DEFINITIONAL_REPRESENTATION('',(#3088),#3092);
#3088 = LINE('',#3089,#3090);
#3089 = CARTESIAN_POINT('',(-6.28318530718,0.));
#3090 = VECTOR('',#3091,1.);
#3091 = DIRECTION('',(-0.,-1.));
#3092 = ( GEOMETRIC_REPRESENTATION_CONTEXT(2) 
PARAMETRIC_REPRESENTATION_CONTEXT() REPRESENTATION_CONTEXT('2D SPACE',''
  ) );
#3093 = PCURVE('',#496,#3094);
#3094 = DEFINITIONAL_REPRESENTATION('',(#3095),#3099);
#3095 = LINE('',#3096,#3097);
#3096 = CARTESIAN_POINT('',(-0.,0.));
#3097 = VECTOR('',#3098,1.);
#3098 = DIRECTION('',(-0.,-1.));
#3099 = ( GEOMETRIC_REPRESENTATION_CONTEXT(2) 
PARAMETRIC_REPRESENTATION_CONTEXT() REPRESENTATION_CONTEXT('2D SPACE',''
  ) );
#3100 = ORIENTED_EDGE('',*,*,#475,.F.);
#3101 = ORIENTED_EDGE('',*,*,#3080,.F.);
#3102 = ORIENTED_EDGE('',*,*,#1051,.T.);
#3103 = ORIENTED_EDGE('',*,*,#3104,.T.);
#3104 = EDGE_CURVE('',#1052,#3105,#3107,.T.);
#3105 = VERTEX_POINT('',#3106);
#3106 = CARTESIAN_POINT('',(152.6,83.026786250536,-8.));
#3107 = SURFACE_CURVE('',#3108,(#3112,#3118),.PCURVE_S1.);
#3108 = LINE('',#3109,#3110);
#3109 = CARTESIAN_POINT('',(152.6,83.026786250536,-9.));
#3110 = VECTOR('',#3111,1.);
#3111 = DIRECTION('',(-0.,-0.,-1.));
#3112 = PCURVE('',#496,#3113);
#3113 = DEFINITIONAL_REPRESENTATION('',(#3114),#3117);
#3114 = B_SPLINE_CURVE_WITH_KNOTS('',1,(#3115,#3116),.UNSPECIFIED.,.F.,
  .F.,(2,2),(-18.6,5.999999999062E-07),.PIECEWISE_BEZIER_KNOTS.);
#3115 = CARTESIAN_POINT('',(-4.578657390975,-18.6));
#3116 = CARTESIAN_POINT('',(-4.578657390975,5.999999999062E-07));
#3117 = ( GEOMETRIC_REPRESENTATION_CONTEXT(2) 
PARAMETRIC_REPRESENTATION_CONTEXT() REPRESENTATION_CONTEXT('2D SPACE',''
  ) );
#3118 = PCURVE('',#1095,#3119);
#3119 = DEFINITIONAL_REPRESENTATION('',(#3120),#3123);
#3120 = B_SPLINE_CURVE_WITH_KNOTS('',1,(#3121,#3122),.UNSPECIFIED.,.F.,
  .F.,(2,2),(-18.6,5.999999999062E-07),.PIECEWISE_BEZIER_KNOTS.);
#3121 = CARTESIAN_POINT('',(17.6,-17.02678625053));
#3122 = CARTESIAN_POINT('',(-1.0000006,-17.02678625053));
#3123 = ( GEOMETRIC_REPRESENTATION_CONTEXT(2) 
PARAMETRIC_REPRESENTATION_CONTEXT() REPRESENTATION_CONTEXT('2D SPACE',''
  ) );
#3124 = ORIENTED_EDGE('',*,*,#3125,.T.);
#3125 = EDGE_CURVE('',#3105,#3126,#3128,.T.);
#3126 = VERTEX_POINT('',#3127);
#3127 = CARTESIAN_POINT('',(152.6,88.973213749464,-8.));
#3128 = SURFACE_CURVE('',#3129,(#3134,#3141),.PCURVE_S1.);
#3129 = CIRCLE('',#3130,3.);
#3130 = AXIS2_PLACEMENT_3D('',#3131,#3132,#3133);
#3131 = CARTESIAN_POINT('',(153.,86.,-8.));
#3132 = DIRECTION('',(0.,0.,-1.));
#3133 = DIRECTION('',(1.,0.,0.));
#3134 = PCURVE('',#496,#3135);
#3135 = DEFINITIONAL_REPRESENTATION('',(#3136),#3140);
#3136 = LINE('',#3137,#3138);
#3137 = CARTESIAN_POINT('',(-6.28318530718,-1.));
#3138 = VECTOR('',#3139,1.);
#3139 = DIRECTION('',(1.,-0.));
#3140 = ( GEOMETRIC_REPRESENTATION_CONTEXT(2) 
PARAMETRIC_REPRESENTATION_CONTEXT() REPRESENTATION_CONTEXT('2D SPACE',''
  ) );
#3141 = PCURVE('',#1967,#3142);
#3142 = DEFINITIONAL_REPRESENTATION('',(#3143),#3151);
#3143 = ( BOUNDED_CURVE() B_SPLINE_CURVE(2,(#3144,#3145,#3146,#3147,
#3148,#3149,#3150),.UNSPECIFIED.,.T.,.F.) B_SPLINE_CURVE_WITH_KNOTS((1,2
    ,2,2,2,1),(-2.094395102393,0.,2.094395102393,4.188790204786,
6.28318530718,8.377580409573),.UNSPECIFIED.) CURVE() 
GEOMETRIC_REPRESENTATION_ITEM() RATIONAL_B_SPLINE_CURVE((1.,0.5,1.,0.5,
1.,0.5,1.)) REPRESENTATION_ITEM('') );
#3144 = CARTESIAN_POINT('',(9.4,20.));
#3145 = CARTESIAN_POINT('',(9.4,14.803847577293));
#3146 = CARTESIAN_POINT('',(4.9,17.401923788647));
#3147 = CARTESIAN_POINT('',(0.4,20.));
#3148 = CARTESIAN_POINT('',(4.9,22.598076211353));
#3149 = CARTESIAN_POINT('',(9.4,25.196152422707));
#3150 = CARTESIAN_POINT('',(9.4,20.));
#3151 = ( GEOMETRIC_REPRESENTATION_CONTEXT(2) 
PARAMETRIC_REPRESENTATION_CONTEXT() REPRESENTATION_CONTEXT('2D SPACE',''
  ) );
#3152 = ORIENTED_EDGE('',*,*,#3153,.F.);
#3153 = EDGE_CURVE('',#996,#3126,#3154,.T.);
#3154 = SURFACE_CURVE('',#3155,(#3159,#3165),.PCURVE_S1.);
#3155 = LINE('',#3156,#3157);
#3156 = CARTESIAN_POINT('',(152.6,88.973213749464,-9.));
#3157 = VECTOR('',#3158,1.);
#3158 = DIRECTION('',(-0.,-0.,-1.));
#3159 = PCURVE('',#496,#3160);
#3160 = DEFINITIONAL_REPRESENTATION('',(#3161),#3164);
#3161 = B_SPLINE_CURVE_WITH_KNOTS('',1,(#3162,#3163),.UNSPECIFIED.,.F.,
  .F.,(2,2),(-18.6,5.999999999062E-07),.PIECEWISE_BEZIER_KNOTS.);
#3162 = CARTESIAN_POINT('',(-1.704527916205,-18.6));
#3163 = CARTESIAN_POINT('',(-1.704527916205,5.999999999062E-07));
#3164 = ( GEOMETRIC_REPRESENTATION_CONTEXT(2) 
PARAMETRIC_REPRESENTATION_CONTEXT() REPRESENTATION_CONTEXT('2D SPACE',''
  ) );
#3165 = PCURVE('',#1011,#3166);
#3166 = DEFINITIONAL_REPRESENTATION('',(#3167),#3170);
#3167 = B_SPLINE_CURVE_WITH_KNOTS('',1,(#3168,#3169),.UNSPECIFIED.,.F.,
  .F.,(2,2),(-18.6,5.999999999062E-07),.PIECEWISE_BEZIER_KNOTS.);
#3168 = CARTESIAN_POINT('',(17.6,-22.97321374946));
#3169 = CARTESIAN_POINT('',(-1.0000006,-22.97321374946));
#3170 = ( GEOMETRIC_REPRESENTATION_CONTEXT(2) 
PARAMETRIC_REPRESENTATION_CONTEXT() REPRESENTATION_CONTEXT('2D SPACE',''
  ) );
#3171 = FACE_BOUND('',#3172,.T.);
#3172 = EDGE_LOOP('',(#3173));
#3173 = ORIENTED_EDGE('',*,*,#3174,.F.);
#3174 = EDGE_CURVE('',#3175,#3175,#3177,.T.);
#3175 = VERTEX_POINT('',#3176);
#3176 = CARTESIAN_POINT('',(150.08280957083,86.7,0.));
#3177 = SURFACE_CURVE('',#3178,(#3307,#3439),.PCURVE_S1.);
#3178 = B_SPLINE_CURVE_WITH_KNOTS('',7,(#3179,#3180,#3181,#3182,#3183,
    #3184,#3185,#3186,#3187,#3188,#3189,#3190,#3191,#3192,#3193,#3194,
    #3195,#3196,#3197,#3198,#3199,#3200,#3201,#3202,#3203,#3204,#3205,
    #3206,#3207,#3208,#3209,#3210,#3211,#3212,#3213,#3214,#3215,#3216,
    #3217,#3218,#3219,#3220,#3221,#3222,#3223,#3224,#3225,#3226,#3227,
    #3228,#3229,#3230,#3231,#3232,#3233,#3234,#3235,#3236,#3237,#3238,
    #3239,#3240,#3241,#3242,#3243,#3244,#3245,#3246,#3247,#3248,#3249,
    #3250,#3251,#3252,#3253,#3254,#3255,#3256,#3257,#3258,#3259,#3260,
    #3261,#3262,#3263,#3264,#3265,#3266,#3267,#3268,#3269,#3270,#3271,
    #3272,#3273,#3274,#3275,#3276,#3277,#3278,#3279,#3280,#3281,#3282,
    #3283,#3284,#3285,#3286,#3287,#3288,#3289,#3290,#3291,#3292,#3293,
    #3294,#3295,#3296,#3297,#3298,#3299,#3300,#3301,#3302,#3303,#3304,
    #3305,#3306),.UNSPECIFIED.,.T.,.F.,(8,6,6,6,6,6,6,6,6,6,6,6,6,6,6,6,
    6,6,6,6,6,8),(0.,0.113901137767,0.142418460182,0.165063744903,
    0.20444633827,0.245311025632,0.271961426118,0.302995287397,
    0.377917216361,0.439433892193,0.475752265551,0.499684228015,
    0.540142802038,0.622690339518,0.696409788794,0.728106488283,
    0.753247084333,0.79722380521,0.835126199973,0.857861185865,
    0.886271755878,1.),.UNSPECIFIED.);
#3179 = CARTESIAN_POINT('',(150.08280957083,86.7,-2.22044604925E-16));
#3180 = CARTESIAN_POINT('',(150.08280957083,86.7,0.17123464329));
#3181 = CARTESIAN_POINT('',(150.07798088178,86.679877806514,
    0.34221113203));
#3182 = CARTESIAN_POINT('',(150.06835094592,86.639740668232,
    0.511294121981));
#3183 = CARTESIAN_POINT('',(150.05478268737,86.579357062925,
    0.676757088645));
#3184 = CARTESIAN_POINT('',(150.03900451374,86.498266455094,0.8365649346
    ));
#3185 = CARTESIAN_POINT('',(150.02362749502,86.395902721412,
    0.988149820465));
#3186 = CARTESIAN_POINT('',(150.00950984212,86.240711964583,
    1.163110833648));
#3187 = CARTESIAN_POINT('',(150.00693848004,86.208267497777,1.1974205009
    ));
#3188 = CARTESIAN_POINT('',(150.00468182119,86.174454925171,
    1.230940482741));
#3189 = CARTESIAN_POINT('',(150.00280259301,86.13927855331,
    1.263603132697));
#3190 = CARTESIAN_POINT('',(150.00136704936,86.102745432042,
    1.29533899294));
#3191 = CARTESIAN_POINT('',(150.00044497049,86.064865354526,
    1.326076794292));
#3192 = CARTESIAN_POINT('',(149.99984339924,85.994511066338,
    1.379301418507));
#3193 = CARTESIAN_POINT('',(149.99994693355,85.962528813901,
    1.402184593787));
#3194 = CARTESIAN_POINT('',(150.00045737706,85.929725248742,
    1.424345205178));
#3195 = CARTESIAN_POINT('',(150.00141164975,85.896123462367,
    1.445737474107));
#3196 = CARTESIAN_POINT('',(150.0028464805,85.861748488959,
    1.466317620312));
#3197 = CARTESIAN_POINT('',(150.00479840714,85.826627305378,
    1.486043861835));
#3198 = CARTESIAN_POINT('',(150.01166088381,85.728461857821,
    1.537628256911));
#3199 = CARTESIAN_POINT('',(150.01769639239,85.663890795277,
    1.56771596167));
#3200 = CARTESIAN_POINT('',(150.02559519999,85.597399740703,
    1.594822987181));
#3201 = CARTESIAN_POINT('',(150.03550932755,85.529339112288,
    1.618709045949));
#3202 = CARTESIAN_POINT('',(150.0475500062,85.460077959782,
    1.639206698578));
#3203 = CARTESIAN_POINT('',(150.0617797643,85.389996275043,1.65621794725
    ));
#3204 = CARTESIAN_POINT('',(150.09524738128,85.246304473772,
    1.683711491803));
#3205 = CARTESIAN_POINT('',(150.11460650141,85.172863218164,
    1.693885228349));
#3206 = CARTESIAN_POINT('',(150.1362710012,85.099568166772,
    1.700238752146));
#3207 = CARTESIAN_POINT('',(150.1601674557,85.026832156221,
    1.702848792527));
#3208 = CARTESIAN_POINT('',(150.18615802681,84.955061315026,
    1.701860900872));
#3209 = CARTESIAN_POINT('',(150.21403860127,84.884650149868,
    1.697488256629));
#3210 = CARTESIAN_POINT('',(150.26277461989,84.771190365884,
    1.685133746449));
#3211 = CARTESIAN_POINT('',(150.28271746983,84.727103882043,
    1.678932209636));
#3212 = CARTESIAN_POINT('',(150.30332057942,84.683757799301,
    1.671471910385));
#3213 = CARTESIAN_POINT('',(150.32453631655,84.641189580401,
    1.662819343096));
#3214 = CARTESIAN_POINT('',(150.34631431607,84.599433531869,
    1.653041449079));
#3215 = CARTESIAN_POINT('',(150.36860147972,84.55852080402,
    1.642205616553));
#3216 = CARTESIAN_POINT('',(150.41782283209,84.471851961878,
    1.616608613505));
#3217 = CARTESIAN_POINT('',(150.44492405964,84.426396478404,
    1.601492234352));
#3218 = CARTESIAN_POINT('',(150.47258193583,84.382116747675,
    1.585124629323));
#3219 = CARTESIAN_POINT('',(150.50073452291,84.339012221714,
    1.567592815818));
#3220 = CARTESIAN_POINT('',(150.52932195444,84.297078437497,
    1.548977010253));
#3221 = CARTESIAN_POINT('',(150.55828672141,84.256307457027,
    1.529350895816));
#3222 = CARTESIAN_POINT('',(150.65827918744,84.121039780584,
    1.459124209458));
#3223 = CARTESIAN_POINT('',(150.73092908835,84.032016358948,
    1.403924627127));
#3224 = CARTESIAN_POINT('',(150.80483105164,83.949385836973,
    1.344063375896));
#3225 = CARTESIAN_POINT('',(150.87940643547,83.872827366338,
    1.280153176204));
#3226 = CARTESIAN_POINT('',(150.95416088974,83.80201649232,
    1.212588781799));
#3227 = CARTESIAN_POINT('',(151.02860552614,83.736680201631,
    1.141568131149));
#3228 = CARTESIAN_POINT('',(151.1624973158,83.627309556128,
    1.005928801666));
#3229 = CARTESIAN_POINT('',(151.22201308277,83.581744585283,
    0.94267221214));
#3230 = CARTESIAN_POINT('',(151.28055934637,83.539595861551,
    0.877126658328));
#3231 = CARTESIAN_POINT('',(151.33786129698,83.500727297253,
    0.809052242566));
#3232 = CARTESIAN_POINT('',(151.39334859185,83.465203830525,
    0.738269787738));
#3233 = CARTESIAN_POINT('',(151.44605719382,83.433208420373,
    0.664683108739));
#3234 = CARTESIAN_POINT('',(151.52335558773,83.388367991653,
    0.543098954226));
#3235 = CARTESIAN_POINT('',(151.55073950739,83.372977479566,
    0.496777928585));
#3236 = CARTESIAN_POINT('',(151.57648803599,83.358935640433,
    0.44929088876));
#3237 = CARTESIAN_POINT('',(151.60024044199,83.346335914283,
    0.40065529878));
#3238 = CARTESIAN_POINT('',(151.62160478527,83.335270717802,
    0.350875609627));
#3239 = CARTESIAN_POINT('',(151.6401652207,83.325837829964,
    0.299933600237));
#3240 = CARTESIAN_POINT('',(151.66559098228,83.313090956936,
    0.213411856082));
#3241 = CARTESIAN_POINT('',(151.67428306062,83.308789017245,
    0.178529666839));
#3242 = CARTESIAN_POINT('',(151.6814075321,83.305299661312,
    0.143246566308));
#3243 = CARTESIAN_POINT('',(151.68684100811,83.302658410442,
    0.107665483539));
#3244 = CARTESIAN_POINT('',(151.69049774312,83.300887762379,
    7.187836917938E-02));
#3245 = CARTESIAN_POINT('',(151.69233031693,83.3,3.596636943006E-02));
#3246 = CARTESIAN_POINT('',(151.69233031693,83.3,-6.080353928996E-02));
#3247 = CARTESIAN_POINT('',(151.68709185315,83.302537249916,
    -0.121110499062));
#3248 = CARTESIAN_POINT('',(151.67676781492,83.30753692348,
    -0.180770549024));
#3249 = CARTESIAN_POINT('',(151.66170454,83.314912027774,-0.239593604885
    ));
#3250 = CARTESIAN_POINT('',(151.64244570129,83.324542864903,
    -0.29731062358));
#3251 = CARTESIAN_POINT('',(151.61972836606,83.336230576052,
    -0.353538901714));
#3252 = CARTESIAN_POINT('',(151.54293914572,83.376952907466,
    -0.518362489077));
#3253 = CARTESIAN_POINT('',(151.47960815192,83.412035278975,
    -0.623216679499));
#3254 = CARTESIAN_POINT('',(151.40880383685,83.453881434022,
    -0.72267121901));
#3255 = CARTESIAN_POINT('',(151.33385234137,83.501826293594,
    -0.816796109155));
#3256 = CARTESIAN_POINT('',(151.25654679523,83.555366860695,
    -0.905989120412));
#3257 = CARTESIAN_POINT('',(151.17744894911,83.614776471196,
    -0.991090053436));
#3258 = CARTESIAN_POINT('',(151.02410606238,83.740663130587,
    -1.145829995888));
#3259 = CARTESIAN_POINT('',(150.95090476436,83.805165133281,
    -1.215486366309));
#3260 = CARTESIAN_POINT('',(150.87741839409,83.874972116993,
    -1.281795964665));
#3261 = CARTESIAN_POINT('',(150.80411422633,83.950343936894,
    -1.344563609461));
#3262 = CARTESIAN_POINT('',(150.73146613507,84.031586271685,
    -1.403409738887));
#3263 = CARTESIAN_POINT('',(150.66002600372,84.118999899836,
    -1.457751518372));
#3264 = CARTESIAN_POINT('',(150.5605362494,84.2531347612,-1.527829496423
    ));
#3265 = CARTESIAN_POINT('',(150.53095351181,84.294665092737,
    -1.547923511844));
#3266 = CARTESIAN_POINT('',(150.50176086921,84.337405752078,
    -1.566969172789));
#3267 = CARTESIAN_POINT('',(150.47301929544,84.381365358687,
    -1.584888474375));
#3268 = CARTESIAN_POINT('',(150.44479233238,84.426548779688,
    -1.601596320623));
#3269 = CARTESIAN_POINT('',(150.4171457751,84.472956643144,
    -1.617000229061));
#3270 = CARTESIAN_POINT('',(150.36873325611,84.558361703886,
    -1.642104140162));
#3271 = CARTESIAN_POINT('',(150.34772433383,84.596910601129,
    -1.652326125192));
#3272 = CARTESIAN_POINT('',(150.32716683503,84.63620861051,
    -1.661609475401));
#3273 = CARTESIAN_POINT('',(150.30710493807,84.67623030759,-1.6698979334
    ));
#3274 = CARTESIAN_POINT('',(150.28758075483,84.71694777605,
    -1.677135499429));
#3275 = CARTESIAN_POINT('',(150.26863433073,84.758330607694,
    -1.683266431353));
#3276 = CARTESIAN_POINT('',(150.21823903255,84.873840376725,
    -1.696926849099));
#3277 = CARTESIAN_POINT('',(150.18799729996,84.949409446361,
    -1.702078905679));
#3278 = CARTESIAN_POINT('',(150.159925952,85.026585837213,
    -1.703333297386));
#3279 = CARTESIAN_POINT('',(150.13428366175,85.104880255414,
    -1.700422054122));
#3280 = CARTESIAN_POINT('',(150.11123932196,85.1837867354,
    -1.693166799004));
#3281 = CARTESIAN_POINT('',(150.09087463288,85.262790277801,
    -1.681480481698));
#3282 = CARTESIAN_POINT('',(150.05794849541,85.409108442127,
    -1.651487398222));
#3283 = CARTESIAN_POINT('',(150.044739324,85.476344678995,
    -1.634356009728));
#3284 = CARTESIAN_POINT('',(150.03354653713,85.542749232269,
    -1.614017460044));
#3285 = CARTESIAN_POINT('',(150.02430700245,85.607989479902,
    -1.590567677361));
#3286 = CARTESIAN_POINT('',(150.01691717447,85.671742708088,
    -1.5641610682));
#3287 = CARTESIAN_POINT('',(150.01123963857,85.733702386038,
    -1.535013294263));
#3288 = CARTESIAN_POINT('',(150.00463236785,85.829503481669,
    -1.484443882179));
#3289 = CARTESIAN_POINT('',(150.00271040398,85.864697457264,
    -1.464586277269));
#3290 = CARTESIAN_POINT('',(150.00130726684,85.899137808957,
    -1.443871536692));
#3291 = CARTESIAN_POINT('',(150.00038588296,85.932797703633,
    -1.422341796275));
#3292 = CARTESIAN_POINT('',(149.99990888356,85.965652186375,
    -1.400041108319));
#3293 = CARTESIAN_POINT('',(149.99983888607,85.997678333211,
    -1.377015524384));
#3294 = CARTESIAN_POINT('',(150.00051352984,86.067815548929,
    -1.32369375484));
#3295 = CARTESIAN_POINT('',(150.00146600273,86.105451005742,
    -1.293016583962));
#3296 = CARTESIAN_POINT('',(150.0029239229,86.141749751837,
    -1.261353679028));
#3297 = CARTESIAN_POINT('',(150.00481850642,86.176702436247,
    -1.228775232395));
#3298 = CARTESIAN_POINT('',(150.00708445679,86.21030237949,
    -1.19534961519));
#3299 = CARTESIAN_POINT('',(150.00965996496,86.24254557358,
    -1.161143377304));
#3300 = CARTESIAN_POINT('',(150.02380223972,86.397064567246,
    -0.986427061177));
#3301 = CARTESIAN_POINT('',(150.03915376817,86.499033102077,
    -0.835052137659));
#3302 = CARTESIAN_POINT('',(150.05488530624,86.579813724029,
    -0.675504401971));
#3303 = CARTESIAN_POINT('',(150.0684055924,86.639968465541,
    -0.510333981748));
#3304 = CARTESIAN_POINT('',(150.07799918632,86.679954074488,
    -0.34156343282));
#3305 = CARTESIAN_POINT('',(150.08280957083,86.7,-0.170909811115));
#3306 = CARTESIAN_POINT('',(150.08280957083,86.7,-2.22044604925E-16));
#3307 = PCURVE('',#496,#3308);
#3308 = DEFINITIONAL_REPRESENTATION('',(#3309),#3438);
#3309 = B_SPLINE_CURVE_WITH_KNOTS('',7,(#3310,#3311,#3312,#3313,#3314,
    #3315,#3316,#3317,#3318,#3319,#3320,#3321,#3322,#3323,#3324,#3325,
    #3326,#3327,#3328,#3329,#3330,#3331,#3332,#3333,#3334,#3335,#3336,
    #3337,#3338,#3339,#3340,#3341,#3342,#3343,#3344,#3345,#3346,#3347,
    #3348,#3349,#3350,#3351,#3352,#3353,#3354,#3355,#3356,#3357,#3358,
    #3359,#3360,#3361,#3362,#3363,#3364,#3365,#3366,#3367,#3368,#3369,
    #3370,#3371,#3372,#3373,#3374,#3375,#3376,#3377,#3378,#3379,#3380,
    #3381,#3382,#3383,#3384,#3385,#3386,#3387,#3388,#3389,#3390,#3391,
    #3392,#3393,#3394,#3395,#3396,#3397,#3398,#3399,#3400,#3401,#3402,
    #3403,#3404,#3405,#3406,#3407,#3408,#3409,#3410,#3411,#3412,#3413,
    #3414,#3415,#3416,#3417,#3418,#3419,#3420,#3421,#3422,#3423,#3424,
    #3425,#3426,#3427,#3428,#3429,#3430,#3431,#3432,#3433,#3434,#3435,
    #3436,#3437),.UNSPECIFIED.,.T.,.F.,(8,6,6,6,6,6,6,6,6,6,6,6,6,6,6,6,
    6,6,6,6,6,8),(0.,0.113901137767,0.142418460182,0.165063744903,
    0.20444633827,0.245311025632,0.271961426118,0.302995287397,
    0.377917216361,0.439433892193,0.475752265551,0.499684228015,
    0.540142802038,0.622690339518,0.696409788794,0.728106488283,
    0.753247084333,0.79722380521,0.835126199973,0.857861185865,
    0.886271755878,1.),.UNSPECIFIED.);
#3310 = CARTESIAN_POINT('',(-2.906088416869,-9.));
#3311 = CARTESIAN_POINT('',(-2.906088416869,-9.17123464329));
#3312 = CARTESIAN_POINT('',(-2.912986192592,-9.34221113203));
#3313 = CARTESIAN_POINT('',(-2.926745142326,-9.511294121981));
#3314 = CARTESIAN_POINT('',(-2.947372173416,-9.676757088644));
#3315 = CARTESIAN_POINT('',(-2.974884515952,-9.8365649346));
#3316 = CARTESIAN_POINT('',(-3.009329857835,-9.988149820465));
#3317 = CARTESIAN_POINT('',(-3.061273715485,-10.16311083364));
#3318 = CARTESIAN_POINT('',(-3.072121795642,-10.1974205009));
#3319 = CARTESIAN_POINT('',(-3.08341625919,-10.23094048274));
#3320 = CARTESIAN_POINT('',(-3.095156375455,-10.26360313269));
#3321 = CARTESIAN_POINT('',(-3.107341342421,-10.29533899294));
#3322 = CARTESIAN_POINT('',(-3.119970286725,-10.32607679429));
#3323 = CARTESIAN_POINT('',(-3.143422573404,-10.3793014185));
#3324 = CARTESIAN_POINT('',(-3.154082652252,-10.40218459378));
#3325 = CARTESIAN_POINT('',(-3.165017139692,-10.42434520517));
#3326 = CARTESIAN_POINT('',(-3.17622051503,-10.4457374741));
#3327 = CARTESIAN_POINT('',(-3.187687097392,-10.46631762031));
#3328 = CARTESIAN_POINT('',(-3.199411045728,-10.48604386183));
#3329 = CARTESIAN_POINT('',(-3.232212720279,-10.53762825691));
#3330 = CARTESIAN_POINT('',(-3.253824385583,-10.56771596167));
#3331 = CARTESIAN_POINT('',(-3.276132330495,-10.59482298718));
#3332 = CARTESIAN_POINT('',(-3.299043714513,-10.61870904594));
#3333 = CARTESIAN_POINT('',(-3.322462480643,-10.63920669857));
#3334 = CARTESIAN_POINT('',(-3.346289955179,-10.65621794725));
#3335 = CARTESIAN_POINT('',(-3.395469236203,-10.6837114918));
#3336 = CARTESIAN_POINT('',(-3.420775329242,-10.69388522834));
#3337 = CARTESIAN_POINT('',(-3.446233865107,-10.70023875214));
#3338 = CARTESIAN_POINT('',(-3.471733474173,-10.70284879252));
#3339 = CARTESIAN_POINT('',(-3.497159552452,-10.70186090087));
#3340 = CARTESIAN_POINT('',(-3.522392535364,-10.69748825662));
#3341 = CARTESIAN_POINT('',(-3.56355390087,-10.68513374644));
#3342 = CARTESIAN_POINT('',(-3.579680027086,-10.67893220963));
#3343 = CARTESIAN_POINT('',(-3.595673324307,-10.67147191038));
#3344 = CARTESIAN_POINT('',(-3.611522552035,-10.66281934309));
#3345 = CARTESIAN_POINT('',(-3.62721645512,-10.65304144907));
#3346 = CARTESIAN_POINT('',(-3.642743763762,-10.64220561655));
#3347 = CARTESIAN_POINT('',(-3.67596729914,-10.6166086135));
#3348 = CARTESIAN_POINT('',(-3.693603835202,-10.60149223435));
#3349 = CARTESIAN_POINT('',(-3.711000541846,-10.58512462932));
#3350 = CARTESIAN_POINT('',(-3.728155585518,-10.56759281581));
#3351 = CARTESIAN_POINT('',(-3.745067534461,-10.54897701025));
#3352 = CARTESIAN_POINT('',(-3.761735334213,-10.52935089581));
#3353 = CARTESIAN_POINT('',(-3.817806556336,-10.45912420945));
#3354 = CARTESIAN_POINT('',(-3.856064261984,-10.40392462712));
#3355 = CARTESIAN_POINT('',(-3.892958523181,-10.34406337589));
#3356 = CARTESIAN_POINT('',(-3.928529534018,-10.2801531762));
#3357 = CARTESIAN_POINT('',(-3.962811807152,-10.21258878179));
#3358 = CARTESIAN_POINT('',(-3.995807621311,-10.14156813114));
#3359 = CARTESIAN_POINT('',(-4.053435690703,-10.00592880166));
#3360 = CARTESIAN_POINT('',(-4.078408354199,-9.94267221214));
#3361 = CARTESIAN_POINT('',(-4.102439054331,-9.877126658328));
#3362 = CARTESIAN_POINT('',(-4.12550389887,-9.809052242566));
#3363 = CARTESIAN_POINT('',(-4.147454986523,-9.738269787738));
#3364 = CARTESIAN_POINT('',(-4.168004111619,-9.664683108739));
#3365 = CARTESIAN_POINT('',(-4.197791703645,-9.543098954226));
#3366 = CARTESIAN_POINT('',(-4.208261576145,-9.496777928585));
#3367 = CARTESIAN_POINT('',(-4.218036534831,-9.44929088876));
#3368 = CARTESIAN_POINT('',(-4.226998117714,-9.40065529878));
#3369 = CARTESIAN_POINT('',(-4.235017656973,-9.350875609627));
#3370 = CARTESIAN_POINT('',(-4.241957526964,-9.299933600237));
#3371 = CARTESIAN_POINT('',(-4.251438221521,-9.213411856082));
#3372 = CARTESIAN_POINT('',(-4.254670979427,-9.178529666839));
#3373 = CARTESIAN_POINT('',(-4.257315310234,-9.143246566308));
#3374 = CARTESIAN_POINT('',(-4.259329115029,-9.107665483539));
#3375 = CARTESIAN_POINT('',(-4.26068340967,-9.071878369179));
#3376 = CARTESIAN_POINT('',(-4.261362168588,-9.03596636943));
#3377 = CARTESIAN_POINT('',(-4.261362168588,-8.93919646071));
#3378 = CARTESIAN_POINT('',(-4.259422000874,-8.878889500938));
#3379 = CARTESIAN_POINT('',(-4.255598266232,-8.819229450976));
#3380 = CARTESIAN_POINT('',(-4.250007821985,-8.760406395115));
#3381 = CARTESIAN_POINT('',(-4.242830801614,-8.70268937642));
#3382 = CARTESIAN_POINT('',(-4.23431562159,-8.646461098286));
#3383 = CARTESIAN_POINT('',(-4.205342659797,-8.481637510923));
#3384 = CARTESIAN_POINT('',(-4.181213685437,-8.376783320501));
#3385 = CARTESIAN_POINT('',(-4.153816027177,-8.27732878099));
#3386 = CARTESIAN_POINT('',(-4.124193348509,-8.183203890845));
#3387 = CARTESIAN_POINT('',(-4.092882359521,-8.094010879588));
#3388 = CARTESIAN_POINT('',(-4.059938512459,-8.008909946564));
#3389 = CARTESIAN_POINT('',(-3.993806076375,-7.854170004112));
#3390 = CARTESIAN_POINT('',(-3.961304277874,-7.784513633691));
#3391 = CARTESIAN_POINT('',(-3.927557167557,-7.718204035335));
#3392 = CARTESIAN_POINT('',(-3.892562561894,-7.655436390539));
#3393 = CARTESIAN_POINT('',(-3.856288911675,-7.596590261113));
#3394 = CARTESIAN_POINT('',(-3.818699516402,-7.542248481628));
#3395 = CARTESIAN_POINT('',(-3.763031480242,-7.472170503577));
#3396 = CARTESIAN_POINT('',(-3.746038194702,-7.452076488156));
#3397 = CARTESIAN_POINT('',(-3.728790680522,-7.433030827211));
#3398 = CARTESIAN_POINT('',(-3.711290020168,-7.415111525625));
#3399 = CARTESIAN_POINT('',(-3.693537704461,-7.398403679377));
#3400 = CARTESIAN_POINT('',(-3.67553565949,-7.382999770939));
#3401 = CARTESIAN_POINT('',(-3.642811566437,-7.357895859838));
#3402 = CARTESIAN_POINT('',(-3.628179616763,-7.347673874808));
#3403 = CARTESIAN_POINT('',(-3.613399640928,-7.338390524599));
#3404 = CARTESIAN_POINT('',(-3.598480852362,-7.3301020666));
#3405 = CARTESIAN_POINT('',(-3.583432461496,-7.322864500571));
#3406 = CARTESIAN_POINT('',(-3.568263675766,-7.316733568647));
#3407 = CARTESIAN_POINT('',(-3.526255485003,-7.303073150901));
#3408 = CARTESIAN_POINT('',(-3.499136408734,-7.297921094321));
#3409 = CARTESIAN_POINT('',(-3.471784411832,-7.296666702614));
#3410 = CARTESIAN_POINT('',(-3.444348059462,-7.299577945878));
#3411 = CARTESIAN_POINT('',(-3.416969604808,-7.306833200996));
#3412 = CARTESIAN_POINT('',(-3.389787263298,-7.318519518302));
#3413 = CARTESIAN_POINT('',(-3.339794890835,-7.348512601778));
#3414 = CARTESIAN_POINT('',(-3.316963008162,-7.365643990272));
#3415 = CARTESIAN_POINT('',(-3.294528722219,-7.385982539956));
#3416 = CARTESIAN_POINT('',(-3.272578069616,-7.409432322639));
#3417 = CARTESIAN_POINT('',(-3.251194903547,-7.4358389318));
#3418 = CARTESIAN_POINT('',(-3.230460346848,-7.464986705737));
#3419 = CARTESIAN_POINT('',(-3.198450789334,-7.515556117821));
#3420 = CARTESIAN_POINT('',(-3.186703186771,-7.535413722731));
#3421 = CARTESIAN_POINT('',(-3.17521526983,-7.556128463308));
#3422 = CARTESIAN_POINT('',(-3.163992829935,-7.577658203725));
#3423 = CARTESIAN_POINT('',(-3.153041539666,-7.599958891681));
#3424 = CARTESIAN_POINT('',(-3.142366874962,-7.622984475616));
#3425 = CARTESIAN_POINT('',(-3.118986721525,-7.67630624516));
#3426 = CARTESIAN_POINT('',(-3.106439012163,-7.706983416038));
#3427 = CARTESIAN_POINT('',(-3.094331771659,-7.738646320972));
#3428 = CARTESIAN_POINT('',(-3.082665796198,-7.771224767605));
#3429 = CARTESIAN_POINT('',(-3.071441815725,-7.80465038481));
#3430 = CARTESIAN_POINT('',(-3.060660493945,-7.838856622696));
#3431 = CARTESIAN_POINT('',(-3.008938885159,-8.013572938823));
#3432 = CARTESIAN_POINT('',(-2.974624400486,-8.164947862341));
#3433 = CARTESIAN_POINT('',(-2.94721617995,-8.324495598029));
#3434 = CARTESIAN_POINT('',(-2.926667052537,-8.489666018252));
#3435 = CARTESIAN_POINT('',(-2.912960048747,-8.65843656718));
#3436 = CARTESIAN_POINT('',(-2.906088416869,-8.829090188885));
#3437 = CARTESIAN_POINT('',(-2.906088416869,-9.));
#3438 = ( GEOMETRIC_REPRESENTATION_CONTEXT(2) 
PARAMETRIC_REPRESENTATION_CONTEXT() REPRESENTATION_CONTEXT('2D SPACE',''
  ) );
#3439 = PCURVE('',#3440,#3445);
#3440 = CYLINDRICAL_SURFACE('',#3441,1.7);
#3441 = AXIS2_PLACEMENT_3D('',#3442,#3443,#3444);
#3442 = CARTESIAN_POINT('',(135.,85.,0.));
#3443 = DIRECTION('',(-1.,-0.,-0.));
#3444 = DIRECTION('',(0.,1.,0.));
#3445 = DEFINITIONAL_REPRESENTATION('',(#3446),#3575);
#3446 = B_SPLINE_CURVE_WITH_KNOTS('',7,(#3447,#3448,#3449,#3450,#3451,
    #3452,#3453,#3454,#3455,#3456,#3457,#3458,#3459,#3460,#3461,#3462,
    #3463,#3464,#3465,#3466,#3467,#3468,#3469,#3470,#3471,#3472,#3473,
    #3474,#3475,#3476,#3477,#3478,#3479,#3480,#3481,#3482,#3483,#3484,
    #3485,#3486,#3487,#3488,#3489,#3490,#3491,#3492,#3493,#3494,#3495,
    #3496,#3497,#3498,#3499,#3500,#3501,#3502,#3503,#3504,#3505,#3506,
    #3507,#3508,#3509,#3510,#3511,#3512,#3513,#3514,#3515,#3516,#3517,
    #3518,#3519,#3520,#3521,#3522,#3523,#3524,#3525,#3526,#3527,#3528,
    #3529,#3530,#3531,#3532,#3533,#3534,#3535,#3536,#3537,#3538,#3539,
    #3540,#3541,#3542,#3543,#3544,#3545,#3546,#3547,#3548,#3549,#3550,
    #3551,#3552,#3553,#3554,#3555,#3556,#3557,#3558,#3559,#3560,#3561,
    #3562,#3563,#3564,#3565,#3566,#3567,#3568,#3569,#3570,#3571,#3572,
    #3573,#3574),.UNSPECIFIED.,.F.,.F.,(8,6,6,6,6,6,6,6,6,6,6,6,6,6,6,6,
    6,6,6,6,6,8),(0.,0.113901137767,0.142418460182,0.165063744903,
    0.20444633827,0.245311025632,0.271961426118,0.302995287397,
    0.377917216361,0.439433892193,0.475752265551,0.499684228015,
    0.540142802038,0.622690339518,0.696409788794,0.728106488283,
    0.753247084333,0.79722380521,0.835126199973,0.857861185865,
    0.886271755878,1.),.UNSPECIFIED.);
#3447 = CARTESIAN_POINT('',(0.,-15.08280957083));
#3448 = CARTESIAN_POINT('',(-0.100726260759,-15.08280957083));
#3449 = CARTESIAN_POINT('',(-0.201300550231,-15.07798088178));
#3450 = CARTESIAN_POINT('',(-0.302430846107,-15.06835094592));
#3451 = CARTESIAN_POINT('',(-0.404745866546,-15.05478268737));
#3452 = CARTESIAN_POINT('',(-0.508899214209,-15.03900451374));
#3453 = CARTESIAN_POINT('',(-0.615562922447,-15.02362749502));
#3454 = CARTESIAN_POINT('',(-0.753133951146,-15.00950984212));
#3455 = CARTESIAN_POINT('',(-0.780896821725,-15.00693848004));
#3456 = CARTESIAN_POINT('',(-0.808880230532,-15.00468182119));
#3457 = CARTESIAN_POINT('',(-0.837089314939,-15.00280259301));
#3458 = CARTESIAN_POINT('',(-0.865529990586,-15.00136704936));
#3459 = CARTESIAN_POINT('',(-0.894208951379,-15.00044497049));
#3460 = CARTESIAN_POINT('',(-0.946102462549,-14.99984339924));
#3461 = CARTESIAN_POINT('',(-0.969226924439,-14.99994693355));
#3462 = CARTESIAN_POINT('',(-0.992500126316,-15.00045737706));
#3463 = CARTESIAN_POINT('',(-1.015915940427,-15.00141164975));
#3464 = CARTESIAN_POINT('',(-1.039469040118,-15.0028464805));
#3465 = CARTESIAN_POINT('',(-1.063154899831,-15.00479840714));
#3466 = CARTESIAN_POINT('',(-1.128386467404,-15.01166088381));
#3467 = CARTESIAN_POINT('',(-1.170242591302,-15.01769639239));
#3468 = CARTESIAN_POINT('',(-1.212399217727,-15.02559519999));
#3469 = CARTESIAN_POINT('',(-1.254734750444,-15.03550932755));
#3470 = CARTESIAN_POINT('',(-1.297139482065,-15.0475500062));
#3471 = CARTESIAN_POINT('',(-1.339510130066,-15.0617797643));
#3472 = CARTESIAN_POINT('',(-1.425568026295,-15.09524738128));
#3473 = CARTESIAN_POINT('',(-1.469123665753,-15.11460650141));
#3474 = CARTESIAN_POINT('',(-1.51231013874,-15.1362710012));
#3475 = CARTESIAN_POINT('',(-1.555027039035,-15.1601674557));
#3476 = CARTESIAN_POINT('',(-1.597169490559,-15.18615802681));
#3477 = CARTESIAN_POINT('',(-1.638622931298,-15.21403860127));
#3478 = CARTESIAN_POINT('',(-1.705758482097,-15.26277461989));
#3479 = CARTESIAN_POINT('',(-1.731934267029,-15.28271746983));
#3480 = CARTESIAN_POINT('',(-1.757787541699,-15.30332057942));
#3481 = CARTESIAN_POINT('',(-1.783319267433,-15.32453631655));
#3482 = CARTESIAN_POINT('',(-1.808529077205,-15.34631431607));
#3483 = CARTESIAN_POINT('',(-1.833415275636,-15.36860147972));
#3484 = CARTESIAN_POINT('',(-1.886573962028,-15.41782283209));
#3485 = CARTESIAN_POINT('',(-1.914736100666,-15.44492405964));
#3486 = CARTESIAN_POINT('',(-1.942481587672,-15.47258193583));
#3487 = CARTESIAN_POINT('',(-1.969829252279,-15.50073452291));
#3488 = CARTESIAN_POINT('',(-1.996796879721,-15.52932195444));
#3489 = CARTESIAN_POINT('',(-2.023401670761,-15.55828672141));
#3490 = CARTESIAN_POINT('',(-2.113055236541,-15.65827918744));
#3491 = CARTESIAN_POINT('',(-2.174493254544,-15.73092908835));
#3492 = CARTESIAN_POINT('',(-2.234272637807,-15.80483105164));
#3493 = CARTESIAN_POINT('',(-2.29269737732,-15.87940643547));
#3494 = CARTESIAN_POINT('',(-2.350072771961,-15.95416088974));
#3495 = CARTESIAN_POINT('',(-2.40671873995,-16.02860552614));
#3496 = CARTESIAN_POINT('',(-2.509213512879,-16.1624973158));
#3497 = CARTESIAN_POINT('',(-2.555003840317,-16.22201308277));
#3498 = CARTESIAN_POINT('',(-2.600742200486,-16.28055934637));
#3499 = CARTESIAN_POINT('',(-2.646736307002,-16.33786129698));
#3500 = CARTESIAN_POINT('',(-2.693211279186,-16.39334859185));
#3501 = CARTESIAN_POINT('',(-2.740336042651,-16.44605719382));
#3502 = CARTESIAN_POINT('',(-2.816565006341,-16.52335558773));
#3503 = CARTESIAN_POINT('',(-2.845262122861,-16.55073950739));
#3504 = CARTESIAN_POINT('',(-2.87436518527,-16.57648803599));
#3505 = CARTESIAN_POINT('',(-2.903887461974,-16.60024044199));
#3506 = CARTESIAN_POINT('',(-2.933854270201,-16.62160478527));
#3507 = CARTESIAN_POINT('',(-2.964308916851,-16.6401652207));
#3508 = CARTESIAN_POINT('',(-3.0157534312,-16.66559098228));
#3509 = CARTESIAN_POINT('',(-3.036422056068,-16.67428306062));
#3510 = CARTESIAN_POINT('',(-3.057268329577,-16.6814075321));
#3511 = CARTESIAN_POINT('',(-3.078244570646,-16.68684100811));
#3512 = CARTESIAN_POINT('',(-3.099311234334,-16.69049774312));
#3513 = CARTESIAN_POINT('',(-3.12043596569,-16.69233031693));
#3514 = CARTESIAN_POINT('',(-3.177359441407,-16.69233031693));
#3515 = CARTESIAN_POINT('',(-3.212834078004,-16.68709185315));
#3516 = CARTESIAN_POINT('',(-3.248003126666,-16.67676781492));
#3517 = CARTESIAN_POINT('',(-3.282823364624,-16.66170454));
#3518 = CARTESIAN_POINT('',(-3.317200349154,-16.64244570129));
#3519 = CARTESIAN_POINT('',(-3.350959280066,-16.61972836606));
#3520 = CARTESIAN_POINT('',(-3.450829651458,-16.54293914572));
#3521 = CARTESIAN_POINT('',(-3.515658125372,-16.47960815192));
#3522 = CARTESIAN_POINT('',(-3.578847598485,-16.40880383685));
#3523 = CARTESIAN_POINT('',(-3.640697947241,-16.33385234137));
#3524 = CARTESIAN_POINT('',(-3.701662678342,-16.25654679523));
#3525 = CARTESIAN_POINT('',(-3.762548681412,-16.17744894911));
#3526 = CARTESIAN_POINT('',(-3.87988931294,-16.02410606238));
#3527 = CARTESIAN_POINT('',(-3.935618567282,-15.95090476436));
#3528 = CARTESIAN_POINT('',(-3.992066618875,-15.87741839409));
#3529 = CARTESIAN_POINT('',(-4.049536150855,-15.80411422633));
#3530 = CARTESIAN_POINT('',(-4.108315908457,-15.73146613507));
#3531 = CARTESIAN_POINT('',(-4.168692843742,-15.66002600372));
#3532 = CARTESIAN_POINT('',(-4.257714990283,-15.5605362494));
#3533 = CARTESIAN_POINT('',(-4.284840970937,-15.53095351181));
#3534 = CARTESIAN_POINT('',(-4.312343785113,-15.50176086921));
#3535 = CARTESIAN_POINT('',(-4.340241724435,-15.47301929544));
#3536 = CARTESIAN_POINT('',(-4.368553704003,-15.44479233238));
#3537 = CARTESIAN_POINT('',(-4.397299771291,-15.4171457751));
#3538 = CARTESIAN_POINT('',(-4.449663388025,-15.36873325611));
#3539 = CARTESIAN_POINT('',(-4.473114583211,-15.34772433383));
#3540 = CARTESIAN_POINT('',(-4.496853077574,-15.32716683503));
#3541 = CARTESIAN_POINT('',(-4.5208777805,-15.30710493807));
#3542 = CARTESIAN_POINT('',(-4.545188633795,-15.28758075483));
#3543 = CARTESIAN_POINT('',(-4.569786611681,-15.26863433073));
#3544 = CARTESIAN_POINT('',(-4.638207034366,-15.21823903255));
#3545 = CARTESIAN_POINT('',(-4.682707718638,-15.18799729996));
#3546 = CARTESIAN_POINT('',(-4.728012855319,-15.159925952));
#3547 = CARTESIAN_POINT('',(-4.773979739442,-15.13428366175));
#3548 = CARTESIAN_POINT('',(-4.82047851176,-15.11123932196));
#3549 = CARTESIAN_POINT('',(-4.867384967294,-15.09087463288));
#3550 = CARTESIAN_POINT('',(-4.955244146592,-15.05794849541));
#3551 = CARTESIAN_POINT('',(-4.99601294068,-15.044739324));
#3552 = CARTESIAN_POINT('',(-5.036790955104,-15.03354653713));
#3553 = CARTESIAN_POINT('',(-5.077487821538,-15.02430700245));
#3554 = CARTESIAN_POINT('',(-5.118007355694,-15.01691717447));
#3555 = CARTESIAN_POINT('',(-5.158243142489,-15.01123963857));
#3556 = CARTESIAN_POINT('',(-5.221965929238,-15.00463236785));
#3557 = CARTESIAN_POINT('',(-5.245726987868,-15.00271040398));
#3558 = CARTESIAN_POINT('',(-5.269353639371,-15.00130726684));
#3559 = CARTESIAN_POINT('',(-5.29284154334,-15.00038588296));
#3560 = CARTESIAN_POINT('',(-5.31618559638,-14.99990888356));
#3561 = CARTESIAN_POINT('',(-5.33937985178,-14.99983888607));
#3562 = CARTESIAN_POINT('',(-5.391206152487,-15.00051352984));
#3563 = CARTESIAN_POINT('',(-5.419751207637,-15.00146600273));
#3564 = CARTESIAN_POINT('',(-5.448060072591,-15.0029239229));
#3565 = CARTESIAN_POINT('',(-5.476139459102,-15.00481850642));
#3566 = CARTESIAN_POINT('',(-5.503995322743,-15.00708445679));
#3567 = CARTESIAN_POINT('',(-5.531632862902,-15.00965996496));
#3568 = CARTESIAN_POINT('',(-5.668834140202,-15.02380223972));
#3569 = CARTESIAN_POINT('',(-5.775271807389,-15.03915376817));
#3570 = CARTESIAN_POINT('',(-5.879213973652,-15.05488530624));
#3571 = CARTESIAN_POINT('',(-5.98132873768,-15.06840559239));
#3572 = CARTESIAN_POINT('',(-6.082265754474,-15.07799918632));
#3573 = CARTESIAN_POINT('',(-6.182650124171,-15.08280957083));
#3574 = CARTESIAN_POINT('',(-6.28318530718,-15.08280957083));
#3575 = ( GEOMETRIC_REPRESENTATION_CONTEXT(2) 
PARAMETRIC_REPRESENTATION_CONTEXT() REPRESENTATION_CONTEXT('2D SPACE',''
  ) );
#3576 = ADVANCED_FACE('',(#3577),#531,.F.);
#3577 = FACE_BOUND('',#3578,.T.);
#3578 = EDGE_LOOP('',(#3579,#3580,#3601,#3602));
#3579 = ORIENTED_EDGE('',*,*,#1219,.T.);
#3580 = ORIENTED_EDGE('',*,*,#3581,.T.);
#3581 = EDGE_CURVE('',#1220,#511,#3582,.T.);
#3582 = SEAM_CURVE('',#3583,(#3587,#3594),.PCURVE_S1.);
#3583 = LINE('',#3584,#3585);
#3584 = CARTESIAN_POINT('',(158.7,90.,7.));
#3585 = VECTOR('',#3586,1.);
#3586 = DIRECTION('',(0.,0.,1.));
#3587 = PCURVE('',#531,#3588);
#3588 = DEFINITIONAL_REPRESENTATION('',(#3589),#3593);
#3589 = LINE('',#3590,#3591);
#3590 = CARTESIAN_POINT('',(-6.28318530718,0.));
#3591 = VECTOR('',#3592,1.);
#3592 = DIRECTION('',(-0.,-1.));
#3593 = ( GEOMETRIC_REPRESENTATION_CONTEXT(2) 
PARAMETRIC_REPRESENTATION_CONTEXT() REPRESENTATION_CONTEXT('2D SPACE',''
  ) );
#3594 = PCURVE('',#531,#3595);
#3595 = DEFINITIONAL_REPRESENTATION('',(#3596),#3600);
#3596 = LINE('',#3597,#3598);
#3597 = CARTESIAN_POINT('',(-0.,0.));
#3598 = VECTOR('',#3599,1.);
#3599 = DIRECTION('',(-0.,-1.));
#3600 = ( GEOMETRIC_REPRESENTATION_CONTEXT(2) 
PARAMETRIC_REPRESENTATION_CONTEXT() REPRESENTATION_CONTEXT('2D SPACE',''
  ) );
#3601 = ORIENTED_EDGE('',*,*,#510,.F.);
#3602 = ORIENTED_EDGE('',*,*,#3581,.F.);
#3603 = ADVANCED_FACE('',(#3604,#3674,#3704),#699,.T.);
#3604 = FACE_BOUND('',#3605,.T.);
#3605 = EDGE_LOOP('',(#3606,#3629,#3652,#3673));
#3606 = ORIENTED_EDGE('',*,*,#3607,.F.);
#3607 = EDGE_CURVE('',#3608,#682,#3610,.T.);
#3608 = VERTEX_POINT('',#3609);
#3609 = CARTESIAN_POINT('',(143.4,66.,-8.));
#3610 = SURFACE_CURVE('',#3611,(#3615,#3622),.PCURVE_S1.);
#3611 = LINE('',#3612,#3613);
#3612 = CARTESIAN_POINT('',(143.4,66.,-8.));
#3613 = VECTOR('',#3614,1.);
#3614 = DIRECTION('',(0.,0.,1.));
#3615 = PCURVE('',#699,#3616);
#3616 = DEFINITIONAL_REPRESENTATION('',(#3617),#3621);
#3617 = LINE('',#3618,#3619);
#3618 = CARTESIAN_POINT('',(0.,0.));
#3619 = VECTOR('',#3620,1.);
#3620 = DIRECTION('',(1.,0.));
#3621 = ( GEOMETRIC_REPRESENTATION_CONTEXT(2) 
PARAMETRIC_REPRESENTATION_CONTEXT() REPRESENTATION_CONTEXT('2D SPACE',''
  ) );
#3622 = PCURVE('',#727,#3623);
#3623 = DEFINITIONAL_REPRESENTATION('',(#3624),#3628);
#3624 = LINE('',#3625,#3626);
#3625 = CARTESIAN_POINT('',(0.,6.));
#3626 = VECTOR('',#3627,1.);
#3627 = DIRECTION('',(1.,0.));
#3628 = ( GEOMETRIC_REPRESENTATION_CONTEXT(2) 
PARAMETRIC_REPRESENTATION_CONTEXT() REPRESENTATION_CONTEXT('2D SPACE',''
  ) );
#3629 = ORIENTED_EDGE('',*,*,#3630,.T.);
#3630 = EDGE_CURVE('',#3608,#3631,#3633,.T.);
#3631 = VERTEX_POINT('',#3632);
#3632 = CARTESIAN_POINT('',(143.4,90.,-8.));
#3633 = SURFACE_CURVE('',#3634,(#3638,#3645),.PCURVE_S1.);
#3634 = LINE('',#3635,#3636);
#3635 = CARTESIAN_POINT('',(143.4,66.,-8.));
#3636 = VECTOR('',#3637,1.);
#3637 = DIRECTION('',(0.,1.,0.));
#3638 = PCURVE('',#699,#3639);
#3639 = DEFINITIONAL_REPRESENTATION('',(#3640),#3644);
#3640 = LINE('',#3641,#3642);
#3641 = CARTESIAN_POINT('',(0.,0.));
#3642 = VECTOR('',#3643,1.);
#3643 = DIRECTION('',(0.,-1.));
#3644 = ( GEOMETRIC_REPRESENTATION_CONTEXT(2) 
PARAMETRIC_REPRESENTATION_CONTEXT() REPRESENTATION_CONTEXT('2D SPACE',''
  ) );
#3645 = PCURVE('',#1303,#3646);
#3646 = DEFINITIONAL_REPRESENTATION('',(#3647),#3651);
#3647 = LINE('',#3648,#3649);
#3648 = CARTESIAN_POINT('',(6.,0.));
#3649 = VECTOR('',#3650,1.);
#3650 = DIRECTION('',(0.,1.));
#3651 = ( GEOMETRIC_REPRESENTATION_CONTEXT(2) 
PARAMETRIC_REPRESENTATION_CONTEXT() REPRESENTATION_CONTEXT('2D SPACE',''
  ) );
#3652 = ORIENTED_EDGE('',*,*,#3653,.T.);
#3653 = EDGE_CURVE('',#3631,#684,#3654,.T.);
#3654 = SURFACE_CURVE('',#3655,(#3659,#3666),.PCURVE_S1.);
#3655 = LINE('',#3656,#3657);
#3656 = CARTESIAN_POINT('',(143.4,90.,-8.));
#3657 = VECTOR('',#3658,1.);
#3658 = DIRECTION('',(0.,0.,1.));
#3659 = PCURVE('',#699,#3660);
#3660 = DEFINITIONAL_REPRESENTATION('',(#3661),#3665);
#3661 = LINE('',#3662,#3663);
#3662 = CARTESIAN_POINT('',(0.,-24.));
#3663 = VECTOR('',#3664,1.);
#3664 = DIRECTION('',(1.,0.));
#3665 = ( GEOMETRIC_REPRESENTATION_CONTEXT(2) 
PARAMETRIC_REPRESENTATION_CONTEXT() REPRESENTATION_CONTEXT('2D SPACE',''
  ) );
#3666 = PCURVE('',#893,#3667);
#3667 = DEFINITIONAL_REPRESENTATION('',(#3668),#3672);
#3668 = LINE('',#3669,#3670);
#3669 = CARTESIAN_POINT('',(0.,6.));
#3670 = VECTOR('',#3671,1.);
#3671 = DIRECTION('',(1.,0.));
#3672 = ( GEOMETRIC_REPRESENTATION_CONTEXT(2) 
PARAMETRIC_REPRESENTATION_CONTEXT() REPRESENTATION_CONTEXT('2D SPACE',''
  ) );
#3673 = ORIENTED_EDGE('',*,*,#681,.F.);
#3674 = FACE_BOUND('',#3675,.T.);
#3675 = EDGE_LOOP('',(#3676));
#3676 = ORIENTED_EDGE('',*,*,#3677,.T.);
#3677 = EDGE_CURVE('',#3678,#3678,#3680,.T.);
#3678 = VERTEX_POINT('',#3679);
#3679 = CARTESIAN_POINT('',(143.4,86.7,0.));
#3680 = SURFACE_CURVE('',#3681,(#3686,#3697),.PCURVE_S1.);
#3681 = CIRCLE('',#3682,1.7);
#3682 = AXIS2_PLACEMENT_3D('',#3683,#3684,#3685);
#3683 = CARTESIAN_POINT('',(143.4,85.,0.));
#3684 = DIRECTION('',(-1.,0.,0.));
#3685 = DIRECTION('',(0.,1.,0.));
#3686 = PCURVE('',#699,#3687);
#3687 = DEFINITIONAL_REPRESENTATION('',(#3688),#3696);
#3688 = ( BOUNDED_CURVE() B_SPLINE_CURVE(2,(#3689,#3690,#3691,#3692,
#3693,#3694,#3695),.UNSPECIFIED.,.T.,.F.) B_SPLINE_CURVE_WITH_KNOTS((1,2
    ,2,2,2,1),(-2.094395102393,0.,2.094395102393,4.188790204786,
6.28318530718,8.377580409573),.UNSPECIFIED.) CURVE() 
GEOMETRIC_REPRESENTATION_ITEM() RATIONAL_B_SPLINE_CURVE((1.,0.5,1.,0.5,
1.,0.5,1.)) REPRESENTATION_ITEM('') );
#3689 = CARTESIAN_POINT('',(8.,-20.7));
#3690 = CARTESIAN_POINT('',(5.055513627133,-20.7));
#3691 = CARTESIAN_POINT('',(6.527756813566,-18.15));
#3692 = CARTESIAN_POINT('',(8.,-15.6));
#3693 = CARTESIAN_POINT('',(9.472243186434,-18.15));
#3694 = CARTESIAN_POINT('',(10.944486372867,-20.7));
#3695 = CARTESIAN_POINT('',(8.,-20.7));
#3696 = ( GEOMETRIC_REPRESENTATION_CONTEXT(2) 
PARAMETRIC_REPRESENTATION_CONTEXT() REPRESENTATION_CONTEXT('2D SPACE',''
  ) );
#3697 = PCURVE('',#2573,#3698);
#3698 = DEFINITIONAL_REPRESENTATION('',(#3699),#3703);
#3699 = LINE('',#3700,#3701);
#3700 = CARTESIAN_POINT('',(-6.28318530718,-8.4));
#3701 = VECTOR('',#3702,1.);
#3702 = DIRECTION('',(1.,-0.));
#3703 = ( GEOMETRIC_REPRESENTATION_CONTEXT(2) 
PARAMETRIC_REPRESENTATION_CONTEXT() REPRESENTATION_CONTEXT('2D SPACE',''
  ) );
#3704 = FACE_BOUND('',#3705,.T.);
#3705 = EDGE_LOOP('',(#3706));
#3706 = ORIENTED_EDGE('',*,*,#3707,.T.);
#3707 = EDGE_CURVE('',#3708,#3708,#3710,.T.);
#3708 = VERTEX_POINT('',#3709);
#3709 = CARTESIAN_POINT('',(143.4,72.7,0.));
#3710 = SURFACE_CURVE('',#3711,(#3716,#3727),.PCURVE_S1.);
#3711 = CIRCLE('',#3712,1.7);
#3712 = AXIS2_PLACEMENT_3D('',#3713,#3714,#3715);
#3713 = CARTESIAN_POINT('',(143.4,71.,0.));
#3714 = DIRECTION('',(-1.,0.,0.));
#3715 = DIRECTION('',(0.,1.,0.));
#3716 = PCURVE('',#699,#3717);
#3717 = DEFINITIONAL_REPRESENTATION('',(#3718),#3726);
#3718 = ( BOUNDED_CURVE() B_SPLINE_CURVE(2,(#3719,#3720,#3721,#3722,
#3723,#3724,#3725),.UNSPECIFIED.,.T.,.F.) B_SPLINE_CURVE_WITH_KNOTS((1,2
    ,2,2,2,1),(-2.094395102393,0.,2.094395102393,4.188790204786,
6.28318530718,8.377580409573),.UNSPECIFIED.) CURVE() 
GEOMETRIC_REPRESENTATION_ITEM() RATIONAL_B_SPLINE_CURVE((1.,0.5,1.,0.5,
1.,0.5,1.)) REPRESENTATION_ITEM('') );
#3719 = CARTESIAN_POINT('',(8.,-6.7));
#3720 = CARTESIAN_POINT('',(5.055513627133,-6.7));
#3721 = CARTESIAN_POINT('',(6.527756813566,-4.15));
#3722 = CARTESIAN_POINT('',(8.,-1.6));
#3723 = CARTESIAN_POINT('',(9.472243186434,-4.15));
#3724 = CARTESIAN_POINT('',(10.944486372867,-6.7));
#3725 = CARTESIAN_POINT('',(8.,-6.7));
#3726 = ( GEOMETRIC_REPRESENTATION_CONTEXT(2) 
PARAMETRIC_REPRESENTATION_CONTEXT() REPRESENTATION_CONTEXT('2D SPACE',''
  ) );
#3727 = PCURVE('',#1452,#3728);
#3728 = DEFINITIONAL_REPRESENTATION('',(#3729),#3733);
#3729 = LINE('',#3730,#3731);
#3730 = CARTESIAN_POINT('',(-6.28318530718,-8.4));
#3731 = VECTOR('',#3732,1.);
#3732 = DIRECTION('',(1.,-0.));
#3733 = ( GEOMETRIC_REPRESENTATION_CONTEXT(2) 
PARAMETRIC_REPRESENTATION_CONTEXT() REPRESENTATION_CONTEXT('2D SPACE',''
  ) );
#3734 = ADVANCED_FACE('',(#3735),#893,.T.);
#3735 = FACE_BOUND('',#3736,.T.);
#3736 = EDGE_LOOP('',(#3737,#3760,#3781,#3782));
#3737 = ORIENTED_EDGE('',*,*,#3738,.F.);
#3738 = EDGE_CURVE('',#3739,#3631,#3741,.T.);
#3739 = VERTEX_POINT('',#3740);
#3740 = CARTESIAN_POINT('',(137.4,90.,-8.));
#3741 = SURFACE_CURVE('',#3742,(#3746,#3753),.PCURVE_S1.);
#3742 = LINE('',#3743,#3744);
#3743 = CARTESIAN_POINT('',(137.4,90.,-8.));
#3744 = VECTOR('',#3745,1.);
#3745 = DIRECTION('',(1.,0.,0.));
#3746 = PCURVE('',#893,#3747);
#3747 = DEFINITIONAL_REPRESENTATION('',(#3748),#3752);
#3748 = LINE('',#3749,#3750);
#3749 = CARTESIAN_POINT('',(0.,0.));
#3750 = VECTOR('',#3751,1.);
#3751 = DIRECTION('',(0.,1.));
#3752 = ( GEOMETRIC_REPRESENTATION_CONTEXT(2) 
PARAMETRIC_REPRESENTATION_CONTEXT() REPRESENTATION_CONTEXT('2D SPACE',''
  ) );
#3753 = PCURVE('',#1303,#3754);
#3754 = DEFINITIONAL_REPRESENTATION('',(#3755),#3759);
#3755 = LINE('',#3756,#3757);
#3756 = CARTESIAN_POINT('',(0.,24.));
#3757 = VECTOR('',#3758,1.);
#3758 = DIRECTION('',(1.,0.));
#3759 = ( GEOMETRIC_REPRESENTATION_CONTEXT(2) 
PARAMETRIC_REPRESENTATION_CONTEXT() REPRESENTATION_CONTEXT('2D SPACE',''
  ) );
#3760 = ORIENTED_EDGE('',*,*,#3761,.T.);
#3761 = EDGE_CURVE('',#3739,#852,#3762,.T.);
#3762 = SURFACE_CURVE('',#3763,(#3767,#3774),.PCURVE_S1.);
#3763 = LINE('',#3764,#3765);
#3764 = CARTESIAN_POINT('',(137.4,90.,-8.));
#3765 = VECTOR('',#3766,1.);
#3766 = DIRECTION('',(0.,0.,1.));
#3767 = PCURVE('',#893,#3768);
#3768 = DEFINITIONAL_REPRESENTATION('',(#3769),#3773);
#3769 = LINE('',#3770,#3771);
#3770 = CARTESIAN_POINT('',(0.,0.));
#3771 = VECTOR('',#3772,1.);
#3772 = DIRECTION('',(1.,0.));
#3773 = ( GEOMETRIC_REPRESENTATION_CONTEXT(2) 
PARAMETRIC_REPRESENTATION_CONTEXT() REPRESENTATION_CONTEXT('2D SPACE',''
  ) );
#3774 = PCURVE('',#867,#3775);
#3775 = DEFINITIONAL_REPRESENTATION('',(#3776),#3780);
#3776 = LINE('',#3777,#3778);
#3777 = CARTESIAN_POINT('',(0.,-24.));
#3778 = VECTOR('',#3779,1.);
#3779 = DIRECTION('',(1.,0.));
#3780 = ( GEOMETRIC_REPRESENTATION_CONTEXT(2) 
PARAMETRIC_REPRESENTATION_CONTEXT() REPRESENTATION_CONTEXT('2D SPACE',''
  ) );
#3781 = ORIENTED_EDGE('',*,*,#879,.T.);
#3782 = ORIENTED_EDGE('',*,*,#3653,.F.);
#3783 = ADVANCED_FACE('',(#3784),#727,.F.);
#3784 = FACE_BOUND('',#3785,.F.);
#3785 = EDGE_LOOP('',(#3786,#3809,#3830,#3831));
#3786 = ORIENTED_EDGE('',*,*,#3787,.F.);
#3787 = EDGE_CURVE('',#3788,#3608,#3790,.T.);
#3788 = VERTEX_POINT('',#3789);
#3789 = CARTESIAN_POINT('',(137.4,66.,-8.));
#3790 = SURFACE_CURVE('',#3791,(#3795,#3802),.PCURVE_S1.);
#3791 = LINE('',#3792,#3793);
#3792 = CARTESIAN_POINT('',(137.4,66.,-8.));
#3793 = VECTOR('',#3794,1.);
#3794 = DIRECTION('',(1.,0.,0.));
#3795 = PCURVE('',#727,#3796);
#3796 = DEFINITIONAL_REPRESENTATION('',(#3797),#3801);
#3797 = LINE('',#3798,#3799);
#3798 = CARTESIAN_POINT('',(0.,0.));
#3799 = VECTOR('',#3800,1.);
#3800 = DIRECTION('',(0.,1.));
#3801 = ( GEOMETRIC_REPRESENTATION_CONTEXT(2) 
PARAMETRIC_REPRESENTATION_CONTEXT() REPRESENTATION_CONTEXT('2D SPACE',''
  ) );
#3802 = PCURVE('',#1303,#3803);
#3803 = DEFINITIONAL_REPRESENTATION('',(#3804),#3808);
#3804 = LINE('',#3805,#3806);
#3805 = CARTESIAN_POINT('',(0.,0.));
#3806 = VECTOR('',#3807,1.);
#3807 = DIRECTION('',(1.,0.));
#3808 = ( GEOMETRIC_REPRESENTATION_CONTEXT(2) 
PARAMETRIC_REPRESENTATION_CONTEXT() REPRESENTATION_CONTEXT('2D SPACE',''
  ) );
#3809 = ORIENTED_EDGE('',*,*,#3810,.T.);
#3810 = EDGE_CURVE('',#3788,#712,#3811,.T.);
#3811 = SURFACE_CURVE('',#3812,(#3816,#3823),.PCURVE_S1.);
#3812 = LINE('',#3813,#3814);
#3813 = CARTESIAN_POINT('',(137.4,66.,-8.));
#3814 = VECTOR('',#3815,1.);
#3815 = DIRECTION('',(0.,0.,1.));
#3816 = PCURVE('',#727,#3817);
#3817 = DEFINITIONAL_REPRESENTATION('',(#3818),#3822);
#3818 = LINE('',#3819,#3820);
#3819 = CARTESIAN_POINT('',(0.,0.));
#3820 = VECTOR('',#3821,1.);
#3821 = DIRECTION('',(1.,0.));
#3822 = ( GEOMETRIC_REPRESENTATION_CONTEXT(2) 
PARAMETRIC_REPRESENTATION_CONTEXT() REPRESENTATION_CONTEXT('2D SPACE',''
  ) );
#3823 = PCURVE('',#755,#3824);
#3824 = DEFINITIONAL_REPRESENTATION('',(#3825),#3829);
#3825 = LINE('',#3826,#3827);
#3826 = CARTESIAN_POINT('',(0.,0.));
#3827 = VECTOR('',#3828,1.);
#3828 = DIRECTION('',(1.,0.));
#3829 = ( GEOMETRIC_REPRESENTATION_CONTEXT(2) 
PARAMETRIC_REPRESENTATION_CONTEXT() REPRESENTATION_CONTEXT('2D SPACE',''
  ) );
#3830 = ORIENTED_EDGE('',*,*,#711,.T.);
#3831 = ORIENTED_EDGE('',*,*,#3607,.F.);
#3832 = ADVANCED_FACE('',(#3833),#867,.F.);
#3833 = FACE_BOUND('',#3834,.F.);
#3834 = EDGE_LOOP('',(#3835,#3836,#3837,#3858));
#3835 = ORIENTED_EDGE('',*,*,#851,.F.);
#3836 = ORIENTED_EDGE('',*,*,#3030,.T.);
#3837 = ORIENTED_EDGE('',*,*,#3838,.T.);
#3838 = EDGE_CURVE('',#2483,#3739,#3839,.T.);
#3839 = SURFACE_CURVE('',#3840,(#3844,#3851),.PCURVE_S1.);
#3840 = LINE('',#3841,#3842);
#3841 = CARTESIAN_POINT('',(137.4,66.,-8.));
#3842 = VECTOR('',#3843,1.);
#3843 = DIRECTION('',(0.,1.,0.));
#3844 = PCURVE('',#867,#3845);
#3845 = DEFINITIONAL_REPRESENTATION('',(#3846),#3850);
#3846 = LINE('',#3847,#3848);
#3847 = CARTESIAN_POINT('',(0.,0.));
#3848 = VECTOR('',#3849,1.);
#3849 = DIRECTION('',(0.,-1.));
#3850 = ( GEOMETRIC_REPRESENTATION_CONTEXT(2) 
PARAMETRIC_REPRESENTATION_CONTEXT() REPRESENTATION_CONTEXT('2D SPACE',''
  ) );
#3851 = PCURVE('',#1303,#3852);
#3852 = DEFINITIONAL_REPRESENTATION('',(#3853),#3857);
#3853 = LINE('',#3854,#3855);
#3854 = CARTESIAN_POINT('',(0.,0.));
#3855 = VECTOR('',#3856,1.);
#3856 = DIRECTION('',(0.,1.));
#3857 = ( GEOMETRIC_REPRESENTATION_CONTEXT(2) 
PARAMETRIC_REPRESENTATION_CONTEXT() REPRESENTATION_CONTEXT('2D SPACE',''
  ) );
#3858 = ORIENTED_EDGE('',*,*,#3761,.T.);
#3859 = ADVANCED_FACE('',(#3860),#755,.F.);
#3860 = FACE_BOUND('',#3861,.F.);
#3861 = EDGE_LOOP('',(#3862,#3863,#3864,#3885));
#3862 = ORIENTED_EDGE('',*,*,#739,.F.);
#3863 = ORIENTED_EDGE('',*,*,#3810,.F.);
#3864 = ORIENTED_EDGE('',*,*,#3865,.T.);
#3865 = EDGE_CURVE('',#3788,#1808,#3866,.T.);
#3866 = SURFACE_CURVE('',#3867,(#3871,#3878),.PCURVE_S1.);
#3867 = LINE('',#3868,#3869);
#3868 = CARTESIAN_POINT('',(137.4,66.,-8.));
#3869 = VECTOR('',#3870,1.);
#3870 = DIRECTION('',(0.,1.,0.));
#3871 = PCURVE('',#755,#3872);
#3872 = DEFINITIONAL_REPRESENTATION('',(#3873),#3877);
#3873 = LINE('',#3874,#3875);
#3874 = CARTESIAN_POINT('',(0.,0.));
#3875 = VECTOR('',#3876,1.);
#3876 = DIRECTION('',(0.,-1.));
#3877 = ( GEOMETRIC_REPRESENTATION_CONTEXT(2) 
PARAMETRIC_REPRESENTATION_CONTEXT() REPRESENTATION_CONTEXT('2D SPACE',''
  ) );
#3878 = PCURVE('',#1303,#3879);
#3879 = DEFINITIONAL_REPRESENTATION('',(#3880),#3884);
#3880 = LINE('',#3881,#3882);
#3881 = CARTESIAN_POINT('',(0.,0.));
#3882 = VECTOR('',#3883,1.);
#3883 = DIRECTION('',(0.,1.));
#3884 = ( GEOMETRIC_REPRESENTATION_CONTEXT(2) 
PARAMETRIC_REPRESENTATION_CONTEXT() REPRESENTATION_CONTEXT('2D SPACE',''
  ) );
#3885 = ORIENTED_EDGE('',*,*,#1835,.F.);
#3886 = ADVANCED_FACE('',(#3887),#811,.F.);
#3887 = FACE_BOUND('',#3888,.F.);
#3888 = EDGE_LOOP('',(#3889,#3890,#3891,#3912));
#3889 = ORIENTED_EDGE('',*,*,#795,.F.);
#3890 = ORIENTED_EDGE('',*,*,#1855,.T.);
#3891 = ORIENTED_EDGE('',*,*,#3892,.T.);
#3892 = EDGE_CURVE('',#1285,#2983,#3893,.T.);
#3893 = SURFACE_CURVE('',#3894,(#3898,#3905),.PCURVE_S1.);
#3894 = LINE('',#3895,#3896);
#3895 = CARTESIAN_POINT('',(137.4,66.,-8.));
#3896 = VECTOR('',#3897,1.);
#3897 = DIRECTION('',(0.,1.,0.));
#3898 = PCURVE('',#811,#3899);
#3899 = DEFINITIONAL_REPRESENTATION('',(#3900),#3904);
#3900 = LINE('',#3901,#3902);
#3901 = CARTESIAN_POINT('',(0.,0.));
#3902 = VECTOR('',#3903,1.);
#3903 = DIRECTION('',(0.,-1.));
#3904 = ( GEOMETRIC_REPRESENTATION_CONTEXT(2) 
PARAMETRIC_REPRESENTATION_CONTEXT() REPRESENTATION_CONTEXT('2D SPACE',''
  ) );
#3905 = PCURVE('',#1303,#3906);
#3906 = DEFINITIONAL_REPRESENTATION('',(#3907),#3911);
#3907 = LINE('',#3908,#3909);
#3908 = CARTESIAN_POINT('',(0.,0.));
#3909 = VECTOR('',#3910,1.);
#3910 = DIRECTION('',(0.,1.));
#3911 = ( GEOMETRIC_REPRESENTATION_CONTEXT(2) 
PARAMETRIC_REPRESENTATION_CONTEXT() REPRESENTATION_CONTEXT('2D SPACE',''
  ) );
#3912 = ORIENTED_EDGE('',*,*,#3010,.F.);
#3913 = ADVANCED_FACE('',(#3914,#3984,#4014),#955,.F.);
#3914 = FACE_BOUND('',#3915,.F.);
#3915 = EDGE_LOOP('',(#3916,#3939,#3962,#3983));
#3916 = ORIENTED_EDGE('',*,*,#3917,.F.);
#3917 = EDGE_CURVE('',#3918,#938,#3920,.T.);
#3918 = VERTEX_POINT('',#3919);
#3919 = CARTESIAN_POINT('',(146.6,66.,-8.));
#3920 = SURFACE_CURVE('',#3921,(#3925,#3932),.PCURVE_S1.);
#3921 = LINE('',#3922,#3923);
#3922 = CARTESIAN_POINT('',(146.6,66.,-8.));
#3923 = VECTOR('',#3924,1.);
#3924 = DIRECTION('',(0.,0.,1.));
#3925 = PCURVE('',#955,#3926);
#3926 = DEFINITIONAL_REPRESENTATION('',(#3927),#3931);
#3927 = LINE('',#3928,#3929);
#3928 = CARTESIAN_POINT('',(0.,0.));
#3929 = VECTOR('',#3930,1.);
#3930 = DIRECTION('',(1.,0.));
#3931 = ( GEOMETRIC_REPRESENTATION_CONTEXT(2) 
PARAMETRIC_REPRESENTATION_CONTEXT() REPRESENTATION_CONTEXT('2D SPACE',''
  ) );
#3932 = PCURVE('',#1205,#3933);
#3933 = DEFINITIONAL_REPRESENTATION('',(#3934),#3938);
#3934 = LINE('',#3935,#3936);
#3935 = CARTESIAN_POINT('',(0.,0.));
#3936 = VECTOR('',#3937,1.);
#3937 = DIRECTION('',(1.,0.));
#3938 = ( GEOMETRIC_REPRESENTATION_CONTEXT(2) 
PARAMETRIC_REPRESENTATION_CONTEXT() REPRESENTATION_CONTEXT('2D SPACE',''
  ) );
#3939 = ORIENTED_EDGE('',*,*,#3940,.T.);
#3940 = EDGE_CURVE('',#3918,#3941,#3943,.T.);
#3941 = VERTEX_POINT('',#3942);
#3942 = CARTESIAN_POINT('',(146.6,90.,-8.));
#3943 = SURFACE_CURVE('',#3944,(#3948,#3955),.PCURVE_S1.);
#3944 = LINE('',#3945,#3946);
#3945 = CARTESIAN_POINT('',(146.6,66.,-8.));
#3946 = VECTOR('',#3947,1.);
#3947 = DIRECTION('',(0.,1.,0.));
#3948 = PCURVE('',#955,#3949);
#3949 = DEFINITIONAL_REPRESENTATION('',(#3950),#3954);
#3950 = LINE('',#3951,#3952);
#3951 = CARTESIAN_POINT('',(0.,0.));
#3952 = VECTOR('',#3953,1.);
#3953 = DIRECTION('',(0.,-1.));
#3954 = ( GEOMETRIC_REPRESENTATION_CONTEXT(2) 
PARAMETRIC_REPRESENTATION_CONTEXT() REPRESENTATION_CONTEXT('2D SPACE',''
  ) );
#3955 = PCURVE('',#1967,#3956);
#3956 = DEFINITIONAL_REPRESENTATION('',(#3957),#3961);
#3957 = LINE('',#3958,#3959);
#3958 = CARTESIAN_POINT('',(0.,0.));
#3959 = VECTOR('',#3960,1.);
#3960 = DIRECTION('',(0.,1.));
#3961 = ( GEOMETRIC_REPRESENTATION_CONTEXT(2) 
PARAMETRIC_REPRESENTATION_CONTEXT() REPRESENTATION_CONTEXT('2D SPACE',''
  ) );
#3962 = ORIENTED_EDGE('',*,*,#3963,.T.);
#3963 = EDGE_CURVE('',#3941,#940,#3964,.T.);
#3964 = SURFACE_CURVE('',#3965,(#3969,#3976),.PCURVE_S1.);
#3965 = LINE('',#3966,#3967);
#3966 = CARTESIAN_POINT('',(146.6,90.,-8.));
#3967 = VECTOR('',#3968,1.);
#3968 = DIRECTION('',(0.,0.,1.));
#3969 = PCURVE('',#955,#3970);
#3970 = DEFINITIONAL_REPRESENTATION('',(#3971),#3975);
#3971 = LINE('',#3972,#3973);
#3972 = CARTESIAN_POINT('',(0.,-24.));
#3973 = VECTOR('',#3974,1.);
#3974 = DIRECTION('',(1.,0.));
#3975 = ( GEOMETRIC_REPRESENTATION_CONTEXT(2) 
PARAMETRIC_REPRESENTATION_CONTEXT() REPRESENTATION_CONTEXT('2D SPACE',''
  ) );
#3976 = PCURVE('',#983,#3977);
#3977 = DEFINITIONAL_REPRESENTATION('',(#3978),#3982);
#3978 = LINE('',#3979,#3980);
#3979 = CARTESIAN_POINT('',(0.,0.));
#3980 = VECTOR('',#3981,1.);
#3981 = DIRECTION('',(1.,0.));
#3982 = ( GEOMETRIC_REPRESENTATION_CONTEXT(2) 
PARAMETRIC_REPRESENTATION_CONTEXT() REPRESENTATION_CONTEXT('2D SPACE',''
  ) );
#3983 = ORIENTED_EDGE('',*,*,#937,.F.);
#3984 = FACE_BOUND('',#3985,.F.);
#3985 = EDGE_LOOP('',(#3986));
#3986 = ORIENTED_EDGE('',*,*,#3987,.T.);
#3987 = EDGE_CURVE('',#3988,#3988,#3990,.T.);
#3988 = VERTEX_POINT('',#3989);
#3989 = CARTESIAN_POINT('',(146.6,86.7,0.));
#3990 = SURFACE_CURVE('',#3991,(#3996,#4007),.PCURVE_S1.);
#3991 = CIRCLE('',#3992,1.7);
#3992 = AXIS2_PLACEMENT_3D('',#3993,#3994,#3995);
#3993 = CARTESIAN_POINT('',(146.6,85.,0.));
#3994 = DIRECTION('',(-1.,0.,0.));
#3995 = DIRECTION('',(0.,1.,0.));
#3996 = PCURVE('',#955,#3997);
#3997 = DEFINITIONAL_REPRESENTATION('',(#3998),#4006);
#3998 = ( BOUNDED_CURVE() B_SPLINE_CURVE(2,(#3999,#4000,#4001,#4002,
#4003,#4004,#4005),.UNSPECIFIED.,.T.,.F.) B_SPLINE_CURVE_WITH_KNOTS((1,2
    ,2,2,2,1),(-2.094395102393,0.,2.094395102393,4.188790204786,
6.28318530718,8.377580409573),.UNSPECIFIED.) CURVE() 
GEOMETRIC_REPRESENTATION_ITEM() RATIONAL_B_SPLINE_CURVE((1.,0.5,1.,0.5,
1.,0.5,1.)) REPRESENTATION_ITEM('') );
#3999 = CARTESIAN_POINT('',(8.,-20.7));
#4000 = CARTESIAN_POINT('',(5.055513627133,-20.7));
#4001 = CARTESIAN_POINT('',(6.527756813566,-18.15));
#4002 = CARTESIAN_POINT('',(8.,-15.6));
#4003 = CARTESIAN_POINT('',(9.472243186434,-18.15));
#4004 = CARTESIAN_POINT('',(10.944486372867,-20.7));
#4005 = CARTESIAN_POINT('',(8.,-20.7));
#4006 = ( GEOMETRIC_REPRESENTATION_CONTEXT(2) 
PARAMETRIC_REPRESENTATION_CONTEXT() REPRESENTATION_CONTEXT('2D SPACE',''
  ) );
#4007 = PCURVE('',#3440,#4008);
#4008 = DEFINITIONAL_REPRESENTATION('',(#4009),#4013);
#4009 = LINE('',#4010,#4011);
#4010 = CARTESIAN_POINT('',(-6.28318530718,-11.6));
#4011 = VECTOR('',#4012,1.);
#4012 = DIRECTION('',(1.,-0.));
#4013 = ( GEOMETRIC_REPRESENTATION_CONTEXT(2) 
PARAMETRIC_REPRESENTATION_CONTEXT() REPRESENTATION_CONTEXT('2D SPACE',''
  ) );
#4014 = FACE_BOUND('',#4015,.F.);
#4015 = EDGE_LOOP('',(#4016));
#4016 = ORIENTED_EDGE('',*,*,#4017,.T.);
#4017 = EDGE_CURVE('',#4018,#4018,#4020,.T.);
#4018 = VERTEX_POINT('',#4019);
#4019 = CARTESIAN_POINT('',(146.6,72.7,0.));
#4020 = SURFACE_CURVE('',#4021,(#4026,#4037),.PCURVE_S1.);
#4021 = CIRCLE('',#4022,1.7);
#4022 = AXIS2_PLACEMENT_3D('',#4023,#4024,#4025);
#4023 = CARTESIAN_POINT('',(146.6,71.,0.));
#4024 = DIRECTION('',(-1.,0.,0.));
#4025 = DIRECTION('',(0.,1.,0.));
#4026 = PCURVE('',#955,#4027);
#4027 = DEFINITIONAL_REPRESENTATION('',(#4028),#4036);
#4028 = ( BOUNDED_CURVE() B_SPLINE_CURVE(2,(#4029,#4030,#4031,#4032,
#4033,#4034,#4035),.UNSPECIFIED.,.T.,.F.) B_SPLINE_CURVE_WITH_KNOTS((1,2
    ,2,2,2,1),(-2.094395102393,0.,2.094395102393,4.188790204786,
6.28318530718,8.377580409573),.UNSPECIFIED.) CURVE() 
GEOMETRIC_REPRESENTATION_ITEM() RATIONAL_B_SPLINE_CURVE((1.,0.5,1.,0.5,
1.,0.5,1.)) REPRESENTATION_ITEM('') );
#4029 = CARTESIAN_POINT('',(8.,-6.7));
#4030 = CARTESIAN_POINT('',(5.055513627133,-6.7));
#4031 = CARTESIAN_POINT('',(6.527756813566,-4.15));
#4032 = CARTESIAN_POINT('',(8.,-1.6));
#4033 = CARTESIAN_POINT('',(9.472243186434,-4.15));
#4034 = CARTESIAN_POINT('',(10.944486372867,-6.7));
#4035 = CARTESIAN_POINT('',(8.,-6.7));
#4036 = ( GEOMETRIC_REPRESENTATION_CONTEXT(2) 
PARAMETRIC_REPRESENTATION_CONTEXT() REPRESENTATION_CONTEXT('2D SPACE',''
  ) );
#4037 = PCURVE('',#2318,#4038);
#4038 = DEFINITIONAL_REPRESENTATION('',(#4039),#4043);
#4039 = LINE('',#4040,#4041);
#4040 = CARTESIAN_POINT('',(-6.28318530718,-11.6));
#4041 = VECTOR('',#4042,1.);
#4042 = DIRECTION('',(1.,-0.));
#4043 = ( GEOMETRIC_REPRESENTATION_CONTEXT(2) 
PARAMETRIC_REPRESENTATION_CONTEXT() REPRESENTATION_CONTEXT('2D SPACE',''
  ) );
#4044 = ADVANCED_FACE('',(#4045),#983,.T.);
#4045 = FACE_BOUND('',#4046,.T.);
#4046 = EDGE_LOOP('',(#4047,#4070,#4071,#4072));
#4047 = ORIENTED_EDGE('',*,*,#4048,.F.);
#4048 = EDGE_CURVE('',#3941,#4049,#4051,.T.);
#4049 = VERTEX_POINT('',#4050);
#4050 = CARTESIAN_POINT('',(152.6,90.,-8.));
#4051 = SURFACE_CURVE('',#4052,(#4056,#4063),.PCURVE_S1.);
#4052 = LINE('',#4053,#4054);
#4053 = CARTESIAN_POINT('',(146.6,90.,-8.));
#4054 = VECTOR('',#4055,1.);
#4055 = DIRECTION('',(1.,0.,0.));
#4056 = PCURVE('',#983,#4057);
#4057 = DEFINITIONAL_REPRESENTATION('',(#4058),#4062);
#4058 = LINE('',#4059,#4060);
#4059 = CARTESIAN_POINT('',(0.,0.));
#4060 = VECTOR('',#4061,1.);
#4061 = DIRECTION('',(0.,1.));
#4062 = ( GEOMETRIC_REPRESENTATION_CONTEXT(2) 
PARAMETRIC_REPRESENTATION_CONTEXT() REPRESENTATION_CONTEXT('2D SPACE',''
  ) );
#4063 = PCURVE('',#1967,#4064);
#4064 = DEFINITIONAL_REPRESENTATION('',(#4065),#4069);
#4065 = LINE('',#4066,#4067);
#4066 = CARTESIAN_POINT('',(0.,24.));
#4067 = VECTOR('',#4068,1.);
#4068 = DIRECTION('',(1.,0.));
#4069 = ( GEOMETRIC_REPRESENTATION_CONTEXT(2) 
PARAMETRIC_REPRESENTATION_CONTEXT() REPRESENTATION_CONTEXT('2D SPACE',''
  ) );
#4070 = ORIENTED_EDGE('',*,*,#3963,.T.);
#4071 = ORIENTED_EDGE('',*,*,#967,.T.);
#4072 = ORIENTED_EDGE('',*,*,#4073,.F.);
#4073 = EDGE_CURVE('',#4049,#968,#4074,.T.);
#4074 = SURFACE_CURVE('',#4075,(#4079,#4086),.PCURVE_S1.);
#4075 = LINE('',#4076,#4077);
#4076 = CARTESIAN_POINT('',(152.6,90.,-8.));
#4077 = VECTOR('',#4078,1.);
#4078 = DIRECTION('',(0.,0.,1.));
#4079 = PCURVE('',#983,#4080);
#4080 = DEFINITIONAL_REPRESENTATION('',(#4081),#4085);
#4081 = LINE('',#4082,#4083);
#4082 = CARTESIAN_POINT('',(0.,6.));
#4083 = VECTOR('',#4084,1.);
#4084 = DIRECTION('',(1.,0.));
#4085 = ( GEOMETRIC_REPRESENTATION_CONTEXT(2) 
PARAMETRIC_REPRESENTATION_CONTEXT() REPRESENTATION_CONTEXT('2D SPACE',''
  ) );
#4086 = PCURVE('',#1011,#4087);
#4087 = DEFINITIONAL_REPRESENTATION('',(#4088),#4092);
#4088 = LINE('',#4089,#4090);
#4089 = CARTESIAN_POINT('',(0.,-24.));
#4090 = VECTOR('',#4091,1.);
#4091 = DIRECTION('',(1.,0.));
#4092 = ( GEOMETRIC_REPRESENTATION_CONTEXT(2) 
PARAMETRIC_REPRESENTATION_CONTEXT() REPRESENTATION_CONTEXT('2D SPACE',''
  ) );
#4093 = ADVANCED_FACE('',(#4094),#1205,.F.);
#4094 = FACE_BOUND('',#4095,.F.);
#4095 = EDGE_LOOP('',(#4096,#4119,#4120,#4121));
#4096 = ORIENTED_EDGE('',*,*,#4097,.F.);
#4097 = EDGE_CURVE('',#3918,#4098,#4100,.T.);
#4098 = VERTEX_POINT('',#4099);
#4099 = CARTESIAN_POINT('',(152.6,66.,-8.));
#4100 = SURFACE_CURVE('',#4101,(#4105,#4112),.PCURVE_S1.);
#4101 = LINE('',#4102,#4103);
#4102 = CARTESIAN_POINT('',(146.6,66.,-8.));
#4103 = VECTOR('',#4104,1.);
#4104 = DIRECTION('',(1.,0.,0.));
#4105 = PCURVE('',#1205,#4106);
#4106 = DEFINITIONAL_REPRESENTATION('',(#4107),#4111);
#4107 = LINE('',#4108,#4109);
#4108 = CARTESIAN_POINT('',(0.,0.));
#4109 = VECTOR('',#4110,1.);
#4110 = DIRECTION('',(0.,1.));
#4111 = ( GEOMETRIC_REPRESENTATION_CONTEXT(2) 
PARAMETRIC_REPRESENTATION_CONTEXT() REPRESENTATION_CONTEXT('2D SPACE',''
  ) );
#4112 = PCURVE('',#1967,#4113);
#4113 = DEFINITIONAL_REPRESENTATION('',(#4114),#4118);
#4114 = LINE('',#4115,#4116);
#4115 = CARTESIAN_POINT('',(0.,0.));
#4116 = VECTOR('',#4117,1.);
#4117 = DIRECTION('',(1.,0.));
#4118 = ( GEOMETRIC_REPRESENTATION_CONTEXT(2) 
PARAMETRIC_REPRESENTATION_CONTEXT() REPRESENTATION_CONTEXT('2D SPACE',''
  ) );
#4119 = ORIENTED_EDGE('',*,*,#3917,.T.);
#4120 = ORIENTED_EDGE('',*,*,#1191,.T.);
#4121 = ORIENTED_EDGE('',*,*,#4122,.F.);
#4122 = EDGE_CURVE('',#4098,#1164,#4123,.T.);
#4123 = SURFACE_CURVE('',#4124,(#4128,#4135),.PCURVE_S1.);
#4124 = LINE('',#4125,#4126);
#4125 = CARTESIAN_POINT('',(152.6,66.,-8.));
#4126 = VECTOR('',#4127,1.);
#4127 = DIRECTION('',(0.,0.,1.));
#4128 = PCURVE('',#1205,#4129);
#4129 = DEFINITIONAL_REPRESENTATION('',(#4130),#4134);
#4130 = LINE('',#4131,#4132);
#4131 = CARTESIAN_POINT('',(0.,6.));
#4132 = VECTOR('',#4133,1.);
#4133 = DIRECTION('',(1.,0.));
#4134 = ( GEOMETRIC_REPRESENTATION_CONTEXT(2) 
PARAMETRIC_REPRESENTATION_CONTEXT() REPRESENTATION_CONTEXT('2D SPACE',''
  ) );
#4135 = PCURVE('',#1179,#4136);
#4136 = DEFINITIONAL_REPRESENTATION('',(#4137),#4141);
#4137 = LINE('',#4138,#4139);
#4138 = CARTESIAN_POINT('',(0.,0.));
#4139 = VECTOR('',#4140,1.);
#4140 = DIRECTION('',(1.,0.));
#4141 = ( GEOMETRIC_REPRESENTATION_CONTEXT(2) 
PARAMETRIC_REPRESENTATION_CONTEXT() REPRESENTATION_CONTEXT('2D SPACE',''
  ) );
#4142 = ADVANCED_FACE('',(#4143),#1011,.T.);
#4143 = FACE_BOUND('',#4144,.T.);
#4144 = EDGE_LOOP('',(#4145,#4146,#4147,#4168));
#4145 = ORIENTED_EDGE('',*,*,#995,.F.);
#4146 = ORIENTED_EDGE('',*,*,#3153,.T.);
#4147 = ORIENTED_EDGE('',*,*,#4148,.T.);
#4148 = EDGE_CURVE('',#3126,#4049,#4149,.T.);
#4149 = SURFACE_CURVE('',#4150,(#4154,#4161),.PCURVE_S1.);
#4150 = LINE('',#4151,#4152);
#4151 = CARTESIAN_POINT('',(152.6,66.,-8.));
#4152 = VECTOR('',#4153,1.);
#4153 = DIRECTION('',(0.,1.,0.));
#4154 = PCURVE('',#1011,#4155);
#4155 = DEFINITIONAL_REPRESENTATION('',(#4156),#4160);
#4156 = LINE('',#4157,#4158);
#4157 = CARTESIAN_POINT('',(0.,0.));
#4158 = VECTOR('',#4159,1.);
#4159 = DIRECTION('',(0.,-1.));
#4160 = ( GEOMETRIC_REPRESENTATION_CONTEXT(2) 
PARAMETRIC_REPRESENTATION_CONTEXT() REPRESENTATION_CONTEXT('2D SPACE',''
  ) );
#4161 = PCURVE('',#1967,#4162);
#4162 = DEFINITIONAL_REPRESENTATION('',(#4163),#4167);
#4163 = LINE('',#4164,#4165);
#4164 = CARTESIAN_POINT('',(6.,0.));
#4165 = VECTOR('',#4166,1.);
#4166 = DIRECTION('',(0.,1.));
#4167 = ( GEOMETRIC_REPRESENTATION_CONTEXT(2) 
PARAMETRIC_REPRESENTATION_CONTEXT() REPRESENTATION_CONTEXT('2D SPACE',''
  ) );
#4168 = ORIENTED_EDGE('',*,*,#4073,.T.);
#4169 = ADVANCED_FACE('',(#4170),#1179,.T.);
#4170 = FACE_BOUND('',#4171,.T.);
#4171 = EDGE_LOOP('',(#4172,#4173,#4174,#4195));
#4172 = ORIENTED_EDGE('',*,*,#1163,.F.);
#4173 = ORIENTED_EDGE('',*,*,#4122,.F.);
#4174 = ORIENTED_EDGE('',*,*,#4175,.T.);
#4175 = EDGE_CURVE('',#4098,#1930,#4176,.T.);
#4176 = SURFACE_CURVE('',#4177,(#4181,#4188),.PCURVE_S1.);
#4177 = LINE('',#4178,#4179);
#4178 = CARTESIAN_POINT('',(152.6,66.,-8.));
#4179 = VECTOR('',#4180,1.);
#4180 = DIRECTION('',(0.,1.,0.));
#4181 = PCURVE('',#1179,#4182);
#4182 = DEFINITIONAL_REPRESENTATION('',(#4183),#4187);
#4183 = LINE('',#4184,#4185);
#4184 = CARTESIAN_POINT('',(0.,0.));
#4185 = VECTOR('',#4186,1.);
#4186 = DIRECTION('',(0.,-1.));
#4187 = ( GEOMETRIC_REPRESENTATION_CONTEXT(2) 
PARAMETRIC_REPRESENTATION_CONTEXT() REPRESENTATION_CONTEXT('2D SPACE',''
  ) );
#4188 = PCURVE('',#1967,#4189);
#4189 = DEFINITIONAL_REPRESENTATION('',(#4190),#4194);
#4190 = LINE('',#4191,#4192);
#4191 = CARTESIAN_POINT('',(6.,0.));
#4192 = VECTOR('',#4193,1.);
#4193 = DIRECTION('',(0.,1.));
#4194 = ( GEOMETRIC_REPRESENTATION_CONTEXT(2) 
PARAMETRIC_REPRESENTATION_CONTEXT() REPRESENTATION_CONTEXT('2D SPACE',''
  ) );
#4195 = ORIENTED_EDGE('',*,*,#1929,.F.);
#4196 = ADVANCED_FACE('',(#4197),#1095,.T.);
#4197 = FACE_BOUND('',#4198,.T.);
#4198 = EDGE_LOOP('',(#4199,#4200,#4201,#4222));
#4199 = ORIENTED_EDGE('',*,*,#1079,.F.);
#4200 = ORIENTED_EDGE('',*,*,#1983,.T.);
#4201 = ORIENTED_EDGE('',*,*,#4202,.T.);
#4202 = EDGE_CURVE('',#1951,#3105,#4203,.T.);
#4203 = SURFACE_CURVE('',#4204,(#4208,#4215),.PCURVE_S1.);
#4204 = LINE('',#4205,#4206);
#4205 = CARTESIAN_POINT('',(152.6,66.,-8.));
#4206 = VECTOR('',#4207,1.);
#4207 = DIRECTION('',(0.,1.,0.));
#4208 = PCURVE('',#1095,#4209);
#4209 = DEFINITIONAL_REPRESENTATION('',(#4210),#4214);
#4210 = LINE('',#4211,#4212);
#4211 = CARTESIAN_POINT('',(0.,0.));
#4212 = VECTOR('',#4213,1.);
#4213 = DIRECTION('',(0.,-1.));
#4214 = ( GEOMETRIC_REPRESENTATION_CONTEXT(2) 
PARAMETRIC_REPRESENTATION_CONTEXT() REPRESENTATION_CONTEXT('2D SPACE',''
  ) );
#4215 = PCURVE('',#1967,#4216);
#4216 = DEFINITIONAL_REPRESENTATION('',(#4217),#4221);
#4217 = LINE('',#4218,#4219);
#4218 = CARTESIAN_POINT('',(6.,0.));
#4219 = VECTOR('',#4220,1.);
#4220 = DIRECTION('',(0.,1.));
#4221 = ( GEOMETRIC_REPRESENTATION_CONTEXT(2) 
PARAMETRIC_REPRESENTATION_CONTEXT() REPRESENTATION_CONTEXT('2D SPACE',''
  ) );
#4222 = ORIENTED_EDGE('',*,*,#3104,.F.);
#4223 = ADVANCED_FACE('',(#4224),#1303,.F.);
#4224 = FACE_BOUND('',#4225,.F.);
#4225 = EDGE_LOOP('',(#4226,#4227,#4228,#4229,#4230,#4231,#4232,#4233,
    #4234,#4235));
#4226 = ORIENTED_EDGE('',*,*,#3865,.F.);
#4227 = ORIENTED_EDGE('',*,*,#3787,.T.);
#4228 = ORIENTED_EDGE('',*,*,#3630,.T.);
#4229 = ORIENTED_EDGE('',*,*,#3738,.F.);
#4230 = ORIENTED_EDGE('',*,*,#3838,.F.);
#4231 = ORIENTED_EDGE('',*,*,#2482,.T.);
#4232 = ORIENTED_EDGE('',*,*,#2982,.T.);
#4233 = ORIENTED_EDGE('',*,*,#3892,.F.);
#4234 = ORIENTED_EDGE('',*,*,#1284,.T.);
#4235 = ORIENTED_EDGE('',*,*,#1807,.T.);
#4236 = ADVANCED_FACE('',(#4237),#1452,.F.);
#4237 = FACE_BOUND('',#4238,.T.);
#4238 = EDGE_LOOP('',(#4239,#4240,#4261,#4262,#4263,#4264));
#4239 = ORIENTED_EDGE('',*,*,#1511,.F.);
#4240 = ORIENTED_EDGE('',*,*,#4241,.T.);
#4241 = EDGE_CURVE('',#1343,#3708,#4242,.T.);
#4242 = SEAM_CURVE('',#4243,(#4247,#4254),.PCURVE_S1.);
#4243 = LINE('',#4244,#4245);
#4244 = CARTESIAN_POINT('',(135.,72.7,0.));
#4245 = VECTOR('',#4246,1.);
#4246 = DIRECTION('',(1.,0.,0.));
#4247 = PCURVE('',#1452,#4248);
#4248 = DEFINITIONAL_REPRESENTATION('',(#4249),#4253);
#4249 = LINE('',#4250,#4251);
#4250 = CARTESIAN_POINT('',(-6.28318530718,0.));
#4251 = VECTOR('',#4252,1.);
#4252 = DIRECTION('',(-0.,-1.));
#4253 = ( GEOMETRIC_REPRESENTATION_CONTEXT(2) 
PARAMETRIC_REPRESENTATION_CONTEXT() REPRESENTATION_CONTEXT('2D SPACE',''
  ) );
#4254 = PCURVE('',#1452,#4255);
#4255 = DEFINITIONAL_REPRESENTATION('',(#4256),#4260);
#4256 = LINE('',#4257,#4258);
#4257 = CARTESIAN_POINT('',(-0.,0.));
#4258 = VECTOR('',#4259,1.);
#4259 = DIRECTION('',(-0.,-1.));
#4260 = ( GEOMETRIC_REPRESENTATION_CONTEXT(2) 
PARAMETRIC_REPRESENTATION_CONTEXT() REPRESENTATION_CONTEXT('2D SPACE',''
  ) );
#4261 = ORIENTED_EDGE('',*,*,#3707,.F.);
#4262 = ORIENTED_EDGE('',*,*,#4241,.F.);
#4263 = ORIENTED_EDGE('',*,*,#1342,.F.);
#4264 = ORIENTED_EDGE('',*,*,#1680,.F.);
#4265 = ADVANCED_FACE('',(#4266),#1967,.F.);
#4266 = FACE_BOUND('',#4267,.F.);
#4267 = EDGE_LOOP('',(#4268,#4269,#4270,#4271,#4272,#4273,#4274,#4275));
#4268 = ORIENTED_EDGE('',*,*,#4148,.T.);
#4269 = ORIENTED_EDGE('',*,*,#4048,.F.);
#4270 = ORIENTED_EDGE('',*,*,#3940,.F.);
#4271 = ORIENTED_EDGE('',*,*,#4097,.T.);
#4272 = ORIENTED_EDGE('',*,*,#4175,.T.);
#4273 = ORIENTED_EDGE('',*,*,#1950,.T.);
#4274 = ORIENTED_EDGE('',*,*,#4202,.T.);
#4275 = ORIENTED_EDGE('',*,*,#3125,.T.);
#4276 = ADVANCED_FACE('',(#4277),#2318,.F.);
#4277 = FACE_BOUND('',#4278,.T.);
#4278 = EDGE_LOOP('',(#4279,#4300,#4301,#4302));
#4279 = ORIENTED_EDGE('',*,*,#4280,.F.);
#4280 = EDGE_CURVE('',#4018,#2005,#4281,.T.);
#4281 = SEAM_CURVE('',#4282,(#4286,#4293),.PCURVE_S1.);
#4282 = LINE('',#4283,#4284);
#4283 = CARTESIAN_POINT('',(135.,72.7,0.));
#4284 = VECTOR('',#4285,1.);
#4285 = DIRECTION('',(1.,0.,0.));
#4286 = PCURVE('',#2318,#4287);
#4287 = DEFINITIONAL_REPRESENTATION('',(#4288),#4292);
#4288 = LINE('',#4289,#4290);
#4289 = CARTESIAN_POINT('',(-6.28318530718,0.));
#4290 = VECTOR('',#4291,1.);
#4291 = DIRECTION('',(-0.,-1.));
#4292 = ( GEOMETRIC_REPRESENTATION_CONTEXT(2) 
PARAMETRIC_REPRESENTATION_CONTEXT() REPRESENTATION_CONTEXT('2D SPACE',''
  ) );
#4293 = PCURVE('',#2318,#4294);
#4294 = DEFINITIONAL_REPRESENTATION('',(#4295),#4299);
#4295 = LINE('',#4296,#4297);
#4296 = CARTESIAN_POINT('',(-0.,0.));
#4297 = VECTOR('',#4298,1.);
#4298 = DIRECTION('',(-0.,-1.));
#4299 = ( GEOMETRIC_REPRESENTATION_CONTEXT(2) 
PARAMETRIC_REPRESENTATION_CONTEXT() REPRESENTATION_CONTEXT('2D SPACE',''
  ) );
#4300 = ORIENTED_EDGE('',*,*,#4017,.T.);
#4301 = ORIENTED_EDGE('',*,*,#4280,.T.);
#4302 = ORIENTED_EDGE('',*,*,#2004,.T.);
#4303 = ADVANCED_FACE('',(#4304),#2573,.F.);
#4304 = FACE_BOUND('',#4305,.T.);
#4305 = EDGE_LOOP('',(#4306,#4307,#4328,#4329,#4330,#4331));
#4306 = ORIENTED_EDGE('',*,*,#2596,.F.);
#4307 = ORIENTED_EDGE('',*,*,#4308,.T.);
#4308 = EDGE_CURVE('',#2536,#3678,#4309,.T.);
#4309 = SEAM_CURVE('',#4310,(#4314,#4321),.PCURVE_S1.);
#4310 = LINE('',#4311,#4312);
#4311 = CARTESIAN_POINT('',(135.,86.7,0.));
#4312 = VECTOR('',#4313,1.);
#4313 = DIRECTION('',(1.,0.,0.));
#4314 = PCURVE('',#2573,#4315);
#4315 = DEFINITIONAL_REPRESENTATION('',(#4316),#4320);
#4316 = LINE('',#4317,#4318);
#4317 = CARTESIAN_POINT('',(-6.28318530718,0.));
#4318 = VECTOR('',#4319,1.);
#4319 = DIRECTION('',(-0.,-1.));
#4320 = ( GEOMETRIC_REPRESENTATION_CONTEXT(2) 
PARAMETRIC_REPRESENTATION_CONTEXT() REPRESENTATION_CONTEXT('2D SPACE',''
  ) );
#4321 = PCURVE('',#2573,#4322);
#4322 = DEFINITIONAL_REPRESENTATION('',(#4323),#4327);
#4323 = LINE('',#4324,#4325);
#4324 = CARTESIAN_POINT('',(-0.,0.));
#4325 = VECTOR('',#4326,1.);
#4326 = DIRECTION('',(-0.,-1.));
#4327 = ( GEOMETRIC_REPRESENTATION_CONTEXT(2) 
PARAMETRIC_REPRESENTATION_CONTEXT() REPRESENTATION_CONTEXT('2D SPACE',''
  ) );
#4328 = ORIENTED_EDGE('',*,*,#3677,.F.);
#4329 = ORIENTED_EDGE('',*,*,#4308,.F.);
#4330 = ORIENTED_EDGE('',*,*,#2535,.F.);
#4331 = ORIENTED_EDGE('',*,*,#2675,.F.);
#4332 = ADVANCED_FACE('',(#4333),#3440,.F.);
#4333 = FACE_BOUND('',#4334,.T.);
#4334 = EDGE_LOOP('',(#4335,#4356,#4357,#4358));
#4335 = ORIENTED_EDGE('',*,*,#4336,.F.);
#4336 = EDGE_CURVE('',#3988,#3175,#4337,.T.);
#4337 = SEAM_CURVE('',#4338,(#4342,#4349),.PCURVE_S1.);
#4338 = LINE('',#4339,#4340);
#4339 = CARTESIAN_POINT('',(135.,86.7,0.));
#4340 = VECTOR('',#4341,1.);
#4341 = DIRECTION('',(1.,0.,0.));
#4342 = PCURVE('',#3440,#4343);
#4343 = DEFINITIONAL_REPRESENTATION('',(#4344),#4348);
#4344 = LINE('',#4345,#4346);
#4345 = CARTESIAN_POINT('',(-6.28318530718,0.));
#4346 = VECTOR('',#4347,1.);
#4347 = DIRECTION('',(-0.,-1.));
#4348 = ( GEOMETRIC_REPRESENTATION_CONTEXT(2) 
PARAMETRIC_REPRESENTATION_CONTEXT() REPRESENTATION_CONTEXT('2D SPACE',''
  ) );
#4349 = PCURVE('',#3440,#4350);
#4350 = DEFINITIONAL_REPRESENTATION('',(#4351),#4355);
#4351 = LINE('',#4352,#4353);
#4352 = CARTESIAN_POINT('',(-0.,0.));
#4353 = VECTOR('',#4354,1.);
#4354 = DIRECTION('',(-0.,-1.));
#4355 = ( GEOMETRIC_REPRESENTATION_CONTEXT(2) 
PARAMETRIC_REPRESENTATION_CONTEXT() REPRESENTATION_CONTEXT('2D SPACE',''
  ) );
#4356 = ORIENTED_EDGE('',*,*,#3987,.T.);
#4357 = ORIENTED_EDGE('',*,*,#4336,.T.);
#4358 = ORIENTED_EDGE('',*,*,#3174,.T.);
#4359 = ( GEOMETRIC_REPRESENTATION_CONTEXT(3) 
GLOBAL_UNCERTAINTY_ASSIGNED_CONTEXT((#4363)) 
GLOBAL_UNIT_ASSIGNED_CONTEXT((#4360,#4361,#4362)) REPRESENTATION_CONTEXT
('Context #1','3D Context with UNIT and UNCERTAINTY') );
#4360 = ( LENGTH_UNIT() NAMED_UNIT(*) SI_UNIT(.MILLI.,.METRE.) );
#4361 = ( NAMED_UNIT(*) PLANE_ANGLE_UNIT() SI_UNIT($,.RADIAN.) );
#4362 = ( NAMED_UNIT(*) SI_UNIT($,.STERADIAN.) SOLID_ANGLE_UNIT() );
#4363 = UNCERTAINTY_MEASURE_WITH_UNIT(LENGTH_MEASURE(1.E-07),#4360,
  'distance_accuracy_value','confusion accuracy');
#4364 = PRODUCT_RELATED_PRODUCT_CATEGORY('part',$,(#7));
ENDSEC;
END-ISO-10303-21;
